analyzed_process,analyzed_process_location,flow_name,flow_category,flow_subcategory,flow_unit,flow_uuid,amount,num_contributing_activities,source_process,source_material,lcia_method,lcia_category,profile_basis,raw_contribution_rows,num_contributing_regions
Bauxite mining__bauxite,AU,Nitrogen oxides (acidification potential (AP)),characterized inventory / acidification potential (AP),total_life_cycle aggregated background activities,kg SO2-Eq,02a3a7ea-f847-588d-8799-97cdb1230bba,0.00011954311915241607,49,Bauxite mining,bauxite,TRACI2.1 characterized inventory,Acidification Potential (Ap),per kg topology production output; total_life_cycle characterized inventory from LiAISON patch-v2,200,32
Bauxite mining__bauxite,AU,"1,2-Dichlorobenzene (ecotoxicity: freshwater)",characterized inventory / ecotoxicity: freshwater,total_life_cycle aggregated background activities,CTUe,5839a091-a23a-5bd3-991d-887c6b2d2865,0.0018766197964045692,7,Bauxite mining,bauxite,TRACI2.1 characterized inventory,Ecotoxicity: Freshwater,per kg topology production output; total_life_cycle characterized inventory from LiAISON patch-v2,94,7
Bauxite mining__bauxite,AU,Iprodione (ecotoxicity: freshwater),characterized inventory / ecotoxicity: freshwater,total_life_cycle aggregated background activities,CTUe,6b93d7ce-5da1-5dfd-b2ab-0b35cfe29ec8,0.0428212380158405,4,Bauxite mining,bauxite,TRACI2.1 characterized inventory,Ecotoxicity: Freshwater,per kg topology production output; total_life_cycle characterized inventory from LiAISON patch-v2,46,4
Bauxite mining__bauxite,AU,Nitrogen dioxide (ecotoxicity: freshwater),characterized inventory / ecotoxicity: freshwater,total_life_cycle aggregated background activities,CTUe,4fd2daf0-bf9d-5407-a181-39cea8374518,0.004370655103908204,6,Bauxite mining,bauxite,TRACI2.1 characterized inventory,Ecotoxicity: Freshwater,per kg topology production output; total_life_cycle characterized inventory from LiAISON patch-v2,60,5
Bauxite mining__bauxite,AU,Nitrogen oxides (eutrophication potential),characterized inventory / eutrophication potential,total_life_cycle aggregated background activities,kg N-Eq,d83aa832-3689-5052-8e9a-40e14ec4a94c,1.6139667501827445e-05,43,Bauxite mining,bauxite,TRACI2.1 characterized inventory,Eutrophication Potential,per kg topology production output; total_life_cycle characterized inventory from LiAISON patch-v2,200,28
Bauxite mining__bauxite,AU,Dinitrogen monoxide (global warming potential (GWP100)),characterized inventory / global warming potential (GWP100),total_life_cycle aggregated background activities,kg CO2-Eq,5c6d8e42-cc34-517a-a976-7f6f92a4bb82,0.011737687355425621,43,Bauxite mining,bauxite,TRACI2.1 characterized inventory,Global Warming Potential (Gwp100),per kg topology production output; total_life_cycle characterized inventory from LiAISON patch-v2,200,38
Bauxite mining__bauxite,AU,Arsenic ion (human toxicity: carcinogenic),characterized inventory / human toxicity: carcinogenic,total_life_cycle aggregated background activities,CTUh,f8afb814-e205-5d6b-bf23-a322bb8e16d7,4.1086949522734725e-10,18,Bauxite mining,bauxite,TRACI2.1 characterized inventory,Human Toxicity: Carcinogenic,per kg topology production output; total_life_cycle characterized inventory from LiAISON patch-v2,200,13
Bauxite mining__bauxite,AU,"1,2-Dichlorobenzene (human toxicity: non-carcinogenic)",characterized inventory / human toxicity: non-carcinogenic,total_life_cycle aggregated background activities,CTUh,4ddaa5b0-d858-5a3f-9388-b74e170052d0,1.6565224126661725e-10,10,Bauxite mining,bauxite,TRACI2.1 characterized inventory,Human Toxicity: Non-Carcinogenic,per kg topology production output; total_life_cycle characterized inventory from LiAISON patch-v2,123,7
Bauxite mining__bauxite,AU,Imidacloprid (human toxicity: non-carcinogenic),characterized inventory / human toxicity: non-carcinogenic,total_life_cycle aggregated background activities,CTUh,e694e77d-e9bf-5411-bc52-38d0a56e26b5,1.5066024003373425e-11,4,Bauxite mining,bauxite,TRACI2.1 characterized inventory,Human Toxicity: Non-Carcinogenic,per kg topology production output; total_life_cycle characterized inventory from LiAISON patch-v2,31,4
Bauxite mining__bauxite,AU,Iprodione (human toxicity: non-carcinogenic),characterized inventory / human toxicity: non-carcinogenic,total_life_cycle aggregated background activities,CTUh,ce580acd-69cb-57dd-b8dd-3947c4f0403e,1.3224322540720766e-09,6,Bauxite mining,bauxite,TRACI2.1 characterized inventory,Human Toxicity: Non-Carcinogenic,per kg topology production output; total_life_cycle characterized inventory from LiAISON patch-v2,46,6
Bauxite mining__bauxite,AU,Nitrogen oxides (maximum incremental reactivity (MIR)),characterized inventory / maximum incremental reactivity (MIR),total_life_cycle aggregated background activities,kg O3-Eq,35bd0f17-9b98-5655-bad2-dd4586c3eaac,0.0026770293023446884,25,Bauxite mining,bauxite,TRACI2.1 characterized inventory,Maximum Incremental Reactivity (Mir),per kg topology production output; total_life_cycle characterized inventory from LiAISON patch-v2,200,17
Bauxite mining__bauxite,AU,"Ethane, 1,1,2-trichloro-1,2,2-trifluoro-, CFC-113 (ozone depletion potential (ODP))",characterized inventory / ozone depletion potential (ODP),total_life_cycle aggregated background activities,kg CFC-11-Eq,ba2f2fce-cd25-507e-a2c3-dd1697d14b90,1.971447751103211e-09,13,Bauxite mining,bauxite,TRACI2.1 characterized inventory,Ozone Depletion Potential (Odp),per kg topology production output; total_life_cycle characterized inventory from LiAISON patch-v2,85,11
Bauxite mining__bauxite,AU,"Methane, monochloro-, R-40 (ozone depletion potential (ODP))",characterized inventory / ozone depletion potential (ODP),total_life_cycle aggregated background activities,kg CFC-11-Eq,1b21ddfb-4b2f-57c4-a4b6-76b044422f1f,2.208087159185159e-13,7,Bauxite mining,bauxite,TRACI2.1 characterized inventory,Ozone Depletion Potential (Odp),per kg topology production output; total_life_cycle characterized inventory from LiAISON patch-v2,69,4
Bauxite mining__bauxite,AU,"Methane, tetrachloro-, R-10 (ozone depletion potential (ODP))",characterized inventory / ozone depletion potential (ODP),total_life_cycle aggregated background activities,kg CFC-11-Eq,17ef99da-4b3b-570b-a561-1d9ea5b1ec2a,4.573472994125852e-13,7,Bauxite mining,bauxite,TRACI2.1 characterized inventory,Ozone Depletion Potential (Odp),per kg topology production output; total_life_cycle characterized inventory from LiAISON patch-v2,46,7
Bauxite mining__bauxite,AU,"Particulate Matter, > 2.5 um and < 10um (particulate matter formation potential (PMFP))",characterized inventory / particulate matter formation potential (PMFP),total_life_cycle aggregated background activities,PM2.5-Eq,6a861eea-97ae-5ee4-acda-8df573313472,2.3918278413212722e-05,38,Bauxite mining,bauxite,TRACI2.1 characterized inventory,Particulate Matter Formation Potential (Pmfp),per kg topology production output; total_life_cycle characterized inventory from LiAISON patch-v2,200,26
Bauxite mining__bauxite,CN,Nitrogen oxides (acidification potential (AP)),characterized inventory / acidification potential (AP),total_life_cycle aggregated background activities,kg SO2-Eq,df7a03f4-edb0-527b-8aaa-7cd536cfb39b,0.00011954311915241607,49,Bauxite mining,bauxite,TRACI2.1 characterized inventory,Acidification Potential (Ap),per kg topology production output; total_life_cycle characterized inventory from LiAISON patch-v2,200,32
Bauxite mining__bauxite,CN,"1,2-Dichlorobenzene (ecotoxicity: freshwater)",characterized inventory / ecotoxicity: freshwater,total_life_cycle aggregated background activities,CTUe,237844f5-e1fd-5c38-aecd-a4edb8af723b,0.0018766197964045692,7,Bauxite mining,bauxite,TRACI2.1 characterized inventory,Ecotoxicity: Freshwater,per kg topology production output; total_life_cycle characterized inventory from LiAISON patch-v2,94,7
Bauxite mining__bauxite,CN,Iprodione (ecotoxicity: freshwater),characterized inventory / ecotoxicity: freshwater,total_life_cycle aggregated background activities,CTUe,be129387-da05-55f6-9250-669fc163b2a2,0.0428212380158405,4,Bauxite mining,bauxite,TRACI2.1 characterized inventory,Ecotoxicity: Freshwater,per kg topology production output; total_life_cycle characterized inventory from LiAISON patch-v2,46,4
Bauxite mining__bauxite,CN,Nitrogen dioxide (ecotoxicity: freshwater),characterized inventory / ecotoxicity: freshwater,total_life_cycle aggregated background activities,CTUe,5ed0e12b-abe2-55cf-a1d8-51e02f224eee,0.004370655103908204,6,Bauxite mining,bauxite,TRACI2.1 characterized inventory,Ecotoxicity: Freshwater,per kg topology production output; total_life_cycle characterized inventory from LiAISON patch-v2,60,5
Bauxite mining__bauxite,CN,Nitrogen oxides (eutrophication potential),characterized inventory / eutrophication potential,total_life_cycle aggregated background activities,kg N-Eq,9156eb7c-31ae-50f0-b8d9-f17fe4728d1c,1.6139667501827445e-05,43,Bauxite mining,bauxite,TRACI2.1 characterized inventory,Eutrophication Potential,per kg topology production output; total_life_cycle characterized inventory from LiAISON patch-v2,200,28
Bauxite mining__bauxite,CN,Dinitrogen monoxide (global warming potential (GWP100)),characterized inventory / global warming potential (GWP100),total_life_cycle aggregated background activities,kg CO2-Eq,5d39f0eb-4fac-5f03-89a0-c05b94418275,0.011737687355425621,43,Bauxite mining,bauxite,TRACI2.1 characterized inventory,Global Warming Potential (Gwp100),per kg topology production output; total_life_cycle characterized inventory from LiAISON patch-v2,200,38
Bauxite mining__bauxite,CN,Arsenic ion (human toxicity: carcinogenic),characterized inventory / human toxicity: carcinogenic,total_life_cycle aggregated background activities,CTUh,3024d87a-3d71-5bd8-9162-2539cc3ab0b2,4.1086949522734725e-10,18,Bauxite mining,bauxite,TRACI2.1 characterized inventory,Human Toxicity: Carcinogenic,per kg topology production output; total_life_cycle characterized inventory from LiAISON patch-v2,200,13
Bauxite mining__bauxite,CN,"1,2-Dichlorobenzene (human toxicity: non-carcinogenic)",characterized inventory / human toxicity: non-carcinogenic,total_life_cycle aggregated background activities,CTUh,98ece26a-2538-598c-a701-e1590ca81643,1.6565224126661725e-10,10,Bauxite mining,bauxite,TRACI2.1 characterized inventory,Human Toxicity: Non-Carcinogenic,per kg topology production output; total_life_cycle characterized inventory from LiAISON patch-v2,123,7
Bauxite mining__bauxite,CN,Imidacloprid (human toxicity: non-carcinogenic),characterized inventory / human toxicity: non-carcinogenic,total_life_cycle aggregated background activities,CTUh,712538ed-125e-5026-ad5f-84a386147eae,1.5066024003373425e-11,4,Bauxite mining,bauxite,TRACI2.1 characterized inventory,Human Toxicity: Non-Carcinogenic,per kg topology production output; total_life_cycle characterized inventory from LiAISON patch-v2,31,4
Bauxite mining__bauxite,CN,Iprodione (human toxicity: non-carcinogenic),characterized inventory / human toxicity: non-carcinogenic,total_life_cycle aggregated background activities,CTUh,1e54d41d-a475-5206-bed3-1fd3a0ac0ff0,1.3224322540720766e-09,6,Bauxite mining,bauxite,TRACI2.1 characterized inventory,Human Toxicity: Non-Carcinogenic,per kg topology production output; total_life_cycle characterized inventory from LiAISON patch-v2,46,6
Bauxite mining__bauxite,CN,Nitrogen oxides (maximum incremental reactivity (MIR)),characterized inventory / maximum incremental reactivity (MIR),total_life_cycle aggregated background activities,kg O3-Eq,5522d128-68c0-575e-96b2-b1ae7e13bd26,0.0026770293023446884,25,Bauxite mining,bauxite,TRACI2.1 characterized inventory,Maximum Incremental Reactivity (Mir),per kg topology production output; total_life_cycle characterized inventory from LiAISON patch-v2,200,17
Bauxite mining__bauxite,CN,"Ethane, 1,1,2-trichloro-1,2,2-trifluoro-, CFC-113 (ozone depletion potential (ODP))",characterized inventory / ozone depletion potential (ODP),total_life_cycle aggregated background activities,kg CFC-11-Eq,a9aa87dc-133c-5b59-a920-3c15a35af99c,1.971447751103211e-09,13,Bauxite mining,bauxite,TRACI2.1 characterized inventory,Ozone Depletion Potential (Odp),per kg topology production output; total_life_cycle characterized inventory from LiAISON patch-v2,85,11
Bauxite mining__bauxite,CN,"Methane, monochloro-, R-40 (ozone depletion potential (ODP))",characterized inventory / ozone depletion potential (ODP),total_life_cycle aggregated background activities,kg CFC-11-Eq,f5cb6ed1-32fd-5d3b-a93d-83e37592af28,2.208087159185159e-13,7,Bauxite mining,bauxite,TRACI2.1 characterized inventory,Ozone Depletion Potential (Odp),per kg topology production output; total_life_cycle characterized inventory from LiAISON patch-v2,69,4
Bauxite mining__bauxite,CN,"Methane, tetrachloro-, R-10 (ozone depletion potential (ODP))",characterized inventory / ozone depletion potential (ODP),total_life_cycle aggregated background activities,kg CFC-11-Eq,5bf304c4-efcf-5a8a-b6bf-32027d4679e6,4.573472994125852e-13,7,Bauxite mining,bauxite,TRACI2.1 characterized inventory,Ozone Depletion Potential (Odp),per kg topology production output; total_life_cycle characterized inventory from LiAISON patch-v2,46,7
Bauxite mining__bauxite,CN,"Particulate Matter, > 2.5 um and < 10um (particulate matter formation potential (PMFP))",characterized inventory / particulate matter formation potential (PMFP),total_life_cycle aggregated background activities,PM2.5-Eq,dcc877d2-5996-5873-bb95-2d238bb0dbba,2.3918278413212722e-05,38,Bauxite mining,bauxite,TRACI2.1 characterized inventory,Particulate Matter Formation Potential (Pmfp),per kg topology production output; total_life_cycle characterized inventory from LiAISON patch-v2,200,26
Bauxite mining__bauxite,GR,Nitrogen oxides (acidification potential (AP)),characterized inventory / acidification potential (AP),total_life_cycle aggregated background activities,kg SO2-Eq,d9b2f386-f94c-5cd5-8e38-d8074fd1ea34,0.00011954311915241607,49,Bauxite mining,bauxite,TRACI2.1 characterized inventory,Acidification Potential (Ap),per kg topology production output; total_life_cycle characterized inventory from LiAISON patch-v2,200,32
Bauxite mining__bauxite,GR,"1,2-Dichlorobenzene (ecotoxicity: freshwater)",characterized inventory / ecotoxicity: freshwater,total_life_cycle aggregated background activities,CTUe,31332080-d357-5cb8-8aac-c2188f45fbf7,0.0018766197964045692,7,Bauxite mining,bauxite,TRACI2.1 characterized inventory,Ecotoxicity: Freshwater,per kg topology production output; total_life_cycle characterized inventory from LiAISON patch-v2,94,7
Bauxite mining__bauxite,GR,Iprodione (ecotoxicity: freshwater),characterized inventory / ecotoxicity: freshwater,total_life_cycle aggregated background activities,CTUe,1f0dd364-a314-5458-8363-535904f16e55,0.0428212380158405,4,Bauxite mining,bauxite,TRACI2.1 characterized inventory,Ecotoxicity: Freshwater,per kg topology production output; total_life_cycle characterized inventory from LiAISON patch-v2,46,4
Bauxite mining__bauxite,GR,Nitrogen dioxide (ecotoxicity: freshwater),characterized inventory / ecotoxicity: freshwater,total_life_cycle aggregated background activities,CTUe,92cfd921-a2f9-5a7f-aa5e-6def01898b0c,0.004370655103908204,6,Bauxite mining,bauxite,TRACI2.1 characterized inventory,Ecotoxicity: Freshwater,per kg topology production output; total_life_cycle characterized inventory from LiAISON patch-v2,60,5
Bauxite mining__bauxite,GR,Nitrogen oxides (eutrophication potential),characterized inventory / eutrophication potential,total_life_cycle aggregated background activities,kg N-Eq,e342309a-4202-5128-858c-78cb6250193a,1.6139667501827445e-05,43,Bauxite mining,bauxite,TRACI2.1 characterized inventory,Eutrophication Potential,per kg topology production output; total_life_cycle characterized inventory from LiAISON patch-v2,200,28
Bauxite mining__bauxite,GR,Dinitrogen monoxide (global warming potential (GWP100)),characterized inventory / global warming potential (GWP100),total_life_cycle aggregated background activities,kg CO2-Eq,68bdbbbd-cbc0-513c-af5c-16e4c227d8df,0.011737687355425621,43,Bauxite mining,bauxite,TRACI2.1 characterized inventory,Global Warming Potential (Gwp100),per kg topology production output; total_life_cycle characterized inventory from LiAISON patch-v2,200,38
Bauxite mining__bauxite,GR,Arsenic ion (human toxicity: carcinogenic),characterized inventory / human toxicity: carcinogenic,total_life_cycle aggregated background activities,CTUh,98d0c61e-2798-5048-85c9-269268bf7287,4.1086949522734725e-10,18,Bauxite mining,bauxite,TRACI2.1 characterized inventory,Human Toxicity: Carcinogenic,per kg topology production output; total_life_cycle characterized inventory from LiAISON patch-v2,200,13
Bauxite mining__bauxite,GR,"1,2-Dichlorobenzene (human toxicity: non-carcinogenic)",characterized inventory / human toxicity: non-carcinogenic,total_life_cycle aggregated background activities,CTUh,0b0fa743-1b65-5b28-8248-4926f70d8779,1.6565224126661725e-10,10,Bauxite mining,bauxite,TRACI2.1 characterized inventory,Human Toxicity: Non-Carcinogenic,per kg topology production output; total_life_cycle characterized inventory from LiAISON patch-v2,123,7
Bauxite mining__bauxite,GR,Imidacloprid (human toxicity: non-carcinogenic),characterized inventory / human toxicity: non-carcinogenic,total_life_cycle aggregated background activities,CTUh,6a68c586-6ebb-5fb9-a94e-80e7c882cc9d,1.5066024003373425e-11,4,Bauxite mining,bauxite,TRACI2.1 characterized inventory,Human Toxicity: Non-Carcinogenic,per kg topology production output; total_life_cycle characterized inventory from LiAISON patch-v2,31,4
Bauxite mining__bauxite,GR,Iprodione (human toxicity: non-carcinogenic),characterized inventory / human toxicity: non-carcinogenic,total_life_cycle aggregated background activities,CTUh,a4757e14-ac0f-521c-b455-02eca8d6ff7e,1.3224322540720766e-09,6,Bauxite mining,bauxite,TRACI2.1 characterized inventory,Human Toxicity: Non-Carcinogenic,per kg topology production output; total_life_cycle characterized inventory from LiAISON patch-v2,46,6
Bauxite mining__bauxite,GR,Nitrogen oxides (maximum incremental reactivity (MIR)),characterized inventory / maximum incremental reactivity (MIR),total_life_cycle aggregated background activities,kg O3-Eq,8aa9db4d-703b-5f7c-9200-46c4058280a5,0.0026770293023446884,25,Bauxite mining,bauxite,TRACI2.1 characterized inventory,Maximum Incremental Reactivity (Mir),per kg topology production output; total_life_cycle characterized inventory from LiAISON patch-v2,200,17
Bauxite mining__bauxite,GR,"Ethane, 1,1,2-trichloro-1,2,2-trifluoro-, CFC-113 (ozone depletion potential (ODP))",characterized inventory / ozone depletion potential (ODP),total_life_cycle aggregated background activities,kg CFC-11-Eq,545b96d9-91bf-5cdc-a128-cfa4bf914276,1.971447751103211e-09,13,Bauxite mining,bauxite,TRACI2.1 characterized inventory,Ozone Depletion Potential (Odp),per kg topology production output; total_life_cycle characterized inventory from LiAISON patch-v2,85,11
Bauxite mining__bauxite,GR,"Methane, monochloro-, R-40 (ozone depletion potential (ODP))",characterized inventory / ozone depletion potential (ODP),total_life_cycle aggregated background activities,kg CFC-11-Eq,f9e99659-c794-59b6-ace3-4ceb77f38bfb,2.208087159185159e-13,7,Bauxite mining,bauxite,TRACI2.1 characterized inventory,Ozone Depletion Potential (Odp),per kg topology production output; total_life_cycle characterized inventory from LiAISON patch-v2,69,4
Bauxite mining__bauxite,GR,"Methane, tetrachloro-, R-10 (ozone depletion potential (ODP))",characterized inventory / ozone depletion potential (ODP),total_life_cycle aggregated background activities,kg CFC-11-Eq,e5d66e74-1533-51f2-baa1-e1b8198c4cee,4.573472994125852e-13,7,Bauxite mining,bauxite,TRACI2.1 characterized inventory,Ozone Depletion Potential (Odp),per kg topology production output; total_life_cycle characterized inventory from LiAISON patch-v2,46,7
Bauxite mining__bauxite,GR,"Particulate Matter, > 2.5 um and < 10um (particulate matter formation potential (PMFP))",characterized inventory / particulate matter formation potential (PMFP),total_life_cycle aggregated background activities,PM2.5-Eq,f67b078f-52fb-5bd3-a2e1-012c1205f6c8,2.3918278413212722e-05,38,Bauxite mining,bauxite,TRACI2.1 characterized inventory,Particulate Matter Formation Potential (Pmfp),per kg topology production output; total_life_cycle characterized inventory from LiAISON patch-v2,200,26
Bauxite mining__bauxite,KZ,Nitrogen oxides (acidification potential (AP)),characterized inventory / acidification potential (AP),total_life_cycle aggregated background activities,kg SO2-Eq,dcf8a461-53fa-5cc7-b4a3-d12df0cf592b,0.00011954311915241607,49,Bauxite mining,bauxite,TRACI2.1 characterized inventory,Acidification Potential (Ap),per kg topology production output; total_life_cycle characterized inventory from LiAISON patch-v2,200,32
Bauxite mining__bauxite,KZ,"1,2-Dichlorobenzene (ecotoxicity: freshwater)",characterized inventory / ecotoxicity: freshwater,total_life_cycle aggregated background activities,CTUe,b42c5185-56fb-5e08-b7c7-3f62bc05f362,0.0018766197964045692,7,Bauxite mining,bauxite,TRACI2.1 characterized inventory,Ecotoxicity: Freshwater,per kg topology production output; total_life_cycle characterized inventory from LiAISON patch-v2,94,7
Bauxite mining__bauxite,KZ,Iprodione (ecotoxicity: freshwater),characterized inventory / ecotoxicity: freshwater,total_life_cycle aggregated background activities,CTUe,7b230a9c-123a-5e6a-96a2-25079884be38,0.0428212380158405,4,Bauxite mining,bauxite,TRACI2.1 characterized inventory,Ecotoxicity: Freshwater,per kg topology production output; total_life_cycle characterized inventory from LiAISON patch-v2,46,4
Bauxite mining__bauxite,KZ,Nitrogen dioxide (ecotoxicity: freshwater),characterized inventory / ecotoxicity: freshwater,total_life_cycle aggregated background activities,CTUe,3356ae69-565a-5ada-a4fb-f77547b57cbb,0.004370655103908204,6,Bauxite mining,bauxite,TRACI2.1 characterized inventory,Ecotoxicity: Freshwater,per kg topology production output; total_life_cycle characterized inventory from LiAISON patch-v2,60,5
Bauxite mining__bauxite,KZ,Nitrogen oxides (eutrophication potential),characterized inventory / eutrophication potential,total_life_cycle aggregated background activities,kg N-Eq,9bc124a9-cfa2-5f42-9fd1-3305f49a7ff0,1.6139667501827445e-05,43,Bauxite mining,bauxite,TRACI2.1 characterized inventory,Eutrophication Potential,per kg topology production output; total_life_cycle characterized inventory from LiAISON patch-v2,200,28
Bauxite mining__bauxite,KZ,Dinitrogen monoxide (global warming potential (GWP100)),characterized inventory / global warming potential (GWP100),total_life_cycle aggregated background activities,kg CO2-Eq,87b8d04a-11c1-5316-9965-fcb4040e556f,0.011737687355425621,43,Bauxite mining,bauxite,TRACI2.1 characterized inventory,Global Warming Potential (Gwp100),per kg topology production output; total_life_cycle characterized inventory from LiAISON patch-v2,200,38
Bauxite mining__bauxite,KZ,Arsenic ion (human toxicity: carcinogenic),characterized inventory / human toxicity: carcinogenic,total_life_cycle aggregated background activities,CTUh,14c8cdfe-89e9-5b94-83b7-34f1e82834ae,4.1086949522734725e-10,18,Bauxite mining,bauxite,TRACI2.1 characterized inventory,Human Toxicity: Carcinogenic,per kg topology production output; total_life_cycle characterized inventory from LiAISON patch-v2,200,13
Bauxite mining__bauxite,KZ,"1,2-Dichlorobenzene (human toxicity: non-carcinogenic)",characterized inventory / human toxicity: non-carcinogenic,total_life_cycle aggregated background activities,CTUh,579dfcea-81fa-505b-ad74-89c2936655ad,1.6565224126661725e-10,10,Bauxite mining,bauxite,TRACI2.1 characterized inventory,Human Toxicity: Non-Carcinogenic,per kg topology production output; total_life_cycle characterized inventory from LiAISON patch-v2,123,7
Bauxite mining__bauxite,KZ,Imidacloprid (human toxicity: non-carcinogenic),characterized inventory / human toxicity: non-carcinogenic,total_life_cycle aggregated background activities,CTUh,bb90bcd5-e8b4-5130-bb48-99464658f08c,1.5066024003373425e-11,4,Bauxite mining,bauxite,TRACI2.1 characterized inventory,Human Toxicity: Non-Carcinogenic,per kg topology production output; total_life_cycle characterized inventory from LiAISON patch-v2,31,4
Bauxite mining__bauxite,KZ,Iprodione (human toxicity: non-carcinogenic),characterized inventory / human toxicity: non-carcinogenic,total_life_cycle aggregated background activities,CTUh,ff923e00-e59c-5dcd-8d08-11e1f3a95039,1.3224322540720766e-09,6,Bauxite mining,bauxite,TRACI2.1 characterized inventory,Human Toxicity: Non-Carcinogenic,per kg topology production output; total_life_cycle characterized inventory from LiAISON patch-v2,46,6
Bauxite mining__bauxite,KZ,Nitrogen oxides (maximum incremental reactivity (MIR)),characterized inventory / maximum incremental reactivity (MIR),total_life_cycle aggregated background activities,kg O3-Eq,d9392cc0-b417-585f-b468-ee618a904920,0.0026770293023446884,25,Bauxite mining,bauxite,TRACI2.1 characterized inventory,Maximum Incremental Reactivity (Mir),per kg topology production output; total_life_cycle characterized inventory from LiAISON patch-v2,200,17
Bauxite mining__bauxite,KZ,"Ethane, 1,1,2-trichloro-1,2,2-trifluoro-, CFC-113 (ozone depletion potential (ODP))",characterized inventory / ozone depletion potential (ODP),total_life_cycle aggregated background activities,kg CFC-11-Eq,0d70081a-ad8e-5dd8-841e-7c833e295240,1.971447751103211e-09,13,Bauxite mining,bauxite,TRACI2.1 characterized inventory,Ozone Depletion Potential (Odp),per kg topology production output; total_life_cycle characterized inventory from LiAISON patch-v2,85,11
Bauxite mining__bauxite,KZ,"Methane, monochloro-, R-40 (ozone depletion potential (ODP))",characterized inventory / ozone depletion potential (ODP),total_life_cycle aggregated background activities,kg CFC-11-Eq,29ac30ad-297c-5df0-b2da-95a2f19058e0,2.208087159185159e-13,7,Bauxite mining,bauxite,TRACI2.1 characterized inventory,Ozone Depletion Potential (Odp),per kg topology production output; total_life_cycle characterized inventory from LiAISON patch-v2,69,4
Bauxite mining__bauxite,KZ,"Methane, tetrachloro-, R-10 (ozone depletion potential (ODP))",characterized inventory / ozone depletion potential (ODP),total_life_cycle aggregated background activities,kg CFC-11-Eq,ea9dca3e-34cb-58e6-9c88-7ad932b6a313,4.573472994125852e-13,7,Bauxite mining,bauxite,TRACI2.1 characterized inventory,Ozone Depletion Potential (Odp),per kg topology production output; total_life_cycle characterized inventory from LiAISON patch-v2,46,7
Bauxite mining__bauxite,KZ,"Particulate Matter, > 2.5 um and < 10um (particulate matter formation potential (PMFP))",characterized inventory / particulate matter formation potential (PMFP),total_life_cycle aggregated background activities,PM2.5-Eq,0efbb388-110b-5f96-a2ae-c3a68e97a5bc,2.3918278413212722e-05,38,Bauxite mining,bauxite,TRACI2.1 characterized inventory,Particulate Matter Formation Potential (Pmfp),per kg topology production output; total_life_cycle characterized inventory from LiAISON patch-v2,200,26
Bayer liquor refining__4N_Ga,AU,Nitrogen oxides (acidification potential (AP)),characterized inventory / acidification potential (AP),total_life_cycle aggregated background activities,kg SO2-Eq,777e8607-9413-5f82-b688-8e931d0c8188,1.0147234885306553,49,Bayer liquor refining,4N_Ga,TRACI2.1 characterized inventory,Acidification Potential (Ap),per kg topology production output; total_life_cycle characterized inventory from LiAISON patch-v2,200,32
Bayer liquor refining__4N_Ga,AU,"1,2-Dichlorobenzene (ecotoxicity: freshwater)",characterized inventory / ecotoxicity: freshwater,total_life_cycle aggregated background activities,CTUe,d245b7b8-fb11-5a3f-b934-14d5c634e413,118.51020659552076,7,Bayer liquor refining,4N_Ga,TRACI2.1 characterized inventory,Ecotoxicity: Freshwater,per kg topology production output; total_life_cycle characterized inventory from LiAISON patch-v2,94,7
Bayer liquor refining__4N_Ga,AU,Iprodione (ecotoxicity: freshwater),characterized inventory / ecotoxicity: freshwater,total_life_cycle aggregated background activities,CTUe,113db082-92a8-5bec-97ff-6a0bdf7630ea,2972.333474495867,4,Bayer liquor refining,4N_Ga,TRACI2.1 characterized inventory,Ecotoxicity: Freshwater,per kg topology production output; total_life_cycle characterized inventory from LiAISON patch-v2,46,4
Bayer liquor refining__4N_Ga,AU,Nitrogen dioxide (ecotoxicity: freshwater),characterized inventory / ecotoxicity: freshwater,total_life_cycle aggregated background activities,CTUe,4bb46865-91b1-5164-bba4-4ac3907e5b9e,267.46824729831644,6,Bayer liquor refining,4N_Ga,TRACI2.1 characterized inventory,Ecotoxicity: Freshwater,per kg topology production output; total_life_cycle characterized inventory from LiAISON patch-v2,60,5
Bayer liquor refining__4N_Ga,AU,Nitrogen oxides (eutrophication potential),characterized inventory / eutrophication potential,total_life_cycle aggregated background activities,kg N-Eq,12997eab-b3e1-5fdc-a02f-bcc6b8b5c462,1.7661912708234606,43,Bayer liquor refining,4N_Ga,TRACI2.1 characterized inventory,Eutrophication Potential,per kg topology production output; total_life_cycle characterized inventory from LiAISON patch-v2,200,28
Bayer liquor refining__4N_Ga,AU,Dinitrogen monoxide (global warming potential (GWP100)),characterized inventory / global warming potential (GWP100),total_life_cycle aggregated background activities,kg CO2-Eq,609ba284-241f-563d-a569-b940b0315afe,213.42804256355535,43,Bayer liquor refining,4N_Ga,TRACI2.1 characterized inventory,Global Warming Potential (Gwp100),per kg topology production output; total_life_cycle characterized inventory from LiAISON patch-v2,200,38
Bayer liquor refining__4N_Ga,AU,Arsenic ion (human toxicity: carcinogenic),characterized inventory / human toxicity: carcinogenic,total_life_cycle aggregated background activities,CTUh,7189fcc8-3023-510a-95f5-46b2da8e1caf,2.4570393774769445e-05,18,Bayer liquor refining,4N_Ga,TRACI2.1 characterized inventory,Human Toxicity: Carcinogenic,per kg topology production output; total_life_cycle characterized inventory from LiAISON patch-v2,200,13
Bayer liquor refining__4N_Ga,AU,"1,2-Dichlorobenzene (human toxicity: non-carcinogenic)",characterized inventory / human toxicity: non-carcinogenic,total_life_cycle aggregated background activities,CTUh,fcd80e30-6c73-55ee-b4ea-990f36ff4e1b,1.0005951608363343e-05,10,Bayer liquor refining,4N_Ga,TRACI2.1 characterized inventory,Human Toxicity: Non-Carcinogenic,per kg topology production output; total_life_cycle characterized inventory from LiAISON patch-v2,123,7
Bayer liquor refining__4N_Ga,AU,Imidacloprid (human toxicity: non-carcinogenic),characterized inventory / human toxicity: non-carcinogenic,total_life_cycle aggregated background activities,CTUh,b0f38908-e09a-5f45-8b29-a0d47b75b0bf,9.23550201623069e-07,4,Bayer liquor refining,4N_Ga,TRACI2.1 characterized inventory,Human Toxicity: Non-Carcinogenic,per kg topology production output; total_life_cycle characterized inventory from LiAISON patch-v2,31,4
Bayer liquor refining__4N_Ga,AU,Iprodione (human toxicity: non-carcinogenic),characterized inventory / human toxicity: non-carcinogenic,total_life_cycle aggregated background activities,CTUh,b9d1ce00-53c5-578c-af53-578a1c71b778,7.684786024572671e-05,6,Bayer liquor refining,4N_Ga,TRACI2.1 characterized inventory,Human Toxicity: Non-Carcinogenic,per kg topology production output; total_life_cycle characterized inventory from LiAISON patch-v2,46,6
Bayer liquor refining__4N_Ga,AU,Nitrogen oxides (maximum incremental reactivity (MIR)),characterized inventory / maximum incremental reactivity (MIR),total_life_cycle aggregated background activities,kg O3-Eq,e1b00d23-f6f4-5d69-9c43-e736c94d0aea,12.4450429776144,25,Bayer liquor refining,4N_Ga,TRACI2.1 characterized inventory,Maximum Incremental Reactivity (Mir),per kg topology production output; total_life_cycle characterized inventory from LiAISON patch-v2,200,17
Bayer liquor refining__4N_Ga,AU,"Ethane, 1,1,2-trichloro-1,2,2-trifluoro-, CFC-113 (ozone depletion potential (ODP))",characterized inventory / ozone depletion potential (ODP),total_life_cycle aggregated background activities,kg CFC-11-Eq,74bb5762-4d5a-5f15-986b-6da1cacd641e,7.412806815420795e-05,13,Bayer liquor refining,4N_Ga,TRACI2.1 characterized inventory,Ozone Depletion Potential (Odp),per kg topology production output; total_life_cycle characterized inventory from LiAISON patch-v2,85,11
Bayer liquor refining__4N_Ga,AU,"Methane, monochloro-, R-40 (ozone depletion potential (ODP))",characterized inventory / ozone depletion potential (ODP),total_life_cycle aggregated background activities,kg CFC-11-Eq,fd360e97-b811-5904-ae6c-dc3028453116,1.4956283515267138e-08,7,Bayer liquor refining,4N_Ga,TRACI2.1 characterized inventory,Ozone Depletion Potential (Odp),per kg topology production output; total_life_cycle characterized inventory from LiAISON patch-v2,69,4
Bayer liquor refining__4N_Ga,AU,"Methane, tetrachloro-, R-10 (ozone depletion potential (ODP))",characterized inventory / ozone depletion potential (ODP),total_life_cycle aggregated background activities,kg CFC-11-Eq,4fbf29a1-275e-534f-b19a-94ee3215ce33,2.9254301507232173e-08,7,Bayer liquor refining,4N_Ga,TRACI2.1 characterized inventory,Ozone Depletion Potential (Odp),per kg topology production output; total_life_cycle characterized inventory from LiAISON patch-v2,46,7
Bayer liquor refining__4N_Ga,AU,"Particulate Matter, > 2.5 um and < 10um (particulate matter formation potential (PMFP))",characterized inventory / particulate matter formation potential (PMFP),total_life_cycle aggregated background activities,PM2.5-Eq,7fc14f02-831f-5c8d-9c75-90360a6f56b4,0.1904150935446934,38,Bayer liquor refining,4N_Ga,TRACI2.1 characterized inventory,Particulate Matter Formation Potential (Pmfp),per kg topology production output; total_life_cycle characterized inventory from LiAISON patch-v2,200,26
Bayer liquor refining__4N_Ga,CA,Nitrogen oxides (acidification potential (AP)),characterized inventory / acidification potential (AP),total_life_cycle aggregated background activities,kg SO2-Eq,f566ccf6-36e0-5e25-a03c-7942b34d00ec,1.05463192790467,49,Bayer liquor refining,4N_Ga,TRACI2.1 characterized inventory,Acidification Potential (Ap),per kg topology production output; total_life_cycle characterized inventory from LiAISON patch-v2,200,32
Bayer liquor refining__4N_Ga,CA,"1,2-Dichlorobenzene (ecotoxicity: freshwater)",characterized inventory / ecotoxicity: freshwater,total_life_cycle aggregated background activities,CTUe,ce6efdac-017f-5735-ac61-fffce2f7cedc,111.74473007389207,7,Bayer liquor refining,4N_Ga,TRACI2.1 characterized inventory,Ecotoxicity: Freshwater,per kg topology production output; total_life_cycle characterized inventory from LiAISON patch-v2,94,7
Bayer liquor refining__4N_Ga,CA,Iprodione (ecotoxicity: freshwater),characterized inventory / ecotoxicity: freshwater,total_life_cycle aggregated background activities,CTUe,b1b0d992-c120-5441-88e3-2ffe5d7d77ff,2384.8522846882147,4,Bayer liquor refining,4N_Ga,TRACI2.1 characterized inventory,Ecotoxicity: Freshwater,per kg topology production output; total_life_cycle characterized inventory from LiAISON patch-v2,46,4
Bayer liquor refining__4N_Ga,CA,Nitrogen dioxide (ecotoxicity: freshwater),characterized inventory / ecotoxicity: freshwater,total_life_cycle aggregated background activities,CTUe,ca3850fe-be90-5572-90be-a05a8560f97f,227.1276942882495,6,Bayer liquor refining,4N_Ga,TRACI2.1 characterized inventory,Ecotoxicity: Freshwater,per kg topology production output; total_life_cycle characterized inventory from LiAISON patch-v2,60,5
Bayer liquor refining__4N_Ga,CA,Nitrogen oxides (eutrophication potential),characterized inventory / eutrophication potential,total_life_cycle aggregated background activities,kg N-Eq,b191907c-dd94-5ff8-a9ff-fba4e1fb4f9c,0.7691334530005093,43,Bayer liquor refining,4N_Ga,TRACI2.1 characterized inventory,Eutrophication Potential,per kg topology production output; total_life_cycle characterized inventory from LiAISON patch-v2,200,28
Bayer liquor refining__4N_Ga,CA,Dinitrogen monoxide (global warming potential (GWP100)),characterized inventory / global warming potential (GWP100),total_life_cycle aggregated background activities,kg CO2-Eq,125eafaf-1a6e-59f0-94f0-4cf39568ecba,140.98163315875865,43,Bayer liquor refining,4N_Ga,TRACI2.1 characterized inventory,Global Warming Potential (Gwp100),per kg topology production output; total_life_cycle characterized inventory from LiAISON patch-v2,200,38
Bayer liquor refining__4N_Ga,CA,Arsenic ion (human toxicity: carcinogenic),characterized inventory / human toxicity: carcinogenic,total_life_cycle aggregated background activities,CTUh,b9e9d19e-7c2f-5764-a66e-0b1d9bc5f58a,1.5162105866076219e-05,18,Bayer liquor refining,4N_Ga,TRACI2.1 characterized inventory,Human Toxicity: Carcinogenic,per kg topology production output; total_life_cycle characterized inventory from LiAISON patch-v2,200,13
Bayer liquor refining__4N_Ga,CA,"1,2-Dichlorobenzene (human toxicity: non-carcinogenic)",characterized inventory / human toxicity: non-carcinogenic,total_life_cycle aggregated background activities,CTUh,2e71f8fa-eedd-5c90-bbef-cef74d772318,8.980964726932575e-06,10,Bayer liquor refining,4N_Ga,TRACI2.1 characterized inventory,Human Toxicity: Non-Carcinogenic,per kg topology production output; total_life_cycle characterized inventory from LiAISON patch-v2,123,7
Bayer liquor refining__4N_Ga,CA,Imidacloprid (human toxicity: non-carcinogenic),characterized inventory / human toxicity: non-carcinogenic,total_life_cycle aggregated background activities,CTUh,fb0f4378-c275-58fe-adb2-e6fb67dd6816,9.015179766624435e-07,4,Bayer liquor refining,4N_Ga,TRACI2.1 characterized inventory,Human Toxicity: Non-Carcinogenic,per kg topology production output; total_life_cycle characterized inventory from LiAISON patch-v2,31,4
Bayer liquor refining__4N_Ga,CA,Iprodione (human toxicity: non-carcinogenic),characterized inventory / human toxicity: non-carcinogenic,total_life_cycle aggregated background activities,CTUh,671bd5de-184a-5869-835d-0714a5f264a0,4.8402641148668873e-05,6,Bayer liquor refining,4N_Ga,TRACI2.1 characterized inventory,Human Toxicity: Non-Carcinogenic,per kg topology production output; total_life_cycle characterized inventory from LiAISON patch-v2,46,6
Bayer liquor refining__4N_Ga,CA,Nitrogen oxides (maximum incremental reactivity (MIR)),characterized inventory / maximum incremental reactivity (MIR),total_life_cycle aggregated background activities,kg O3-Eq,d156410b-bb86-5a1e-ba98-471649a25a73,8.829490651925273,25,Bayer liquor refining,4N_Ga,TRACI2.1 characterized inventory,Maximum Incremental Reactivity (Mir),per kg topology production output; total_life_cycle characterized inventory from LiAISON patch-v2,200,17
Bayer liquor refining__4N_Ga,CA,"Ethane, 1,1,2-trichloro-1,2,2-trifluoro-, CFC-113 (ozone depletion potential (ODP))",characterized inventory / ozone depletion potential (ODP),total_life_cycle aggregated background activities,kg CFC-11-Eq,cf37fda3-447b-504a-92b0-750f2fe6764e,7.43239224029277e-05,13,Bayer liquor refining,4N_Ga,TRACI2.1 characterized inventory,Ozone Depletion Potential (Odp),per kg topology production output; total_life_cycle characterized inventory from LiAISON patch-v2,85,11
Bayer liquor refining__4N_Ga,CA,"Methane, monochloro-, R-40 (ozone depletion potential (ODP))",characterized inventory / ozone depletion potential (ODP),total_life_cycle aggregated background activities,kg CFC-11-Eq,6c9ebc85-4376-59a6-8a18-84b054e73bd5,1.6075342662045723e-08,7,Bayer liquor refining,4N_Ga,TRACI2.1 characterized inventory,Ozone Depletion Potential (Odp),per kg topology production output; total_life_cycle characterized inventory from LiAISON patch-v2,69,4
Bayer liquor refining__4N_Ga,CA,"Methane, tetrachloro-, R-10 (ozone depletion potential (ODP))",characterized inventory / ozone depletion potential (ODP),total_life_cycle aggregated background activities,kg CFC-11-Eq,3e7f7b9b-aacb-5302-a8a1-4397bf2b01a8,2.9565707471596232e-08,7,Bayer liquor refining,4N_Ga,TRACI2.1 characterized inventory,Ozone Depletion Potential (Odp),per kg topology production output; total_life_cycle characterized inventory from LiAISON patch-v2,46,7
Bayer liquor refining__4N_Ga,CA,"Particulate Matter, > 2.5 um and < 10um (particulate matter formation potential (PMFP))",characterized inventory / particulate matter formation potential (PMFP),total_life_cycle aggregated background activities,PM2.5-Eq,d7b9c16d-1c4d-5b87-947c-3decac508dd8,0.1937000957476296,38,Bayer liquor refining,4N_Ga,TRACI2.1 characterized inventory,Particulate Matter Formation Potential (Pmfp),per kg topology production output; total_life_cycle characterized inventory from LiAISON patch-v2,200,26
Bayer liquor refining__4N_Ga,CN,Nitrogen oxides (acidification potential (AP)),characterized inventory / acidification potential (AP),total_life_cycle aggregated background activities,kg SO2-Eq,8282944d-a0ce-59e1-9397-fe875db605cd,1.4659725664803804,49,Bayer liquor refining,4N_Ga,TRACI2.1 characterized inventory,Acidification Potential (Ap),per kg topology production output; total_life_cycle characterized inventory from LiAISON patch-v2,200,32
Bayer liquor refining__4N_Ga,CN,"1,2-Dichlorobenzene (ecotoxicity: freshwater)",characterized inventory / ecotoxicity: freshwater,total_life_cycle aggregated background activities,CTUe,50a0ccd0-a7c4-57d7-98a8-aae8f86d5350,112.68282065899137,7,Bayer liquor refining,4N_Ga,TRACI2.1 characterized inventory,Ecotoxicity: Freshwater,per kg topology production output; total_life_cycle characterized inventory from LiAISON patch-v2,94,7
Bayer liquor refining__4N_Ga,CN,Iprodione (ecotoxicity: freshwater),characterized inventory / ecotoxicity: freshwater,total_life_cycle aggregated background activities,CTUe,99653dc2-a25f-5c83-877f-1cb0e92437d1,2499.0194105995342,4,Bayer liquor refining,4N_Ga,TRACI2.1 characterized inventory,Ecotoxicity: Freshwater,per kg topology production output; total_life_cycle characterized inventory from LiAISON patch-v2,46,4
Bayer liquor refining__4N_Ga,CN,Nitrogen dioxide (ecotoxicity: freshwater),characterized inventory / ecotoxicity: freshwater,total_life_cycle aggregated background activities,CTUe,d225bac6-4eb8-5934-a970-1358d80c0867,248.82891887712228,6,Bayer liquor refining,4N_Ga,TRACI2.1 characterized inventory,Ecotoxicity: Freshwater,per kg topology production output; total_life_cycle characterized inventory from LiAISON patch-v2,60,5
Bayer liquor refining__4N_Ga,CN,Nitrogen oxides (eutrophication potential),characterized inventory / eutrophication potential,total_life_cycle aggregated background activities,kg N-Eq,881d1987-3c82-5913-a34f-a2c50fbda7e8,0.7618085264557658,43,Bayer liquor refining,4N_Ga,TRACI2.1 characterized inventory,Eutrophication Potential,per kg topology production output; total_life_cycle characterized inventory from LiAISON patch-v2,200,28
Bayer liquor refining__4N_Ga,CN,Dinitrogen monoxide (global warming potential (GWP100)),characterized inventory / global warming potential (GWP100),total_life_cycle aggregated background activities,kg CO2-Eq,dbfe0512-c0bb-5dd7-bc5a-3722138b1af6,222.62049126529354,43,Bayer liquor refining,4N_Ga,TRACI2.1 characterized inventory,Global Warming Potential (Gwp100),per kg topology production output; total_life_cycle characterized inventory from LiAISON patch-v2,200,38
Bayer liquor refining__4N_Ga,CN,Arsenic ion (human toxicity: carcinogenic),characterized inventory / human toxicity: carcinogenic,total_life_cycle aggregated background activities,CTUh,66e6be1f-26fe-546e-8822-25f832a6d020,1.764819741054588e-05,18,Bayer liquor refining,4N_Ga,TRACI2.1 characterized inventory,Human Toxicity: Carcinogenic,per kg topology production output; total_life_cycle characterized inventory from LiAISON patch-v2,200,13
Bayer liquor refining__4N_Ga,CN,"1,2-Dichlorobenzene (human toxicity: non-carcinogenic)",characterized inventory / human toxicity: non-carcinogenic,total_life_cycle aggregated background activities,CTUh,2b99f1fc-ca49-519c-a052-af6addeb3cdf,1.0659710501888702e-05,10,Bayer liquor refining,4N_Ga,TRACI2.1 characterized inventory,Human Toxicity: Non-Carcinogenic,per kg topology production output; total_life_cycle characterized inventory from LiAISON patch-v2,123,7
Bayer liquor refining__4N_Ga,CN,Imidacloprid (human toxicity: non-carcinogenic),characterized inventory / human toxicity: non-carcinogenic,total_life_cycle aggregated background activities,CTUh,992b86bd-8a76-5f0f-867c-b06ed5e7f198,1.1071804531677762e-06,4,Bayer liquor refining,4N_Ga,TRACI2.1 characterized inventory,Human Toxicity: Non-Carcinogenic,per kg topology production output; total_life_cycle characterized inventory from LiAISON patch-v2,31,4
Bayer liquor refining__4N_Ga,CN,Iprodione (human toxicity: non-carcinogenic),characterized inventory / human toxicity: non-carcinogenic,total_life_cycle aggregated background activities,CTUh,a1849462-64d3-5e35-addd-9b0f1bc43531,5.376424112651009e-05,6,Bayer liquor refining,4N_Ga,TRACI2.1 characterized inventory,Human Toxicity: Non-Carcinogenic,per kg topology production output; total_life_cycle characterized inventory from LiAISON patch-v2,46,6
Bayer liquor refining__4N_Ga,CN,Nitrogen oxides (maximum incremental reactivity (MIR)),characterized inventory / maximum incremental reactivity (MIR),total_life_cycle aggregated background activities,kg O3-Eq,588984c6-55d9-5159-9f80-9dd77e0b58bd,15.468678058029758,25,Bayer liquor refining,4N_Ga,TRACI2.1 characterized inventory,Maximum Incremental Reactivity (Mir),per kg topology production output; total_life_cycle characterized inventory from LiAISON patch-v2,200,17
Bayer liquor refining__4N_Ga,CN,"Ethane, 1,1,2-trichloro-1,2,2-trifluoro-, CFC-113 (ozone depletion potential (ODP))",characterized inventory / ozone depletion potential (ODP),total_life_cycle aggregated background activities,kg CFC-11-Eq,49a2ae59-26b2-5015-a85a-656a6422a8f9,7.374609569177614e-05,13,Bayer liquor refining,4N_Ga,TRACI2.1 characterized inventory,Ozone Depletion Potential (Odp),per kg topology production output; total_life_cycle characterized inventory from LiAISON patch-v2,85,11
Bayer liquor refining__4N_Ga,CN,"Methane, monochloro-, R-40 (ozone depletion potential (ODP))",characterized inventory / ozone depletion potential (ODP),total_life_cycle aggregated background activities,kg CFC-11-Eq,ba463b4a-802e-5cd1-8ea9-73b948b957b2,2.218365167458574e-08,7,Bayer liquor refining,4N_Ga,TRACI2.1 characterized inventory,Ozone Depletion Potential (Odp),per kg topology production output; total_life_cycle characterized inventory from LiAISON patch-v2,69,4
Bayer liquor refining__4N_Ga,CN,"Methane, tetrachloro-, R-10 (ozone depletion potential (ODP))",characterized inventory / ozone depletion potential (ODP),total_life_cycle aggregated background activities,kg CFC-11-Eq,41fee920-ab44-52ce-abe7-91c09981a65a,4.879281197939976e-08,7,Bayer liquor refining,4N_Ga,TRACI2.1 characterized inventory,Ozone Depletion Potential (Odp),per kg topology production output; total_life_cycle characterized inventory from LiAISON patch-v2,46,7
Bayer liquor refining__4N_Ga,CN,"Particulate Matter, > 2.5 um and < 10um (particulate matter formation potential (PMFP))",characterized inventory / particulate matter formation potential (PMFP),total_life_cycle aggregated background activities,PM2.5-Eq,573ab4fa-15ba-58dc-9017-fecfbb407436,0.2644876390161105,38,Bayer liquor refining,4N_Ga,TRACI2.1 characterized inventory,Particulate Matter Formation Potential (Pmfp),per kg topology production output; total_life_cycle characterized inventory from LiAISON patch-v2,200,26
Bayer liquor refining__4N_Ga,GR,Nitrogen oxides (acidification potential (AP)),characterized inventory / acidification potential (AP),total_life_cycle aggregated background activities,kg SO2-Eq,53267d9f-24d7-53ae-adb7-a78765d105ec,1.3952506242033704,49,Bayer liquor refining,4N_Ga,TRACI2.1 characterized inventory,Acidification Potential (Ap),per kg topology production output; total_life_cycle characterized inventory from LiAISON patch-v2,200,32
Bayer liquor refining__4N_Ga,GR,"1,2-Dichlorobenzene (ecotoxicity: freshwater)",characterized inventory / ecotoxicity: freshwater,total_life_cycle aggregated background activities,CTUe,9a7b8577-6ca9-5cbb-830d-c34b110db763,136.22317241423815,7,Bayer liquor refining,4N_Ga,TRACI2.1 characterized inventory,Ecotoxicity: Freshwater,per kg topology production output; total_life_cycle characterized inventory from LiAISON patch-v2,94,7
Bayer liquor refining__4N_Ga,GR,Iprodione (ecotoxicity: freshwater),characterized inventory / ecotoxicity: freshwater,total_life_cycle aggregated background activities,CTUe,c234fa66-61b5-5231-a0ad-823f93e08a7d,3352.753317316356,4,Bayer liquor refining,4N_Ga,TRACI2.1 characterized inventory,Ecotoxicity: Freshwater,per kg topology production output; total_life_cycle characterized inventory from LiAISON patch-v2,46,4
Bayer liquor refining__4N_Ga,GR,Nitrogen dioxide (ecotoxicity: freshwater),characterized inventory / ecotoxicity: freshwater,total_life_cycle aggregated background activities,CTUe,27c51e28-75a6-5045-a185-80cdaf1df733,305.4588895944595,6,Bayer liquor refining,4N_Ga,TRACI2.1 characterized inventory,Ecotoxicity: Freshwater,per kg topology production output; total_life_cycle characterized inventory from LiAISON patch-v2,60,5
Bayer liquor refining__4N_Ga,GR,Nitrogen oxides (eutrophication potential),characterized inventory / eutrophication potential,total_life_cycle aggregated background activities,kg N-Eq,46fb4091-a4e3-51e5-8646-3f547c967732,1.9726461262034232,43,Bayer liquor refining,4N_Ga,TRACI2.1 characterized inventory,Eutrophication Potential,per kg topology production output; total_life_cycle characterized inventory from LiAISON patch-v2,200,28
Bayer liquor refining__4N_Ga,GR,Dinitrogen monoxide (global warming potential (GWP100)),characterized inventory / global warming potential (GWP100),total_life_cycle aggregated background activities,kg CO2-Eq,401d59cb-4605-5128-ab91-65afbf3cfa7a,201.87266556117527,43,Bayer liquor refining,4N_Ga,TRACI2.1 characterized inventory,Global Warming Potential (Gwp100),per kg topology production output; total_life_cycle characterized inventory from LiAISON patch-v2,200,38
Bayer liquor refining__4N_Ga,GR,Arsenic ion (human toxicity: carcinogenic),characterized inventory / human toxicity: carcinogenic,total_life_cycle aggregated background activities,CTUh,e178e31b-94fd-5b86-a3aa-66d8b60910f4,2.670850638627303e-05,18,Bayer liquor refining,4N_Ga,TRACI2.1 characterized inventory,Human Toxicity: Carcinogenic,per kg topology production output; total_life_cycle characterized inventory from LiAISON patch-v2,200,13
Bayer liquor refining__4N_Ga,GR,"1,2-Dichlorobenzene (human toxicity: non-carcinogenic)",characterized inventory / human toxicity: non-carcinogenic,total_life_cycle aggregated background activities,CTUh,8bafb0e3-3bcd-5d19-af39-e26a9a0099da,1.102222437257237e-05,10,Bayer liquor refining,4N_Ga,TRACI2.1 characterized inventory,Human Toxicity: Non-Carcinogenic,per kg topology production output; total_life_cycle characterized inventory from LiAISON patch-v2,123,7
Bayer liquor refining__4N_Ga,GR,Imidacloprid (human toxicity: non-carcinogenic),characterized inventory / human toxicity: non-carcinogenic,total_life_cycle aggregated background activities,CTUh,000b1af1-a5e8-5e82-84cc-733ad75d1afd,1.0357789123870206e-06,4,Bayer liquor refining,4N_Ga,TRACI2.1 characterized inventory,Human Toxicity: Non-Carcinogenic,per kg topology production output; total_life_cycle characterized inventory from LiAISON patch-v2,31,4
Bayer liquor refining__4N_Ga,GR,Iprodione (human toxicity: non-carcinogenic),characterized inventory / human toxicity: non-carcinogenic,total_life_cycle aggregated background activities,CTUh,bc227642-c559-5798-98ca-412a6e3bdeb3,8.266432723357316e-05,6,Bayer liquor refining,4N_Ga,TRACI2.1 characterized inventory,Human Toxicity: Non-Carcinogenic,per kg topology production output; total_life_cycle characterized inventory from LiAISON patch-v2,46,6
Bayer liquor refining__4N_Ga,GR,Nitrogen oxides (maximum incremental reactivity (MIR)),characterized inventory / maximum incremental reactivity (MIR),total_life_cycle aggregated background activities,kg O3-Eq,154c2278-989e-5ac1-89e8-174041d97979,10.398665730557184,25,Bayer liquor refining,4N_Ga,TRACI2.1 characterized inventory,Maximum Incremental Reactivity (Mir),per kg topology production output; total_life_cycle characterized inventory from LiAISON patch-v2,200,17
Bayer liquor refining__4N_Ga,GR,"Ethane, 1,1,2-trichloro-1,2,2-trifluoro-, CFC-113 (ozone depletion potential (ODP))",characterized inventory / ozone depletion potential (ODP),total_life_cycle aggregated background activities,kg CFC-11-Eq,e471f7b8-f389-5512-b9c4-48a2f7ece587,8.155236288537767e-05,13,Bayer liquor refining,4N_Ga,TRACI2.1 characterized inventory,Ozone Depletion Potential (Odp),per kg topology production output; total_life_cycle characterized inventory from LiAISON patch-v2,85,11
Bayer liquor refining__4N_Ga,GR,"Methane, monochloro-, R-40 (ozone depletion potential (ODP))",characterized inventory / ozone depletion potential (ODP),total_life_cycle aggregated background activities,kg CFC-11-Eq,984c5bda-b42d-5239-ab8b-e44875e7a94f,1.525303927589639e-08,7,Bayer liquor refining,4N_Ga,TRACI2.1 characterized inventory,Ozone Depletion Potential (Odp),per kg topology production output; total_life_cycle characterized inventory from LiAISON patch-v2,69,4
Bayer liquor refining__4N_Ga,GR,"Methane, tetrachloro-, R-10 (ozone depletion potential (ODP))",characterized inventory / ozone depletion potential (ODP),total_life_cycle aggregated background activities,kg CFC-11-Eq,fcd86723-85f3-502e-a101-69c4a65d0f08,2.9656247531688693e-08,7,Bayer liquor refining,4N_Ga,TRACI2.1 characterized inventory,Ozone Depletion Potential (Odp),per kg topology production output; total_life_cycle characterized inventory from LiAISON patch-v2,46,7
Bayer liquor refining__4N_Ga,GR,"Particulate Matter, > 2.5 um and < 10um (particulate matter formation potential (PMFP))",characterized inventory / particulate matter formation potential (PMFP),total_life_cycle aggregated background activities,PM2.5-Eq,ad27ca73-caac-5ec2-92ac-f496261aeba1,0.2432910702423911,38,Bayer liquor refining,4N_Ga,TRACI2.1 characterized inventory,Particulate Matter Formation Potential (Pmfp),per kg topology production output; total_life_cycle characterized inventory from LiAISON patch-v2,200,26
Bayer liquor refining__4N_Ga,KZ,Nitrogen oxides (acidification potential (AP)),characterized inventory / acidification potential (AP),total_life_cycle aggregated background activities,kg SO2-Eq,76fbe18b-b82f-5397-84bb-056ad72e3fa7,1.6047945016984013,49,Bayer liquor refining,4N_Ga,TRACI2.1 characterized inventory,Acidification Potential (Ap),per kg topology production output; total_life_cycle characterized inventory from LiAISON patch-v2,200,32
Bayer liquor refining__4N_Ga,KZ,"1,2-Dichlorobenzene (ecotoxicity: freshwater)",characterized inventory / ecotoxicity: freshwater,total_life_cycle aggregated background activities,CTUe,3e59ae5e-9583-5e47-b510-3a7d7e4e011c,116.46334002768222,7,Bayer liquor refining,4N_Ga,TRACI2.1 characterized inventory,Ecotoxicity: Freshwater,per kg topology production output; total_life_cycle characterized inventory from LiAISON patch-v2,94,7
Bayer liquor refining__4N_Ga,KZ,Iprodione (ecotoxicity: freshwater),characterized inventory / ecotoxicity: freshwater,total_life_cycle aggregated background activities,CTUe,004eba73-11fc-531c-8772-40d4b848f47b,2615.7909883978473,4,Bayer liquor refining,4N_Ga,TRACI2.1 characterized inventory,Ecotoxicity: Freshwater,per kg topology production output; total_life_cycle characterized inventory from LiAISON patch-v2,46,4
Bayer liquor refining__4N_Ga,KZ,Nitrogen dioxide (ecotoxicity: freshwater),characterized inventory / ecotoxicity: freshwater,total_life_cycle aggregated background activities,CTUe,36d48276-41df-515c-bc22-b1fd576a37d4,271.8239148728852,6,Bayer liquor refining,4N_Ga,TRACI2.1 characterized inventory,Ecotoxicity: Freshwater,per kg topology production output; total_life_cycle characterized inventory from LiAISON patch-v2,60,5
Bayer liquor refining__4N_Ga,KZ,Nitrogen oxides (eutrophication potential),characterized inventory / eutrophication potential,total_life_cycle aggregated background activities,kg N-Eq,f4041304-fe43-547d-8a6e-24c2bafa59a4,0.90377906166709,43,Bayer liquor refining,4N_Ga,TRACI2.1 characterized inventory,Eutrophication Potential,per kg topology production output; total_life_cycle characterized inventory from LiAISON patch-v2,200,28
Bayer liquor refining__4N_Ga,KZ,Dinitrogen monoxide (global warming potential (GWP100)),characterized inventory / global warming potential (GWP100),total_life_cycle aggregated background activities,kg CO2-Eq,1e1696ef-0e86-54b5-9677-1878448a669b,220.23379955028855,43,Bayer liquor refining,4N_Ga,TRACI2.1 characterized inventory,Global Warming Potential (Gwp100),per kg topology production output; total_life_cycle characterized inventory from LiAISON patch-v2,200,38
Bayer liquor refining__4N_Ga,KZ,Arsenic ion (human toxicity: carcinogenic),characterized inventory / human toxicity: carcinogenic,total_life_cycle aggregated background activities,CTUh,363e38ea-b6fd-5d6e-aa93-82c16104c66e,1.69808269976972e-05,18,Bayer liquor refining,4N_Ga,TRACI2.1 characterized inventory,Human Toxicity: Carcinogenic,per kg topology production output; total_life_cycle characterized inventory from LiAISON patch-v2,200,13
Bayer liquor refining__4N_Ga,KZ,"1,2-Dichlorobenzene (human toxicity: non-carcinogenic)",characterized inventory / human toxicity: non-carcinogenic,total_life_cycle aggregated background activities,CTUh,2d64c904-04f4-5a8b-a9d6-826a3856ed04,9.86439619270661e-06,10,Bayer liquor refining,4N_Ga,TRACI2.1 characterized inventory,Human Toxicity: Non-Carcinogenic,per kg topology production output; total_life_cycle characterized inventory from LiAISON patch-v2,123,7
Bayer liquor refining__4N_Ga,KZ,Imidacloprid (human toxicity: non-carcinogenic),characterized inventory / human toxicity: non-carcinogenic,total_life_cycle aggregated background activities,CTUh,613294e5-d366-5a40-bc08-5b3933b5ef8a,9.372729880491217e-07,4,Bayer liquor refining,4N_Ga,TRACI2.1 characterized inventory,Human Toxicity: Non-Carcinogenic,per kg topology production output; total_life_cycle characterized inventory from LiAISON patch-v2,31,4
Bayer liquor refining__4N_Ga,KZ,Iprodione (human toxicity: non-carcinogenic),characterized inventory / human toxicity: non-carcinogenic,total_life_cycle aggregated background activities,CTUh,24f0800a-7be9-55c0-956c-d810c7bdb150,7.165770399131619e-05,6,Bayer liquor refining,4N_Ga,TRACI2.1 characterized inventory,Human Toxicity: Non-Carcinogenic,per kg topology production output; total_life_cycle characterized inventory from LiAISON patch-v2,46,6
Bayer liquor refining__4N_Ga,KZ,Nitrogen oxides (maximum incremental reactivity (MIR)),characterized inventory / maximum incremental reactivity (MIR),total_life_cycle aggregated background activities,kg O3-Eq,3d6230a9-5e12-52e4-82c2-29cb7381d4c8,14.073291029612351,25,Bayer liquor refining,4N_Ga,TRACI2.1 characterized inventory,Maximum Incremental Reactivity (Mir),per kg topology production output; total_life_cycle characterized inventory from LiAISON patch-v2,200,17
Bayer liquor refining__4N_Ga,KZ,"Ethane, 1,1,2-trichloro-1,2,2-trifluoro-, CFC-113 (ozone depletion potential (ODP))",characterized inventory / ozone depletion potential (ODP),total_life_cycle aggregated background activities,kg CFC-11-Eq,a8a32570-e99f-579f-8526-72c019f6e90c,7.43763311137684e-05,13,Bayer liquor refining,4N_Ga,TRACI2.1 characterized inventory,Ozone Depletion Potential (Odp),per kg topology production output; total_life_cycle characterized inventory from LiAISON patch-v2,85,11
Bayer liquor refining__4N_Ga,KZ,"Methane, monochloro-, R-40 (ozone depletion potential (ODP))",characterized inventory / ozone depletion potential (ODP),total_life_cycle aggregated background activities,kg CFC-11-Eq,d008d37c-5133-5ae8-bccf-3f5110036408,1.585329507257271e-08,7,Bayer liquor refining,4N_Ga,TRACI2.1 characterized inventory,Ozone Depletion Potential (Odp),per kg topology production output; total_life_cycle characterized inventory from LiAISON patch-v2,69,4
Bayer liquor refining__4N_Ga,KZ,"Methane, tetrachloro-, R-10 (ozone depletion potential (ODP))",characterized inventory / ozone depletion potential (ODP),total_life_cycle aggregated background activities,kg CFC-11-Eq,22128859-19ce-5e69-8a82-256cc92b8c1c,3.1320565597864035e-08,7,Bayer liquor refining,4N_Ga,TRACI2.1 characterized inventory,Ozone Depletion Potential (Odp),per kg topology production output; total_life_cycle characterized inventory from LiAISON patch-v2,46,7
Bayer liquor refining__4N_Ga,KZ,"Particulate Matter, > 2.5 um and < 10um (particulate matter formation potential (PMFP))",characterized inventory / particulate matter formation potential (PMFP),total_life_cycle aggregated background activities,PM2.5-Eq,bbf06442-ee68-56b1-906e-f564913aec45,0.2532941020091452,38,Bayer liquor refining,4N_Ga,TRACI2.1 characterized inventory,Particulate Matter Formation Potential (Pmfp),per kg topology production output; total_life_cycle characterized inventory from LiAISON patch-v2,200,26
Bayer liquor refining__4N_Ga,US,Nitrogen oxides (acidification potential (AP)),characterized inventory / acidification potential (AP),total_life_cycle aggregated background activities,kg SO2-Eq,02806e27-3517-52e4-bc98-50b7fefe94e3,0.7667580663234693,49,Bayer liquor refining,4N_Ga,TRACI2.1 characterized inventory,Acidification Potential (Ap),per kg topology production output; total_life_cycle characterized inventory from LiAISON patch-v2,200,32
Bayer liquor refining__4N_Ga,US,"1,2-Dichlorobenzene (ecotoxicity: freshwater)",characterized inventory / ecotoxicity: freshwater,total_life_cycle aggregated background activities,CTUe,e445fba4-6f07-5f93-a9b3-e26494e800c0,107.59406662359646,7,Bayer liquor refining,4N_Ga,TRACI2.1 characterized inventory,Ecotoxicity: Freshwater,per kg topology production output; total_life_cycle characterized inventory from LiAISON patch-v2,94,7
Bayer liquor refining__4N_Ga,US,Iprodione (ecotoxicity: freshwater),characterized inventory / ecotoxicity: freshwater,total_life_cycle aggregated background activities,CTUe,c20879a3-833e-56fe-b0cb-c68bcd715435,2229.564352206381,4,Bayer liquor refining,4N_Ga,TRACI2.1 characterized inventory,Ecotoxicity: Freshwater,per kg topology production output; total_life_cycle characterized inventory from LiAISON patch-v2,46,4
Bayer liquor refining__4N_Ga,US,Nitrogen dioxide (ecotoxicity: freshwater),characterized inventory / ecotoxicity: freshwater,total_life_cycle aggregated background activities,CTUe,491feb81-32a6-5d6a-a923-e12279ac8913,223.89963395611733,6,Bayer liquor refining,4N_Ga,TRACI2.1 characterized inventory,Ecotoxicity: Freshwater,per kg topology production output; total_life_cycle characterized inventory from LiAISON patch-v2,60,5
Bayer liquor refining__4N_Ga,US,Nitrogen oxides (eutrophication potential),characterized inventory / eutrophication potential,total_life_cycle aggregated background activities,kg N-Eq,cc306a33-e821-5841-9eff-fd96324a19c2,0.8797514223639158,43,Bayer liquor refining,4N_Ga,TRACI2.1 characterized inventory,Eutrophication Potential,per kg topology production output; total_life_cycle characterized inventory from LiAISON patch-v2,200,28
Bayer liquor refining__4N_Ga,US,Dinitrogen monoxide (global warming potential (GWP100)),characterized inventory / global warming potential (GWP100),total_life_cycle aggregated background activities,kg CO2-Eq,f6428105-b8b9-5b88-82d5-3d7e26223c92,170.12738649108547,43,Bayer liquor refining,4N_Ga,TRACI2.1 characterized inventory,Global Warming Potential (Gwp100),per kg topology production output; total_life_cycle characterized inventory from LiAISON patch-v2,200,38
Bayer liquor refining__4N_Ga,US,Arsenic ion (human toxicity: carcinogenic),characterized inventory / human toxicity: carcinogenic,total_life_cycle aggregated background activities,CTUh,29b2954f-7f48-5d84-89ef-fe48177779e5,1.5734629105921757e-05,18,Bayer liquor refining,4N_Ga,TRACI2.1 characterized inventory,Human Toxicity: Carcinogenic,per kg topology production output; total_life_cycle characterized inventory from LiAISON patch-v2,200,13
Bayer liquor refining__4N_Ga,US,"1,2-Dichlorobenzene (human toxicity: non-carcinogenic)",characterized inventory / human toxicity: non-carcinogenic,total_life_cycle aggregated background activities,CTUh,3315b4df-a2c5-5d85-8b0f-1a8e7a341710,9.275248492597823e-06,10,Bayer liquor refining,4N_Ga,TRACI2.1 characterized inventory,Human Toxicity: Non-Carcinogenic,per kg topology production output; total_life_cycle characterized inventory from LiAISON patch-v2,123,7
Bayer liquor refining__4N_Ga,US,Imidacloprid (human toxicity: non-carcinogenic),characterized inventory / human toxicity: non-carcinogenic,total_life_cycle aggregated background activities,CTUh,1481caba-bd18-561c-853e-2d8c3b75ff1c,8.553385003432855e-07,4,Bayer liquor refining,4N_Ga,TRACI2.1 characterized inventory,Human Toxicity: Non-Carcinogenic,per kg topology production output; total_life_cycle characterized inventory from LiAISON patch-v2,31,4
Bayer liquor refining__4N_Ga,US,Iprodione (human toxicity: non-carcinogenic),characterized inventory / human toxicity: non-carcinogenic,total_life_cycle aggregated background activities,CTUh,af024d60-f831-577f-b244-ff1725a8ec02,5.051289031148803e-05,6,Bayer liquor refining,4N_Ga,TRACI2.1 characterized inventory,Human Toxicity: Non-Carcinogenic,per kg topology production output; total_life_cycle characterized inventory from LiAISON patch-v2,46,6
Bayer liquor refining__4N_Ga,US,Nitrogen oxides (maximum incremental reactivity (MIR)),characterized inventory / maximum incremental reactivity (MIR),total_life_cycle aggregated background activities,kg O3-Eq,e64731a9-3c39-5c03-8a3a-0e3fc96085d6,9.219398519785576,25,Bayer liquor refining,4N_Ga,TRACI2.1 characterized inventory,Maximum Incremental Reactivity (Mir),per kg topology production output; total_life_cycle characterized inventory from LiAISON patch-v2,200,17
Bayer liquor refining__4N_Ga,US,"Ethane, 1,1,2-trichloro-1,2,2-trifluoro-, CFC-113 (ozone depletion potential (ODP))",characterized inventory / ozone depletion potential (ODP),total_life_cycle aggregated background activities,kg CFC-11-Eq,4c918982-75b2-5012-b0ae-4032c03ffc42,7.58798104469929e-05,13,Bayer liquor refining,4N_Ga,TRACI2.1 characterized inventory,Ozone Depletion Potential (Odp),per kg topology production output; total_life_cycle characterized inventory from LiAISON patch-v2,85,11
Bayer liquor refining__4N_Ga,US,"Methane, monochloro-, R-40 (ozone depletion potential (ODP))",characterized inventory / ozone depletion potential (ODP),total_life_cycle aggregated background activities,kg CFC-11-Eq,85aa414f-c909-5a91-9288-0d59d6d2d419,1.5550799090764927e-08,7,Bayer liquor refining,4N_Ga,TRACI2.1 characterized inventory,Ozone Depletion Potential (Odp),per kg topology production output; total_life_cycle characterized inventory from LiAISON patch-v2,69,4
Bayer liquor refining__4N_Ga,US,"Methane, tetrachloro-, R-10 (ozone depletion potential (ODP))",characterized inventory / ozone depletion potential (ODP),total_life_cycle aggregated background activities,kg CFC-11-Eq,aac1789e-3d27-5f2d-bca1-e692c4e4b072,3.0768041812668494e-08,7,Bayer liquor refining,4N_Ga,TRACI2.1 characterized inventory,Ozone Depletion Potential (Odp),per kg topology production output; total_life_cycle characterized inventory from LiAISON patch-v2,46,7
Bayer liquor refining__4N_Ga,US,"Particulate Matter, > 2.5 um and < 10um (particulate matter formation potential (PMFP))",characterized inventory / particulate matter formation potential (PMFP),total_life_cycle aggregated background activities,PM2.5-Eq,1fe6e725-c22a-5e42-983a-29eab6c14e55,0.264151224015731,38,Bayer liquor refining,4N_Ga,TRACI2.1 characterized inventory,Particulate Matter Formation Potential (Pmfp),per kg topology production output; total_life_cycle characterized inventory from LiAISON patch-v2,200,26
Bayer process / alumina refining__Bayer_liquor,AU,Nitrogen oxides (acidification potential (AP)),characterized inventory / acidification potential (AP),total_life_cycle aggregated background activities,kg SO2-Eq,a40b02ce-d391-5a68-8306-2b083f23c3aa,0.004206775465125964,49,Bayer process / alumina refining,Bayer_liquor,TRACI2.1 characterized inventory,Acidification Potential (Ap),per kg topology production output; total_life_cycle characterized inventory from LiAISON patch-v2,200,32
Bayer process / alumina refining__Bayer_liquor,AU,"1,2-Dichlorobenzene (ecotoxicity: freshwater)",characterized inventory / ecotoxicity: freshwater,total_life_cycle aggregated background activities,CTUe,9f143e6a-154f-5971-8634-734c80d8cd6f,0.1999322771044746,7,Bayer process / alumina refining,Bayer_liquor,TRACI2.1 characterized inventory,Ecotoxicity: Freshwater,per kg topology production output; total_life_cycle characterized inventory from LiAISON patch-v2,94,7
Bayer process / alumina refining__Bayer_liquor,AU,Iprodione (ecotoxicity: freshwater),characterized inventory / ecotoxicity: freshwater,total_life_cycle aggregated background activities,CTUe,95c0d450-3686-5b0f-beab-7b70d79be308,119.555725229905,4,Bayer process / alumina refining,Bayer_liquor,TRACI2.1 characterized inventory,Ecotoxicity: Freshwater,per kg topology production output; total_life_cycle characterized inventory from LiAISON patch-v2,46,4
Bayer process / alumina refining__Bayer_liquor,AU,Nitrogen dioxide (ecotoxicity: freshwater),characterized inventory / ecotoxicity: freshwater,total_life_cycle aggregated background activities,CTUe,56e5ef55-dc91-50ba-8616-92ccaf4c878a,0.7081389950548588,6,Bayer process / alumina refining,Bayer_liquor,TRACI2.1 characterized inventory,Ecotoxicity: Freshwater,per kg topology production output; total_life_cycle characterized inventory from LiAISON patch-v2,60,5
Bayer process / alumina refining__Bayer_liquor,AU,Nitrogen oxides (eutrophication potential),characterized inventory / eutrophication potential,total_life_cycle aggregated background activities,kg N-Eq,38053047-c140-5dba-8530-1f3828535fb9,0.008051196609443667,43,Bayer process / alumina refining,Bayer_liquor,TRACI2.1 characterized inventory,Eutrophication Potential,per kg topology production output; total_life_cycle characterized inventory from LiAISON patch-v2,200,28
Bayer process / alumina refining__Bayer_liquor,AU,Dinitrogen monoxide (global warming potential (GWP100)),characterized inventory / global warming potential (GWP100),total_life_cycle aggregated background activities,kg CO2-Eq,98ea8ca3-c43c-5efe-a570-96cc1a6cef02,0.9085251613124529,43,Bayer process / alumina refining,Bayer_liquor,TRACI2.1 characterized inventory,Global Warming Potential (Gwp100),per kg topology production output; total_life_cycle characterized inventory from LiAISON patch-v2,200,38
Bayer process / alumina refining__Bayer_liquor,AU,Arsenic ion (human toxicity: carcinogenic),characterized inventory / human toxicity: carcinogenic,total_life_cycle aggregated background activities,CTUh,32eba8c1-3914-5b2a-9bd9-3c9bf9e42ea9,3.473993688946331e-06,18,Bayer process / alumina refining,Bayer_liquor,TRACI2.1 characterized inventory,Human Toxicity: Carcinogenic,per kg topology production output; total_life_cycle characterized inventory from LiAISON patch-v2,200,13
Bayer process / alumina refining__Bayer_liquor,AU,"1,2-Dichlorobenzene (human toxicity: non-carcinogenic)",characterized inventory / human toxicity: non-carcinogenic,total_life_cycle aggregated background activities,CTUh,ab64c926-801b-5ba6-945c-a0d7f2ae6fb6,1.6514904910274844e-08,10,Bayer process / alumina refining,Bayer_liquor,TRACI2.1 characterized inventory,Human Toxicity: Non-Carcinogenic,per kg topology production output; total_life_cycle characterized inventory from LiAISON patch-v2,123,7
Bayer process / alumina refining__Bayer_liquor,AU,Imidacloprid (human toxicity: non-carcinogenic),characterized inventory / human toxicity: non-carcinogenic,total_life_cycle aggregated background activities,CTUh,ede3da5e-7116-59fa-8aee-7e3a5582aba3,1.2306905341638956e-09,4,Bayer process / alumina refining,Bayer_liquor,TRACI2.1 characterized inventory,Human Toxicity: Non-Carcinogenic,per kg topology production output; total_life_cycle characterized inventory from LiAISON patch-v2,31,4
Bayer process / alumina refining__Bayer_liquor,AU,Iprodione (human toxicity: non-carcinogenic),characterized inventory / human toxicity: non-carcinogenic,total_life_cycle aggregated background activities,CTUh,f372c223-994e-55e1-9375-e9d8a4105346,1.644310999268999e-06,6,Bayer process / alumina refining,Bayer_liquor,TRACI2.1 characterized inventory,Human Toxicity: Non-Carcinogenic,per kg topology production output; total_life_cycle characterized inventory from LiAISON patch-v2,46,6
Bayer process / alumina refining__Bayer_liquor,AU,Nitrogen oxides (maximum incremental reactivity (MIR)),characterized inventory / maximum incremental reactivity (MIR),total_life_cycle aggregated background activities,kg O3-Eq,8ed53daf-0510-5cad-8449-1a6f10e30eb8,0.043497754644489864,25,Bayer process / alumina refining,Bayer_liquor,TRACI2.1 characterized inventory,Maximum Incremental Reactivity (Mir),per kg topology production output; total_life_cycle characterized inventory from LiAISON patch-v2,200,17
Bayer process / alumina refining__Bayer_liquor,AU,"Ethane, 1,1,2-trichloro-1,2,2-trifluoro-, CFC-113 (ozone depletion potential (ODP))",characterized inventory / ozone depletion potential (ODP),total_life_cycle aggregated background activities,kg CFC-11-Eq,b1b6c638-1fca-5a75-b96f-5c3ad4de021f,9.70429457290677e-08,13,Bayer process / alumina refining,Bayer_liquor,TRACI2.1 characterized inventory,Ozone Depletion Potential (Odp),per kg topology production output; total_life_cycle characterized inventory from LiAISON patch-v2,85,11
Bayer process / alumina refining__Bayer_liquor,AU,"Methane, monochloro-, R-40 (ozone depletion potential (ODP))",characterized inventory / ozone depletion potential (ODP),total_life_cycle aggregated background activities,kg CFC-11-Eq,167eaf70-de14-5cc0-8071-596a01088201,1.5987861246115294e-11,7,Bayer process / alumina refining,Bayer_liquor,TRACI2.1 characterized inventory,Ozone Depletion Potential (Odp),per kg topology production output; total_life_cycle characterized inventory from LiAISON patch-v2,69,4
Bayer process / alumina refining__Bayer_liquor,AU,"Methane, tetrachloro-, R-10 (ozone depletion potential (ODP))",characterized inventory / ozone depletion potential (ODP),total_life_cycle aggregated background activities,kg CFC-11-Eq,de955255-f617-5549-8141-a8c400a1963d,3.432604494310559e-11,7,Bayer process / alumina refining,Bayer_liquor,TRACI2.1 characterized inventory,Ozone Depletion Potential (Odp),per kg topology production output; total_life_cycle characterized inventory from LiAISON patch-v2,46,7
Bayer process / alumina refining__Bayer_liquor,AU,"Particulate Matter, > 2.5 um and < 10um (particulate matter formation potential (PMFP))",characterized inventory / particulate matter formation potential (PMFP),total_life_cycle aggregated background activities,PM2.5-Eq,5fc7074f-fec9-5ad7-85b4-60299b4e50df,0.0005151809892796656,38,Bayer process / alumina refining,Bayer_liquor,TRACI2.1 characterized inventory,Particulate Matter Formation Potential (Pmfp),per kg topology production output; total_life_cycle characterized inventory from LiAISON patch-v2,200,26
Bayer process / alumina refining__Bayer_liquor,CA,Nitrogen oxides (acidification potential (AP)),characterized inventory / acidification potential (AP),total_life_cycle aggregated background activities,kg SO2-Eq,af8da58e-57fa-5ef1-8766-b4a1288e4e16,0.002576683786342621,49,Bayer process / alumina refining,Bayer_liquor,TRACI2.1 characterized inventory,Acidification Potential (Ap),per kg topology production output; total_life_cycle characterized inventory from LiAISON patch-v2,200,32
Bayer process / alumina refining__Bayer_liquor,CA,"1,2-Dichlorobenzene (ecotoxicity: freshwater)",characterized inventory / ecotoxicity: freshwater,total_life_cycle aggregated background activities,CTUe,a25ed9e2-4ef6-5497-97bf-899fdfccde96,0.1156450374597748,7,Bayer process / alumina refining,Bayer_liquor,TRACI2.1 characterized inventory,Ecotoxicity: Freshwater,per kg topology production output; total_life_cycle characterized inventory from LiAISON patch-v2,94,7
Bayer process / alumina refining__Bayer_liquor,CA,Iprodione (ecotoxicity: freshwater),characterized inventory / ecotoxicity: freshwater,total_life_cycle aggregated background activities,CTUe,cff74837-2e39-55f6-a836-e97e9eaedf71,53.577688158180415,4,Bayer process / alumina refining,Bayer_liquor,TRACI2.1 characterized inventory,Ecotoxicity: Freshwater,per kg topology production output; total_life_cycle characterized inventory from LiAISON patch-v2,46,4
Bayer process / alumina refining__Bayer_liquor,CA,Nitrogen dioxide (ecotoxicity: freshwater),characterized inventory / ecotoxicity: freshwater,total_life_cycle aggregated background activities,CTUe,333e145c-ce6e-5cd7-af51-aff90d0bc12c,0.3855003240387432,6,Bayer process / alumina refining,Bayer_liquor,TRACI2.1 characterized inventory,Ecotoxicity: Freshwater,per kg topology production output; total_life_cycle characterized inventory from LiAISON patch-v2,60,5
Bayer process / alumina refining__Bayer_liquor,CA,Nitrogen oxides (eutrophication potential),characterized inventory / eutrophication potential,total_life_cycle aggregated background activities,kg N-Eq,d105af9e-3a70-5a9a-9411-3ebe7373d0fd,0.003214805246738267,43,Bayer process / alumina refining,Bayer_liquor,TRACI2.1 characterized inventory,Eutrophication Potential,per kg topology production output; total_life_cycle characterized inventory from LiAISON patch-v2,200,28
Bayer process / alumina refining__Bayer_liquor,CA,Dinitrogen monoxide (global warming potential (GWP100)),characterized inventory / global warming potential (GWP100),total_life_cycle aggregated background activities,kg CO2-Eq,9ac1df16-0144-5daa-80e9-f2d81d6bd2ca,0.939117925295165,43,Bayer process / alumina refining,Bayer_liquor,TRACI2.1 characterized inventory,Global Warming Potential (Gwp100),per kg topology production output; total_life_cycle characterized inventory from LiAISON patch-v2,200,38
Bayer process / alumina refining__Bayer_liquor,CA,Arsenic ion (human toxicity: carcinogenic),characterized inventory / human toxicity: carcinogenic,total_life_cycle aggregated background activities,CTUh,bd9bca4a-214e-5097-9f4a-8e3e4dc8c947,1.5592000192577206e-06,18,Bayer process / alumina refining,Bayer_liquor,TRACI2.1 characterized inventory,Human Toxicity: Carcinogenic,per kg topology production output; total_life_cycle characterized inventory from LiAISON patch-v2,200,13
Bayer process / alumina refining__Bayer_liquor,CA,"1,2-Dichlorobenzene (human toxicity: non-carcinogenic)",characterized inventory / human toxicity: non-carcinogenic,total_life_cycle aggregated background activities,CTUh,9993ed3f-e073-5439-91b5-db0c13a45a2f,1.0474163405448919e-08,10,Bayer process / alumina refining,Bayer_liquor,TRACI2.1 characterized inventory,Human Toxicity: Non-Carcinogenic,per kg topology production output; total_life_cycle characterized inventory from LiAISON patch-v2,123,7
Bayer process / alumina refining__Bayer_liquor,CA,Imidacloprid (human toxicity: non-carcinogenic),characterized inventory / human toxicity: non-carcinogenic,total_life_cycle aggregated background activities,CTUh,ba791f55-07ed-5e86-9f20-16423f22ca8b,8.448902004395523e-10,4,Bayer process / alumina refining,Bayer_liquor,TRACI2.1 characterized inventory,Human Toxicity: Non-Carcinogenic,per kg topology production output; total_life_cycle characterized inventory from LiAISON patch-v2,31,4
Bayer process / alumina refining__Bayer_liquor,CA,Iprodione (human toxicity: non-carcinogenic),characterized inventory / human toxicity: non-carcinogenic,total_life_cycle aggregated background activities,CTUh,d2fceab5-432b-5459-8f47-bab0f956a4d6,7.076496238358247e-07,6,Bayer process / alumina refining,Bayer_liquor,TRACI2.1 characterized inventory,Human Toxicity: Non-Carcinogenic,per kg topology production output; total_life_cycle characterized inventory from LiAISON patch-v2,46,6
Bayer process / alumina refining__Bayer_liquor,CA,Nitrogen oxides (maximum incremental reactivity (MIR)),characterized inventory / maximum incremental reactivity (MIR),total_life_cycle aggregated background activities,kg O3-Eq,dae3aa1c-d848-5bf0-aa1b-5230c042f573,0.033507708179985926,25,Bayer process / alumina refining,Bayer_liquor,TRACI2.1 characterized inventory,Maximum Incremental Reactivity (Mir),per kg topology production output; total_life_cycle characterized inventory from LiAISON patch-v2,200,17
Bayer process / alumina refining__Bayer_liquor,CA,"Ethane, 1,1,2-trichloro-1,2,2-trifluoro-, CFC-113 (ozone depletion potential (ODP))",characterized inventory / ozone depletion potential (ODP),total_life_cycle aggregated background activities,kg CFC-11-Eq,e63e0be8-5cde-513a-b077-133f7c2f58a2,3.3479124008352745e-07,13,Bayer process / alumina refining,Bayer_liquor,TRACI2.1 characterized inventory,Ozone Depletion Potential (Odp),per kg topology production output; total_life_cycle characterized inventory from LiAISON patch-v2,85,11
Bayer process / alumina refining__Bayer_liquor,CA,"Methane, monochloro-, R-40 (ozone depletion potential (ODP))",characterized inventory / ozone depletion potential (ODP),total_life_cycle aggregated background activities,kg CFC-11-Eq,5a965b71-c4b2-5930-89ef-883b03b813e4,1.1718583950311174e-11,7,Bayer process / alumina refining,Bayer_liquor,TRACI2.1 characterized inventory,Ozone Depletion Potential (Odp),per kg topology production output; total_life_cycle characterized inventory from LiAISON patch-v2,69,4
Bayer process / alumina refining__Bayer_liquor,CA,"Methane, tetrachloro-, R-10 (ozone depletion potential (ODP))",characterized inventory / ozone depletion potential (ODP),total_life_cycle aggregated background activities,kg CFC-11-Eq,40db44ea-6f55-5913-a7e6-22b86f58e677,2.627454500695234e-11,7,Bayer process / alumina refining,Bayer_liquor,TRACI2.1 characterized inventory,Ozone Depletion Potential (Odp),per kg topology production output; total_life_cycle characterized inventory from LiAISON patch-v2,46,7
Bayer process / alumina refining__Bayer_liquor,CA,"Particulate Matter, > 2.5 um and < 10um (particulate matter formation potential (PMFP))",characterized inventory / particulate matter formation potential (PMFP),total_life_cycle aggregated background activities,PM2.5-Eq,d45dc2b4-2ca7-5838-ba3f-a9b548a2e3d7,0.00030090161849892006,38,Bayer process / alumina refining,Bayer_liquor,TRACI2.1 characterized inventory,Particulate Matter Formation Potential (Pmfp),per kg topology production output; total_life_cycle characterized inventory from LiAISON patch-v2,200,26
Bayer process / alumina refining__Bayer_liquor,CN,Nitrogen oxides (acidification potential (AP)),characterized inventory / acidification potential (AP),total_life_cycle aggregated background activities,kg SO2-Eq,8ba0a9e6-f5a1-5858-be96-f35d144803ee,0.017622639713830938,49,Bayer process / alumina refining,Bayer_liquor,TRACI2.1 characterized inventory,Acidification Potential (Ap),per kg topology production output; total_life_cycle characterized inventory from LiAISON patch-v2,200,32
Bayer process / alumina refining__Bayer_liquor,CN,"1,2-Dichlorobenzene (ecotoxicity: freshwater)",characterized inventory / ecotoxicity: freshwater,total_life_cycle aggregated background activities,CTUe,ade9e607-4dc9-52b3-8bc2-10b97f1946fa,0.3009614669984201,7,Bayer process / alumina refining,Bayer_liquor,TRACI2.1 characterized inventory,Ecotoxicity: Freshwater,per kg topology production output; total_life_cycle characterized inventory from LiAISON patch-v2,94,7
Bayer process / alumina refining__Bayer_liquor,CN,Iprodione (ecotoxicity: freshwater),characterized inventory / ecotoxicity: freshwater,total_life_cycle aggregated background activities,CTUe,ded2660e-fbe5-560e-82b4-677131788b33,94.08601088770362,4,Bayer process / alumina refining,Bayer_liquor,TRACI2.1 characterized inventory,Ecotoxicity: Freshwater,per kg topology production output; total_life_cycle characterized inventory from LiAISON patch-v2,46,4
Bayer process / alumina refining__Bayer_liquor,CN,Nitrogen dioxide (ecotoxicity: freshwater),characterized inventory / ecotoxicity: freshwater,total_life_cycle aggregated background activities,CTUe,90d45a8b-6118-5598-a125-a30711b77968,1.0885052525427,6,Bayer process / alumina refining,Bayer_liquor,TRACI2.1 characterized inventory,Ecotoxicity: Freshwater,per kg topology production output; total_life_cycle characterized inventory from LiAISON patch-v2,60,5
Bayer process / alumina refining__Bayer_liquor,CN,Nitrogen oxides (eutrophication potential),characterized inventory / eutrophication potential,total_life_cycle aggregated background activities,kg N-Eq,2b216dbf-47c2-513c-9824-1ca44edd3936,0.010474894269169515,43,Bayer process / alumina refining,Bayer_liquor,TRACI2.1 characterized inventory,Eutrophication Potential,per kg topology production output; total_life_cycle characterized inventory from LiAISON patch-v2,200,28
Bayer process / alumina refining__Bayer_liquor,CN,Dinitrogen monoxide (global warming potential (GWP100)),characterized inventory / global warming potential (GWP100),total_life_cycle aggregated background activities,kg CO2-Eq,bf59001c-6c98-5a13-b01e-5da6c29f72ac,2.754775055752122,43,Bayer process / alumina refining,Bayer_liquor,TRACI2.1 characterized inventory,Global Warming Potential (Gwp100),per kg topology production output; total_life_cycle characterized inventory from LiAISON patch-v2,200,38
Bayer process / alumina refining__Bayer_liquor,CN,Arsenic ion (human toxicity: carcinogenic),characterized inventory / human toxicity: carcinogenic,total_life_cycle aggregated background activities,CTUh,c62da0ae-e628-51ff-b1ab-896015e40560,2.5729303997460944e-06,18,Bayer process / alumina refining,Bayer_liquor,TRACI2.1 characterized inventory,Human Toxicity: Carcinogenic,per kg topology production output; total_life_cycle characterized inventory from LiAISON patch-v2,200,13
Bayer process / alumina refining__Bayer_liquor,CN,"1,2-Dichlorobenzene (human toxicity: non-carcinogenic)",characterized inventory / human toxicity: non-carcinogenic,total_life_cycle aggregated background activities,CTUh,0e8a994f-5482-5e47-9359-96dc424c643e,3.346769428266652e-08,10,Bayer process / alumina refining,Bayer_liquor,TRACI2.1 characterized inventory,Human Toxicity: Non-Carcinogenic,per kg topology production output; total_life_cycle characterized inventory from LiAISON patch-v2,123,7
Bayer process / alumina refining__Bayer_liquor,CN,Imidacloprid (human toxicity: non-carcinogenic),characterized inventory / human toxicity: non-carcinogenic,total_life_cycle aggregated background activities,CTUh,f195d4ef-d15f-5e65-a60b-f14599e1752e,2.878224254165227e-09,4,Bayer process / alumina refining,Bayer_liquor,TRACI2.1 characterized inventory,Human Toxicity: Non-Carcinogenic,per kg topology production output; total_life_cycle characterized inventory from LiAISON patch-v2,31,4
Bayer process / alumina refining__Bayer_liquor,CN,Iprodione (human toxicity: non-carcinogenic),characterized inventory / human toxicity: non-carcinogenic,total_life_cycle aggregated background activities,CTUh,a4e42171-cb28-59f5-93d0-65c409447913,1.5743396700074774e-06,6,Bayer process / alumina refining,Bayer_liquor,TRACI2.1 characterized inventory,Human Toxicity: Non-Carcinogenic,per kg topology production output; total_life_cycle characterized inventory from LiAISON patch-v2,46,6
Bayer process / alumina refining__Bayer_liquor,CN,Nitrogen oxides (maximum incremental reactivity (MIR)),characterized inventory / maximum incremental reactivity (MIR),total_life_cycle aggregated background activities,kg O3-Eq,19dc0730-6510-5688-a5b7-a5d874a126c5,0.1631878148054149,25,Bayer process / alumina refining,Bayer_liquor,TRACI2.1 characterized inventory,Maximum Incremental Reactivity (Mir),per kg topology production output; total_life_cycle characterized inventory from LiAISON patch-v2,200,17
Bayer process / alumina refining__Bayer_liquor,CN,"Ethane, 1,1,2-trichloro-1,2,2-trifluoro-, CFC-113 (ozone depletion potential (ODP))",characterized inventory / ozone depletion potential (ODP),total_life_cycle aggregated background activities,kg CFC-11-Eq,b1113c2e-5150-5dd5-885d-cb4adaf1e6ec,8.372393565598765e-08,13,Bayer process / alumina refining,Bayer_liquor,TRACI2.1 characterized inventory,Ozone Depletion Potential (Odp),per kg topology production output; total_life_cycle characterized inventory from LiAISON patch-v2,85,11
Bayer process / alumina refining__Bayer_liquor,CN,"Methane, monochloro-, R-40 (ozone depletion potential (ODP))",characterized inventory / ozone depletion potential (ODP),total_life_cycle aggregated background activities,kg CFC-11-Eq,163242f6-81e0-5f5d-852b-94c21ce13f7a,3.892977825737925e-11,7,Bayer process / alumina refining,Bayer_liquor,TRACI2.1 characterized inventory,Ozone Depletion Potential (Odp),per kg topology production output; total_life_cycle characterized inventory from LiAISON patch-v2,69,4
Bayer process / alumina refining__Bayer_liquor,CN,"Methane, tetrachloro-, R-10 (ozone depletion potential (ODP))",characterized inventory / ozone depletion potential (ODP),total_life_cycle aggregated background activities,kg CFC-11-Eq,f44a2e3a-e92e-53c8-b148-07996c3b666a,1.1778248525915908e-10,7,Bayer process / alumina refining,Bayer_liquor,TRACI2.1 characterized inventory,Ozone Depletion Potential (Odp),per kg topology production output; total_life_cycle characterized inventory from LiAISON patch-v2,46,7
Bayer process / alumina refining__Bayer_liquor,CN,"Particulate Matter, > 2.5 um and < 10um (particulate matter formation potential (PMFP))",characterized inventory / particulate matter formation potential (PMFP),total_life_cycle aggregated background activities,PM2.5-Eq,c778db70-95e0-53a2-9d4e-e8f1f1126b7e,0.0021718176780606605,38,Bayer process / alumina refining,Bayer_liquor,TRACI2.1 characterized inventory,Particulate Matter Formation Potential (Pmfp),per kg topology production output; total_life_cycle characterized inventory from LiAISON patch-v2,200,26
Bayer process / alumina refining__Bayer_liquor,GR,Nitrogen oxides (acidification potential (AP)),characterized inventory / acidification potential (AP),total_life_cycle aggregated background activities,kg SO2-Eq,e6e2f678-0f5b-570a-9b27-66d3b04ec506,0.0011400745855451439,49,Bayer process / alumina refining,Bayer_liquor,TRACI2.1 characterized inventory,Acidification Potential (Ap),per kg topology production output; total_life_cycle characterized inventory from LiAISON patch-v2,200,32
Bayer process / alumina refining__Bayer_liquor,GR,"1,2-Dichlorobenzene (ecotoxicity: freshwater)",characterized inventory / ecotoxicity: freshwater,total_life_cycle aggregated background activities,CTUe,068f4219-ece3-529a-bd7e-024ca4a841c5,0.1043034169394277,7,Bayer process / alumina refining,Bayer_liquor,TRACI2.1 characterized inventory,Ecotoxicity: Freshwater,per kg topology production output; total_life_cycle characterized inventory from LiAISON patch-v2,94,7
Bayer process / alumina refining__Bayer_liquor,GR,Iprodione (ecotoxicity: freshwater),characterized inventory / ecotoxicity: freshwater,total_life_cycle aggregated background activities,CTUe,8c5aecca-9482-58d9-a008-16f84a723500,57.261537187863716,4,Bayer process / alumina refining,Bayer_liquor,TRACI2.1 characterized inventory,Ecotoxicity: Freshwater,per kg topology production output; total_life_cycle characterized inventory from LiAISON patch-v2,46,4
Bayer process / alumina refining__Bayer_liquor,GR,Nitrogen dioxide (ecotoxicity: freshwater),characterized inventory / ecotoxicity: freshwater,total_life_cycle aggregated background activities,CTUe,97cb1a6f-722f-5b25-b1bf-35682c46875f,0.2954776690404662,6,Bayer process / alumina refining,Bayer_liquor,TRACI2.1 characterized inventory,Ecotoxicity: Freshwater,per kg topology production output; total_life_cycle characterized inventory from LiAISON patch-v2,60,5
Bayer process / alumina refining__Bayer_liquor,GR,Nitrogen oxides (eutrophication potential),characterized inventory / eutrophication potential,total_life_cycle aggregated background activities,kg N-Eq,68ba7eed-cac2-5ff3-89b9-639fb27fd9de,0.0032018866512171424,43,Bayer process / alumina refining,Bayer_liquor,TRACI2.1 characterized inventory,Eutrophication Potential,per kg topology production output; total_life_cycle characterized inventory from LiAISON patch-v2,200,28
Bayer process / alumina refining__Bayer_liquor,GR,Dinitrogen monoxide (global warming potential (GWP100)),characterized inventory / global warming potential (GWP100),total_life_cycle aggregated background activities,kg CO2-Eq,5e94a46c-2c68-51e2-9e49-32cd5edf4307,1.004811774636406,43,Bayer process / alumina refining,Bayer_liquor,TRACI2.1 characterized inventory,Global Warming Potential (Gwp100),per kg topology production output; total_life_cycle characterized inventory from LiAISON patch-v2,200,38
Bayer process / alumina refining__Bayer_liquor,GR,Arsenic ion (human toxicity: carcinogenic),characterized inventory / human toxicity: carcinogenic,total_life_cycle aggregated background activities,CTUh,ba5263c0-1518-5456-82bb-5db5d8d10ae0,1.6654217305595201e-06,18,Bayer process / alumina refining,Bayer_liquor,TRACI2.1 characterized inventory,Human Toxicity: Carcinogenic,per kg topology production output; total_life_cycle characterized inventory from LiAISON patch-v2,200,13
Bayer process / alumina refining__Bayer_liquor,GR,"1,2-Dichlorobenzene (human toxicity: non-carcinogenic)",characterized inventory / human toxicity: non-carcinogenic,total_life_cycle aggregated background activities,CTUh,73fba301-ccfb-526c-bc83-b66ed383082f,8.780189977255411e-09,10,Bayer process / alumina refining,Bayer_liquor,TRACI2.1 characterized inventory,Human Toxicity: Non-Carcinogenic,per kg topology production output; total_life_cycle characterized inventory from LiAISON patch-v2,123,7
Bayer process / alumina refining__Bayer_liquor,GR,Imidacloprid (human toxicity: non-carcinogenic),characterized inventory / human toxicity: non-carcinogenic,total_life_cycle aggregated background activities,CTUh,fe4825fd-859c-57b6-8d31-67ca8539e370,7.795547524775111e-10,4,Bayer process / alumina refining,Bayer_liquor,TRACI2.1 characterized inventory,Human Toxicity: Non-Carcinogenic,per kg topology production output; total_life_cycle characterized inventory from LiAISON patch-v2,31,4
Bayer process / alumina refining__Bayer_liquor,GR,Iprodione (human toxicity: non-carcinogenic),characterized inventory / human toxicity: non-carcinogenic,total_life_cycle aggregated background activities,CTUh,f8a0ac92-bc20-5142-981f-0a0eddf3e871,7.483930869504914e-07,6,Bayer process / alumina refining,Bayer_liquor,TRACI2.1 characterized inventory,Human Toxicity: Non-Carcinogenic,per kg topology production output; total_life_cycle characterized inventory from LiAISON patch-v2,46,6
Bayer process / alumina refining__Bayer_liquor,GR,Nitrogen oxides (maximum incremental reactivity (MIR)),characterized inventory / maximum incremental reactivity (MIR),total_life_cycle aggregated background activities,kg O3-Eq,9980c1cb-9cd0-5305-8171-0d0ea1e0ea58,0.022701549652390934,25,Bayer process / alumina refining,Bayer_liquor,TRACI2.1 characterized inventory,Maximum Incremental Reactivity (Mir),per kg topology production output; total_life_cycle characterized inventory from LiAISON patch-v2,200,17
Bayer process / alumina refining__Bayer_liquor,GR,"Ethane, 1,1,2-trichloro-1,2,2-trifluoro-, CFC-113 (ozone depletion potential (ODP))",characterized inventory / ozone depletion potential (ODP),total_life_cycle aggregated background activities,kg CFC-11-Eq,52cb22f3-a35e-596d-a162-365e35d89d4e,1.9371986906901242e-07,13,Bayer process / alumina refining,Bayer_liquor,TRACI2.1 characterized inventory,Ozone Depletion Potential (Odp),per kg topology production output; total_life_cycle characterized inventory from LiAISON patch-v2,85,11
Bayer process / alumina refining__Bayer_liquor,GR,"Methane, monochloro-, R-40 (ozone depletion potential (ODP))",characterized inventory / ozone depletion potential (ODP),total_life_cycle aggregated background activities,kg CFC-11-Eq,54775e39-eeae-580b-a7ca-bf1d55643213,1.0028902751630584e-11,7,Bayer process / alumina refining,Bayer_liquor,TRACI2.1 characterized inventory,Ozone Depletion Potential (Odp),per kg topology production output; total_life_cycle characterized inventory from LiAISON patch-v2,69,4
Bayer process / alumina refining__Bayer_liquor,GR,"Methane, tetrachloro-, R-10 (ozone depletion potential (ODP))",characterized inventory / ozone depletion potential (ODP),total_life_cycle aggregated background activities,kg CFC-11-Eq,b54ecc2d-28a8-5d09-bd6d-14a63cd15354,2.1176019155411996e-11,7,Bayer process / alumina refining,Bayer_liquor,TRACI2.1 characterized inventory,Ozone Depletion Potential (Odp),per kg topology production output; total_life_cycle characterized inventory from LiAISON patch-v2,46,7
Bayer process / alumina refining__Bayer_liquor,GR,"Particulate Matter, > 2.5 um and < 10um (particulate matter formation potential (PMFP))",characterized inventory / particulate matter formation potential (PMFP),total_life_cycle aggregated background activities,PM2.5-Eq,767f740b-05d5-50cb-a8f5-15fafd204066,0.00013818866378861609,38,Bayer process / alumina refining,Bayer_liquor,TRACI2.1 characterized inventory,Particulate Matter Formation Potential (Pmfp),per kg topology production output; total_life_cycle characterized inventory from LiAISON patch-v2,200,26
Bayer process / alumina refining__Bayer_liquor,KZ,Nitrogen oxides (acidification potential (AP)),characterized inventory / acidification potential (AP),total_life_cycle aggregated background activities,kg SO2-Eq,8ce21339-47ec-5730-89c5-05c1342158b1,0.017052517719374494,49,Bayer process / alumina refining,Bayer_liquor,TRACI2.1 characterized inventory,Acidification Potential (Ap),per kg topology production output; total_life_cycle characterized inventory from LiAISON patch-v2,200,32
Bayer process / alumina refining__Bayer_liquor,KZ,"1,2-Dichlorobenzene (ecotoxicity: freshwater)",characterized inventory / ecotoxicity: freshwater,total_life_cycle aggregated background activities,CTUe,ba0a65c8-cbc1-57f3-b963-db9670999d72,0.2941913009313143,7,Bayer process / alumina refining,Bayer_liquor,TRACI2.1 characterized inventory,Ecotoxicity: Freshwater,per kg topology production output; total_life_cycle characterized inventory from LiAISON patch-v2,94,7
Bayer process / alumina refining__Bayer_liquor,KZ,Iprodione (ecotoxicity: freshwater),characterized inventory / ecotoxicity: freshwater,total_life_cycle aggregated background activities,CTUe,36171fe4-cd44-54b3-87e0-400a32cf6ad8,92.40329400834644,4,Bayer process / alumina refining,Bayer_liquor,TRACI2.1 characterized inventory,Ecotoxicity: Freshwater,per kg topology production output; total_life_cycle characterized inventory from LiAISON patch-v2,46,4
Bayer process / alumina refining__Bayer_liquor,KZ,Nitrogen dioxide (ecotoxicity: freshwater),characterized inventory / ecotoxicity: freshwater,total_life_cycle aggregated background activities,CTUe,81b27f08-d45e-5de7-a141-23a7d4bf4012,1.0185855529497858,6,Bayer process / alumina refining,Bayer_liquor,TRACI2.1 characterized inventory,Ecotoxicity: Freshwater,per kg topology production output; total_life_cycle characterized inventory from LiAISON patch-v2,60,5
Bayer process / alumina refining__Bayer_liquor,KZ,Nitrogen oxides (eutrophication potential),characterized inventory / eutrophication potential,total_life_cycle aggregated background activities,kg N-Eq,ed5cb59a-05d7-5f7b-bdca-50b48cc40e22,0.010130770691958899,43,Bayer process / alumina refining,Bayer_liquor,TRACI2.1 characterized inventory,Eutrophication Potential,per kg topology production output; total_life_cycle characterized inventory from LiAISON patch-v2,200,28
Bayer process / alumina refining__Bayer_liquor,KZ,Dinitrogen monoxide (global warming potential (GWP100)),characterized inventory / global warming potential (GWP100),total_life_cycle aggregated background activities,kg CO2-Eq,d7bb8fc5-67bb-5dc3-beba-fb09126934a9,2.7130118783225052,43,Bayer process / alumina refining,Bayer_liquor,TRACI2.1 characterized inventory,Global Warming Potential (Gwp100),per kg topology production output; total_life_cycle characterized inventory from LiAISON patch-v2,200,38
Bayer process / alumina refining__Bayer_liquor,KZ,Arsenic ion (human toxicity: carcinogenic),characterized inventory / human toxicity: carcinogenic,total_life_cycle aggregated background activities,CTUh,b30cf01c-89c5-52cc-8ca8-e04d4ccc3334,2.557296976986968e-06,18,Bayer process / alumina refining,Bayer_liquor,TRACI2.1 characterized inventory,Human Toxicity: Carcinogenic,per kg topology production output; total_life_cycle characterized inventory from LiAISON patch-v2,200,13
Bayer process / alumina refining__Bayer_liquor,KZ,"1,2-Dichlorobenzene (human toxicity: non-carcinogenic)",characterized inventory / human toxicity: non-carcinogenic,total_life_cycle aggregated background activities,CTUh,f39b7d6f-d606-5752-9d1a-192f7a96c6b3,2.4992255438787586e-08,10,Bayer process / alumina refining,Bayer_liquor,TRACI2.1 characterized inventory,Human Toxicity: Non-Carcinogenic,per kg topology production output; total_life_cycle characterized inventory from LiAISON patch-v2,123,7
Bayer process / alumina refining__Bayer_liquor,KZ,Imidacloprid (human toxicity: non-carcinogenic),characterized inventory / human toxicity: non-carcinogenic,total_life_cycle aggregated background activities,CTUh,eeea9563-6e5f-59b7-bcfd-36bea8978131,1.914668424399433e-09,4,Bayer process / alumina refining,Bayer_liquor,TRACI2.1 characterized inventory,Human Toxicity: Non-Carcinogenic,per kg topology production output; total_life_cycle characterized inventory from LiAISON patch-v2,31,4
Bayer process / alumina refining__Bayer_liquor,KZ,Iprodione (human toxicity: non-carcinogenic),characterized inventory / human toxicity: non-carcinogenic,total_life_cycle aggregated background activities,CTUh,bd8e68af-35b0-5372-81d3-c07c924c50d4,1.567123267503045e-06,6,Bayer process / alumina refining,Bayer_liquor,TRACI2.1 characterized inventory,Human Toxicity: Non-Carcinogenic,per kg topology production output; total_life_cycle characterized inventory from LiAISON patch-v2,46,6
Bayer process / alumina refining__Bayer_liquor,KZ,Nitrogen oxides (maximum incremental reactivity (MIR)),characterized inventory / maximum incremental reactivity (MIR),total_life_cycle aggregated background activities,kg O3-Eq,af614c0a-8ca0-5cec-8f4f-dd97aebb9686,0.14338560857446794,25,Bayer process / alumina refining,Bayer_liquor,TRACI2.1 characterized inventory,Maximum Incremental Reactivity (Mir),per kg topology production output; total_life_cycle characterized inventory from LiAISON patch-v2,200,17
Bayer process / alumina refining__Bayer_liquor,KZ,"Ethane, 1,1,2-trichloro-1,2,2-trifluoro-, CFC-113 (ozone depletion potential (ODP))",characterized inventory / ozone depletion potential (ODP),total_life_cycle aggregated background activities,kg CFC-11-Eq,77863cf4-f8ca-521e-8caa-f01d3332b6de,1.384668451985446e-07,13,Bayer process / alumina refining,Bayer_liquor,TRACI2.1 characterized inventory,Ozone Depletion Potential (Odp),per kg topology production output; total_life_cycle characterized inventory from LiAISON patch-v2,85,11
Bayer process / alumina refining__Bayer_liquor,KZ,"Methane, monochloro-, R-40 (ozone depletion potential (ODP))",characterized inventory / ozone depletion potential (ODP),total_life_cycle aggregated background activities,kg CFC-11-Eq,7bd4d5c3-382b-5c18-a05f-570bb60c326c,3.13910059112486e-11,7,Bayer process / alumina refining,Bayer_liquor,TRACI2.1 characterized inventory,Ozone Depletion Potential (Odp),per kg topology production output; total_life_cycle characterized inventory from LiAISON patch-v2,69,4
Bayer process / alumina refining__Bayer_liquor,KZ,"Methane, tetrachloro-, R-10 (ozone depletion potential (ODP))",characterized inventory / ozone depletion potential (ODP),total_life_cycle aggregated background activities,kg CFC-11-Eq,9fcd055c-d3a2-5a7b-85ea-5e13770a98f3,5.973219322849576e-11,7,Bayer process / alumina refining,Bayer_liquor,TRACI2.1 characterized inventory,Ozone Depletion Potential (Odp),per kg topology production output; total_life_cycle characterized inventory from LiAISON patch-v2,46,7
Bayer process / alumina refining__Bayer_liquor,KZ,"Particulate Matter, > 2.5 um and < 10um (particulate matter formation potential (PMFP))",characterized inventory / particulate matter formation potential (PMFP),total_life_cycle aggregated background activities,PM2.5-Eq,30df489d-dc41-58aa-875b-fefcc2bab8f9,0.001984501005042215,38,Bayer process / alumina refining,Bayer_liquor,TRACI2.1 characterized inventory,Particulate Matter Formation Potential (Pmfp),per kg topology production output; total_life_cycle characterized inventory from LiAISON patch-v2,200,26
Bayer process / alumina refining__Bayer_liquor,US,Nitrogen oxides (acidification potential (AP)),characterized inventory / acidification potential (AP),total_life_cycle aggregated background activities,kg SO2-Eq,d1b70f24-9a58-5438-8503-7276cf2e03b6,0.0025766837867103962,49,Bayer process / alumina refining,Bayer_liquor,TRACI2.1 characterized inventory,Acidification Potential (Ap),per kg topology production output; total_life_cycle characterized inventory from LiAISON patch-v2,200,32
Bayer process / alumina refining__Bayer_liquor,US,"1,2-Dichlorobenzene (ecotoxicity: freshwater)",characterized inventory / ecotoxicity: freshwater,total_life_cycle aggregated background activities,CTUe,8618830e-aaad-58f2-a261-1919703996c5,0.115645037699159,7,Bayer process / alumina refining,Bayer_liquor,TRACI2.1 characterized inventory,Ecotoxicity: Freshwater,per kg topology production output; total_life_cycle characterized inventory from LiAISON patch-v2,94,7
Bayer process / alumina refining__Bayer_liquor,US,Iprodione (ecotoxicity: freshwater),characterized inventory / ecotoxicity: freshwater,total_life_cycle aggregated background activities,CTUe,c45bff91-c548-5c8d-800e-5f1316c6d009,53.57768816926423,4,Bayer process / alumina refining,Bayer_liquor,TRACI2.1 characterized inventory,Ecotoxicity: Freshwater,per kg topology production output; total_life_cycle characterized inventory from LiAISON patch-v2,46,4
Bayer process / alumina refining__Bayer_liquor,US,Nitrogen dioxide (ecotoxicity: freshwater),characterized inventory / ecotoxicity: freshwater,total_life_cycle aggregated background activities,CTUe,a79bdd43-2bfa-5f78-a3a7-631cd72779d0,0.3855003239430391,6,Bayer process / alumina refining,Bayer_liquor,TRACI2.1 characterized inventory,Ecotoxicity: Freshwater,per kg topology production output; total_life_cycle characterized inventory from LiAISON patch-v2,60,5
Bayer process / alumina refining__Bayer_liquor,US,Nitrogen oxides (eutrophication potential),characterized inventory / eutrophication potential,total_life_cycle aggregated background activities,kg N-Eq,732aa301-e56e-5b1e-a131-10fa5cd04bad,0.0032148052470365304,43,Bayer process / alumina refining,Bayer_liquor,TRACI2.1 characterized inventory,Eutrophication Potential,per kg topology production output; total_life_cycle characterized inventory from LiAISON patch-v2,200,28
Bayer process / alumina refining__Bayer_liquor,US,Dinitrogen monoxide (global warming potential (GWP100)),characterized inventory / global warming potential (GWP100),total_life_cycle aggregated background activities,kg CO2-Eq,d01aaeba-d735-559c-b6ff-6bc373dbd817,0.9391179252983417,43,Bayer process / alumina refining,Bayer_liquor,TRACI2.1 characterized inventory,Global Warming Potential (Gwp100),per kg topology production output; total_life_cycle characterized inventory from LiAISON patch-v2,200,38
Bayer process / alumina refining__Bayer_liquor,US,Arsenic ion (human toxicity: carcinogenic),characterized inventory / human toxicity: carcinogenic,total_life_cycle aggregated background activities,CTUh,63948d97-a898-5a7b-9d27-434a7aff313b,1.5592000192168184e-06,18,Bayer process / alumina refining,Bayer_liquor,TRACI2.1 characterized inventory,Human Toxicity: Carcinogenic,per kg topology production output; total_life_cycle characterized inventory from LiAISON patch-v2,200,13
Bayer process / alumina refining__Bayer_liquor,US,"1,2-Dichlorobenzene (human toxicity: non-carcinogenic)",characterized inventory / human toxicity: non-carcinogenic,total_life_cycle aggregated background activities,CTUh,77a4de56-5784-5441-8e08-e752e3996b37,1.0474163433282753e-08,10,Bayer process / alumina refining,Bayer_liquor,TRACI2.1 characterized inventory,Human Toxicity: Non-Carcinogenic,per kg topology production output; total_life_cycle characterized inventory from LiAISON patch-v2,123,7
Bayer process / alumina refining__Bayer_liquor,US,Imidacloprid (human toxicity: non-carcinogenic),characterized inventory / human toxicity: non-carcinogenic,total_life_cycle aggregated background activities,CTUh,b954dda6-8ef2-59eb-be48-f2c9c38d07c7,8.4489020211057e-10,4,Bayer process / alumina refining,Bayer_liquor,TRACI2.1 characterized inventory,Human Toxicity: Non-Carcinogenic,per kg topology production output; total_life_cycle characterized inventory from LiAISON patch-v2,31,4
Bayer process / alumina refining__Bayer_liquor,US,Iprodione (human toxicity: non-carcinogenic),characterized inventory / human toxicity: non-carcinogenic,total_life_cycle aggregated background activities,CTUh,0708671c-e5b9-5585-94ec-a83c727f36c4,7.07649623873745e-07,6,Bayer process / alumina refining,Bayer_liquor,TRACI2.1 characterized inventory,Human Toxicity: Non-Carcinogenic,per kg topology production output; total_life_cycle characterized inventory from LiAISON patch-v2,46,6
Bayer process / alumina refining__Bayer_liquor,US,Nitrogen oxides (maximum incremental reactivity (MIR)),characterized inventory / maximum incremental reactivity (MIR),total_life_cycle aggregated background activities,kg O3-Eq,67ef8509-c518-54aa-accb-4024c8f0d2af,0.03350770818162493,25,Bayer process / alumina refining,Bayer_liquor,TRACI2.1 characterized inventory,Maximum Incremental Reactivity (Mir),per kg topology production output; total_life_cycle characterized inventory from LiAISON patch-v2,200,17
Bayer process / alumina refining__Bayer_liquor,US,"Ethane, 1,1,2-trichloro-1,2,2-trifluoro-, CFC-113 (ozone depletion potential (ODP))",characterized inventory / ozone depletion potential (ODP),total_life_cycle aggregated background activities,kg CFC-11-Eq,525dfe93-e70c-5091-873f-841c88101561,3.347912400981171e-07,13,Bayer process / alumina refining,Bayer_liquor,TRACI2.1 characterized inventory,Ozone Depletion Potential (Odp),per kg topology production output; total_life_cycle characterized inventory from LiAISON patch-v2,85,11
Bayer process / alumina refining__Bayer_liquor,US,"Methane, monochloro-, R-40 (ozone depletion potential (ODP))",characterized inventory / ozone depletion potential (ODP),total_life_cycle aggregated background activities,kg CFC-11-Eq,8255cb4b-ba04-5fff-89f8-4a41b02bb145,1.1718584046419257e-11,7,Bayer process / alumina refining,Bayer_liquor,TRACI2.1 characterized inventory,Ozone Depletion Potential (Odp),per kg topology production output; total_life_cycle characterized inventory from LiAISON patch-v2,69,4
Bayer process / alumina refining__Bayer_liquor,US,"Methane, tetrachloro-, R-10 (ozone depletion potential (ODP))",characterized inventory / ozone depletion potential (ODP),total_life_cycle aggregated background activities,kg CFC-11-Eq,836221a9-a693-5619-9edb-179030590fa5,2.6274545012361432e-11,7,Bayer process / alumina refining,Bayer_liquor,TRACI2.1 characterized inventory,Ozone Depletion Potential (Odp),per kg topology production output; total_life_cycle characterized inventory from LiAISON patch-v2,46,7
Bayer process / alumina refining__Bayer_liquor,US,"Particulate Matter, > 2.5 um and < 10um (particulate matter formation potential (PMFP))",characterized inventory / particulate matter formation potential (PMFP),total_life_cycle aggregated background activities,PM2.5-Eq,f14edeb0-4cb8-5b7c-85e9-d0a67a094f40,0.00030090161853644863,38,Bayer process / alumina refining,Bayer_liquor,TRACI2.1 characterized inventory,Particulate Matter Formation Potential (Pmfp),per kg topology production output; total_life_cycle characterized inventory from LiAISON patch-v2,200,26
High-purity gallium refining__6N_Ga,CA,Nitrogen oxides (acidification potential (AP)),characterized inventory / acidification potential (AP),total_life_cycle aggregated background activities,kg SO2-Eq,32fbf566-2da7-5029-a0d2-31a461b71a86,0.001635260411524782,49,High-purity gallium refining,6N_Ga,TRACI2.1 characterized inventory,Acidification Potential (Ap),per kg topology production output; total_life_cycle characterized inventory from LiAISON patch-v2,200,32
High-purity gallium refining__6N_Ga,CA,"1,2-Dichlorobenzene (ecotoxicity: freshwater)",characterized inventory / ecotoxicity: freshwater,total_life_cycle aggregated background activities,CTUe,1b4a4681-9b15-5368-bc75-39b3a3cdb8f3,0.5407127600000831,7,High-purity gallium refining,6N_Ga,TRACI2.1 characterized inventory,Ecotoxicity: Freshwater,per kg topology production output; total_life_cycle characterized inventory from LiAISON patch-v2,94,7
High-purity gallium refining__6N_Ga,CA,Iprodione (ecotoxicity: freshwater),characterized inventory / ecotoxicity: freshwater,total_life_cycle aggregated background activities,CTUe,7c48650e-adc2-5505-b1ce-f12986c5b3ce,13.144951009889345,4,High-purity gallium refining,6N_Ga,TRACI2.1 characterized inventory,Ecotoxicity: Freshwater,per kg topology production output; total_life_cycle characterized inventory from LiAISON patch-v2,46,4
High-purity gallium refining__6N_Ga,CA,Nitrogen dioxide (ecotoxicity: freshwater),characterized inventory / ecotoxicity: freshwater,total_life_cycle aggregated background activities,CTUe,e937153e-9263-5949-9400-f33a894df6d5,1.21728407035478,6,High-purity gallium refining,6N_Ga,TRACI2.1 characterized inventory,Ecotoxicity: Freshwater,per kg topology production output; total_life_cycle characterized inventory from LiAISON patch-v2,60,5
High-purity gallium refining__6N_Ga,CA,Nitrogen oxides (eutrophication potential),characterized inventory / eutrophication potential,total_life_cycle aggregated background activities,kg N-Eq,6f6a3dd7-ff76-5267-aeea-a25e64b5c99d,0.0045136318155296964,43,High-purity gallium refining,6N_Ga,TRACI2.1 characterized inventory,Eutrophication Potential,per kg topology production output; total_life_cycle characterized inventory from LiAISON patch-v2,200,28
High-purity gallium refining__6N_Ga,CA,Dinitrogen monoxide (global warming potential (GWP100)),characterized inventory / global warming potential (GWP100),total_life_cycle aggregated background activities,kg CO2-Eq,33b0b816-d15f-5ddd-ac06-d540fbd7b0b8,0.3103185857873793,43,High-purity gallium refining,6N_Ga,TRACI2.1 characterized inventory,Global Warming Potential (Gwp100),per kg topology production output; total_life_cycle characterized inventory from LiAISON patch-v2,200,38
High-purity gallium refining__6N_Ga,CA,Arsenic ion (human toxicity: carcinogenic),characterized inventory / human toxicity: carcinogenic,total_life_cycle aggregated background activities,CTUh,cf1f2820-bae8-5552-9441-01c7de8c6f4b,1.416379752422578e-07,18,High-purity gallium refining,6N_Ga,TRACI2.1 characterized inventory,Human Toxicity: Carcinogenic,per kg topology production output; total_life_cycle characterized inventory from LiAISON patch-v2,200,13
High-purity gallium refining__6N_Ga,CA,"1,2-Dichlorobenzene (human toxicity: non-carcinogenic)",characterized inventory / human toxicity: non-carcinogenic,total_life_cycle aggregated background activities,CTUh,8119bed9-f9a8-577a-9a59-75a46f188f11,3.834406022283178e-08,10,High-purity gallium refining,6N_Ga,TRACI2.1 characterized inventory,Human Toxicity: Non-Carcinogenic,per kg topology production output; total_life_cycle characterized inventory from LiAISON patch-v2,123,7
High-purity gallium refining__6N_Ga,CA,Imidacloprid (human toxicity: non-carcinogenic),characterized inventory / human toxicity: non-carcinogenic,total_life_cycle aggregated background activities,CTUh,ca619a04-b58d-5acb-b9d3-5bcae5242f07,3.815023528222997e-09,4,High-purity gallium refining,6N_Ga,TRACI2.1 characterized inventory,Human Toxicity: Non-Carcinogenic,per kg topology production output; total_life_cycle characterized inventory from LiAISON patch-v2,31,4
High-purity gallium refining__6N_Ga,CA,Iprodione (human toxicity: non-carcinogenic),characterized inventory / human toxicity: non-carcinogenic,total_life_cycle aggregated background activities,CTUh,a425579e-eccc-5599-b9ad-d32c7aef5ec9,4.28347781368123e-07,6,High-purity gallium refining,6N_Ga,TRACI2.1 characterized inventory,Human Toxicity: Non-Carcinogenic,per kg topology production output; total_life_cycle characterized inventory from LiAISON patch-v2,46,6
High-purity gallium refining__6N_Ga,CA,Nitrogen oxides (maximum incremental reactivity (MIR)),characterized inventory / maximum incremental reactivity (MIR),total_life_cycle aggregated background activities,kg O3-Eq,91449acb-055a-5343-a44f-cc720bbbcf66,0.01763551140163626,25,High-purity gallium refining,6N_Ga,TRACI2.1 characterized inventory,Maximum Incremental Reactivity (Mir),per kg topology production output; total_life_cycle characterized inventory from LiAISON patch-v2,200,17
High-purity gallium refining__6N_Ga,CA,"Ethane, 1,1,2-trichloro-1,2,2-trifluoro-, CFC-113 (ozone depletion potential (ODP))",characterized inventory / ozone depletion potential (ODP),total_life_cycle aggregated background activities,kg CFC-11-Eq,9663d9a1-6d69-5e55-9aa6-2add2683763d,4.992007355652199e-08,13,High-purity gallium refining,6N_Ga,TRACI2.1 characterized inventory,Ozone Depletion Potential (Odp),per kg topology production output; total_life_cycle characterized inventory from LiAISON patch-v2,85,11
High-purity gallium refining__6N_Ga,CA,"Methane, monochloro-, R-40 (ozone depletion potential (ODP))",characterized inventory / ozone depletion potential (ODP),total_life_cycle aggregated background activities,kg CFC-11-Eq,fd36ac19-1af1-54b9-81ac-5dacd4a63367,2.2472905111560167e-11,7,High-purity gallium refining,6N_Ga,TRACI2.1 characterized inventory,Ozone Depletion Potential (Odp),per kg topology production output; total_life_cycle characterized inventory from LiAISON patch-v2,69,4
High-purity gallium refining__6N_Ga,CA,"Methane, tetrachloro-, R-10 (ozone depletion potential (ODP))",characterized inventory / ozone depletion potential (ODP),total_life_cycle aggregated background activities,kg CFC-11-Eq,6e25e453-2e37-5e3f-b1b1-11c20f098c7b,4.5956380327178004e-11,7,High-purity gallium refining,6N_Ga,TRACI2.1 characterized inventory,Ozone Depletion Potential (Odp),per kg topology production output; total_life_cycle characterized inventory from LiAISON patch-v2,46,7
High-purity gallium refining__6N_Ga,CA,"Particulate Matter, > 2.5 um and < 10um (particulate matter formation potential (PMFP))",characterized inventory / particulate matter formation potential (PMFP),total_life_cycle aggregated background activities,PM2.5-Eq,8074b6a6-31fe-5f39-ae5c-bbd2f5155cee,0.00037321248144808424,38,High-purity gallium refining,6N_Ga,TRACI2.1 characterized inventory,Particulate Matter Formation Potential (Pmfp),per kg topology production output; total_life_cycle characterized inventory from LiAISON patch-v2,200,26
High-purity gallium refining__6N_Ga,CN,Nitrogen oxides (acidification potential (AP)),characterized inventory / acidification potential (AP),total_life_cycle aggregated background activities,kg SO2-Eq,63210aa1-11f7-5169-b409-6d42aff30f36,0.0018475095223101333,49,High-purity gallium refining,6N_Ga,TRACI2.1 characterized inventory,Acidification Potential (Ap),per kg topology production output; total_life_cycle characterized inventory from LiAISON patch-v2,200,32
High-purity gallium refining__6N_Ga,CN,"1,2-Dichlorobenzene (ecotoxicity: freshwater)",characterized inventory / ecotoxicity: freshwater,total_life_cycle aggregated background activities,CTUe,da39c29b-a3b3-5e55-8cc7-18a3197150ba,0.5534327132843438,7,High-purity gallium refining,6N_Ga,TRACI2.1 characterized inventory,Ecotoxicity: Freshwater,per kg topology production output; total_life_cycle characterized inventory from LiAISON patch-v2,94,7
High-purity gallium refining__6N_Ga,CN,Iprodione (ecotoxicity: freshwater),characterized inventory / ecotoxicity: freshwater,total_life_cycle aggregated background activities,CTUe,7bd162aa-3565-58fb-92eb-b005446ebf2d,13.219660813642394,4,High-purity gallium refining,6N_Ga,TRACI2.1 characterized inventory,Ecotoxicity: Freshwater,per kg topology production output; total_life_cycle characterized inventory from LiAISON patch-v2,46,4
High-purity gallium refining__6N_Ga,CN,Nitrogen dioxide (ecotoxicity: freshwater),characterized inventory / ecotoxicity: freshwater,total_life_cycle aggregated background activities,CTUe,878a373b-9100-5fb9-bef8-fbc8a0f9f8f8,1.2292644939942352,6,High-purity gallium refining,6N_Ga,TRACI2.1 characterized inventory,Ecotoxicity: Freshwater,per kg topology production output; total_life_cycle characterized inventory from LiAISON patch-v2,60,5
High-purity gallium refining__6N_Ga,CN,Nitrogen oxides (eutrophication potential),characterized inventory / eutrophication potential,total_life_cycle aggregated background activities,kg N-Eq,de7a02bc-9bcd-598e-99b7-b4b39521aff9,0.0045078163868688586,43,High-purity gallium refining,6N_Ga,TRACI2.1 characterized inventory,Eutrophication Potential,per kg topology production output; total_life_cycle characterized inventory from LiAISON patch-v2,200,28
High-purity gallium refining__6N_Ga,CN,Dinitrogen monoxide (global warming potential (GWP100)),characterized inventory / global warming potential (GWP100),total_life_cycle aggregated background activities,kg CO2-Eq,9368c0be-d599-5e99-93d2-d003598675f8,0.3541760932672218,43,High-purity gallium refining,6N_Ga,TRACI2.1 characterized inventory,Global Warming Potential (Gwp100),per kg topology production output; total_life_cycle characterized inventory from LiAISON patch-v2,200,38
High-purity gallium refining__6N_Ga,CN,Arsenic ion (human toxicity: carcinogenic),characterized inventory / human toxicity: carcinogenic,total_life_cycle aggregated background activities,CTUh,e75ca922-a304-590b-b36d-123eed50c7bf,1.429699141879472e-07,18,High-purity gallium refining,6N_Ga,TRACI2.1 characterized inventory,Human Toxicity: Carcinogenic,per kg topology production output; total_life_cycle characterized inventory from LiAISON patch-v2,200,13
High-purity gallium refining__6N_Ga,CN,"1,2-Dichlorobenzene (human toxicity: non-carcinogenic)",characterized inventory / human toxicity: non-carcinogenic,total_life_cycle aggregated background activities,CTUh,13abc65a-83ec-5615-8493-fe9032b5d08c,3.8335858111493836e-08,10,High-purity gallium refining,6N_Ga,TRACI2.1 characterized inventory,Human Toxicity: Non-Carcinogenic,per kg topology production output; total_life_cycle characterized inventory from LiAISON patch-v2,123,7
High-purity gallium refining__6N_Ga,CN,Imidacloprid (human toxicity: non-carcinogenic),characterized inventory / human toxicity: non-carcinogenic,total_life_cycle aggregated background activities,CTUh,d14efacb-9d1c-5c22-ab90-bde11a9f69eb,4.015714277789957e-09,4,High-purity gallium refining,6N_Ga,TRACI2.1 characterized inventory,Human Toxicity: Non-Carcinogenic,per kg topology production output; total_life_cycle characterized inventory from LiAISON patch-v2,31,4
High-purity gallium refining__6N_Ga,CN,Iprodione (human toxicity: non-carcinogenic),characterized inventory / human toxicity: non-carcinogenic,total_life_cycle aggregated background activities,CTUh,b218f58d-0af0-5d96-b46a-44b28bc1470c,4.3133608125158225e-07,6,High-purity gallium refining,6N_Ga,TRACI2.1 characterized inventory,Human Toxicity: Non-Carcinogenic,per kg topology production output; total_life_cycle characterized inventory from LiAISON patch-v2,46,6
High-purity gallium refining__6N_Ga,CN,Nitrogen oxides (maximum incremental reactivity (MIR)),characterized inventory / maximum incremental reactivity (MIR),total_life_cycle aggregated background activities,kg O3-Eq,0c9a3eff-a9e2-5e5d-850b-3325ab11e8b7,0.02117516736145883,25,High-purity gallium refining,6N_Ga,TRACI2.1 characterized inventory,Maximum Incremental Reactivity (Mir),per kg topology production output; total_life_cycle characterized inventory from LiAISON patch-v2,200,17
High-purity gallium refining__6N_Ga,CN,"Ethane, 1,1,2-trichloro-1,2,2-trifluoro-, CFC-113 (ozone depletion potential (ODP))",characterized inventory / ozone depletion potential (ODP),total_life_cycle aggregated background activities,kg CFC-11-Eq,2a3db385-8ef2-5ec7-be9c-d01b7b7a385b,4.9603335565165226e-08,13,High-purity gallium refining,6N_Ga,TRACI2.1 characterized inventory,Ozone Depletion Potential (Odp),per kg topology production output; total_life_cycle characterized inventory from LiAISON patch-v2,85,11
High-purity gallium refining__6N_Ga,CN,"Methane, monochloro-, R-40 (ozone depletion potential (ODP))",characterized inventory / ozone depletion potential (ODP),total_life_cycle aggregated background activities,kg CFC-11-Eq,464798f1-5829-590f-93b5-21ab79e3109f,2.932570462908123e-11,7,High-purity gallium refining,6N_Ga,TRACI2.1 characterized inventory,Ozone Depletion Potential (Odp),per kg topology production output; total_life_cycle characterized inventory from LiAISON patch-v2,69,4
High-purity gallium refining__6N_Ga,CN,"Methane, tetrachloro-, R-10 (ozone depletion potential (ODP))",characterized inventory / ozone depletion potential (ODP),total_life_cycle aggregated background activities,kg CFC-11-Eq,010e5f3a-3abb-5632-8e5f-5a71222078ea,6.319556273330152e-11,7,High-purity gallium refining,6N_Ga,TRACI2.1 characterized inventory,Ozone Depletion Potential (Odp),per kg topology production output; total_life_cycle characterized inventory from LiAISON patch-v2,46,7
High-purity gallium refining__6N_Ga,CN,"Particulate Matter, > 2.5 um and < 10um (particulate matter formation potential (PMFP))",characterized inventory / particulate matter formation potential (PMFP),total_life_cycle aggregated background activities,PM2.5-Eq,628d0933-7265-5643-968c-fc3b8d272f82,0.0004070679636865639,38,High-purity gallium refining,6N_Ga,TRACI2.1 characterized inventory,Particulate Matter Formation Potential (Pmfp),per kg topology production output; total_life_cycle characterized inventory from LiAISON patch-v2,200,26
High-purity gallium refining__6N_Ga,JP,Nitrogen oxides (acidification potential (AP)),characterized inventory / acidification potential (AP),total_life_cycle aggregated background activities,kg SO2-Eq,3bacc9ef-4cbc-5d65-9824-9ed63f9caacc,0.0017462053137866594,49,High-purity gallium refining,6N_Ga,TRACI2.1 characterized inventory,Acidification Potential (Ap),per kg topology production output; total_life_cycle characterized inventory from LiAISON patch-v2,200,32
High-purity gallium refining__6N_Ga,JP,"1,2-Dichlorobenzene (ecotoxicity: freshwater)",characterized inventory / ecotoxicity: freshwater,total_life_cycle aggregated background activities,CTUe,46e0e626-c546-5255-999e-ec707eee4770,0.5468318594021738,7,High-purity gallium refining,6N_Ga,TRACI2.1 characterized inventory,Ecotoxicity: Freshwater,per kg topology production output; total_life_cycle characterized inventory from LiAISON patch-v2,94,7
High-purity gallium refining__6N_Ga,JP,Iprodione (ecotoxicity: freshwater),characterized inventory / ecotoxicity: freshwater,total_life_cycle aggregated background activities,CTUe,0932e155-8a11-50cc-bee1-dc26a6eb5de5,13.144788428254214,4,High-purity gallium refining,6N_Ga,TRACI2.1 characterized inventory,Ecotoxicity: Freshwater,per kg topology production output; total_life_cycle characterized inventory from LiAISON patch-v2,46,4
High-purity gallium refining__6N_Ga,JP,Nitrogen dioxide (ecotoxicity: freshwater),characterized inventory / ecotoxicity: freshwater,total_life_cycle aggregated background activities,CTUe,8f99d4e3-b43e-5670-aafc-80898ece4d03,1.2153513327226235,6,High-purity gallium refining,6N_Ga,TRACI2.1 characterized inventory,Ecotoxicity: Freshwater,per kg topology production output; total_life_cycle characterized inventory from LiAISON patch-v2,60,5
High-purity gallium refining__6N_Ga,JP,Nitrogen oxides (eutrophication potential),characterized inventory / eutrophication potential,total_life_cycle aggregated background activities,kg N-Eq,391e5081-10a6-552b-9e42-ba9effd7e107,0.004485420860405615,43,High-purity gallium refining,6N_Ga,TRACI2.1 characterized inventory,Eutrophication Potential,per kg topology production output; total_life_cycle characterized inventory from LiAISON patch-v2,200,28
High-purity gallium refining__6N_Ga,JP,Dinitrogen monoxide (global warming potential (GWP100)),characterized inventory / global warming potential (GWP100),total_life_cycle aggregated background activities,kg CO2-Eq,d8c89e75-dde9-54ea-835b-4e49ac133db8,0.3367955120494888,43,High-purity gallium refining,6N_Ga,TRACI2.1 characterized inventory,Global Warming Potential (Gwp100),per kg topology production output; total_life_cycle characterized inventory from LiAISON patch-v2,200,38
High-purity gallium refining__6N_Ga,JP,Arsenic ion (human toxicity: carcinogenic),characterized inventory / human toxicity: carcinogenic,total_life_cycle aggregated background activities,CTUh,6b2f5be1-a846-536f-adbb-9b93984f6855,1.4179966344117164e-07,18,High-purity gallium refining,6N_Ga,TRACI2.1 characterized inventory,Human Toxicity: Carcinogenic,per kg topology production output; total_life_cycle characterized inventory from LiAISON patch-v2,200,13
High-purity gallium refining__6N_Ga,JP,"1,2-Dichlorobenzene (human toxicity: non-carcinogenic)",characterized inventory / human toxicity: non-carcinogenic,total_life_cycle aggregated background activities,CTUh,f1a81c32-f1ef-5b2a-b733-b18c120df3f1,3.915956021998363e-08,10,High-purity gallium refining,6N_Ga,TRACI2.1 characterized inventory,Human Toxicity: Non-Carcinogenic,per kg topology production output; total_life_cycle characterized inventory from LiAISON patch-v2,123,7
High-purity gallium refining__6N_Ga,JP,Imidacloprid (human toxicity: non-carcinogenic),characterized inventory / human toxicity: non-carcinogenic,total_life_cycle aggregated background activities,CTUh,2a6e0dcf-a7d8-54b5-8ac3-2c37d10785cb,3.789194673886968e-09,4,High-purity gallium refining,6N_Ga,TRACI2.1 characterized inventory,Human Toxicity: Non-Carcinogenic,per kg topology production output; total_life_cycle characterized inventory from LiAISON patch-v2,31,4
High-purity gallium refining__6N_Ga,JP,Iprodione (human toxicity: non-carcinogenic),characterized inventory / human toxicity: non-carcinogenic,total_life_cycle aggregated background activities,CTUh,6b653557-aa0e-54e9-9e24-f162f696eb52,4.2799861590635397e-07,6,High-purity gallium refining,6N_Ga,TRACI2.1 characterized inventory,Human Toxicity: Non-Carcinogenic,per kg topology production output; total_life_cycle characterized inventory from LiAISON patch-v2,46,6
High-purity gallium refining__6N_Ga,JP,Nitrogen oxides (maximum incremental reactivity (MIR)),characterized inventory / maximum incremental reactivity (MIR),total_life_cycle aggregated background activities,kg O3-Eq,0910d5d5-b02f-5d59-b3a1-19d6b28d386c,0.018904296742085724,25,High-purity gallium refining,6N_Ga,TRACI2.1 characterized inventory,Maximum Incremental Reactivity (Mir),per kg topology production output; total_life_cycle characterized inventory from LiAISON patch-v2,200,17
High-purity gallium refining__6N_Ga,JP,"Ethane, 1,1,2-trichloro-1,2,2-trifluoro-, CFC-113 (ozone depletion potential (ODP))",characterized inventory / ozone depletion potential (ODP),total_life_cycle aggregated background activities,kg CFC-11-Eq,56b22fbc-2c7e-5bba-9e31-de23fd955a45,5.011877678406089e-08,13,High-purity gallium refining,6N_Ga,TRACI2.1 characterized inventory,Ozone Depletion Potential (Odp),per kg topology production output; total_life_cycle characterized inventory from LiAISON patch-v2,85,11
High-purity gallium refining__6N_Ga,JP,"Methane, monochloro-, R-40 (ozone depletion potential (ODP))",characterized inventory / ozone depletion potential (ODP),total_life_cycle aggregated background activities,kg CFC-11-Eq,b72707bb-0b50-5aaa-b82b-481cf067d5df,2.207149361945024e-11,7,High-purity gallium refining,6N_Ga,TRACI2.1 characterized inventory,Ozone Depletion Potential (Odp),per kg topology production output; total_life_cycle characterized inventory from LiAISON patch-v2,69,4
High-purity gallium refining__6N_Ga,JP,"Methane, tetrachloro-, R-10 (ozone depletion potential (ODP))",characterized inventory / ozone depletion potential (ODP),total_life_cycle aggregated background activities,kg CFC-11-Eq,2ab9a0fb-4f2b-5f15-a1eb-6286672c4d5e,4.6103697832398774e-11,7,High-purity gallium refining,6N_Ga,TRACI2.1 characterized inventory,Ozone Depletion Potential (Odp),per kg topology production output; total_life_cycle characterized inventory from LiAISON patch-v2,46,7
High-purity gallium refining__6N_Ga,JP,"Particulate Matter, > 2.5 um and < 10um (particulate matter formation potential (PMFP))",characterized inventory / particulate matter formation potential (PMFP),total_life_cycle aggregated background activities,PM2.5-Eq,df209d8a-a8bb-511e-ac39-e16a2db8b96a,0.00037982581959841797,38,High-purity gallium refining,6N_Ga,TRACI2.1 characterized inventory,Particulate Matter Formation Potential (Pmfp),per kg topology production output; total_life_cycle characterized inventory from LiAISON patch-v2,200,26
High-purity gallium refining__6N_Ga,US,Nitrogen oxides (acidification potential (AP)),characterized inventory / acidification potential (AP),total_life_cycle aggregated background activities,kg SO2-Eq,77bab19d-ec3c-5f63-a3b1-1d6920554bfd,0.0016711845753910636,49,High-purity gallium refining,6N_Ga,TRACI2.1 characterized inventory,Acidification Potential (Ap),per kg topology production output; total_life_cycle characterized inventory from LiAISON patch-v2,200,32
High-purity gallium refining__6N_Ga,US,"1,2-Dichlorobenzene (ecotoxicity: freshwater)",characterized inventory / ecotoxicity: freshwater,total_life_cycle aggregated background activities,CTUe,f739a954-507e-5453-98fb-d43a8cef4bff,0.5489913320834434,7,High-purity gallium refining,6N_Ga,TRACI2.1 characterized inventory,Ecotoxicity: Freshwater,per kg topology production output; total_life_cycle characterized inventory from LiAISON patch-v2,94,7
High-purity gallium refining__6N_Ga,US,Iprodione (ecotoxicity: freshwater),characterized inventory / ecotoxicity: freshwater,total_life_cycle aggregated background activities,CTUe,c586be4e-17f7-5210-af1f-08001d38d42f,13.190240920739987,4,High-purity gallium refining,6N_Ga,TRACI2.1 characterized inventory,Ecotoxicity: Freshwater,per kg topology production output; total_life_cycle characterized inventory from LiAISON patch-v2,46,4
High-purity gallium refining__6N_Ga,US,Nitrogen dioxide (ecotoxicity: freshwater),characterized inventory / ecotoxicity: freshwater,total_life_cycle aggregated background activities,CTUe,a0cc92d2-5164-5f97-9be3-77efe12dffa6,1.2342356064263726,6,High-purity gallium refining,6N_Ga,TRACI2.1 characterized inventory,Ecotoxicity: Freshwater,per kg topology production output; total_life_cycle characterized inventory from LiAISON patch-v2,60,5
High-purity gallium refining__6N_Ga,US,Nitrogen oxides (eutrophication potential),characterized inventory / eutrophication potential,total_life_cycle aggregated background activities,kg N-Eq,5ec71432-585a-5ec3-9247-db8db7350a1a,0.004579863098335476,43,High-purity gallium refining,6N_Ga,TRACI2.1 characterized inventory,Eutrophication Potential,per kg topology production output; total_life_cycle characterized inventory from LiAISON patch-v2,200,28
High-purity gallium refining__6N_Ga,US,Dinitrogen monoxide (global warming potential (GWP100)),characterized inventory / global warming potential (GWP100),total_life_cycle aggregated background activities,kg CO2-Eq,cf6a9935-176f-54df-a127-878eff1d65a0,0.3279312452616593,43,High-purity gallium refining,6N_Ga,TRACI2.1 characterized inventory,Global Warming Potential (Gwp100),per kg topology production output; total_life_cycle characterized inventory from LiAISON patch-v2,200,38
High-purity gallium refining__6N_Ga,US,Arsenic ion (human toxicity: carcinogenic),characterized inventory / human toxicity: carcinogenic,total_life_cycle aggregated background activities,CTUh,e436be7c-2d59-56f4-ae3b-e4fffef562e4,1.4239736839891005e-07,18,High-purity gallium refining,6N_Ga,TRACI2.1 characterized inventory,Human Toxicity: Carcinogenic,per kg topology production output; total_life_cycle characterized inventory from LiAISON patch-v2,200,13
High-purity gallium refining__6N_Ga,US,"1,2-Dichlorobenzene (human toxicity: non-carcinogenic)",characterized inventory / human toxicity: non-carcinogenic,total_life_cycle aggregated background activities,CTUh,1d2692fe-f1d3-5aa4-99df-9a474e567607,3.876318548584094e-08,10,High-purity gallium refining,6N_Ga,TRACI2.1 characterized inventory,Human Toxicity: Non-Carcinogenic,per kg topology production output; total_life_cycle characterized inventory from LiAISON patch-v2,123,7
High-purity gallium refining__6N_Ga,US,Imidacloprid (human toxicity: non-carcinogenic),characterized inventory / human toxicity: non-carcinogenic,total_life_cycle aggregated background activities,CTUh,feb07b20-ab01-5b86-8392-2fa38c3f8023,4.05778965016978e-09,4,High-purity gallium refining,6N_Ga,TRACI2.1 characterized inventory,Human Toxicity: Non-Carcinogenic,per kg topology production output; total_life_cycle characterized inventory from LiAISON patch-v2,31,4
High-purity gallium refining__6N_Ga,US,Iprodione (human toxicity: non-carcinogenic),characterized inventory / human toxicity: non-carcinogenic,total_life_cycle aggregated background activities,CTUh,b923b813-2672-5a2e-bfc4-74e03d5058fd,4.3034469337004504e-07,6,High-purity gallium refining,6N_Ga,TRACI2.1 characterized inventory,Human Toxicity: Non-Carcinogenic,per kg topology production output; total_life_cycle characterized inventory from LiAISON patch-v2,46,6
High-purity gallium refining__6N_Ga,US,Nitrogen oxides (maximum incremental reactivity (MIR)),characterized inventory / maximum incremental reactivity (MIR),total_life_cycle aggregated background activities,kg O3-Eq,62a2570a-6d4a-5574-843f-c6f83a5d644a,0.017977043023685017,25,High-purity gallium refining,6N_Ga,TRACI2.1 characterized inventory,Maximum Incremental Reactivity (Mir),per kg topology production output; total_life_cycle characterized inventory from LiAISON patch-v2,200,17
High-purity gallium refining__6N_Ga,US,"Ethane, 1,1,2-trichloro-1,2,2-trifluoro-, CFC-113 (ozone depletion potential (ODP))",characterized inventory / ozone depletion potential (ODP),total_life_cycle aggregated background activities,kg CFC-11-Eq,74f286f2-0cf8-58a8-8ed7-e872d782fe01,5.092181429435538e-08,13,High-purity gallium refining,6N_Ga,TRACI2.1 characterized inventory,Ozone Depletion Potential (Odp),per kg topology production output; total_life_cycle characterized inventory from LiAISON patch-v2,85,11
High-purity gallium refining__6N_Ga,US,"Methane, monochloro-, R-40 (ozone depletion potential (ODP))",characterized inventory / ozone depletion potential (ODP),total_life_cycle aggregated background activities,kg CFC-11-Eq,c841d0e1-e4ed-5ad2-a70e-4952f8e31fa9,2.2363108212435538e-11,7,High-purity gallium refining,6N_Ga,TRACI2.1 characterized inventory,Ozone Depletion Potential (Odp),per kg topology production output; total_life_cycle characterized inventory from LiAISON patch-v2,69,4
High-purity gallium refining__6N_Ga,US,"Methane, tetrachloro-, R-10 (ozone depletion potential (ODP))",characterized inventory / ozone depletion potential (ODP),total_life_cycle aggregated background activities,kg CFC-11-Eq,6d7eaaa5-b5c6-5690-847b-93cc5c391517,4.6919190676172396e-11,7,High-purity gallium refining,6N_Ga,TRACI2.1 characterized inventory,Ozone Depletion Potential (Odp),per kg topology production output; total_life_cycle characterized inventory from LiAISON patch-v2,46,7
High-purity gallium refining__6N_Ga,US,"Particulate Matter, > 2.5 um and < 10um (particulate matter formation potential (PMFP))",characterized inventory / particulate matter formation potential (PMFP),total_life_cycle aggregated background activities,PM2.5-Eq,f254235b-c3dc-5630-978a-4edaa4fa8e8e,0.0004233289341716589,38,High-purity gallium refining,6N_Ga,TRACI2.1 characterized inventory,Particulate Matter Formation Potential (Pmfp),per kg topology production output; total_life_cycle characterized inventory from LiAISON patch-v2,200,26
TMG synthesis__TMG,CN,Nitrogen oxides (acidification potential (AP)),characterized inventory / acidification potential (AP),total_life_cycle aggregated background activities,kg SO2-Eq,1011a528-e59c-5f3e-adeb-fe2fa2e60128,0.08868925279534337,49,TMG synthesis,TMG,TRACI2.1 characterized inventory,Acidification Potential (Ap),per kg topology production output; total_life_cycle characterized inventory from LiAISON patch-v2,200,32
TMG synthesis__TMG,CN,"1,2-Dichlorobenzene (ecotoxicity: freshwater)",characterized inventory / ecotoxicity: freshwater,total_life_cycle aggregated background activities,CTUe,61ea3052-1eda-54b8-a1f4-5e4e0fb73f12,13.397321865850307,7,TMG synthesis,TMG,TRACI2.1 characterized inventory,Ecotoxicity: Freshwater,per kg topology production output; total_life_cycle characterized inventory from LiAISON patch-v2,94,7
TMG synthesis__TMG,CN,Iprodione (ecotoxicity: freshwater),characterized inventory / ecotoxicity: freshwater,total_life_cycle aggregated background activities,CTUe,0ddb6e16-123d-50f5-9726-83c87dbe7a7a,269.0462638575325,4,TMG synthesis,TMG,TRACI2.1 characterized inventory,Ecotoxicity: Freshwater,per kg topology production output; total_life_cycle characterized inventory from LiAISON patch-v2,46,4
TMG synthesis__TMG,CN,Nitrogen dioxide (ecotoxicity: freshwater),characterized inventory / ecotoxicity: freshwater,total_life_cycle aggregated background activities,CTUe,4b148d60-5908-5e0a-9aba-21417fbce861,31.43105057682678,6,TMG synthesis,TMG,TRACI2.1 characterized inventory,Ecotoxicity: Freshwater,per kg topology production output; total_life_cycle characterized inventory from LiAISON patch-v2,60,5
TMG synthesis__TMG,CN,Nitrogen oxides (eutrophication potential),characterized inventory / eutrophication potential,total_life_cycle aggregated background activities,kg N-Eq,3af1fe26-891c-5bb1-9612-955718858e6b,0.09195671790098205,43,TMG synthesis,TMG,TRACI2.1 characterized inventory,Eutrophication Potential,per kg topology production output; total_life_cycle characterized inventory from LiAISON patch-v2,200,28
TMG synthesis__TMG,CN,Dinitrogen monoxide (global warming potential (GWP100)),characterized inventory / global warming potential (GWP100),total_life_cycle aggregated background activities,kg CO2-Eq,68a61b68-45c4-5303-a613-14e6c13e3877,35.79466099138014,43,TMG synthesis,TMG,TRACI2.1 characterized inventory,Global Warming Potential (Gwp100),per kg topology production output; total_life_cycle characterized inventory from LiAISON patch-v2,200,38
TMG synthesis__TMG,CN,Arsenic ion (human toxicity: carcinogenic),characterized inventory / human toxicity: carcinogenic,total_life_cycle aggregated background activities,CTUh,e0466313-f2c8-5cad-b05f-3faf5de0f431,4.071807169321994e-06,18,TMG synthesis,TMG,TRACI2.1 characterized inventory,Human Toxicity: Carcinogenic,per kg topology production output; total_life_cycle characterized inventory from LiAISON patch-v2,200,13
TMG synthesis__TMG,CN,"1,2-Dichlorobenzene (human toxicity: non-carcinogenic)",characterized inventory / human toxicity: non-carcinogenic,total_life_cycle aggregated background activities,CTUh,fdb7363a-1a6d-580c-902b-6a91b6710642,8.361549294858644e-07,10,TMG synthesis,TMG,TRACI2.1 characterized inventory,Human Toxicity: Non-Carcinogenic,per kg topology production output; total_life_cycle characterized inventory from LiAISON patch-v2,123,7
TMG synthesis__TMG,CN,Imidacloprid (human toxicity: non-carcinogenic),characterized inventory / human toxicity: non-carcinogenic,total_life_cycle aggregated background activities,CTUh,6ed62e88-1739-5d7a-a89c-248736ffd986,7.904649919206771e-08,4,TMG synthesis,TMG,TRACI2.1 characterized inventory,Human Toxicity: Non-Carcinogenic,per kg topology production output; total_life_cycle characterized inventory from LiAISON patch-v2,31,4
TMG synthesis__TMG,CN,Iprodione (human toxicity: non-carcinogenic),characterized inventory / human toxicity: non-carcinogenic,total_life_cycle aggregated background activities,CTUh,35f95cc3-12a1-5ba0-b165-125ccd7b4764,3.925294203960095e-06,6,TMG synthesis,TMG,TRACI2.1 characterized inventory,Human Toxicity: Non-Carcinogenic,per kg topology production output; total_life_cycle characterized inventory from LiAISON patch-v2,46,6
TMG synthesis__TMG,CN,Nitrogen oxides (maximum incremental reactivity (MIR)),characterized inventory / maximum incremental reactivity (MIR),total_life_cycle aggregated background activities,kg O3-Eq,0923d769-b5dd-54aa-b780-59ea17c7e3ed,1.3158219479252156,25,TMG synthesis,TMG,TRACI2.1 characterized inventory,Maximum Incremental Reactivity (Mir),per kg topology production output; total_life_cycle characterized inventory from LiAISON patch-v2,200,17
TMG synthesis__TMG,CN,"Ethane, 1,1,2-trichloro-1,2,2-trifluoro-, CFC-113 (ozone depletion potential (ODP))",characterized inventory / ozone depletion potential (ODP),total_life_cycle aggregated background activities,kg CFC-11-Eq,c2a15610-c4eb-5f5a-ab93-01f719cd5e20,4.475287665961628e-06,13,TMG synthesis,TMG,TRACI2.1 characterized inventory,Ozone Depletion Potential (Odp),per kg topology production output; total_life_cycle characterized inventory from LiAISON patch-v2,85,11
TMG synthesis__TMG,CN,"Methane, monochloro-, R-40 (ozone depletion potential (ODP))",characterized inventory / ozone depletion potential (ODP),total_life_cycle aggregated background activities,kg CFC-11-Eq,f74bf1ba-020a-5909-9bae-f032c9ea8436,1.2174430366258765e-09,7,TMG synthesis,TMG,TRACI2.1 characterized inventory,Ozone Depletion Potential (Odp),per kg topology production output; total_life_cycle characterized inventory from LiAISON patch-v2,69,4
TMG synthesis__TMG,CN,"Methane, tetrachloro-, R-10 (ozone depletion potential (ODP))",characterized inventory / ozone depletion potential (ODP),total_life_cycle aggregated background activities,kg CFC-11-Eq,6b170557-f90d-5b2e-a345-ea27b0059f29,2.3947826213534995e-09,7,TMG synthesis,TMG,TRACI2.1 characterized inventory,Ozone Depletion Potential (Odp),per kg topology production output; total_life_cycle characterized inventory from LiAISON patch-v2,46,7
TMG synthesis__TMG,CN,"Particulate Matter, > 2.5 um and < 10um (particulate matter formation potential (PMFP))",characterized inventory / particulate matter formation potential (PMFP),total_life_cycle aggregated background activities,PM2.5-Eq,19143feb-9558-50b1-a544-918dd43ec673,0.01529109714169401,38,TMG synthesis,TMG,TRACI2.1 characterized inventory,Particulate Matter Formation Potential (Pmfp),per kg topology production output; total_life_cycle characterized inventory from LiAISON patch-v2,200,26
TMG synthesis__TMG,JP,Nitrogen oxides (acidification potential (AP)),characterized inventory / acidification potential (AP),total_life_cycle aggregated background activities,kg SO2-Eq,65c986ed-6417-5452-a2e0-3153328d9014,0.08728510862010011,49,TMG synthesis,TMG,TRACI2.1 characterized inventory,Acidification Potential (Ap),per kg topology production output; total_life_cycle characterized inventory from LiAISON patch-v2,200,32
TMG synthesis__TMG,JP,"1,2-Dichlorobenzene (ecotoxicity: freshwater)",characterized inventory / ecotoxicity: freshwater,total_life_cycle aggregated background activities,CTUe,18e51da5-1a93-5625-95ae-a93019dcca64,13.359603765017889,7,TMG synthesis,TMG,TRACI2.1 characterized inventory,Ecotoxicity: Freshwater,per kg topology production output; total_life_cycle characterized inventory from LiAISON patch-v2,94,7
TMG synthesis__TMG,JP,Iprodione (ecotoxicity: freshwater),characterized inventory / ecotoxicity: freshwater,total_life_cycle aggregated background activities,CTUe,500c1bc9-b368-514a-bafc-3df85ce5525a,268.4470526963917,4,TMG synthesis,TMG,TRACI2.1 characterized inventory,Ecotoxicity: Freshwater,per kg topology production output; total_life_cycle characterized inventory from LiAISON patch-v2,46,4
TMG synthesis__TMG,JP,Nitrogen dioxide (ecotoxicity: freshwater),characterized inventory / ecotoxicity: freshwater,total_life_cycle aggregated background activities,CTUe,295483ef-2c23-5a7d-9048-d021a72dc27d,31.31117407170153,6,TMG synthesis,TMG,TRACI2.1 characterized inventory,Ecotoxicity: Freshwater,per kg topology production output; total_life_cycle characterized inventory from LiAISON patch-v2,60,5
TMG synthesis__TMG,JP,Nitrogen oxides (eutrophication potential),characterized inventory / eutrophication potential,total_life_cycle aggregated background activities,kg N-Eq,6a4485f1-67a4-513f-85bc-c707c1693c93,0.09158236843087182,43,TMG synthesis,TMG,TRACI2.1 characterized inventory,Eutrophication Potential,per kg topology production output; total_life_cycle characterized inventory from LiAISON patch-v2,200,28
TMG synthesis__TMG,JP,Dinitrogen monoxide (global warming potential (GWP100)),characterized inventory / global warming potential (GWP100),total_life_cycle aggregated background activities,kg CO2-Eq,43bd702d-173a-5d56-9923-461216c54952,35.49472566554162,43,TMG synthesis,TMG,TRACI2.1 characterized inventory,Global Warming Potential (Gwp100),per kg topology production output; total_life_cycle characterized inventory from LiAISON patch-v2,200,38
TMG synthesis__TMG,JP,Arsenic ion (human toxicity: carcinogenic),characterized inventory / human toxicity: carcinogenic,total_life_cycle aggregated background activities,CTUh,9bf945ce-511a-5b8c-a7e5-6277e07522d9,4.054474335258876e-06,18,TMG synthesis,TMG,TRACI2.1 characterized inventory,Human Toxicity: Carcinogenic,per kg topology production output; total_life_cycle characterized inventory from LiAISON patch-v2,200,13
TMG synthesis__TMG,JP,"1,2-Dichlorobenzene (human toxicity: non-carcinogenic)",characterized inventory / human toxicity: non-carcinogenic,total_life_cycle aggregated background activities,CTUh,06c6946d-190d-5a5f-b78d-f38808c7e0f6,8.357014431979484e-07,10,TMG synthesis,TMG,TRACI2.1 characterized inventory,Human Toxicity: Non-Carcinogenic,per kg topology production output; total_life_cycle characterized inventory from LiAISON patch-v2,123,7
TMG synthesis__TMG,JP,Imidacloprid (human toxicity: non-carcinogenic),characterized inventory / human toxicity: non-carcinogenic,total_life_cycle aggregated background activities,CTUh,95c52154-7f93-5484-bc39-8a98e68deeeb,7.716256441193742e-08,4,TMG synthesis,TMG,TRACI2.1 characterized inventory,Human Toxicity: Non-Carcinogenic,per kg topology production output; total_life_cycle characterized inventory from LiAISON patch-v2,31,4
TMG synthesis__TMG,JP,Iprodione (human toxicity: non-carcinogenic),characterized inventory / human toxicity: non-carcinogenic,total_life_cycle aggregated background activities,CTUh,f6bf3a8d-5397-5a8d-944c-7dadb009aa9e,3.883664273023354e-06,6,TMG synthesis,TMG,TRACI2.1 characterized inventory,Human Toxicity: Non-Carcinogenic,per kg topology production output; total_life_cycle characterized inventory from LiAISON patch-v2,46,6
TMG synthesis__TMG,JP,Nitrogen oxides (maximum incremental reactivity (MIR)),characterized inventory / maximum incremental reactivity (MIR),total_life_cycle aggregated background activities,kg O3-Eq,34e843e3-1a50-59ba-b8d6-10f27e5b78cc,1.2813198435048219,25,TMG synthesis,TMG,TRACI2.1 characterized inventory,Maximum Incremental Reactivity (Mir),per kg topology production output; total_life_cycle characterized inventory from LiAISON patch-v2,200,17
TMG synthesis__TMG,JP,"Ethane, 1,1,2-trichloro-1,2,2-trifluoro-, CFC-113 (ozone depletion potential (ODP))",characterized inventory / ozone depletion potential (ODP),total_life_cycle aggregated background activities,kg CFC-11-Eq,3f170024-494c-54b4-89a6-78bc8806b8ed,4.482030468234308e-06,13,TMG synthesis,TMG,TRACI2.1 characterized inventory,Ozone Depletion Potential (Odp),per kg topology production output; total_life_cycle characterized inventory from LiAISON patch-v2,85,11
TMG synthesis__TMG,JP,"Methane, monochloro-, R-40 (ozone depletion potential (ODP))",characterized inventory / ozone depletion potential (ODP),total_life_cycle aggregated background activities,kg CFC-11-Eq,d7134a36-7871-5b9f-9967-845d3ff79741,1.1394874882806777e-09,7,TMG synthesis,TMG,TRACI2.1 characterized inventory,Ozone Depletion Potential (Odp),per kg topology production output; total_life_cycle characterized inventory from LiAISON patch-v2,69,4
TMG synthesis__TMG,JP,"Methane, tetrachloro-, R-10 (ozone depletion potential (ODP))",characterized inventory / ozone depletion potential (ODP),total_life_cycle aggregated background activities,kg CFC-11-Eq,01f83928-bbd4-57b6-8be5-ef2eff8edf39,2.1963347716913767e-09,7,TMG synthesis,TMG,TRACI2.1 characterized inventory,Ozone Depletion Potential (Odp),per kg topology production output; total_life_cycle characterized inventory from LiAISON patch-v2,46,7
TMG synthesis__TMG,JP,"Particulate Matter, > 2.5 um and < 10um (particulate matter formation potential (PMFP))",characterized inventory / particulate matter formation potential (PMFP),total_life_cycle aggregated background activities,PM2.5-Eq,1f1e6a8a-dfa3-5601-94dd-1ce12d21d8e1,0.01490582504966216,38,TMG synthesis,TMG,TRACI2.1 characterized inventory,Particulate Matter Formation Potential (Pmfp),per kg topology production output; total_life_cycle characterized inventory from LiAISON patch-v2,200,26
TMG synthesis__TMG,KR,Nitrogen oxides (acidification potential (AP)),characterized inventory / acidification potential (AP),total_life_cycle aggregated background activities,kg SO2-Eq,4df9dde7-5d14-5d73-b4d5-cf3b4e750a6e,0.0867988295311335,49,TMG synthesis,TMG,TRACI2.1 characterized inventory,Acidification Potential (Ap),per kg topology production output; total_life_cycle characterized inventory from LiAISON patch-v2,200,32
TMG synthesis__TMG,KR,"1,2-Dichlorobenzene (ecotoxicity: freshwater)",characterized inventory / ecotoxicity: freshwater,total_life_cycle aggregated background activities,CTUe,c4ce8dc0-0425-5418-92d5-744af3af95cb,13.426291893555682,7,TMG synthesis,TMG,TRACI2.1 characterized inventory,Ecotoxicity: Freshwater,per kg topology production output; total_life_cycle characterized inventory from LiAISON patch-v2,94,7
TMG synthesis__TMG,KR,Iprodione (ecotoxicity: freshwater),characterized inventory / ecotoxicity: freshwater,total_life_cycle aggregated background activities,CTUe,e409f78e-da35-524d-93c2-e872b3f132af,269.48603411942656,4,TMG synthesis,TMG,TRACI2.1 characterized inventory,Ecotoxicity: Freshwater,per kg topology production output; total_life_cycle characterized inventory from LiAISON patch-v2,46,4
TMG synthesis__TMG,KR,Nitrogen dioxide (ecotoxicity: freshwater),characterized inventory / ecotoxicity: freshwater,total_life_cycle aggregated background activities,CTUe,6bee9ec5-7bc2-56d2-a3d9-52fcbd30734a,31.463326582005283,6,TMG synthesis,TMG,TRACI2.1 characterized inventory,Ecotoxicity: Freshwater,per kg topology production output; total_life_cycle characterized inventory from LiAISON patch-v2,60,5
TMG synthesis__TMG,KR,Nitrogen oxides (eutrophication potential),characterized inventory / eutrophication potential,total_life_cycle aggregated background activities,kg N-Eq,d24ae197-c8ec-59e5-918e-3edf2c54df47,0.09360240227379925,43,TMG synthesis,TMG,TRACI2.1 characterized inventory,Eutrophication Potential,per kg topology production output; total_life_cycle characterized inventory from LiAISON patch-v2,200,28
TMG synthesis__TMG,KR,Dinitrogen monoxide (global warming potential (GWP100)),characterized inventory / global warming potential (GWP100),total_life_cycle aggregated background activities,kg CO2-Eq,ccdd305d-1824-57ee-a01b-a346367680cb,35.51112369031794,43,TMG synthesis,TMG,TRACI2.1 characterized inventory,Global Warming Potential (Gwp100),per kg topology production output; total_life_cycle characterized inventory from LiAISON patch-v2,200,38
TMG synthesis__TMG,KR,Arsenic ion (human toxicity: carcinogenic),characterized inventory / human toxicity: carcinogenic,total_life_cycle aggregated background activities,CTUh,d5b4dfe5-6755-5ccf-8a5a-ad338317a912,4.075901961727942e-06,18,TMG synthesis,TMG,TRACI2.1 characterized inventory,Human Toxicity: Carcinogenic,per kg topology production output; total_life_cycle characterized inventory from LiAISON patch-v2,200,13
TMG synthesis__TMG,KR,"1,2-Dichlorobenzene (human toxicity: non-carcinogenic)",characterized inventory / human toxicity: non-carcinogenic,total_life_cycle aggregated background activities,CTUh,97c667aa-484d-5516-a783-99da5b7a0ec2,8.347793343751673e-07,10,TMG synthesis,TMG,TRACI2.1 characterized inventory,Human Toxicity: Non-Carcinogenic,per kg topology production output; total_life_cycle characterized inventory from LiAISON patch-v2,123,7
TMG synthesis__TMG,KR,Imidacloprid (human toxicity: non-carcinogenic),characterized inventory / human toxicity: non-carcinogenic,total_life_cycle aggregated background activities,CTUh,ce1a6609-1385-5f9c-a329-8085f6636ab4,7.862813002664665e-08,4,TMG synthesis,TMG,TRACI2.1 characterized inventory,Human Toxicity: Non-Carcinogenic,per kg topology production output; total_life_cycle characterized inventory from LiAISON patch-v2,31,4
TMG synthesis__TMG,KR,Iprodione (human toxicity: non-carcinogenic),characterized inventory / human toxicity: non-carcinogenic,total_life_cycle aggregated background activities,CTUh,61c7b838-946e-5649-92f8-1e4a26310f81,3.950048242547276e-06,6,TMG synthesis,TMG,TRACI2.1 characterized inventory,Human Toxicity: Non-Carcinogenic,per kg topology production output; total_life_cycle characterized inventory from LiAISON patch-v2,46,6
TMG synthesis__TMG,KR,Nitrogen oxides (maximum incremental reactivity (MIR)),characterized inventory / maximum incremental reactivity (MIR),total_life_cycle aggregated background activities,kg O3-Eq,de7e1f83-48e6-5868-ae6b-8dfdc2c39c91,1.2885883441446873,25,TMG synthesis,TMG,TRACI2.1 characterized inventory,Maximum Incremental Reactivity (Mir),per kg topology production output; total_life_cycle characterized inventory from LiAISON patch-v2,200,17
TMG synthesis__TMG,KR,"Ethane, 1,1,2-trichloro-1,2,2-trifluoro-, CFC-113 (ozone depletion potential (ODP))",characterized inventory / ozone depletion potential (ODP),total_life_cycle aggregated background activities,kg CFC-11-Eq,58e66d45-22d9-5fce-84f9-e0f050bbba87,4.487487084609367e-06,13,TMG synthesis,TMG,TRACI2.1 characterized inventory,Ozone Depletion Potential (Odp),per kg topology production output; total_life_cycle characterized inventory from LiAISON patch-v2,85,11
TMG synthesis__TMG,KR,"Methane, monochloro-, R-40 (ozone depletion potential (ODP))",characterized inventory / ozone depletion potential (ODP),total_life_cycle aggregated background activities,kg CFC-11-Eq,11c18d84-0a05-52b5-96b3-12879e9bbe3b,1.124531514693747e-09,7,TMG synthesis,TMG,TRACI2.1 characterized inventory,Ozone Depletion Potential (Odp),per kg topology production output; total_life_cycle characterized inventory from LiAISON patch-v2,69,4
TMG synthesis__TMG,KR,"Methane, tetrachloro-, R-10 (ozone depletion potential (ODP))",characterized inventory / ozone depletion potential (ODP),total_life_cycle aggregated background activities,kg CFC-11-Eq,3c6d383f-5db0-5961-8d6e-eb20a4c58aff,2.2187964715214974e-09,7,TMG synthesis,TMG,TRACI2.1 characterized inventory,Ozone Depletion Potential (Odp),per kg topology production output; total_life_cycle characterized inventory from LiAISON patch-v2,46,7
TMG synthesis__TMG,KR,"Particulate Matter, > 2.5 um and < 10um (particulate matter formation potential (PMFP))",characterized inventory / particulate matter formation potential (PMFP),total_life_cycle aggregated background activities,PM2.5-Eq,3c60db1a-c258-5bd2-9789-3d0e32809414,0.01510394566628052,38,TMG synthesis,TMG,TRACI2.1 characterized inventory,Particulate Matter Formation Potential (Pmfp),per kg topology production output; total_life_cycle characterized inventory from LiAISON patch-v2,200,26
TMG synthesis__TMG,US,Nitrogen oxides (acidification potential (AP)),characterized inventory / acidification potential (AP),total_life_cycle aggregated background activities,kg SO2-Eq,e95b726a-a919-5523-810b-af963d7b92d0,0.08628127278908201,49,TMG synthesis,TMG,TRACI2.1 characterized inventory,Acidification Potential (Ap),per kg topology production output; total_life_cycle characterized inventory from LiAISON patch-v2,200,32
TMG synthesis__TMG,US,"1,2-Dichlorobenzene (ecotoxicity: freshwater)",characterized inventory / ecotoxicity: freshwater,total_life_cycle aggregated background activities,CTUe,44d27668-1bdb-5934-91fd-884d9038e63d,13.41693478024297,7,TMG synthesis,TMG,TRACI2.1 characterized inventory,Ecotoxicity: Freshwater,per kg topology production output; total_life_cycle characterized inventory from LiAISON patch-v2,94,7
TMG synthesis__TMG,US,Iprodione (ecotoxicity: freshwater),characterized inventory / ecotoxicity: freshwater,total_life_cycle aggregated background activities,CTUe,cd51d733-68b8-53fd-91cd-888eac762c72,268.47922616145075,4,TMG synthesis,TMG,TRACI2.1 characterized inventory,Ecotoxicity: Freshwater,per kg topology production output; total_life_cycle characterized inventory from LiAISON patch-v2,46,4
TMG synthesis__TMG,US,Nitrogen dioxide (ecotoxicity: freshwater),characterized inventory / ecotoxicity: freshwater,total_life_cycle aggregated background activities,CTUe,b92f7aba-8104-5e56-bebf-cfbde10ce0eb,31.533169515715553,6,TMG synthesis,TMG,TRACI2.1 characterized inventory,Ecotoxicity: Freshwater,per kg topology production output; total_life_cycle characterized inventory from LiAISON patch-v2,60,5
TMG synthesis__TMG,US,Nitrogen oxides (eutrophication potential),characterized inventory / eutrophication potential,total_life_cycle aggregated background activities,kg N-Eq,e6411950-6cd9-5618-a84f-e529af33ff88,0.09292152950069651,43,TMG synthesis,TMG,TRACI2.1 characterized inventory,Eutrophication Potential,per kg topology production output; total_life_cycle characterized inventory from LiAISON patch-v2,200,28
TMG synthesis__TMG,US,Dinitrogen monoxide (global warming potential (GWP100)),characterized inventory / global warming potential (GWP100),total_life_cycle aggregated background activities,kg CO2-Eq,4b547443-4935-55bf-8c12-8181d6570bb7,35.38761348428505,43,TMG synthesis,TMG,TRACI2.1 characterized inventory,Global Warming Potential (Gwp100),per kg topology production output; total_life_cycle characterized inventory from LiAISON patch-v2,200,38
TMG synthesis__TMG,US,Arsenic ion (human toxicity: carcinogenic),characterized inventory / human toxicity: carcinogenic,total_life_cycle aggregated background activities,CTUh,fc5347f4-6271-581e-a53f-d38c89c11c56,4.0631801344394175e-06,18,TMG synthesis,TMG,TRACI2.1 characterized inventory,Human Toxicity: Carcinogenic,per kg topology production output; total_life_cycle characterized inventory from LiAISON patch-v2,200,13
TMG synthesis__TMG,US,"1,2-Dichlorobenzene (human toxicity: non-carcinogenic)",characterized inventory / human toxicity: non-carcinogenic,total_life_cycle aggregated background activities,CTUh,49bf724e-71cf-5262-90ae-4a303985ec62,8.308621335015858e-07,10,TMG synthesis,TMG,TRACI2.1 characterized inventory,Human Toxicity: Non-Carcinogenic,per kg topology production output; total_life_cycle characterized inventory from LiAISON patch-v2,123,7
TMG synthesis__TMG,US,Imidacloprid (human toxicity: non-carcinogenic),characterized inventory / human toxicity: non-carcinogenic,total_life_cycle aggregated background activities,CTUh,17a12d4f-412e-5939-8ab2-82fb2c7753ac,7.979642363186709e-08,4,TMG synthesis,TMG,TRACI2.1 characterized inventory,Human Toxicity: Non-Carcinogenic,per kg topology production output; total_life_cycle characterized inventory from LiAISON patch-v2,31,4
TMG synthesis__TMG,US,Iprodione (human toxicity: non-carcinogenic),characterized inventory / human toxicity: non-carcinogenic,total_life_cycle aggregated background activities,CTUh,af92c416-124e-5421-ab1a-f83cdd824767,3.915232522648659e-06,6,TMG synthesis,TMG,TRACI2.1 characterized inventory,Human Toxicity: Non-Carcinogenic,per kg topology production output; total_life_cycle characterized inventory from LiAISON patch-v2,46,6
TMG synthesis__TMG,US,Nitrogen oxides (maximum incremental reactivity (MIR)),characterized inventory / maximum incremental reactivity (MIR),total_life_cycle aggregated background activities,kg O3-Eq,e5de2220-7ed4-529a-9df2-a092be79324e,1.269394845389282,25,TMG synthesis,TMG,TRACI2.1 characterized inventory,Maximum Incremental Reactivity (Mir),per kg topology production output; total_life_cycle characterized inventory from LiAISON patch-v2,200,17
TMG synthesis__TMG,US,"Ethane, 1,1,2-trichloro-1,2,2-trifluoro-, CFC-113 (ozone depletion potential (ODP))",characterized inventory / ozone depletion potential (ODP),total_life_cycle aggregated background activities,kg CFC-11-Eq,313663fc-1fd1-54c0-a846-fd3f2cf35eac,4.4933854035709634e-06,13,TMG synthesis,TMG,TRACI2.1 characterized inventory,Ozone Depletion Potential (Odp),per kg topology production output; total_life_cycle characterized inventory from LiAISON patch-v2,85,11
TMG synthesis__TMG,US,"Methane, monochloro-, R-40 (ozone depletion potential (ODP))",characterized inventory / ozone depletion potential (ODP),total_life_cycle aggregated background activities,kg CFC-11-Eq,30713564-0a45-5650-81d0-344315e9af82,1.1219254221497813e-09,7,TMG synthesis,TMG,TRACI2.1 characterized inventory,Ozone Depletion Potential (Odp),per kg topology production output; total_life_cycle characterized inventory from LiAISON patch-v2,69,4
TMG synthesis__TMG,US,"Methane, tetrachloro-, R-10 (ozone depletion potential (ODP))",characterized inventory / ozone depletion potential (ODP),total_life_cycle aggregated background activities,kg CFC-11-Eq,459bf229-d450-53de-a795-ebd53ae894bb,2.2498568301147933e-09,7,TMG synthesis,TMG,TRACI2.1 characterized inventory,Ozone Depletion Potential (Odp),per kg topology production output; total_life_cycle characterized inventory from LiAISON patch-v2,46,7
TMG synthesis__TMG,US,"Particulate Matter, > 2.5 um and < 10um (particulate matter formation potential (PMFP))",characterized inventory / particulate matter formation potential (PMFP),total_life_cycle aggregated background activities,PM2.5-Eq,a75c0335-062c-51b6-a69d-a27f64509f6a,0.015495887849599658,38,TMG synthesis,TMG,TRACI2.1 characterized inventory,Particulate Matter Formation Potential (Pmfp),per kg topology production output; total_life_cycle characterized inventory from LiAISON patch-v2,200,26
Wafer manufacturing__GaAs_wafer,CN,Nitrogen oxides (acidification potential (AP)),characterized inventory / acidification potential (AP),total_life_cycle aggregated background activities,kg SO2-Eq,8273c1c7-44c1-53da-983a-c8233aed0aaf,4.9210025801128,50,Wafer manufacturing,GaAs_wafer,TRACI2.1 characterized inventory,Acidification Potential (Ap),per kg topology production output; total_life_cycle characterized inventory from LiAISON patch-v2,200,32
Wafer manufacturing__GaAs_wafer,CN,"1,2-Dichlorobenzene (ecotoxicity: freshwater)",characterized inventory / ecotoxicity: freshwater,total_life_cycle aggregated background activities,CTUe,275d4111-e810-5e0b-a490-081b0faeab4c,125.35468992252603,7,Wafer manufacturing,GaAs_wafer,TRACI2.1 characterized inventory,Ecotoxicity: Freshwater,per kg topology production output; total_life_cycle characterized inventory from LiAISON patch-v2,94,7
Wafer manufacturing__GaAs_wafer,CN,Iprodione (ecotoxicity: freshwater),characterized inventory / ecotoxicity: freshwater,total_life_cycle aggregated background activities,CTUe,364af89c-a40e-5172-a776-0cc00eecbb50,13075.364735196465,4,Wafer manufacturing,GaAs_wafer,TRACI2.1 characterized inventory,Ecotoxicity: Freshwater,per kg topology production output; total_life_cycle characterized inventory from LiAISON patch-v2,46,4
Wafer manufacturing__GaAs_wafer,CN,Nitrogen dioxide (ecotoxicity: freshwater),characterized inventory / ecotoxicity: freshwater,total_life_cycle aggregated background activities,CTUe,59f9541f-c5ae-50da-bf0e-563486f90d54,331.8127631365725,6,Wafer manufacturing,GaAs_wafer,TRACI2.1 characterized inventory,Ecotoxicity: Freshwater,per kg topology production output; total_life_cycle characterized inventory from LiAISON patch-v2,60,5
Wafer manufacturing__GaAs_wafer,CN,Nitrogen oxides (eutrophication potential),characterized inventory / eutrophication potential,total_life_cycle aggregated background activities,kg N-Eq,b0db774f-7bc4-52e3-83ee-33b0d58bee24,1.6642899842815122,44,Wafer manufacturing,GaAs_wafer,TRACI2.1 characterized inventory,Eutrophication Potential,per kg topology production output; total_life_cycle characterized inventory from LiAISON patch-v2,200,27
Wafer manufacturing__GaAs_wafer,CN,Dinitrogen monoxide (global warming potential (GWP100)),characterized inventory / global warming potential (GWP100),total_life_cycle aggregated background activities,kg CO2-Eq,ef2ccbd1-c8ec-5d39-b7b8-58a9d143d5c9,1002.5274834929804,44,Wafer manufacturing,GaAs_wafer,TRACI2.1 characterized inventory,Global Warming Potential (Gwp100),per kg topology production output; total_life_cycle characterized inventory from LiAISON patch-v2,200,38
Wafer manufacturing__GaAs_wafer,CN,Arsenic ion (human toxicity: carcinogenic),characterized inventory / human toxicity: carcinogenic,total_life_cycle aggregated background activities,CTUh,3ea9249d-551a-5987-86e7-e15361868dfe,5.072749743581363e-05,18,Wafer manufacturing,GaAs_wafer,TRACI2.1 characterized inventory,Human Toxicity: Carcinogenic,per kg topology production output; total_life_cycle characterized inventory from LiAISON patch-v2,200,13
Wafer manufacturing__GaAs_wafer,CN,"1,2-Dichlorobenzene (human toxicity: non-carcinogenic)",characterized inventory / human toxicity: non-carcinogenic,total_life_cycle aggregated background activities,CTUh,f0526ea3-3a99-50c2-90d2-a9c723493563,2.3216792283914903e-05,10,Wafer manufacturing,GaAs_wafer,TRACI2.1 characterized inventory,Human Toxicity: Non-Carcinogenic,per kg topology production output; total_life_cycle characterized inventory from LiAISON patch-v2,123,7
Wafer manufacturing__GaAs_wafer,CN,Imidacloprid (human toxicity: non-carcinogenic),characterized inventory / human toxicity: non-carcinogenic,total_life_cycle aggregated background activities,CTUh,75502dc2-2af8-5470-9b4c-6a4f562192f4,1.978611552485903e-06,4,Wafer manufacturing,GaAs_wafer,TRACI2.1 characterized inventory,Human Toxicity: Non-Carcinogenic,per kg topology production output; total_life_cycle characterized inventory from LiAISON patch-v2,31,4
Wafer manufacturing__GaAs_wafer,CN,Iprodione (human toxicity: non-carcinogenic),characterized inventory / human toxicity: non-carcinogenic,total_life_cycle aggregated background activities,CTUh,f326d692-c50d-555e-98f8-c1b2eb072098,0.00014005536385444274,6,Wafer manufacturing,GaAs_wafer,TRACI2.1 characterized inventory,Human Toxicity: Non-Carcinogenic,per kg topology production output; total_life_cycle characterized inventory from LiAISON patch-v2,46,6
Wafer manufacturing__GaAs_wafer,CN,Nitrogen oxides (maximum incremental reactivity (MIR)),characterized inventory / maximum incremental reactivity (MIR),total_life_cycle aggregated background activities,kg O3-Eq,9159fabb-98d2-51af-b5bb-cfd29fb45df7,73.17917056486444,25,Wafer manufacturing,GaAs_wafer,TRACI2.1 characterized inventory,Maximum Incremental Reactivity (Mir),per kg topology production output; total_life_cycle characterized inventory from LiAISON patch-v2,200,17
Wafer manufacturing__GaAs_wafer,CN,"Ethane, 1,1,2-trichloro-1,2,2-trifluoro-, CFC-113 (ozone depletion potential (ODP))",characterized inventory / ozone depletion potential (ODP),total_life_cycle aggregated background activities,kg CFC-11-Eq,3cb5deae-a631-5e5b-bbe5-574a5b17efc5,7.4172432080406406e-06,13,Wafer manufacturing,GaAs_wafer,TRACI2.1 characterized inventory,Ozone Depletion Potential (Odp),per kg topology production output; total_life_cycle characterized inventory from LiAISON patch-v2,85,11
Wafer manufacturing__GaAs_wafer,CN,"Methane, monochloro-, R-40 (ozone depletion potential (ODP))",characterized inventory / ozone depletion potential (ODP),total_life_cycle aggregated background activities,kg CFC-11-Eq,7338e4e2-0acc-538e-9714-240119311876,7.269492436301004e-09,7,Wafer manufacturing,GaAs_wafer,TRACI2.1 characterized inventory,Ozone Depletion Potential (Odp),per kg topology production output; total_life_cycle characterized inventory from LiAISON patch-v2,69,4
Wafer manufacturing__GaAs_wafer,CN,"Methane, tetrachloro-, R-10 (ozone depletion potential (ODP))",characterized inventory / ozone depletion potential (ODP),total_life_cycle aggregated background activities,kg CFC-11-Eq,98bb174e-75dd-52ef-a22b-fec9125e00e1,7.438572046311884e-08,7,Wafer manufacturing,GaAs_wafer,TRACI2.1 characterized inventory,Ozone Depletion Potential (Odp),per kg topology production output; total_life_cycle characterized inventory from LiAISON patch-v2,46,7
Wafer manufacturing__GaAs_wafer,CN,"Particulate Matter, > 2.5 um and < 10um (particulate matter formation potential (PMFP))",characterized inventory / particulate matter formation potential (PMFP),total_life_cycle aggregated background activities,PM2.5-Eq,b51f74a7-0549-5147-bcb6-d45853b9be3c,0.8509750154897415,39,Wafer manufacturing,GaAs_wafer,TRACI2.1 characterized inventory,Particulate Matter Formation Potential (Pmfp),per kg topology production output; total_life_cycle characterized inventory from LiAISON patch-v2,200,25
Wafer manufacturing__GaAs_wafer,JP,Nitrogen oxides (acidification potential (AP)),characterized inventory / acidification potential (AP),total_life_cycle aggregated background activities,kg SO2-Eq,7f45c502-6498-58d8-a798-20eae4b7bbda,2.6353511463112906,50,Wafer manufacturing,GaAs_wafer,TRACI2.1 characterized inventory,Acidification Potential (Ap),per kg topology production output; total_life_cycle characterized inventory from LiAISON patch-v2,200,32
Wafer manufacturing__GaAs_wafer,JP,"1,2-Dichlorobenzene (ecotoxicity: freshwater)",characterized inventory / ecotoxicity: freshwater,total_life_cycle aggregated background activities,CTUe,c90c2c21-4101-501f-b6d9-40927394b5bc,129.04483001707968,7,Wafer manufacturing,GaAs_wafer,TRACI2.1 characterized inventory,Ecotoxicity: Freshwater,per kg topology production output; total_life_cycle characterized inventory from LiAISON patch-v2,94,7
Wafer manufacturing__GaAs_wafer,JP,Iprodione (ecotoxicity: freshwater),characterized inventory / ecotoxicity: freshwater,total_life_cycle aggregated background activities,CTUe,15b3e552-5372-5f42-be35-5ba19c6b4032,12046.077914818577,4,Wafer manufacturing,GaAs_wafer,TRACI2.1 characterized inventory,Ecotoxicity: Freshwater,per kg topology production output; total_life_cycle characterized inventory from LiAISON patch-v2,46,4
Wafer manufacturing__GaAs_wafer,JP,Nitrogen dioxide (ecotoxicity: freshwater),characterized inventory / ecotoxicity: freshwater,total_life_cycle aggregated background activities,CTUe,d1c66ece-a9ab-50ac-b3a8-011fdbc69c6d,322.14442516882923,6,Wafer manufacturing,GaAs_wafer,TRACI2.1 characterized inventory,Ecotoxicity: Freshwater,per kg topology production output; total_life_cycle characterized inventory from LiAISON patch-v2,60,5
Wafer manufacturing__GaAs_wafer,JP,Nitrogen oxides (eutrophication potential),characterized inventory / eutrophication potential,total_life_cycle aggregated background activities,kg N-Eq,5f03d764-fc74-5b6a-a0f3-ed7e48092c32,1.1525050600531195,44,Wafer manufacturing,GaAs_wafer,TRACI2.1 characterized inventory,Eutrophication Potential,per kg topology production output; total_life_cycle characterized inventory from LiAISON patch-v2,200,27
Wafer manufacturing__GaAs_wafer,JP,Dinitrogen monoxide (global warming potential (GWP100)),characterized inventory / global warming potential (GWP100),total_life_cycle aggregated background activities,kg CO2-Eq,73900a9e-57e6-584a-872c-336b0dfc887e,619.9387967085346,44,Wafer manufacturing,GaAs_wafer,TRACI2.1 characterized inventory,Global Warming Potential (Gwp100),per kg topology production output; total_life_cycle characterized inventory from LiAISON patch-v2,200,38
Wafer manufacturing__GaAs_wafer,JP,Arsenic ion (human toxicity: carcinogenic),characterized inventory / human toxicity: carcinogenic,total_life_cycle aggregated background activities,CTUh,537caff0-dc4a-535e-b3f1-740279d75d89,2.791724062492618e-05,18,Wafer manufacturing,GaAs_wafer,TRACI2.1 characterized inventory,Human Toxicity: Carcinogenic,per kg topology production output; total_life_cycle characterized inventory from LiAISON patch-v2,200,13
Wafer manufacturing__GaAs_wafer,JP,"1,2-Dichlorobenzene (human toxicity: non-carcinogenic)",characterized inventory / human toxicity: non-carcinogenic,total_life_cycle aggregated background activities,CTUh,11065e4b-d17e-5961-97fb-b79f52ee70b3,1.0882070181628033e-05,10,Wafer manufacturing,GaAs_wafer,TRACI2.1 characterized inventory,Human Toxicity: Non-Carcinogenic,per kg topology production output; total_life_cycle characterized inventory from LiAISON patch-v2,123,7
Wafer manufacturing__GaAs_wafer,JP,Imidacloprid (human toxicity: non-carcinogenic),characterized inventory / human toxicity: non-carcinogenic,total_life_cycle aggregated background activities,CTUh,92deb0c2-75ce-5367-963f-5f5af1386084,9.833576050477636e-07,4,Wafer manufacturing,GaAs_wafer,TRACI2.1 characterized inventory,Human Toxicity: Non-Carcinogenic,per kg topology production output; total_life_cycle characterized inventory from LiAISON patch-v2,31,4
Wafer manufacturing__GaAs_wafer,JP,Iprodione (human toxicity: non-carcinogenic),characterized inventory / human toxicity: non-carcinogenic,total_life_cycle aggregated background activities,CTUh,b061ae61-39f3-5262-a983-be8a5b5d6a20,8.190452392334384e-05,6,Wafer manufacturing,GaAs_wafer,TRACI2.1 characterized inventory,Human Toxicity: Non-Carcinogenic,per kg topology production output; total_life_cycle characterized inventory from LiAISON patch-v2,46,6
Wafer manufacturing__GaAs_wafer,JP,Nitrogen oxides (maximum incremental reactivity (MIR)),characterized inventory / maximum incremental reactivity (MIR),total_life_cycle aggregated background activities,kg O3-Eq,dc47293d-3977-51c9-8ece-001aa59f7784,29.36164859415689,25,Wafer manufacturing,GaAs_wafer,TRACI2.1 characterized inventory,Maximum Incremental Reactivity (Mir),per kg topology production output; total_life_cycle characterized inventory from LiAISON patch-v2,200,17
Wafer manufacturing__GaAs_wafer,JP,"Ethane, 1,1,2-trichloro-1,2,2-trifluoro-, CFC-113 (ozone depletion potential (ODP))",characterized inventory / ozone depletion potential (ODP),total_life_cycle aggregated background activities,kg CFC-11-Eq,a4685b14-3adf-54f6-af99-f7a438ca9fb1,1.5902290735062003e-05,13,Wafer manufacturing,GaAs_wafer,TRACI2.1 characterized inventory,Ozone Depletion Potential (Odp),per kg topology production output; total_life_cycle characterized inventory from LiAISON patch-v2,85,11
Wafer manufacturing__GaAs_wafer,JP,"Methane, monochloro-, R-40 (ozone depletion potential (ODP))",characterized inventory / ozone depletion potential (ODP),total_life_cycle aggregated background activities,kg CFC-11-Eq,1760b1f9-fba2-593a-9f93-5df30cab5076,5.2825692617700126e-09,7,Wafer manufacturing,GaAs_wafer,TRACI2.1 characterized inventory,Ozone Depletion Potential (Odp),per kg topology production output; total_life_cycle characterized inventory from LiAISON patch-v2,69,4
Wafer manufacturing__GaAs_wafer,JP,"Methane, tetrachloro-, R-10 (ozone depletion potential (ODP))",characterized inventory / ozone depletion potential (ODP),total_life_cycle aggregated background activities,kg CFC-11-Eq,bd5eb166-1cb5-5e88-85d8-c834321e6af2,1.2464784319952736e-08,7,Wafer manufacturing,GaAs_wafer,TRACI2.1 characterized inventory,Ozone Depletion Potential (Odp),per kg topology production output; total_life_cycle characterized inventory from LiAISON patch-v2,46,7
Wafer manufacturing__GaAs_wafer,JP,"Particulate Matter, > 2.5 um and < 10um (particulate matter formation potential (PMFP))",characterized inventory / particulate matter formation potential (PMFP),total_life_cycle aggregated background activities,PM2.5-Eq,295b127b-2177-520a-be46-c87dddfffd3d,0.24733449041978875,39,Wafer manufacturing,GaAs_wafer,TRACI2.1 characterized inventory,Particulate Matter Formation Potential (Pmfp),per kg topology production output; total_life_cycle characterized inventory from LiAISON patch-v2,200,25
Wafer manufacturing__GaAs_wafer,KR,Nitrogen oxides (acidification potential (AP)),characterized inventory / acidification potential (AP),total_life_cycle aggregated background activities,kg SO2-Eq,eafefbdb-9411-54ea-8fce-745b480e110d,2.1557071497054516,50,Wafer manufacturing,GaAs_wafer,TRACI2.1 characterized inventory,Acidification Potential (Ap),per kg topology production output; total_life_cycle characterized inventory from LiAISON patch-v2,200,32
Wafer manufacturing__GaAs_wafer,KR,"1,2-Dichlorobenzene (ecotoxicity: freshwater)",characterized inventory / ecotoxicity: freshwater,total_life_cycle aggregated background activities,CTUe,9abafc84-d410-538b-82a8-bf7cc434c567,161.17635693738086,7,Wafer manufacturing,GaAs_wafer,TRACI2.1 characterized inventory,Ecotoxicity: Freshwater,per kg topology production output; total_life_cycle characterized inventory from LiAISON patch-v2,94,7
Wafer manufacturing__GaAs_wafer,KR,Iprodione (ecotoxicity: freshwater),characterized inventory / ecotoxicity: freshwater,total_life_cycle aggregated background activities,CTUe,54724bb1-e06f-5e47-aff3-3588882c28bf,13584.923428787604,4,Wafer manufacturing,GaAs_wafer,TRACI2.1 characterized inventory,Ecotoxicity: Freshwater,per kg topology production output; total_life_cycle characterized inventory from LiAISON patch-v2,46,4
Wafer manufacturing__GaAs_wafer,KR,Nitrogen dioxide (ecotoxicity: freshwater),characterized inventory / ecotoxicity: freshwater,total_life_cycle aggregated background activities,CTUe,16dc0849-8f90-5811-94dc-754eded8842e,446.20854571736396,6,Wafer manufacturing,GaAs_wafer,TRACI2.1 characterized inventory,Ecotoxicity: Freshwater,per kg topology production output; total_life_cycle characterized inventory from LiAISON patch-v2,60,5
Wafer manufacturing__GaAs_wafer,KR,Nitrogen oxides (eutrophication potential),characterized inventory / eutrophication potential,total_life_cycle aggregated background activities,kg N-Eq,a01b9acf-a78c-5b4e-b949-68da7b1d5e9e,3.783639864370845,44,Wafer manufacturing,GaAs_wafer,TRACI2.1 characterized inventory,Eutrophication Potential,per kg topology production output; total_life_cycle characterized inventory from LiAISON patch-v2,200,27
Wafer manufacturing__GaAs_wafer,KR,Dinitrogen monoxide (global warming potential (GWP100)),characterized inventory / global warming potential (GWP100),total_life_cycle aggregated background activities,kg CO2-Eq,d26785c4-944f-5698-9c19-977db1625095,690.8163038282463,44,Wafer manufacturing,GaAs_wafer,TRACI2.1 characterized inventory,Global Warming Potential (Gwp100),per kg topology production output; total_life_cycle characterized inventory from LiAISON patch-v2,200,38
Wafer manufacturing__GaAs_wafer,KR,Arsenic ion (human toxicity: carcinogenic),characterized inventory / human toxicity: carcinogenic,total_life_cycle aggregated background activities,CTUh,567e066a-4008-55ab-9f0e-1ab53b36df69,5.599361674858358e-05,18,Wafer manufacturing,GaAs_wafer,TRACI2.1 characterized inventory,Human Toxicity: Carcinogenic,per kg topology production output; total_life_cycle characterized inventory from LiAISON patch-v2,200,13
Wafer manufacturing__GaAs_wafer,KR,"1,2-Dichlorobenzene (human toxicity: non-carcinogenic)",characterized inventory / human toxicity: non-carcinogenic,total_life_cycle aggregated background activities,CTUh,c5bdd754-3ac4-5011-a440-d6aa8fca0825,1.2921857325319817e-05,10,Wafer manufacturing,GaAs_wafer,TRACI2.1 characterized inventory,Human Toxicity: Non-Carcinogenic,per kg topology production output; total_life_cycle characterized inventory from LiAISON patch-v2,123,7
Wafer manufacturing__GaAs_wafer,KR,Imidacloprid (human toxicity: non-carcinogenic),characterized inventory / human toxicity: non-carcinogenic,total_life_cycle aggregated background activities,CTUh,eee39eeb-a9df-5d83-a504-db923c2c725b,1.1353801967719707e-06,4,Wafer manufacturing,GaAs_wafer,TRACI2.1 characterized inventory,Human Toxicity: Non-Carcinogenic,per kg topology production output; total_life_cycle characterized inventory from LiAISON patch-v2,31,4
Wafer manufacturing__GaAs_wafer,KR,Iprodione (human toxicity: non-carcinogenic),characterized inventory / human toxicity: non-carcinogenic,total_life_cycle aggregated background activities,CTUh,77b0e284-95dc-50c9-9c4e-2f7c1a4a6aa6,0.00017310638006317258,6,Wafer manufacturing,GaAs_wafer,TRACI2.1 characterized inventory,Human Toxicity: Non-Carcinogenic,per kg topology production output; total_life_cycle characterized inventory from LiAISON patch-v2,46,6
Wafer manufacturing__GaAs_wafer,KR,Nitrogen oxides (maximum incremental reactivity (MIR)),characterized inventory / maximum incremental reactivity (MIR),total_life_cycle aggregated background activities,kg O3-Eq,59b98f1a-b846-58cb-a4b0-f3bf3dc6a70a,40.19875234976282,25,Wafer manufacturing,GaAs_wafer,TRACI2.1 characterized inventory,Maximum Incremental Reactivity (Mir),per kg topology production output; total_life_cycle characterized inventory from LiAISON patch-v2,200,17
Wafer manufacturing__GaAs_wafer,KR,"Ethane, 1,1,2-trichloro-1,2,2-trifluoro-, CFC-113 (ozone depletion potential (ODP))",characterized inventory / ozone depletion potential (ODP),total_life_cycle aggregated background activities,kg CFC-11-Eq,4cdc53f3-f7a3-537c-a2c4-1ca3f878f099,2.3035708065896272e-05,13,Wafer manufacturing,GaAs_wafer,TRACI2.1 characterized inventory,Ozone Depletion Potential (Odp),per kg topology production output; total_life_cycle characterized inventory from LiAISON patch-v2,85,11
Wafer manufacturing__GaAs_wafer,KR,"Methane, monochloro-, R-40 (ozone depletion potential (ODP))",characterized inventory / ozone depletion potential (ODP),total_life_cycle aggregated background activities,kg CFC-11-Eq,fff15130-8a76-531b-9c77-51559cf383d6,3.383982890221754e-09,7,Wafer manufacturing,GaAs_wafer,TRACI2.1 characterized inventory,Ozone Depletion Potential (Odp),per kg topology production output; total_life_cycle characterized inventory from LiAISON patch-v2,69,4
Wafer manufacturing__GaAs_wafer,KR,"Methane, tetrachloro-, R-10 (ozone depletion potential (ODP))",characterized inventory / ozone depletion potential (ODP),total_life_cycle aggregated background activities,kg CFC-11-Eq,5e39e8ae-9a07-53ba-aa7e-2de76ffacae7,8.67376783670403e-09,7,Wafer manufacturing,GaAs_wafer,TRACI2.1 characterized inventory,Ozone Depletion Potential (Odp),per kg topology production output; total_life_cycle characterized inventory from LiAISON patch-v2,46,7
Wafer manufacturing__GaAs_wafer,KR,"Particulate Matter, > 2.5 um and < 10um (particulate matter formation potential (PMFP))",characterized inventory / particulate matter formation potential (PMFP),total_life_cycle aggregated background activities,PM2.5-Eq,2e5a1159-9f64-59a7-948f-9f6f9c644fc2,0.5326148609978261,39,Wafer manufacturing,GaAs_wafer,TRACI2.1 characterized inventory,Particulate Matter Formation Potential (Pmfp),per kg topology production output; total_life_cycle characterized inventory from LiAISON patch-v2,200,25
Wafer manufacturing__GaAs_wafer,US,Nitrogen oxides (acidification potential (AP)),characterized inventory / acidification potential (AP),total_life_cycle aggregated background activities,kg SO2-Eq,66ee8b90-70f4-5150-aeef-1792a6d6dac6,1.4145313272660474,50,Wafer manufacturing,GaAs_wafer,TRACI2.1 characterized inventory,Acidification Potential (Ap),per kg topology production output; total_life_cycle characterized inventory from LiAISON patch-v2,200,32
Wafer manufacturing__GaAs_wafer,US,"1,2-Dichlorobenzene (ecotoxicity: freshwater)",characterized inventory / ecotoxicity: freshwater,total_life_cycle aggregated background activities,CTUe,4c3826e3-bd08-5358-9988-23a31dd2f0d2,165.75343331899717,7,Wafer manufacturing,GaAs_wafer,TRACI2.1 characterized inventory,Ecotoxicity: Freshwater,per kg topology production output; total_life_cycle characterized inventory from LiAISON patch-v2,94,7
Wafer manufacturing__GaAs_wafer,US,Iprodione (ecotoxicity: freshwater),characterized inventory / ecotoxicity: freshwater,total_life_cycle aggregated background activities,CTUe,d0668907-c9c9-583c-8a1e-0167abd65f66,12430.224781277264,4,Wafer manufacturing,GaAs_wafer,TRACI2.1 characterized inventory,Ecotoxicity: Freshwater,per kg topology production output; total_life_cycle characterized inventory from LiAISON patch-v2,46,4
Wafer manufacturing__GaAs_wafer,US,Nitrogen dioxide (ecotoxicity: freshwater),characterized inventory / ecotoxicity: freshwater,total_life_cycle aggregated background activities,CTUe,b3fd585a-8fd0-5bc2-91c6-ee2042ea34e0,391.5208260438033,6,Wafer manufacturing,GaAs_wafer,TRACI2.1 characterized inventory,Ecotoxicity: Freshwater,per kg topology production output; total_life_cycle characterized inventory from LiAISON patch-v2,60,5
Wafer manufacturing__GaAs_wafer,US,Nitrogen oxides (eutrophication potential),characterized inventory / eutrophication potential,total_life_cycle aggregated background activities,kg N-Eq,c915b9cd-7b3e-589b-bbd9-8c6621817f5a,2.8979085311463426,44,Wafer manufacturing,GaAs_wafer,TRACI2.1 characterized inventory,Eutrophication Potential,per kg topology production output; total_life_cycle characterized inventory from LiAISON patch-v2,200,27
Wafer manufacturing__GaAs_wafer,US,Dinitrogen monoxide (global warming potential (GWP100)),characterized inventory / global warming potential (GWP100),total_life_cycle aggregated background activities,kg CO2-Eq,9bb99588-62dc-556d-8e26-253fb86690a8,508.27397579357984,44,Wafer manufacturing,GaAs_wafer,TRACI2.1 characterized inventory,Global Warming Potential (Gwp100),per kg topology production output; total_life_cycle characterized inventory from LiAISON patch-v2,200,38
Wafer manufacturing__GaAs_wafer,US,Arsenic ion (human toxicity: carcinogenic),characterized inventory / human toxicity: carcinogenic,total_life_cycle aggregated background activities,CTUh,e60df507-536d-5f49-90dc-9be84e2d6ec5,3.9379144059070984e-05,18,Wafer manufacturing,GaAs_wafer,TRACI2.1 characterized inventory,Human Toxicity: Carcinogenic,per kg topology production output; total_life_cycle characterized inventory from LiAISON patch-v2,200,13
Wafer manufacturing__GaAs_wafer,US,"1,2-Dichlorobenzene (human toxicity: non-carcinogenic)",characterized inventory / human toxicity: non-carcinogenic,total_life_cycle aggregated background activities,CTUh,eca3b534-ae4b-5726-9877-d49753768c49,1.4152628307856543e-05,10,Wafer manufacturing,GaAs_wafer,TRACI2.1 characterized inventory,Human Toxicity: Non-Carcinogenic,per kg topology production output; total_life_cycle characterized inventory from LiAISON patch-v2,123,7
Wafer manufacturing__GaAs_wafer,US,Imidacloprid (human toxicity: non-carcinogenic),characterized inventory / human toxicity: non-carcinogenic,total_life_cycle aggregated background activities,CTUh,3c62316b-037a-5a8e-9aa6-80cc7dd59812,1.197046173784542e-06,4,Wafer manufacturing,GaAs_wafer,TRACI2.1 characterized inventory,Human Toxicity: Non-Carcinogenic,per kg topology production output; total_life_cycle characterized inventory from LiAISON patch-v2,31,4
Wafer manufacturing__GaAs_wafer,US,Iprodione (human toxicity: non-carcinogenic),characterized inventory / human toxicity: non-carcinogenic,total_life_cycle aggregated background activities,CTUh,c72b180d-17d7-57cc-b1cc-3d6fffaad4c3,0.00011976721103639288,6,Wafer manufacturing,GaAs_wafer,TRACI2.1 characterized inventory,Human Toxicity: Non-Carcinogenic,per kg topology production output; total_life_cycle characterized inventory from LiAISON patch-v2,46,6
Wafer manufacturing__GaAs_wafer,US,Nitrogen oxides (maximum incremental reactivity (MIR)),characterized inventory / maximum incremental reactivity (MIR),total_life_cycle aggregated background activities,kg O3-Eq,3dad00cf-09bd-5adf-9c3f-18a812511c2b,14.527004042336706,25,Wafer manufacturing,GaAs_wafer,TRACI2.1 characterized inventory,Maximum Incremental Reactivity (Mir),per kg topology production output; total_life_cycle characterized inventory from LiAISON patch-v2,200,17
Wafer manufacturing__GaAs_wafer,US,"Ethane, 1,1,2-trichloro-1,2,2-trifluoro-, CFC-113 (ozone depletion potential (ODP))",characterized inventory / ozone depletion potential (ODP),total_life_cycle aggregated background activities,kg CFC-11-Eq,f28655db-f4a2-533f-ad94-09e7f534b5f3,3.077098851483521e-05,13,Wafer manufacturing,GaAs_wafer,TRACI2.1 characterized inventory,Ozone Depletion Potential (Odp),per kg topology production output; total_life_cycle characterized inventory from LiAISON patch-v2,85,11
Wafer manufacturing__GaAs_wafer,US,"Methane, monochloro-, R-40 (ozone depletion potential (ODP))",characterized inventory / ozone depletion potential (ODP),total_life_cycle aggregated background activities,kg CFC-11-Eq,f307b28e-4cfe-5586-a1ec-d3cb6347cf92,3.2859878147599448e-09,7,Wafer manufacturing,GaAs_wafer,TRACI2.1 characterized inventory,Ozone Depletion Potential (Odp),per kg topology production output; total_life_cycle characterized inventory from LiAISON patch-v2,69,4
Wafer manufacturing__GaAs_wafer,US,"Methane, tetrachloro-, R-10 (ozone depletion potential (ODP))",characterized inventory / ozone depletion potential (ODP),total_life_cycle aggregated background activities,kg CFC-11-Eq,ddf0bb63-0fe3-5c49-b620-748e365bab50,9.889411106973386e-09,7,Wafer manufacturing,GaAs_wafer,TRACI2.1 characterized inventory,Ozone Depletion Potential (Odp),per kg topology production output; total_life_cycle characterized inventory from LiAISON patch-v2,46,7
Wafer manufacturing__GaAs_wafer,US,"Particulate Matter, > 2.5 um and < 10um (particulate matter formation potential (PMFP))",characterized inventory / particulate matter formation potential (PMFP),total_life_cycle aggregated background activities,PM2.5-Eq,afc935bb-fc46-5a96-9714-aeb1c92a27bf,1.024751685146794,39,Wafer manufacturing,GaAs_wafer,TRACI2.1 characterized inventory,Particulate Matter Formation Potential (Pmfp),per kg topology production output; total_life_cycle characterized inventory from LiAISON patch-v2,200,25
Wafer manufacturing__GaN_wafer,CN,Nitrogen oxides (acidification potential (AP)),characterized inventory / acidification potential (AP),total_life_cycle aggregated background activities,kg SO2-Eq,7c0076f2-82cb-5add-a40e-eae7e190556e,253.1347771270535,49,Wafer manufacturing,GaN_wafer,TRACI2.1 characterized inventory,Acidification Potential (Ap),per kg topology production output; total_life_cycle characterized inventory from LiAISON patch-v2,200,32
Wafer manufacturing__GaN_wafer,CN,"1,2-Dichlorobenzene (ecotoxicity: freshwater)",characterized inventory / ecotoxicity: freshwater,total_life_cycle aggregated background activities,CTUe,2f190b6d-4439-570d-b9d6-cc67f8f3f7f2,20465.34503312933,7,Wafer manufacturing,GaN_wafer,TRACI2.1 characterized inventory,Ecotoxicity: Freshwater,per kg topology production output; total_life_cycle characterized inventory from LiAISON patch-v2,94,7
Wafer manufacturing__GaN_wafer,CN,Iprodione (ecotoxicity: freshwater),characterized inventory / ecotoxicity: freshwater,total_life_cycle aggregated background activities,CTUe,a80e0222-16cb-5529-bd3a-7785cb0d0505,815341.2664514196,4,Wafer manufacturing,GaN_wafer,TRACI2.1 characterized inventory,Ecotoxicity: Freshwater,per kg topology production output; total_life_cycle characterized inventory from LiAISON patch-v2,46,4
Wafer manufacturing__GaN_wafer,CN,Nitrogen dioxide (ecotoxicity: freshwater),characterized inventory / ecotoxicity: freshwater,total_life_cycle aggregated background activities,CTUe,2c15b362-c9a6-5319-8dd4-5156602baf52,59315.93785169922,6,Wafer manufacturing,GaN_wafer,TRACI2.1 characterized inventory,Ecotoxicity: Freshwater,per kg topology production output; total_life_cycle characterized inventory from LiAISON patch-v2,60,5
Wafer manufacturing__GaN_wafer,CN,Nitrogen oxides (eutrophication potential),characterized inventory / eutrophication potential,total_life_cycle aggregated background activities,kg N-Eq,c2c5a8db-96e5-5f84-91f6-b251be955413,117.47748976211119,43,Wafer manufacturing,GaN_wafer,TRACI2.1 characterized inventory,Eutrophication Potential,per kg topology production output; total_life_cycle characterized inventory from LiAISON patch-v2,200,28
Wafer manufacturing__GaN_wafer,CN,Dinitrogen monoxide (global warming potential (GWP100)),characterized inventory / global warming potential (GWP100),total_life_cycle aggregated background activities,kg CO2-Eq,d1e31196-4597-5523-b3c2-780c14702027,52293.94769324599,43,Wafer manufacturing,GaN_wafer,TRACI2.1 characterized inventory,Global Warming Potential (Gwp100),per kg topology production output; total_life_cycle characterized inventory from LiAISON patch-v2,200,38
Wafer manufacturing__GaN_wafer,CN,Arsenic ion (human toxicity: carcinogenic),characterized inventory / human toxicity: carcinogenic,total_life_cycle aggregated background activities,CTUh,1dc71087-4338-5522-8f5f-7a2ce9ee1027,0.0032991075224512193,18,Wafer manufacturing,GaN_wafer,TRACI2.1 characterized inventory,Human Toxicity: Carcinogenic,per kg topology production output; total_life_cycle characterized inventory from LiAISON patch-v2,200,13
Wafer manufacturing__GaN_wafer,CN,"1,2-Dichlorobenzene (human toxicity: non-carcinogenic)",characterized inventory / human toxicity: non-carcinogenic,total_life_cycle aggregated background activities,CTUh,fe8ae244-487d-5f12-a045-ac8f3422d81f,0.002038034699605366,10,Wafer manufacturing,GaN_wafer,TRACI2.1 characterized inventory,Human Toxicity: Non-Carcinogenic,per kg topology production output; total_life_cycle characterized inventory from LiAISON patch-v2,123,7
Wafer manufacturing__GaN_wafer,CN,Imidacloprid (human toxicity: non-carcinogenic),characterized inventory / human toxicity: non-carcinogenic,total_life_cycle aggregated background activities,CTUh,fff64aea-b648-579c-b17f-21f07c1cadca,0.0001908969158005161,4,Wafer manufacturing,GaN_wafer,TRACI2.1 characterized inventory,Human Toxicity: Non-Carcinogenic,per kg topology production output; total_life_cycle characterized inventory from LiAISON patch-v2,31,4
Wafer manufacturing__GaN_wafer,CN,Iprodione (human toxicity: non-carcinogenic),characterized inventory / human toxicity: non-carcinogenic,total_life_cycle aggregated background activities,CTUh,87354f39-3e85-5e27-bed5-4b44ee3bba6d,0.008328667216091112,6,Wafer manufacturing,GaN_wafer,TRACI2.1 characterized inventory,Human Toxicity: Non-Carcinogenic,per kg topology production output; total_life_cycle characterized inventory from LiAISON patch-v2,46,6
Wafer manufacturing__GaN_wafer,CN,Nitrogen oxides (maximum incremental reactivity (MIR)),characterized inventory / maximum incremental reactivity (MIR),total_life_cycle aggregated background activities,kg O3-Eq,ebc809e2-125a-5e29-9c7c-304563f209bb,3724.480863344745,25,Wafer manufacturing,GaN_wafer,TRACI2.1 characterized inventory,Maximum Incremental Reactivity (Mir),per kg topology production output; total_life_cycle characterized inventory from LiAISON patch-v2,200,17
Wafer manufacturing__GaN_wafer,CN,"Ethane, 1,1,2-trichloro-1,2,2-trifluoro-, CFC-113 (ozone depletion potential (ODP))",characterized inventory / ozone depletion potential (ODP),total_life_cycle aggregated background activities,kg CFC-11-Eq,e3a9bf61-a9bf-5edd-b28d-63cb202dcbce,0.0010623132714746135,13,Wafer manufacturing,GaN_wafer,TRACI2.1 characterized inventory,Ozone Depletion Potential (Odp),per kg topology production output; total_life_cycle characterized inventory from LiAISON patch-v2,85,11
Wafer manufacturing__GaN_wafer,CN,"Methane, monochloro-, R-40 (ozone depletion potential (ODP))",characterized inventory / ozone depletion potential (ODP),total_life_cycle aggregated background activities,kg CFC-11-Eq,37feeaeb-c1bc-579f-a06a-7c236eb66c6b,2.262475923995716e-06,7,Wafer manufacturing,GaN_wafer,TRACI2.1 characterized inventory,Ozone Depletion Potential (Odp),per kg topology production output; total_life_cycle characterized inventory from LiAISON patch-v2,69,4
Wafer manufacturing__GaN_wafer,CN,"Methane, tetrachloro-, R-10 (ozone depletion potential (ODP))",characterized inventory / ozone depletion potential (ODP),total_life_cycle aggregated background activities,kg CFC-11-Eq,26bf8900-9d04-5de8-8dbf-c1abd7c99187,9.154675980011549e-06,7,Wafer manufacturing,GaN_wafer,TRACI2.1 characterized inventory,Ozone Depletion Potential (Odp),per kg topology production output; total_life_cycle characterized inventory from LiAISON patch-v2,46,7
Wafer manufacturing__GaN_wafer,CN,"Particulate Matter, > 2.5 um and < 10um (particulate matter formation potential (PMFP))",characterized inventory / particulate matter formation potential (PMFP),total_life_cycle aggregated background activities,PM2.5-Eq,43a2c917-b5b6-5db0-b3f4-8b885fc858c0,44.291643105681445,38,Wafer manufacturing,GaN_wafer,TRACI2.1 characterized inventory,Particulate Matter Formation Potential (Pmfp),per kg topology production output; total_life_cycle characterized inventory from LiAISON patch-v2,200,26
Wafer manufacturing__GaN_wafer,JP,Nitrogen oxides (acidification potential (AP)),characterized inventory / acidification potential (AP),total_life_cycle aggregated background activities,kg SO2-Eq,0d366ef2-2069-5b7b-ba77-91773ca89e43,145.5212878818095,49,Wafer manufacturing,GaN_wafer,TRACI2.1 characterized inventory,Acidification Potential (Ap),per kg topology production output; total_life_cycle characterized inventory from LiAISON patch-v2,200,32
Wafer manufacturing__GaN_wafer,JP,"1,2-Dichlorobenzene (ecotoxicity: freshwater)",characterized inventory / ecotoxicity: freshwater,total_life_cycle aggregated background activities,CTUe,13bda398-e208-5185-9542-f61bab2ecd92,18890.453031550784,7,Wafer manufacturing,GaN_wafer,TRACI2.1 characterized inventory,Ecotoxicity: Freshwater,per kg topology production output; total_life_cycle characterized inventory from LiAISON patch-v2,94,7
Wafer manufacturing__GaN_wafer,JP,Iprodione (ecotoxicity: freshwater),characterized inventory / ecotoxicity: freshwater,total_life_cycle aggregated background activities,CTUe,362f3c86-6d04-5b40-a3b7-3f537c5aa035,773777.6235107459,4,Wafer manufacturing,GaN_wafer,TRACI2.1 characterized inventory,Ecotoxicity: Freshwater,per kg topology production output; total_life_cycle characterized inventory from LiAISON patch-v2,46,4
Wafer manufacturing__GaN_wafer,JP,Nitrogen dioxide (ecotoxicity: freshwater),characterized inventory / ecotoxicity: freshwater,total_life_cycle aggregated background activities,CTUe,fd52744d-b38c-5649-861e-21aefa1a4d74,54031.606508361154,6,Wafer manufacturing,GaN_wafer,TRACI2.1 characterized inventory,Ecotoxicity: Freshwater,per kg topology production output; total_life_cycle characterized inventory from LiAISON patch-v2,60,5
Wafer manufacturing__GaN_wafer,JP,Nitrogen oxides (eutrophication potential),characterized inventory / eutrophication potential,total_life_cycle aggregated background activities,kg N-Eq,a160da32-7399-552c-8488-177ed9705e8a,93.16661152500137,43,Wafer manufacturing,GaN_wafer,TRACI2.1 characterized inventory,Eutrophication Potential,per kg topology production output; total_life_cycle characterized inventory from LiAISON patch-v2,200,28
Wafer manufacturing__GaN_wafer,JP,Dinitrogen monoxide (global warming potential (GWP100)),characterized inventory / global warming potential (GWP100),total_life_cycle aggregated background activities,kg CO2-Eq,d803105e-07b6-5825-a1c8-31435afdb811,34242.03938624583,43,Wafer manufacturing,GaN_wafer,TRACI2.1 characterized inventory,Global Warming Potential (Gwp100),per kg topology production output; total_life_cycle characterized inventory from LiAISON patch-v2,200,38
Wafer manufacturing__GaN_wafer,JP,Arsenic ion (human toxicity: carcinogenic),characterized inventory / human toxicity: carcinogenic,total_life_cycle aggregated background activities,CTUh,c9d971c9-5cdf-5dbc-bf25-0b39c31fec6a,0.0022175936552959533,18,Wafer manufacturing,GaN_wafer,TRACI2.1 characterized inventory,Human Toxicity: Carcinogenic,per kg topology production output; total_life_cycle characterized inventory from LiAISON patch-v2,200,13
Wafer manufacturing__GaN_wafer,JP,"1,2-Dichlorobenzene (human toxicity: non-carcinogenic)",characterized inventory / human toxicity: non-carcinogenic,total_life_cycle aggregated background activities,CTUh,310f057b-d773-519a-84b6-c1079380b1e5,0.0013676291536134047,10,Wafer manufacturing,GaN_wafer,TRACI2.1 characterized inventory,Human Toxicity: Non-Carcinogenic,per kg topology production output; total_life_cycle characterized inventory from LiAISON patch-v2,123,7
Wafer manufacturing__GaN_wafer,JP,Imidacloprid (human toxicity: non-carcinogenic),characterized inventory / human toxicity: non-carcinogenic,total_life_cycle aggregated background activities,CTUh,1b02d0ab-0b34-56ff-a036-49b4df6f8cf9,0.00011741996536523543,4,Wafer manufacturing,GaN_wafer,TRACI2.1 characterized inventory,Human Toxicity: Non-Carcinogenic,per kg topology production output; total_life_cycle characterized inventory from LiAISON patch-v2,31,4
Wafer manufacturing__GaN_wafer,JP,Iprodione (human toxicity: non-carcinogenic),characterized inventory / human toxicity: non-carcinogenic,total_life_cycle aggregated background activities,CTUh,4791376f-cfd1-52ef-88a4-a7bdc0f52faa,0.005843122518389509,6,Wafer manufacturing,GaN_wafer,TRACI2.1 characterized inventory,Human Toxicity: Non-Carcinogenic,per kg topology production output; total_life_cycle characterized inventory from LiAISON patch-v2,46,6
Wafer manufacturing__GaN_wafer,JP,Nitrogen oxides (maximum incremental reactivity (MIR)),characterized inventory / maximum incremental reactivity (MIR),total_life_cycle aggregated background activities,kg O3-Eq,c2ee0222-5809-5f0e-9417-59394d5e4a3a,1641.2903892944494,25,Wafer manufacturing,GaN_wafer,TRACI2.1 characterized inventory,Maximum Incremental Reactivity (Mir),per kg topology production output; total_life_cycle characterized inventory from LiAISON patch-v2,200,17
Wafer manufacturing__GaN_wafer,JP,"Ethane, 1,1,2-trichloro-1,2,2-trifluoro-, CFC-113 (ozone depletion potential (ODP))",characterized inventory / ozone depletion potential (ODP),total_life_cycle aggregated background activities,kg CFC-11-Eq,825d144d-5404-5dc1-a779-1eb76f5809f3,0.0014711309231060729,13,Wafer manufacturing,GaN_wafer,TRACI2.1 characterized inventory,Ozone Depletion Potential (Odp),per kg topology production output; total_life_cycle characterized inventory from LiAISON patch-v2,85,11
Wafer manufacturing__GaN_wafer,JP,"Methane, monochloro-, R-40 (ozone depletion potential (ODP))",characterized inventory / ozone depletion potential (ODP),total_life_cycle aggregated background activities,kg CFC-11-Eq,baf7b3fe-3adb-51d4-8226-97c0dd010278,8.070631196406013e-07,7,Wafer manufacturing,GaN_wafer,TRACI2.1 characterized inventory,Ozone Depletion Potential (Odp),per kg topology production output; total_life_cycle characterized inventory from LiAISON patch-v2,69,4
Wafer manufacturing__GaN_wafer,JP,"Methane, tetrachloro-, R-10 (ozone depletion potential (ODP))",characterized inventory / ozone depletion potential (ODP),total_life_cycle aggregated background activities,kg CFC-11-Eq,6ea3a691-0c77-57ec-9450-25a90dd5bc29,2.1741396100887428e-06,7,Wafer manufacturing,GaN_wafer,TRACI2.1 characterized inventory,Ozone Depletion Potential (Odp),per kg topology production output; total_life_cycle characterized inventory from LiAISON patch-v2,46,7
Wafer manufacturing__GaN_wafer,JP,"Particulate Matter, > 2.5 um and < 10um (particulate matter formation potential (PMFP))",characterized inventory / particulate matter formation potential (PMFP),total_life_cycle aggregated background activities,PM2.5-Eq,022b1f9e-3667-5696-9eec-efa1b55fa1cf,15.795832170972501,38,Wafer manufacturing,GaN_wafer,TRACI2.1 characterized inventory,Particulate Matter Formation Potential (Pmfp),per kg topology production output; total_life_cycle characterized inventory from LiAISON patch-v2,200,26
Wafer manufacturing__GaN_wafer,KR,Nitrogen oxides (acidification potential (AP)),characterized inventory / acidification potential (AP),total_life_cycle aggregated background activities,kg SO2-Eq,d1da23d4-5bb8-5c0a-85a1-249a78c8d446,122.65924738711718,49,Wafer manufacturing,GaN_wafer,TRACI2.1 characterized inventory,Acidification Potential (Ap),per kg topology production output; total_life_cycle characterized inventory from LiAISON patch-v2,200,32
Wafer manufacturing__GaN_wafer,KR,"1,2-Dichlorobenzene (ecotoxicity: freshwater)",characterized inventory / ecotoxicity: freshwater,total_life_cycle aggregated background activities,CTUe,d4a0c37b-0bc3-5822-903a-11a9b83ae4ed,22449.173474975174,7,Wafer manufacturing,GaN_wafer,TRACI2.1 characterized inventory,Ecotoxicity: Freshwater,per kg topology production output; total_life_cycle characterized inventory from LiAISON patch-v2,94,7
Wafer manufacturing__GaN_wafer,KR,Iprodione (ecotoxicity: freshwater),characterized inventory / ecotoxicity: freshwater,total_life_cycle aggregated background activities,CTUe,142ccbed-f433-5575-8a30-04ef70a2cf66,838672.2763811345,4,Wafer manufacturing,GaN_wafer,TRACI2.1 characterized inventory,Ecotoxicity: Freshwater,per kg topology production output; total_life_cycle characterized inventory from LiAISON patch-v2,46,4
Wafer manufacturing__GaN_wafer,KR,Nitrogen dioxide (ecotoxicity: freshwater),characterized inventory / ecotoxicity: freshwater,total_life_cycle aggregated background activities,CTUe,adfccc73-2065-53b4-b832-59b868d3da37,64629.05039479885,6,Wafer manufacturing,GaN_wafer,TRACI2.1 characterized inventory,Ecotoxicity: Freshwater,per kg topology production output; total_life_cycle characterized inventory from LiAISON patch-v2,60,5
Wafer manufacturing__GaN_wafer,KR,Nitrogen oxides (eutrophication potential),characterized inventory / eutrophication potential,total_life_cycle aggregated background activities,kg N-Eq,e42bba9a-d31d-58b1-8596-7726520a51b4,218.21867214060094,43,Wafer manufacturing,GaN_wafer,TRACI2.1 characterized inventory,Eutrophication Potential,per kg topology production output; total_life_cycle characterized inventory from LiAISON patch-v2,200,28
Wafer manufacturing__GaN_wafer,KR,Dinitrogen monoxide (global warming potential (GWP100)),characterized inventory / global warming potential (GWP100),total_life_cycle aggregated background activities,kg CO2-Eq,881f7c5f-c666-53f3-baa1-728360cc0b98,37587.864909801065,43,Wafer manufacturing,GaN_wafer,TRACI2.1 characterized inventory,Global Warming Potential (Gwp100),per kg topology production output; total_life_cycle characterized inventory from LiAISON patch-v2,200,38
Wafer manufacturing__GaN_wafer,KR,Arsenic ion (human toxicity: carcinogenic),characterized inventory / human toxicity: carcinogenic,total_life_cycle aggregated background activities,CTUh,a8ac4668-9762-5bb8-bbdd-7185a97e14e8,0.0035512296438858413,18,Wafer manufacturing,GaN_wafer,TRACI2.1 characterized inventory,Human Toxicity: Carcinogenic,per kg topology production output; total_life_cycle characterized inventory from LiAISON patch-v2,200,13
Wafer manufacturing__GaN_wafer,KR,"1,2-Dichlorobenzene (human toxicity: non-carcinogenic)",characterized inventory / human toxicity: non-carcinogenic,total_life_cycle aggregated background activities,CTUh,2a89269f-643b-55fa-8a11-775b9a689679,0.0015837396969012097,10,Wafer manufacturing,GaN_wafer,TRACI2.1 characterized inventory,Human Toxicity: Non-Carcinogenic,per kg topology production output; total_life_cycle characterized inventory from LiAISON patch-v2,123,7
Wafer manufacturing__GaN_wafer,KR,Imidacloprid (human toxicity: non-carcinogenic),characterized inventory / human toxicity: non-carcinogenic,total_life_cycle aggregated background activities,CTUh,926e4d7e-a958-5fb0-b072-f43c83245430,0.0001309616347862778,4,Wafer manufacturing,GaN_wafer,TRACI2.1 characterized inventory,Human Toxicity: Non-Carcinogenic,per kg topology production output; total_life_cycle characterized inventory from LiAISON patch-v2,31,4
Wafer manufacturing__GaN_wafer,KR,Iprodione (human toxicity: non-carcinogenic),characterized inventory / human toxicity: non-carcinogenic,total_life_cycle aggregated background activities,CTUh,b30ab719-3855-59d3-ab28-bdd787229d86,0.010030496265346255,6,Wafer manufacturing,GaN_wafer,TRACI2.1 characterized inventory,Human Toxicity: Non-Carcinogenic,per kg topology production output; total_life_cycle characterized inventory from LiAISON patch-v2,46,6
Wafer manufacturing__GaN_wafer,KR,Nitrogen oxides (maximum incremental reactivity (MIR)),characterized inventory / maximum incremental reactivity (MIR),total_life_cycle aggregated background activities,kg O3-Eq,02f90633-f586-52ea-a29a-8bf983323be9,2157.0193711073384,25,Wafer manufacturing,GaN_wafer,TRACI2.1 characterized inventory,Maximum Incremental Reactivity (Mir),per kg topology production output; total_life_cycle characterized inventory from LiAISON patch-v2,200,17
Wafer manufacturing__GaN_wafer,KR,"Ethane, 1,1,2-trichloro-1,2,2-trifluoro-, CFC-113 (ozone depletion potential (ODP))",characterized inventory / ozone depletion potential (ODP),total_life_cycle aggregated background activities,kg CFC-11-Eq,243683f5-0775-5d41-879a-f704dff21cee,0.001810266803848238,13,Wafer manufacturing,GaN_wafer,TRACI2.1 characterized inventory,Ozone Depletion Potential (Odp),per kg topology production output; total_life_cycle characterized inventory from LiAISON patch-v2,85,11
Wafer manufacturing__GaN_wafer,KR,"Methane, monochloro-, R-40 (ozone depletion potential (ODP))",characterized inventory / ozone depletion potential (ODP),total_life_cycle aggregated background activities,kg CFC-11-Eq,29abdb8f-c6f2-51c4-9518-abc47c094653,7.201960358552929e-07,7,Wafer manufacturing,GaN_wafer,TRACI2.1 characterized inventory,Ozone Depletion Potential (Odp),per kg topology production output; total_life_cycle characterized inventory from LiAISON patch-v2,69,4
Wafer manufacturing__GaN_wafer,KR,"Methane, tetrachloro-, R-10 (ozone depletion potential (ODP))",characterized inventory / ozone depletion potential (ODP),total_life_cycle aggregated background activities,kg CFC-11-Eq,69cafccc-21c6-5f2e-9c50-ddfe8349601a,1.9775973149413074e-06,7,Wafer manufacturing,GaN_wafer,TRACI2.1 characterized inventory,Ozone Depletion Potential (Odp),per kg topology production output; total_life_cycle characterized inventory from LiAISON patch-v2,46,7
Wafer manufacturing__GaN_wafer,KR,"Particulate Matter, > 2.5 um and < 10um (particulate matter formation potential (PMFP))",characterized inventory / particulate matter formation potential (PMFP),total_life_cycle aggregated background activities,PM2.5-Eq,f368f87d-8f49-5e42-8440-182e116c1415,29.354246791191397,38,Wafer manufacturing,GaN_wafer,TRACI2.1 characterized inventory,Particulate Matter Formation Potential (Pmfp),per kg topology production output; total_life_cycle characterized inventory from LiAISON patch-v2,200,26
Wafer manufacturing__GaN_wafer,US,Nitrogen oxides (acidification potential (AP)),characterized inventory / acidification potential (AP),total_life_cycle aggregated background activities,kg SO2-Eq,2e215f32-1c3f-5809-87e9-92faedf2e03d,86.82321877576942,49,Wafer manufacturing,GaN_wafer,TRACI2.1 characterized inventory,Acidification Potential (Ap),per kg topology production output; total_life_cycle characterized inventory from LiAISON patch-v2,200,32
Wafer manufacturing__GaN_wafer,US,"1,2-Dichlorobenzene (ecotoxicity: freshwater)",characterized inventory / ecotoxicity: freshwater,total_life_cycle aggregated background activities,CTUe,12d405a3-7a6f-57c5-9b0f-f23a0db266b4,22095.000321750314,7,Wafer manufacturing,GaN_wafer,TRACI2.1 characterized inventory,Ecotoxicity: Freshwater,per kg topology production output; total_life_cycle characterized inventory from LiAISON patch-v2,94,7
Wafer manufacturing__GaN_wafer,US,Iprodione (ecotoxicity: freshwater),characterized inventory / ecotoxicity: freshwater,total_life_cycle aggregated background activities,CTUe,01796062-cefc-5479-87ac-b923b65d9c81,786107.9594157916,4,Wafer manufacturing,GaN_wafer,TRACI2.1 characterized inventory,Ecotoxicity: Freshwater,per kg topology production output; total_life_cycle characterized inventory from LiAISON patch-v2,46,4
Wafer manufacturing__GaN_wafer,US,Nitrogen dioxide (ecotoxicity: freshwater),characterized inventory / ecotoxicity: freshwater,total_life_cycle aggregated background activities,CTUe,25f62812-6acc-502b-9951-537da31be43f,59947.956010874645,6,Wafer manufacturing,GaN_wafer,TRACI2.1 characterized inventory,Ecotoxicity: Freshwater,per kg topology production output; total_life_cycle characterized inventory from LiAISON patch-v2,60,5
Wafer manufacturing__GaN_wafer,US,Nitrogen oxides (eutrophication potential),characterized inventory / eutrophication potential,total_life_cycle aggregated background activities,kg N-Eq,ddd10a89-2c7c-52a7-b24f-77a9492c0d32,176.0776612113021,43,Wafer manufacturing,GaN_wafer,TRACI2.1 characterized inventory,Eutrophication Potential,per kg topology production output; total_life_cycle characterized inventory from LiAISON patch-v2,200,28
Wafer manufacturing__GaN_wafer,US,Dinitrogen monoxide (global warming potential (GWP100)),characterized inventory / global warming potential (GWP100),total_life_cycle aggregated background activities,kg CO2-Eq,e279a58a-5bbf-5a88-9136-c268d4f5a400,28824.007424027553,43,Wafer manufacturing,GaN_wafer,TRACI2.1 characterized inventory,Global Warming Potential (Gwp100),per kg topology production output; total_life_cycle characterized inventory from LiAISON patch-v2,200,38
Wafer manufacturing__GaN_wafer,US,Arsenic ion (human toxicity: carcinogenic),characterized inventory / human toxicity: carcinogenic,total_life_cycle aggregated background activities,CTUh,0dfb0f2c-1c1c-540e-8e94-44bea6c90ba0,0.002760986903846597,18,Wafer manufacturing,GaN_wafer,TRACI2.1 characterized inventory,Human Toxicity: Carcinogenic,per kg topology production output; total_life_cycle characterized inventory from LiAISON patch-v2,200,13
Wafer manufacturing__GaN_wafer,US,"1,2-Dichlorobenzene (human toxicity: non-carcinogenic)",characterized inventory / human toxicity: non-carcinogenic,total_life_cycle aggregated background activities,CTUh,ca0ca74a-04b2-5a32-b0d0-d8730aa01551,0.0016562591717135934,10,Wafer manufacturing,GaN_wafer,TRACI2.1 characterized inventory,Human Toxicity: Non-Carcinogenic,per kg topology production output; total_life_cycle characterized inventory from LiAISON patch-v2,123,7
Wafer manufacturing__GaN_wafer,US,Imidacloprid (human toxicity: non-carcinogenic),characterized inventory / human toxicity: non-carcinogenic,total_life_cycle aggregated background activities,CTUh,be71afde-91c2-5ff1-9c61-1046566c68b9,0.00013462474555743422,4,Wafer manufacturing,GaN_wafer,TRACI2.1 characterized inventory,Human Toxicity: Non-Carcinogenic,per kg topology production output; total_life_cycle characterized inventory from LiAISON patch-v2,31,4
Wafer manufacturing__GaN_wafer,US,Iprodione (human toxicity: non-carcinogenic),characterized inventory / human toxicity: non-carcinogenic,total_life_cycle aggregated background activities,CTUh,b1597f5b-4039-52ea-bbcd-e96d7cfb5076,0.007454779179005744,6,Wafer manufacturing,GaN_wafer,TRACI2.1 characterized inventory,Human Toxicity: Non-Carcinogenic,per kg topology production output; total_life_cycle characterized inventory from LiAISON patch-v2,46,6
Wafer manufacturing__GaN_wafer,US,Nitrogen oxides (maximum incremental reactivity (MIR)),characterized inventory / maximum incremental reactivity (MIR),total_life_cycle aggregated background activities,kg O3-Eq,c923488f-e9ae-5c46-94b9-a71ae94a006e,933.4354323902962,25,Wafer manufacturing,GaN_wafer,TRACI2.1 characterized inventory,Maximum Incremental Reactivity (Mir),per kg topology production output; total_life_cycle characterized inventory from LiAISON patch-v2,200,17
Wafer manufacturing__GaN_wafer,US,"Ethane, 1,1,2-trichloro-1,2,2-trifluoro-, CFC-113 (ozone depletion potential (ODP))",characterized inventory / ozone depletion potential (ODP),total_life_cycle aggregated background activities,kg CFC-11-Eq,4dbb4eea-6aba-5078-a2bd-fa2f12452c24,0.002177688782305299,13,Wafer manufacturing,GaN_wafer,TRACI2.1 characterized inventory,Ozone Depletion Potential (Odp),per kg topology production output; total_life_cycle characterized inventory from LiAISON patch-v2,85,11
Wafer manufacturing__GaN_wafer,US,"Methane, monochloro-, R-40 (ozone depletion potential (ODP))",characterized inventory / ozone depletion potential (ODP),total_life_cycle aggregated background activities,kg CFC-11-Eq,2ca5b423-7827-5c19-acb9-4e5cf26c4421,7.593002914040993e-07,7,Wafer manufacturing,GaN_wafer,TRACI2.1 characterized inventory,Ozone Depletion Potential (Odp),per kg topology production output; total_life_cycle characterized inventory from LiAISON patch-v2,69,4
Wafer manufacturing__GaN_wafer,US,"Methane, tetrachloro-, R-10 (ozone depletion potential (ODP))",characterized inventory / ozone depletion potential (ODP),total_life_cycle aggregated background activities,kg CFC-11-Eq,74d0030f-1961-5572-a627-3622334c2634,2.294236170434018e-06,7,Wafer manufacturing,GaN_wafer,TRACI2.1 characterized inventory,Ozone Depletion Potential (Odp),per kg topology production output; total_life_cycle characterized inventory from LiAISON patch-v2,46,7
Wafer manufacturing__GaN_wafer,US,"Particulate Matter, > 2.5 um and < 10um (particulate matter formation potential (PMFP))",characterized inventory / particulate matter formation potential (PMFP),total_life_cycle aggregated background activities,PM2.5-Eq,cbe5a3f3-2b1c-50e7-9232-77477dec253c,52.73675044955657,38,Wafer manufacturing,GaN_wafer,TRACI2.1 characterized inventory,Particulate Matter Formation Potential (Pmfp),per kg topology production output; total_life_cycle characterized inventory from LiAISON patch-v2,200,26
ZLR refining__4N_Ga,CN,Nitrogen oxides (acidification potential (AP)),characterized inventory / acidification potential (AP),total_life_cycle aggregated background activities,kg SO2-Eq,3a16c65d-608e-5cc7-bc8a-fa70a9fdaf70,5.6170974077526585,49,ZLR refining,4N_Ga,TRACI2.1 characterized inventory,Acidification Potential (Ap),per kg topology production output; total_life_cycle characterized inventory from LiAISON patch-v2,200,32
ZLR refining__4N_Ga,CN,"1,2-Dichlorobenzene (ecotoxicity: freshwater)",characterized inventory / ecotoxicity: freshwater,total_life_cycle aggregated background activities,CTUe,7b4cf0cc-2bb7-52c0-9233-a25b6f14def3,447.8313972941753,7,ZLR refining,4N_Ga,TRACI2.1 characterized inventory,Ecotoxicity: Freshwater,per kg topology production output; total_life_cycle characterized inventory from LiAISON patch-v2,94,7
ZLR refining__4N_Ga,CN,Iprodione (ecotoxicity: freshwater),characterized inventory / ecotoxicity: freshwater,total_life_cycle aggregated background activities,CTUe,27edf6d4-2225-572e-ba51-51b1c18bf61e,14113.533930815405,4,ZLR refining,4N_Ga,TRACI2.1 characterized inventory,Ecotoxicity: Freshwater,per kg topology production output; total_life_cycle characterized inventory from LiAISON patch-v2,46,4
ZLR refining__4N_Ga,CN,Nitrogen dioxide (ecotoxicity: freshwater),characterized inventory / ecotoxicity: freshwater,total_life_cycle aggregated background activities,CTUe,764be1b0-4dc2-55bb-99b3-1483b4d1b057,1033.4866473117947,6,ZLR refining,4N_Ga,TRACI2.1 characterized inventory,Ecotoxicity: Freshwater,per kg topology production output; total_life_cycle characterized inventory from LiAISON patch-v2,60,5
ZLR refining__4N_Ga,CN,Nitrogen oxides (eutrophication potential),characterized inventory / eutrophication potential,total_life_cycle aggregated background activities,kg N-Eq,b4e4baea-90ce-56cf-980e-e7f403b0841f,1.8743590169923736,43,ZLR refining,4N_Ga,TRACI2.1 characterized inventory,Eutrophication Potential,per kg topology production output; total_life_cycle characterized inventory from LiAISON patch-v2,200,28
ZLR refining__4N_Ga,CN,Dinitrogen monoxide (global warming potential (GWP100)),characterized inventory / global warming potential (GWP100),total_life_cycle aggregated background activities,kg CO2-Eq,4500a198-4d64-5e07-9650-c7b4c84e9c67,387.64638908339447,43,ZLR refining,4N_Ga,TRACI2.1 characterized inventory,Global Warming Potential (Gwp100),per kg topology production output; total_life_cycle characterized inventory from LiAISON patch-v2,200,38
ZLR refining__4N_Ga,CN,Arsenic ion (human toxicity: carcinogenic),characterized inventory / human toxicity: carcinogenic,total_life_cycle aggregated background activities,CTUh,61fa15a3-2e57-58ea-a69f-fddecc39fb9c,3.3826685880956364e-05,18,ZLR refining,4N_Ga,TRACI2.1 characterized inventory,Human Toxicity: Carcinogenic,per kg topology production output; total_life_cycle characterized inventory from LiAISON patch-v2,200,13
ZLR refining__4N_Ga,CN,"1,2-Dichlorobenzene (human toxicity: non-carcinogenic)",characterized inventory / human toxicity: non-carcinogenic,total_life_cycle aggregated background activities,CTUh,b280247b-db90-594d-a9cb-b8943e1501c8,5.2181747421861694e-05,10,ZLR refining,4N_Ga,TRACI2.1 characterized inventory,Human Toxicity: Non-Carcinogenic,per kg topology production output; total_life_cycle characterized inventory from LiAISON patch-v2,123,7
ZLR refining__4N_Ga,CN,Imidacloprid (human toxicity: non-carcinogenic),characterized inventory / human toxicity: non-carcinogenic,total_life_cycle aggregated background activities,CTUh,d7ea881e-4683-5092-95ea-45f4c5d323aa,4.192441839543866e-06,4,ZLR refining,4N_Ga,TRACI2.1 characterized inventory,Human Toxicity: Non-Carcinogenic,per kg topology production output; total_life_cycle characterized inventory from LiAISON patch-v2,31,4
ZLR refining__4N_Ga,CN,Iprodione (human toxicity: non-carcinogenic),characterized inventory / human toxicity: non-carcinogenic,total_life_cycle aggregated background activities,CTUh,fff990d4-bdda-5944-bfe3-052bb27473ba,0.00020062547994630358,6,ZLR refining,4N_Ga,TRACI2.1 characterized inventory,Human Toxicity: Non-Carcinogenic,per kg topology production output; total_life_cycle characterized inventory from LiAISON patch-v2,46,6
ZLR refining__4N_Ga,CN,Nitrogen oxides (maximum incremental reactivity (MIR)),characterized inventory / maximum incremental reactivity (MIR),total_life_cycle aggregated background activities,kg O3-Eq,63d16f68-61c1-577a-999a-417294fd4d20,81.34901993904028,25,ZLR refining,4N_Ga,TRACI2.1 characterized inventory,Maximum Incremental Reactivity (Mir),per kg topology production output; total_life_cycle characterized inventory from LiAISON patch-v2,200,17
ZLR refining__4N_Ga,CN,"Ethane, 1,1,2-trichloro-1,2,2-trifluoro-, CFC-113 (ozone depletion potential (ODP))",characterized inventory / ozone depletion potential (ODP),total_life_cycle aggregated background activities,kg CFC-11-Eq,624367c5-07ef-5aa6-8633-b49a9a5493e5,0.0001204744736910019,13,ZLR refining,4N_Ga,TRACI2.1 characterized inventory,Ozone Depletion Potential (Odp),per kg topology production output; total_life_cycle characterized inventory from LiAISON patch-v2,85,11
ZLR refining__4N_Ga,CN,"Methane, monochloro-, R-40 (ozone depletion potential (ODP))",characterized inventory / ozone depletion potential (ODP),total_life_cycle aggregated background activities,kg CFC-11-Eq,f6d3ba7c-6187-5ef4-baa6-d51a2093977c,2.8707062343616782e-08,7,ZLR refining,4N_Ga,TRACI2.1 characterized inventory,Ozone Depletion Potential (Odp),per kg topology production output; total_life_cycle characterized inventory from LiAISON patch-v2,69,4
ZLR refining__4N_Ga,CN,"Methane, tetrachloro-, R-10 (ozone depletion potential (ODP))",characterized inventory / ozone depletion potential (ODP),total_life_cycle aggregated background activities,kg CFC-11-Eq,1b693df1-a33b-54ef-b582-efe597f02277,5.924889164746257e-08,7,ZLR refining,4N_Ga,TRACI2.1 characterized inventory,Ozone Depletion Potential (Odp),per kg topology production output; total_life_cycle characterized inventory from LiAISON patch-v2,46,7
ZLR refining__4N_Ga,CN,"Particulate Matter, > 2.5 um and < 10um (particulate matter formation potential (PMFP))",characterized inventory / particulate matter formation potential (PMFP),total_life_cycle aggregated background activities,PM2.5-Eq,88fb81b9-1fa9-5845-8ae2-caa47252bc9a,0.5091463550174122,38,ZLR refining,4N_Ga,TRACI2.1 characterized inventory,Particulate Matter Formation Potential (Pmfp),per kg topology production output; total_life_cycle characterized inventory from LiAISON patch-v2,200,26
ZLR refining__4N_Ga,JP,Nitrogen oxides (acidification potential (AP)),characterized inventory / acidification potential (AP),total_life_cycle aggregated background activities,kg SO2-Eq,a6237a03-5609-5b97-a081-fa900d3d480a,5.5704010185201795,49,ZLR refining,4N_Ga,TRACI2.1 characterized inventory,Acidification Potential (Ap),per kg topology production output; total_life_cycle characterized inventory from LiAISON patch-v2,200,32
ZLR refining__4N_Ga,JP,"1,2-Dichlorobenzene (ecotoxicity: freshwater)",characterized inventory / ecotoxicity: freshwater,total_life_cycle aggregated background activities,CTUe,a524b854-8b2d-529e-83f6-c51a2b631bdb,447.40314710425906,7,ZLR refining,4N_Ga,TRACI2.1 characterized inventory,Ecotoxicity: Freshwater,per kg topology production output; total_life_cycle characterized inventory from LiAISON patch-v2,94,7
ZLR refining__4N_Ga,JP,Iprodione (ecotoxicity: freshwater),characterized inventory / ecotoxicity: freshwater,total_life_cycle aggregated background activities,CTUe,ae5ed056-9305-56a6-bba0-9c0a7faf4842,14095.887251900709,4,ZLR refining,4N_Ga,TRACI2.1 characterized inventory,Ecotoxicity: Freshwater,per kg topology production output; total_life_cycle characterized inventory from LiAISON patch-v2,46,4
ZLR refining__4N_Ga,JP,Nitrogen dioxide (ecotoxicity: freshwater),characterized inventory / ecotoxicity: freshwater,total_life_cycle aggregated background activities,CTUe,2e52e514-1d73-5ac2-928b-0a43cba02de8,1028.6582003103736,6,ZLR refining,4N_Ga,TRACI2.1 characterized inventory,Ecotoxicity: Freshwater,per kg topology production output; total_life_cycle characterized inventory from LiAISON patch-v2,60,5
ZLR refining__4N_Ga,JP,Nitrogen oxides (eutrophication potential),characterized inventory / eutrophication potential,total_life_cycle aggregated background activities,kg N-Eq,e99359f1-8719-5dbf-9887-324f1d4668ba,1.862878848807275,43,ZLR refining,4N_Ga,TRACI2.1 characterized inventory,Eutrophication Potential,per kg topology production output; total_life_cycle characterized inventory from LiAISON patch-v2,200,28
ZLR refining__4N_Ga,JP,Dinitrogen monoxide (global warming potential (GWP100)),characterized inventory / global warming potential (GWP100),total_life_cycle aggregated background activities,kg CO2-Eq,63cc9c68-d6b6-5b82-a870-cc0791611c87,378.73328869240015,43,ZLR refining,4N_Ga,TRACI2.1 characterized inventory,Global Warming Potential (Gwp100),per kg topology production output; total_life_cycle characterized inventory from LiAISON patch-v2,200,38
ZLR refining__4N_Ga,JP,Arsenic ion (human toxicity: carcinogenic),characterized inventory / human toxicity: carcinogenic,total_life_cycle aggregated background activities,CTUh,061ac854-cab2-5b6e-940c-448e7ea384db,3.33101658334118e-05,18,ZLR refining,4N_Ga,TRACI2.1 characterized inventory,Human Toxicity: Carcinogenic,per kg topology production output; total_life_cycle characterized inventory from LiAISON patch-v2,200,13
ZLR refining__4N_Ga,JP,"1,2-Dichlorobenzene (human toxicity: non-carcinogenic)",characterized inventory / human toxicity: non-carcinogenic,total_life_cycle aggregated background activities,CTUh,8b2feb73-7724-5529-abb9-2c5291388c4b,5.249395178912546e-05,10,ZLR refining,4N_Ga,TRACI2.1 characterized inventory,Human Toxicity: Non-Carcinogenic,per kg topology production output; total_life_cycle characterized inventory from LiAISON patch-v2,123,7
ZLR refining__4N_Ga,JP,Imidacloprid (human toxicity: non-carcinogenic),characterized inventory / human toxicity: non-carcinogenic,total_life_cycle aggregated background activities,CTUh,d0811499-afb7-55ca-9db2-4488377ac3b3,4.126887199172191e-06,4,ZLR refining,4N_Ga,TRACI2.1 characterized inventory,Human Toxicity: Non-Carcinogenic,per kg topology production output; total_life_cycle characterized inventory from LiAISON patch-v2,31,4
ZLR refining__4N_Ga,JP,Iprodione (human toxicity: non-carcinogenic),characterized inventory / human toxicity: non-carcinogenic,total_life_cycle aggregated background activities,CTUh,0e3b45d2-242c-50b0-a792-56b70d91aecf,0.0001992166691487411,6,ZLR refining,4N_Ga,TRACI2.1 characterized inventory,Human Toxicity: Non-Carcinogenic,per kg topology production output; total_life_cycle characterized inventory from LiAISON patch-v2,46,6
ZLR refining__4N_Ga,JP,Nitrogen oxides (maximum incremental reactivity (MIR)),characterized inventory / maximum incremental reactivity (MIR),total_life_cycle aggregated background activities,kg O3-Eq,0ebe1887-63bb-5543-9e9f-b50979da133f,80.31947060256417,25,ZLR refining,4N_Ga,TRACI2.1 characterized inventory,Maximum Incremental Reactivity (Mir),per kg topology production output; total_life_cycle characterized inventory from LiAISON patch-v2,200,17
ZLR refining__4N_Ga,JP,"Ethane, 1,1,2-trichloro-1,2,2-trifluoro-, CFC-113 (ozone depletion potential (ODP))",characterized inventory / ozone depletion potential (ODP),total_life_cycle aggregated background activities,kg CFC-11-Eq,3e234e03-6c1c-58d5-84ea-0f13e57474e0,0.00012067444409413006,13,ZLR refining,4N_Ga,TRACI2.1 characterized inventory,Ozone Depletion Potential (Odp),per kg topology production output; total_life_cycle characterized inventory from LiAISON patch-v2,85,11
ZLR refining__4N_Ga,JP,"Methane, monochloro-, R-40 (ozone depletion potential (ODP))",characterized inventory / ozone depletion potential (ODP),total_life_cycle aggregated background activities,kg CFC-11-Eq,c2caf7fb-dd65-5554-88ce-1f1a91d79628,2.7158872003781847e-08,7,ZLR refining,4N_Ga,TRACI2.1 characterized inventory,Ozone Depletion Potential (Odp),per kg topology production output; total_life_cycle characterized inventory from LiAISON patch-v2,69,4
ZLR refining__4N_Ga,JP,"Methane, tetrachloro-, R-10 (ozone depletion potential (ODP))",characterized inventory / ozone depletion potential (ODP),total_life_cycle aggregated background activities,kg CFC-11-Eq,0e000975-c33d-5548-8f81-d2a5c9a96255,5.3343763696116616e-08,7,ZLR refining,4N_Ga,TRACI2.1 characterized inventory,Ozone Depletion Potential (Odp),per kg topology production output; total_life_cycle characterized inventory from LiAISON patch-v2,46,7
ZLR refining__4N_Ga,JP,"Particulate Matter, > 2.5 um and < 10um (particulate matter formation potential (PMFP))",characterized inventory / particulate matter formation potential (PMFP),total_life_cycle aggregated background activities,PM2.5-Eq,fda58877-96d0-5aba-b246-3fe3928522b0,0.497472889397659,38,ZLR refining,4N_Ga,TRACI2.1 characterized inventory,Particulate Matter Formation Potential (Pmfp),per kg topology production output; total_life_cycle characterized inventory from LiAISON patch-v2,200,26
ZLR refining__4N_Ga,KR,Nitrogen oxides (acidification potential (AP)),characterized inventory / acidification potential (AP),total_life_cycle aggregated background activities,kg SO2-Eq,31c3955a-3536-525a-8966-ff99afea077a,5.556668537510317,49,ZLR refining,4N_Ga,TRACI2.1 characterized inventory,Acidification Potential (Ap),per kg topology production output; total_life_cycle characterized inventory from LiAISON patch-v2,200,32
ZLR refining__4N_Ga,KR,"1,2-Dichlorobenzene (ecotoxicity: freshwater)",characterized inventory / ecotoxicity: freshwater,total_life_cycle aggregated background activities,CTUe,246d801f-4938-5f14-bac0-4af8a0809c05,448.2203890713316,7,ZLR refining,4N_Ga,TRACI2.1 characterized inventory,Ecotoxicity: Freshwater,per kg topology production output; total_life_cycle characterized inventory from LiAISON patch-v2,94,7
ZLR refining__4N_Ga,KR,Iprodione (ecotoxicity: freshwater),characterized inventory / ecotoxicity: freshwater,total_life_cycle aggregated background activities,CTUe,d91d12d2-cb63-5acf-afc8-906c8d618425,14125.772599277681,4,ZLR refining,4N_Ga,TRACI2.1 characterized inventory,Ecotoxicity: Freshwater,per kg topology production output; total_life_cycle characterized inventory from LiAISON patch-v2,46,4
ZLR refining__4N_Ga,KR,Nitrogen dioxide (ecotoxicity: freshwater),characterized inventory / ecotoxicity: freshwater,total_life_cycle aggregated background activities,CTUe,4dc055ce-655a-5a4e-aa15-ed9a00d9f7bb,1035.4166151224895,6,ZLR refining,4N_Ga,TRACI2.1 characterized inventory,Ecotoxicity: Freshwater,per kg topology production output; total_life_cycle characterized inventory from LiAISON patch-v2,60,5
ZLR refining__4N_Ga,KR,Nitrogen oxides (eutrophication potential),characterized inventory / eutrophication potential,total_life_cycle aggregated background activities,kg N-Eq,4497837c-0dd6-5468-be5f-8170a458eaf8,1.9231613213188614,43,ZLR refining,4N_Ga,TRACI2.1 characterized inventory,Eutrophication Potential,per kg topology production output; total_life_cycle characterized inventory from LiAISON patch-v2,200,28
ZLR refining__4N_Ga,KR,Dinitrogen monoxide (global warming potential (GWP100)),characterized inventory / global warming potential (GWP100),total_life_cycle aggregated background activities,kg CO2-Eq,3173ead4-cc69-522e-ad6c-57350f885f8b,379.6478179269272,43,ZLR refining,4N_Ga,TRACI2.1 characterized inventory,Global Warming Potential (Gwp100),per kg topology production output; total_life_cycle characterized inventory from LiAISON patch-v2,200,38
ZLR refining__4N_Ga,KR,Arsenic ion (human toxicity: carcinogenic),characterized inventory / human toxicity: carcinogenic,total_life_cycle aggregated background activities,CTUh,27a82518-c282-5ea0-a557-255b5e2732cc,3.394810387298479e-05,18,ZLR refining,4N_Ga,TRACI2.1 characterized inventory,Human Toxicity: Carcinogenic,per kg topology production output; total_life_cycle characterized inventory from LiAISON patch-v2,200,13
ZLR refining__4N_Ga,KR,"1,2-Dichlorobenzene (human toxicity: non-carcinogenic)",characterized inventory / human toxicity: non-carcinogenic,total_life_cycle aggregated background activities,CTUh,9b389a72-08c1-5970-a64e-f279f567f90a,5.244322999774642e-05,10,ZLR refining,4N_Ga,TRACI2.1 characterized inventory,Human Toxicity: Non-Carcinogenic,per kg topology production output; total_life_cycle characterized inventory from LiAISON patch-v2,123,7
ZLR refining__4N_Ga,KR,Imidacloprid (human toxicity: non-carcinogenic),characterized inventory / human toxicity: non-carcinogenic,total_life_cycle aggregated background activities,CTUh,6b49b553-6252-571b-a19a-a9f0c46e4bab,4.1517650763432e-06,4,ZLR refining,4N_Ga,TRACI2.1 characterized inventory,Human Toxicity: Non-Carcinogenic,per kg topology production output; total_life_cycle characterized inventory from LiAISON patch-v2,31,4
ZLR refining__4N_Ga,KR,Iprodione (human toxicity: non-carcinogenic),characterized inventory / human toxicity: non-carcinogenic,total_life_cycle aggregated background activities,CTUh,155800f2-3584-599b-938f-46738af200d6,0.00020116507363961134,6,ZLR refining,4N_Ga,TRACI2.1 characterized inventory,Human Toxicity: Non-Carcinogenic,per kg topology production output; total_life_cycle characterized inventory from LiAISON patch-v2,46,6
ZLR refining__4N_Ga,KR,Nitrogen oxides (maximum incremental reactivity (MIR)),characterized inventory / maximum incremental reactivity (MIR),total_life_cycle aggregated background activities,kg O3-Eq,e5013b7a-d223-5c3d-ad88-81332ac404e5,80.55446367539088,25,ZLR refining,4N_Ga,TRACI2.1 characterized inventory,Maximum Incremental Reactivity (Mir),per kg topology production output; total_life_cycle characterized inventory from LiAISON patch-v2,200,17
ZLR refining__4N_Ga,KR,"Ethane, 1,1,2-trichloro-1,2,2-trifluoro-, CFC-113 (ozone depletion potential (ODP))",characterized inventory / ozone depletion potential (ODP),total_life_cycle aggregated background activities,kg CFC-11-Eq,253e696b-1c63-58ba-ad89-6d6e3ee2e05b,0.0001208372327287434,13,ZLR refining,4N_Ga,TRACI2.1 characterized inventory,Ozone Depletion Potential (Odp),per kg topology production output; total_life_cycle characterized inventory from LiAISON patch-v2,85,11
ZLR refining__4N_Ga,KR,"Methane, monochloro-, R-40 (ozone depletion potential (ODP))",characterized inventory / ozone depletion potential (ODP),total_life_cycle aggregated background activities,kg CFC-11-Eq,5a215f22-3ae6-5422-aa5e-82ca39e2480f,2.6605945099541432e-08,7,ZLR refining,4N_Ga,TRACI2.1 characterized inventory,Ozone Depletion Potential (Odp),per kg topology production output; total_life_cycle characterized inventory from LiAISON patch-v2,69,4
ZLR refining__4N_Ga,KR,"Methane, tetrachloro-, R-10 (ozone depletion potential (ODP))",characterized inventory / ozone depletion potential (ODP),total_life_cycle aggregated background activities,kg CFC-11-Eq,2c77d0bf-b592-54a3-b2d3-1a21448af7ff,5.386926104273365e-08,7,ZLR refining,4N_Ga,TRACI2.1 characterized inventory,Ozone Depletion Potential (Odp),per kg topology production output; total_life_cycle characterized inventory from LiAISON patch-v2,46,7
ZLR refining__4N_Ga,KR,"Particulate Matter, > 2.5 um and < 10um (particulate matter formation potential (PMFP))",characterized inventory / particulate matter formation potential (PMFP),total_life_cycle aggregated background activities,PM2.5-Eq,17568762-b472-575f-aca5-9e244b7fa9b9,0.503528166806371,38,ZLR refining,4N_Ga,TRACI2.1 characterized inventory,Particulate Matter Formation Potential (Pmfp),per kg topology production output; total_life_cycle characterized inventory from LiAISON patch-v2,200,26
ZLR refining__4N_Ga,US,Nitrogen oxides (acidification potential (AP)),characterized inventory / acidification potential (AP),total_life_cycle aggregated background activities,kg SO2-Eq,de21aa7b-1cdb-5bf2-a5e4-9730b8e47336,5.540964714250801,49,ZLR refining,4N_Ga,TRACI2.1 characterized inventory,Acidification Potential (Ap),per kg topology production output; total_life_cycle characterized inventory from LiAISON patch-v2,200,32
ZLR refining__4N_Ga,US,"1,2-Dichlorobenzene (ecotoxicity: freshwater)",characterized inventory / ecotoxicity: freshwater,total_life_cycle aggregated background activities,CTUe,454b8504-7573-5ae8-8ae1-f6a3b1332a88,447.7152580740564,7,ZLR refining,4N_Ga,TRACI2.1 characterized inventory,Ecotoxicity: Freshwater,per kg topology production output; total_life_cycle characterized inventory from LiAISON patch-v2,94,7
ZLR refining__4N_Ga,US,Iprodione (ecotoxicity: freshwater),characterized inventory / ecotoxicity: freshwater,total_life_cycle aggregated background activities,CTUe,a4aee5c6-5d84-5bc1-a49a-9946f71cd468,14096.490822435788,4,ZLR refining,4N_Ga,TRACI2.1 characterized inventory,Ecotoxicity: Freshwater,per kg topology production output; total_life_cycle characterized inventory from LiAISON patch-v2,46,4
ZLR refining__4N_Ga,US,Nitrogen dioxide (ecotoxicity: freshwater),characterized inventory / ecotoxicity: freshwater,total_life_cycle aggregated background activities,CTUe,9885e5f4-5a67-58f5-8387-aa2c881d1d55,1037.0764801676808,6,ZLR refining,4N_Ga,TRACI2.1 characterized inventory,Ecotoxicity: Freshwater,per kg topology production output; total_life_cycle characterized inventory from LiAISON patch-v2,60,5
ZLR refining__4N_Ga,US,Nitrogen oxides (eutrophication potential),characterized inventory / eutrophication potential,total_life_cycle aggregated background activities,kg N-Eq,ac1129b3-c2c0-52c1-bad1-4fedc05449a9,1.9028394430119366,43,ZLR refining,4N_Ga,TRACI2.1 characterized inventory,Eutrophication Potential,per kg topology production output; total_life_cycle characterized inventory from LiAISON patch-v2,200,28
ZLR refining__4N_Ga,US,Dinitrogen monoxide (global warming potential (GWP100)),characterized inventory / global warming potential (GWP100),total_life_cycle aggregated background activities,kg CO2-Eq,8e3d2d64-ddfe-5c74-b008-9ce0b7ca72eb,375.57697803564616,43,ZLR refining,4N_Ga,TRACI2.1 characterized inventory,Global Warming Potential (Gwp100),per kg topology production output; total_life_cycle characterized inventory from LiAISON patch-v2,200,38
ZLR refining__4N_Ga,US,Arsenic ion (human toxicity: carcinogenic),characterized inventory / human toxicity: carcinogenic,total_life_cycle aggregated background activities,CTUh,b7c5bb49-563c-5733-949e-4295445bd3b1,3.3568487451596036e-05,18,ZLR refining,4N_Ga,TRACI2.1 characterized inventory,Human Toxicity: Carcinogenic,per kg topology production output; total_life_cycle characterized inventory from LiAISON patch-v2,200,13
ZLR refining__4N_Ga,US,"1,2-Dichlorobenzene (human toxicity: non-carcinogenic)",characterized inventory / human toxicity: non-carcinogenic,total_life_cycle aggregated background activities,CTUh,b73ce051-87b5-540b-8c11-9c52739c6c1f,5.236028379785547e-05,10,ZLR refining,4N_Ga,TRACI2.1 characterized inventory,Human Toxicity: Non-Carcinogenic,per kg topology production output; total_life_cycle characterized inventory from LiAISON patch-v2,123,7
ZLR refining__4N_Ga,US,Imidacloprid (human toxicity: non-carcinogenic),characterized inventory / human toxicity: non-carcinogenic,total_life_cycle aggregated background activities,CTUh,3cc13990-dfd1-5d8a-a467-514381474cdb,4.1001465747372165e-06,4,ZLR refining,4N_Ga,TRACI2.1 characterized inventory,Human Toxicity: Non-Carcinogenic,per kg topology production output; total_life_cycle characterized inventory from LiAISON patch-v2,31,4
ZLR refining__4N_Ga,US,Iprodione (human toxicity: non-carcinogenic),characterized inventory / human toxicity: non-carcinogenic,total_life_cycle aggregated background activities,CTUh,4055d9d8-264e-5f69-a80f-8b3935656fd7,0.00020009177353892988,6,ZLR refining,4N_Ga,TRACI2.1 characterized inventory,Human Toxicity: Non-Carcinogenic,per kg topology production output; total_life_cycle characterized inventory from LiAISON patch-v2,46,6
ZLR refining__4N_Ga,US,Nitrogen oxides (maximum incremental reactivity (MIR)),characterized inventory / maximum incremental reactivity (MIR),total_life_cycle aggregated background activities,kg O3-Eq,c1161f1b-2060-5a14-9aea-66ef6c5e09d7,79.97165765360138,25,ZLR refining,4N_Ga,TRACI2.1 characterized inventory,Maximum Incremental Reactivity (Mir),per kg topology production output; total_life_cycle characterized inventory from LiAISON patch-v2,200,17
ZLR refining__4N_Ga,US,"Ethane, 1,1,2-trichloro-1,2,2-trifluoro-, CFC-113 (ozone depletion potential (ODP))",characterized inventory / ozone depletion potential (ODP),total_life_cycle aggregated background activities,kg CFC-11-Eq,d8ad19ab-74d6-50db-b633-c20f6ba95f59,0.00012101314861828013,13,ZLR refining,4N_Ga,TRACI2.1 characterized inventory,Ozone Depletion Potential (Odp),per kg topology production output; total_life_cycle characterized inventory from LiAISON patch-v2,85,11
ZLR refining__4N_Ga,US,"Methane, monochloro-, R-40 (ozone depletion potential (ODP))",characterized inventory / ozone depletion potential (ODP),total_life_cycle aggregated background activities,kg CFC-11-Eq,75977bdb-ea6a-5d10-b16d-9eff64302402,2.6693347524484698e-08,7,ZLR refining,4N_Ga,TRACI2.1 characterized inventory,Ozone Depletion Potential (Odp),per kg topology production output; total_life_cycle characterized inventory from LiAISON patch-v2,69,4
ZLR refining__4N_Ga,US,"Methane, tetrachloro-, R-10 (ozone depletion potential (ODP))",characterized inventory / ozone depletion potential (ODP),total_life_cycle aggregated background activities,kg CFC-11-Eq,200d1d78-401a-5841-a1d7-2f5b843334dc,5.4429381330557516e-08,7,ZLR refining,4N_Ga,TRACI2.1 characterized inventory,Ozone Depletion Potential (Odp),per kg topology production output; total_life_cycle characterized inventory from LiAISON patch-v2,46,7
ZLR refining__4N_Ga,US,"Particulate Matter, > 2.5 um and < 10um (particulate matter formation potential (PMFP))",characterized inventory / particulate matter formation potential (PMFP),total_life_cycle aggregated background activities,PM2.5-Eq,83130be7-b08b-5f2b-9a79-2f0510841b0f,0.5151558294934144,38,ZLR refining,4N_Ga,TRACI2.1 characterized inventory,Particulate Matter Formation Potential (Pmfp),per kg topology production output; total_life_cycle characterized inventory from LiAISON patch-v2,200,26
ZS mining__Zn_sphalerite_concentrate,AU,Nitrogen oxides (acidification potential (AP)),characterized inventory / acidification potential (AP),total_life_cycle aggregated background activities,kg SO2-Eq,d760240a-0601-5c45-951b-1e61a2ff151c,0.0035252030107110702,49,ZS mining,Zn_sphalerite_concentrate,TRACI2.1 characterized inventory,Acidification Potential (Ap),per kg topology production output; total_life_cycle characterized inventory from LiAISON patch-v2,200,32
ZS mining__Zn_sphalerite_concentrate,AU,"1,2-Dichlorobenzene (ecotoxicity: freshwater)",characterized inventory / ecotoxicity: freshwater,total_life_cycle aggregated background activities,CTUe,10d9a3b8-5709-5850-999c-569de6e0d3dc,3.139150239456226,7,ZS mining,Zn_sphalerite_concentrate,TRACI2.1 characterized inventory,Ecotoxicity: Freshwater,per kg topology production output; total_life_cycle characterized inventory from LiAISON patch-v2,94,7
ZS mining__Zn_sphalerite_concentrate,AU,Iprodione (ecotoxicity: freshwater),characterized inventory / ecotoxicity: freshwater,total_life_cycle aggregated background activities,CTUe,ae69f6fc-1605-51e4-84f3-28c4834788d9,358.73159809181976,4,ZS mining,Zn_sphalerite_concentrate,TRACI2.1 characterized inventory,Ecotoxicity: Freshwater,per kg topology production output; total_life_cycle characterized inventory from LiAISON patch-v2,46,4
ZS mining__Zn_sphalerite_concentrate,AU,Nitrogen dioxide (ecotoxicity: freshwater),characterized inventory / ecotoxicity: freshwater,total_life_cycle aggregated background activities,CTUe,59f5e249-b232-5509-9a00-3900d5496d6c,13.304504526736968,6,ZS mining,Zn_sphalerite_concentrate,TRACI2.1 characterized inventory,Ecotoxicity: Freshwater,per kg topology production output; total_life_cycle characterized inventory from LiAISON patch-v2,60,5
ZS mining__Zn_sphalerite_concentrate,AU,Nitrogen oxides (eutrophication potential),characterized inventory / eutrophication potential,total_life_cycle aggregated background activities,kg N-Eq,ac6bb7a2-dfa1-53c1-827a-8a9b907e8010,0.009845338974746716,43,ZS mining,Zn_sphalerite_concentrate,TRACI2.1 characterized inventory,Eutrophication Potential,per kg topology production output; total_life_cycle characterized inventory from LiAISON patch-v2,200,28
ZS mining__Zn_sphalerite_concentrate,AU,Dinitrogen monoxide (global warming potential (GWP100)),characterized inventory / global warming potential (GWP100),total_life_cycle aggregated background activities,kg CO2-Eq,911ab1ed-1e3c-5c00-9549-9bd3520474f2,0.3917377659294888,43,ZS mining,Zn_sphalerite_concentrate,TRACI2.1 characterized inventory,Global Warming Potential (Gwp100),per kg topology production output; total_life_cycle characterized inventory from LiAISON patch-v2,200,38
ZS mining__Zn_sphalerite_concentrate,AU,Arsenic ion (human toxicity: carcinogenic),characterized inventory / human toxicity: carcinogenic,total_life_cycle aggregated background activities,CTUh,ff10f67f-289b-52ec-a31e-fe4fb725e9f6,8.960550575735827e-07,18,ZS mining,Zn_sphalerite_concentrate,TRACI2.1 characterized inventory,Human Toxicity: Carcinogenic,per kg topology production output; total_life_cycle characterized inventory from LiAISON patch-v2,200,13
ZS mining__Zn_sphalerite_concentrate,AU,"1,2-Dichlorobenzene (human toxicity: non-carcinogenic)",characterized inventory / human toxicity: non-carcinogenic,total_life_cycle aggregated background activities,CTUh,0100617d-ea45-54c3-a242-7ece85ab5d69,3.8736244227855723e-07,10,ZS mining,Zn_sphalerite_concentrate,TRACI2.1 characterized inventory,Human Toxicity: Non-Carcinogenic,per kg topology production output; total_life_cycle characterized inventory from LiAISON patch-v2,123,7
ZS mining__Zn_sphalerite_concentrate,AU,Imidacloprid (human toxicity: non-carcinogenic),characterized inventory / human toxicity: non-carcinogenic,total_life_cycle aggregated background activities,CTUh,982a73d6-c19b-5f09-b054-f88b42734da1,1.5993705864538454e-08,4,ZS mining,Zn_sphalerite_concentrate,TRACI2.1 characterized inventory,Human Toxicity: Non-Carcinogenic,per kg topology production output; total_life_cycle characterized inventory from LiAISON patch-v2,31,4
ZS mining__Zn_sphalerite_concentrate,AU,Iprodione (human toxicity: non-carcinogenic),characterized inventory / human toxicity: non-carcinogenic,total_life_cycle aggregated background activities,CTUh,fce6ee0a-416c-527c-a487-4ce3729a9a06,1.1651374221185263e-05,6,ZS mining,Zn_sphalerite_concentrate,TRACI2.1 characterized inventory,Human Toxicity: Non-Carcinogenic,per kg topology production output; total_life_cycle characterized inventory from LiAISON patch-v2,46,6
ZS mining__Zn_sphalerite_concentrate,AU,Nitrogen oxides (maximum incremental reactivity (MIR)),characterized inventory / maximum incremental reactivity (MIR),total_life_cycle aggregated background activities,kg O3-Eq,9fa228b6-873e-591d-88b0-37d7c4b14b05,0.04786774364413865,25,ZS mining,Zn_sphalerite_concentrate,TRACI2.1 characterized inventory,Maximum Incremental Reactivity (Mir),per kg topology production output; total_life_cycle characterized inventory from LiAISON patch-v2,200,17
ZS mining__Zn_sphalerite_concentrate,AU,"Ethane, 1,1,2-trichloro-1,2,2-trifluoro-, CFC-113 (ozone depletion potential (ODP))",characterized inventory / ozone depletion potential (ODP),total_life_cycle aggregated background activities,kg CFC-11-Eq,20bc244f-3355-5e90-8f21-91c1c0c6e5ad,3.869261345134653e-08,13,ZS mining,Zn_sphalerite_concentrate,TRACI2.1 characterized inventory,Ozone Depletion Potential (Odp),per kg topology production output; total_life_cycle characterized inventory from LiAISON patch-v2,85,11
ZS mining__Zn_sphalerite_concentrate,AU,"Methane, monochloro-, R-40 (ozone depletion potential (ODP))",characterized inventory / ozone depletion potential (ODP),total_life_cycle aggregated background activities,kg CFC-11-Eq,d80cc7d8-b94d-592c-812f-c1263121fe79,6.67945977741564e-12,7,ZS mining,Zn_sphalerite_concentrate,TRACI2.1 characterized inventory,Ozone Depletion Potential (Odp),per kg topology production output; total_life_cycle characterized inventory from LiAISON patch-v2,69,4
ZS mining__Zn_sphalerite_concentrate,AU,"Methane, tetrachloro-, R-10 (ozone depletion potential (ODP))",characterized inventory / ozone depletion potential (ODP),total_life_cycle aggregated background activities,kg CFC-11-Eq,4c2ea4a7-5951-596c-9a5f-fb3c308ff915,1.5928289073023396e-11,7,ZS mining,Zn_sphalerite_concentrate,TRACI2.1 characterized inventory,Ozone Depletion Potential (Odp),per kg topology production output; total_life_cycle characterized inventory from LiAISON patch-v2,46,7
ZS mining__Zn_sphalerite_concentrate,AU,"Particulate Matter, > 2.5 um and < 10um (particulate matter formation potential (PMFP))",characterized inventory / particulate matter formation potential (PMFP),total_life_cycle aggregated background activities,PM2.5-Eq,54098ad9-44b7-55c4-aa92-16c0e9835058,0.00046047954958037483,38,ZS mining,Zn_sphalerite_concentrate,TRACI2.1 characterized inventory,Particulate Matter Formation Potential (Pmfp),per kg topology production output; total_life_cycle characterized inventory from LiAISON patch-v2,200,26
ZS mining__Zn_sphalerite_concentrate,CA,Nitrogen oxides (acidification potential (AP)),characterized inventory / acidification potential (AP),total_life_cycle aggregated background activities,kg SO2-Eq,5ae8fb83-5d0c-5ad0-9d00-b7026327822d,0.001136224758823364,49,ZS mining,Zn_sphalerite_concentrate,TRACI2.1 characterized inventory,Acidification Potential (Ap),per kg topology production output; total_life_cycle characterized inventory from LiAISON patch-v2,200,32
ZS mining__Zn_sphalerite_concentrate,CA,"1,2-Dichlorobenzene (ecotoxicity: freshwater)",characterized inventory / ecotoxicity: freshwater,total_life_cycle aggregated background activities,CTUe,40a26978-2016-5c78-90d9-2cb8fe10c6c6,1.01179262503171,7,ZS mining,Zn_sphalerite_concentrate,TRACI2.1 characterized inventory,Ecotoxicity: Freshwater,per kg topology production output; total_life_cycle characterized inventory from LiAISON patch-v2,94,7
ZS mining__Zn_sphalerite_concentrate,CA,Iprodione (ecotoxicity: freshwater),characterized inventory / ecotoxicity: freshwater,total_life_cycle aggregated background activities,CTUe,3bf840f0-23d5-5ab0-9e1b-7dce385b1539,115.62430591846191,4,ZS mining,Zn_sphalerite_concentrate,TRACI2.1 characterized inventory,Ecotoxicity: Freshwater,per kg topology production output; total_life_cycle characterized inventory from LiAISON patch-v2,46,4
ZS mining__Zn_sphalerite_concentrate,CA,Nitrogen dioxide (ecotoxicity: freshwater),characterized inventory / ecotoxicity: freshwater,total_life_cycle aggregated background activities,CTUe,004c2bff-a74e-55ce-9152-0da6f365f86c,4.288232480156223,6,ZS mining,Zn_sphalerite_concentrate,TRACI2.1 characterized inventory,Ecotoxicity: Freshwater,per kg topology production output; total_life_cycle characterized inventory from LiAISON patch-v2,60,5
ZS mining__Zn_sphalerite_concentrate,CA,Nitrogen oxides (eutrophication potential),characterized inventory / eutrophication potential,total_life_cycle aggregated background activities,kg N-Eq,381157ec-8bb1-5026-a45d-24980c44d0ac,0.0031732913423353874,43,ZS mining,Zn_sphalerite_concentrate,TRACI2.1 characterized inventory,Eutrophication Potential,per kg topology production output; total_life_cycle characterized inventory from LiAISON patch-v2,200,28
ZS mining__Zn_sphalerite_concentrate,CA,Dinitrogen monoxide (global warming potential (GWP100)),characterized inventory / global warming potential (GWP100),total_life_cycle aggregated background activities,kg CO2-Eq,84fd6da3-b719-5f5f-b614-8171172b070c,0.12626286956767138,43,ZS mining,Zn_sphalerite_concentrate,TRACI2.1 characterized inventory,Global Warming Potential (Gwp100),per kg topology production output; total_life_cycle characterized inventory from LiAISON patch-v2,200,38
ZS mining__Zn_sphalerite_concentrate,CA,Arsenic ion (human toxicity: carcinogenic),characterized inventory / human toxicity: carcinogenic,total_life_cycle aggregated background activities,CTUh,e635fdd7-bd8f-5127-8347-8b40eb92cf9f,2.8881336012204486e-07,18,ZS mining,Zn_sphalerite_concentrate,TRACI2.1 characterized inventory,Human Toxicity: Carcinogenic,per kg topology production output; total_life_cycle characterized inventory from LiAISON patch-v2,200,13
ZS mining__Zn_sphalerite_concentrate,CA,"1,2-Dichlorobenzene (human toxicity: non-carcinogenic)",characterized inventory / human toxicity: non-carcinogenic,total_life_cycle aggregated background activities,CTUh,fc5fe90e-a73b-55d9-a7a5-d2cb878b60e9,1.2485238549974884e-07,10,ZS mining,Zn_sphalerite_concentrate,TRACI2.1 characterized inventory,Human Toxicity: Non-Carcinogenic,per kg topology production output; total_life_cycle characterized inventory from LiAISON patch-v2,123,7
ZS mining__Zn_sphalerite_concentrate,CA,Imidacloprid (human toxicity: non-carcinogenic),characterized inventory / human toxicity: non-carcinogenic,total_life_cycle aggregated background activities,CTUh,2605b482-6cc7-592e-a1bd-7b1240984460,5.155000301696973e-09,4,ZS mining,Zn_sphalerite_concentrate,TRACI2.1 characterized inventory,Human Toxicity: Non-Carcinogenic,per kg topology production output; total_life_cycle characterized inventory from LiAISON patch-v2,31,4
ZS mining__Zn_sphalerite_concentrate,CA,Iprodione (human toxicity: non-carcinogenic),characterized inventory / human toxicity: non-carcinogenic,total_life_cycle aggregated background activities,CTUh,46e0654a-a73e-5f31-bbdb-56504eeb27b9,3.755408136349875e-06,6,ZS mining,Zn_sphalerite_concentrate,TRACI2.1 characterized inventory,Human Toxicity: Non-Carcinogenic,per kg topology production output; total_life_cycle characterized inventory from LiAISON patch-v2,46,6
ZS mining__Zn_sphalerite_concentrate,CA,Nitrogen oxides (maximum incremental reactivity (MIR)),characterized inventory / maximum incremental reactivity (MIR),total_life_cycle aggregated background activities,kg O3-Eq,ec81851f-e579-5620-a914-94c9873439e3,0.015428521038203675,25,ZS mining,Zn_sphalerite_concentrate,TRACI2.1 characterized inventory,Maximum Incremental Reactivity (Mir),per kg topology production output; total_life_cycle characterized inventory from LiAISON patch-v2,200,17
ZS mining__Zn_sphalerite_concentrate,CA,"Ethane, 1,1,2-trichloro-1,2,2-trifluoro-, CFC-113 (ozone depletion potential (ODP))",characterized inventory / ozone depletion potential (ODP),total_life_cycle aggregated background activities,kg CFC-11-Eq,a087499a-b0fb-5d2b-97f6-73a39078b55e,1.247117308623987e-08,13,ZS mining,Zn_sphalerite_concentrate,TRACI2.1 characterized inventory,Ozone Depletion Potential (Odp),per kg topology production output; total_life_cycle characterized inventory from LiAISON patch-v2,85,11
ZS mining__Zn_sphalerite_concentrate,CA,"Methane, monochloro-, R-40 (ozone depletion potential (ODP))",characterized inventory / ozone depletion potential (ODP),total_life_cycle aggregated background activities,kg CFC-11-Eq,0dfaf3c0-2ecc-5387-aeea-7d1f17aa96d8,2.152883743922711e-12,7,ZS mining,Zn_sphalerite_concentrate,TRACI2.1 characterized inventory,Ozone Depletion Potential (Odp),per kg topology production output; total_life_cycle characterized inventory from LiAISON patch-v2,69,4
ZS mining__Zn_sphalerite_concentrate,CA,"Methane, tetrachloro-, R-10 (ozone depletion potential (ODP))",characterized inventory / ozone depletion potential (ODP),total_life_cycle aggregated background activities,kg CFC-11-Eq,d10b3357-58b8-51c2-a298-45a5c281e796,5.133911283501807e-12,7,ZS mining,Zn_sphalerite_concentrate,TRACI2.1 characterized inventory,Ozone Depletion Potential (Odp),per kg topology production output; total_life_cycle characterized inventory from LiAISON patch-v2,46,7
ZS mining__Zn_sphalerite_concentrate,CA,"Particulate Matter, > 2.5 um and < 10um (particulate matter formation potential (PMFP))",characterized inventory / particulate matter formation potential (PMFP),total_life_cycle aggregated background activities,PM2.5-Eq,605adebd-3893-5c8e-be69-ffab6f7d49e5,0.0001484192484647251,38,ZS mining,Zn_sphalerite_concentrate,TRACI2.1 characterized inventory,Particulate Matter Formation Potential (Pmfp),per kg topology production output; total_life_cycle characterized inventory from LiAISON patch-v2,200,26
ZS mining__Zn_sphalerite_concentrate,CN,Nitrogen oxides (acidification potential (AP)),characterized inventory / acidification potential (AP),total_life_cycle aggregated background activities,kg SO2-Eq,342397b1-6fcf-5ad9-84c5-4cc078c13e59,0.0036904425592866386,49,ZS mining,Zn_sphalerite_concentrate,TRACI2.1 characterized inventory,Acidification Potential (Ap),per kg topology production output; total_life_cycle characterized inventory from LiAISON patch-v2,200,32
ZS mining__Zn_sphalerite_concentrate,CN,"1,2-Dichlorobenzene (ecotoxicity: freshwater)",characterized inventory / ecotoxicity: freshwater,total_life_cycle aggregated background activities,CTUe,8d51dff3-21df-5d68-8428-0cbd9f3d7afa,3.286188279125049,7,ZS mining,Zn_sphalerite_concentrate,TRACI2.1 characterized inventory,Ecotoxicity: Freshwater,per kg topology production output; total_life_cycle characterized inventory from LiAISON patch-v2,94,7
ZS mining__Zn_sphalerite_concentrate,CN,Iprodione (ecotoxicity: freshwater),characterized inventory / ecotoxicity: freshwater,total_life_cycle aggregated background activities,CTUe,7acae7af-6a37-5281-9561-e4ffe7860ce9,375.5363481288596,4,ZS mining,Zn_sphalerite_concentrate,TRACI2.1 characterized inventory,Ecotoxicity: Freshwater,per kg topology production output; total_life_cycle characterized inventory from LiAISON patch-v2,46,4
ZS mining__Zn_sphalerite_concentrate,CN,Nitrogen dioxide (ecotoxicity: freshwater),characterized inventory / ecotoxicity: freshwater,total_life_cycle aggregated background activities,CTUe,ed989413-e624-51a9-8d72-975a281fa0c1,13.927821230714997,6,ZS mining,Zn_sphalerite_concentrate,TRACI2.1 characterized inventory,Ecotoxicity: Freshwater,per kg topology production output; total_life_cycle characterized inventory from LiAISON patch-v2,60,5
ZS mining__Zn_sphalerite_concentrate,CN,Nitrogen oxides (eutrophication potential),characterized inventory / eutrophication potential,total_life_cycle aggregated background activities,kg N-Eq,efce40c9-93bf-5f83-8be1-08504655ebd0,0.010306431963118028,43,ZS mining,Zn_sphalerite_concentrate,TRACI2.1 characterized inventory,Eutrophication Potential,per kg topology production output; total_life_cycle characterized inventory from LiAISON patch-v2,200,28
ZS mining__Zn_sphalerite_concentrate,CN,Dinitrogen monoxide (global warming potential (GWP100)),characterized inventory / global warming potential (GWP100),total_life_cycle aggregated background activities,kg CO2-Eq,3905dd43-1ddc-5ff3-b8ef-32695a5bb523,0.4101019204624062,43,ZS mining,Zn_sphalerite_concentrate,TRACI2.1 characterized inventory,Global Warming Potential (Gwp100),per kg topology production output; total_life_cycle characterized inventory from LiAISON patch-v2,200,38
ZS mining__Zn_sphalerite_concentrate,CN,Arsenic ion (human toxicity: carcinogenic),characterized inventory / human toxicity: carcinogenic,total_life_cycle aggregated background activities,CTUh,eaa1700a-8999-5ba9-a900-09618bb32433,9.380281211883964e-07,18,ZS mining,Zn_sphalerite_concentrate,TRACI2.1 characterized inventory,Human Toxicity: Carcinogenic,per kg topology production output; total_life_cycle characterized inventory from LiAISON patch-v2,200,13
ZS mining__Zn_sphalerite_concentrate,CN,"1,2-Dichlorobenzene (human toxicity: non-carcinogenic)",characterized inventory / human toxicity: non-carcinogenic,total_life_cycle aggregated background activities,CTUh,7e84622f-fb86-5016-997d-9c97948f4dc0,4.055051226969437e-07,10,ZS mining,Zn_sphalerite_concentrate,TRACI2.1 characterized inventory,Human Toxicity: Non-Carcinogenic,per kg topology production output; total_life_cycle characterized inventory from LiAISON patch-v2,123,7
ZS mining__Zn_sphalerite_concentrate,CN,Imidacloprid (human toxicity: non-carcinogenic),characterized inventory / human toxicity: non-carcinogenic,total_life_cycle aggregated background activities,CTUh,dcd1b79f-f0ec-5d54-81a2-ecf6c7609c71,1.674298816607874e-08,4,ZS mining,Zn_sphalerite_concentrate,TRACI2.1 characterized inventory,Human Toxicity: Non-Carcinogenic,per kg topology production output; total_life_cycle characterized inventory from LiAISON patch-v2,31,4
ZS mining__Zn_sphalerite_concentrate,CN,Iprodione (human toxicity: non-carcinogenic),characterized inventory / human toxicity: non-carcinogenic,total_life_cycle aggregated background activities,CTUh,c7838b33-49d5-5165-a83a-c3395182e43a,1.2197453259062595e-05,6,ZS mining,Zn_sphalerite_concentrate,TRACI2.1 characterized inventory,Human Toxicity: Non-Carcinogenic,per kg topology production output; total_life_cycle characterized inventory from LiAISON patch-v2,46,6
ZS mining__Zn_sphalerite_concentrate,CN,Nitrogen oxides (maximum incremental reactivity (MIR)),characterized inventory / maximum incremental reactivity (MIR),total_life_cycle aggregated background activities,kg O3-Eq,cf732893-36bb-5048-a706-8491738790c7,0.05011429538497752,25,ZS mining,Zn_sphalerite_concentrate,TRACI2.1 characterized inventory,Maximum Incremental Reactivity (Mir),per kg topology production output; total_life_cycle characterized inventory from LiAISON patch-v2,200,17
ZS mining__Zn_sphalerite_concentrate,CN,"Ethane, 1,1,2-trichloro-1,2,2-trifluoro-, CFC-113 (ozone depletion potential (ODP))",characterized inventory / ozone depletion potential (ODP),total_life_cycle aggregated background activities,kg CFC-11-Eq,3ace8d09-fed4-5a3f-b4b8-50223611e398,4.0504665189904694e-08,13,ZS mining,Zn_sphalerite_concentrate,TRACI2.1 characterized inventory,Ozone Depletion Potential (Odp),per kg topology production output; total_life_cycle characterized inventory from LiAISON patch-v2,85,11
ZS mining__Zn_sphalerite_concentrate,CN,"Methane, monochloro-, R-40 (ozone depletion potential (ODP))",characterized inventory / ozone depletion potential (ODP),total_life_cycle aggregated background activities,kg CFC-11-Eq,40674cbc-629a-5d52-88b6-735e5839abb7,6.992271910749263e-12,7,ZS mining,Zn_sphalerite_concentrate,TRACI2.1 characterized inventory,Ozone Depletion Potential (Odp),per kg topology production output; total_life_cycle characterized inventory from LiAISON patch-v2,69,4
ZS mining__Zn_sphalerite_concentrate,CN,"Methane, tetrachloro-, R-10 (ozone depletion potential (ODP))",characterized inventory / ozone depletion potential (ODP),total_life_cycle aggregated background activities,kg CFC-11-Eq,19312077-9cbd-51d2-81fe-bc53f7c97808,1.6674241241095552e-11,7,ZS mining,Zn_sphalerite_concentrate,TRACI2.1 characterized inventory,Ozone Depletion Potential (Odp),per kg topology production output; total_life_cycle characterized inventory from LiAISON patch-v2,46,7
ZS mining__Zn_sphalerite_concentrate,CN,"Particulate Matter, > 2.5 um and < 10um (particulate matter formation potential (PMFP))",characterized inventory / particulate matter formation potential (PMFP),total_life_cycle aggregated background activities,PM2.5-Eq,f8cd52fe-382e-5a0c-8df5-4f407ad2ff2a,0.0004820589079652684,38,ZS mining,Zn_sphalerite_concentrate,TRACI2.1 characterized inventory,Particulate Matter Formation Potential (Pmfp),per kg topology production output; total_life_cycle characterized inventory from LiAISON patch-v2,200,26
ZS mining__Zn_sphalerite_concentrate,KZ,Nitrogen oxides (acidification potential (AP)),characterized inventory / acidification potential (AP),total_life_cycle aggregated background activities,kg SO2-Eq,c915b772-614b-568a-9b55-1d1fa366d3a0,207.42499381146706,49,ZS mining,Zn_sphalerite_concentrate,TRACI2.1 characterized inventory,Acidification Potential (Ap),per kg topology production output; total_life_cycle characterized inventory from LiAISON patch-v2,200,32
ZS mining__Zn_sphalerite_concentrate,KZ,"1,2-Dichlorobenzene (ecotoxicity: freshwater)",characterized inventory / ecotoxicity: freshwater,total_life_cycle aggregated background activities,CTUe,432ff77d-2ee7-51e9-bc96-1cfd18f9a822,184709.42900052943,7,ZS mining,Zn_sphalerite_concentrate,TRACI2.1 characterized inventory,Ecotoxicity: Freshwater,per kg topology production output; total_life_cycle characterized inventory from LiAISON patch-v2,94,7
ZS mining__Zn_sphalerite_concentrate,KZ,Iprodione (ecotoxicity: freshwater),characterized inventory / ecotoxicity: freshwater,total_life_cycle aggregated background activities,CTUe,fbca6dd1-10e5-524d-b2f1-4ec871ec32c5,21107976.109623954,4,ZS mining,Zn_sphalerite_concentrate,TRACI2.1 characterized inventory,Ecotoxicity: Freshwater,per kg topology production output; total_life_cycle characterized inventory from LiAISON patch-v2,46,4
ZS mining__Zn_sphalerite_concentrate,KZ,Nitrogen dioxide (ecotoxicity: freshwater),characterized inventory / ecotoxicity: freshwater,total_life_cycle aggregated background activities,CTUe,7177cb0e-081c-57b7-a71d-c4cd8db671ee,782844.791411243,6,ZS mining,Zn_sphalerite_concentrate,TRACI2.1 characterized inventory,Ecotoxicity: Freshwater,per kg topology production output; total_life_cycle characterized inventory from LiAISON patch-v2,60,5
ZS mining__Zn_sphalerite_concentrate,KZ,Nitrogen oxides (eutrophication potential),characterized inventory / eutrophication potential,total_life_cycle aggregated background activities,kg N-Eq,1873b57a-5303-5881-a7af-09b60d15c0bb,579.3054892201093,43,ZS mining,Zn_sphalerite_concentrate,TRACI2.1 characterized inventory,Eutrophication Potential,per kg topology production output; total_life_cycle characterized inventory from LiAISON patch-v2,200,28
ZS mining__Zn_sphalerite_concentrate,KZ,Dinitrogen monoxide (global warming potential (GWP100)),characterized inventory / global warming potential (GWP100),total_life_cycle aggregated background activities,kg CO2-Eq,fe0bd96f-ab2d-5cb6-a054-3276a3147d5d,23050.077536876775,43,ZS mining,Zn_sphalerite_concentrate,TRACI2.1 characterized inventory,Global Warming Potential (Gwp100),per kg topology production output; total_life_cycle characterized inventory from LiAISON patch-v2,200,38
ZS mining__Zn_sphalerite_concentrate,KZ,Arsenic ion (human toxicity: carcinogenic),characterized inventory / human toxicity: carcinogenic,total_life_cycle aggregated background activities,CTUh,28fb4895-5843-5518-b6da-0c6c2ec97547,0.052724391136266965,18,ZS mining,Zn_sphalerite_concentrate,TRACI2.1 characterized inventory,Human Toxicity: Carcinogenic,per kg topology production output; total_life_cycle characterized inventory from LiAISON patch-v2,200,13
ZS mining__Zn_sphalerite_concentrate,KZ,"1,2-Dichlorobenzene (human toxicity: non-carcinogenic)",characterized inventory / human toxicity: non-carcinogenic,total_life_cycle aggregated background activities,CTUh,c94e5b73-2730-5a3d-b2f7-e571a86a509f,0.022792631887412883,10,ZS mining,Zn_sphalerite_concentrate,TRACI2.1 characterized inventory,Human Toxicity: Non-Carcinogenic,per kg topology production output; total_life_cycle characterized inventory from LiAISON patch-v2,123,7
ZS mining__Zn_sphalerite_concentrate,KZ,Imidacloprid (human toxicity: non-carcinogenic),characterized inventory / human toxicity: non-carcinogenic,total_life_cycle aggregated background activities,CTUh,6f89f31d-bd29-5b14-925d-72e3a080f771,0.0009410789677578086,4,ZS mining,Zn_sphalerite_concentrate,TRACI2.1 characterized inventory,Human Toxicity: Non-Carcinogenic,per kg topology production output; total_life_cycle characterized inventory from LiAISON patch-v2,31,4
ZS mining__Zn_sphalerite_concentrate,KZ,Iprodione (human toxicity: non-carcinogenic),characterized inventory / human toxicity: non-carcinogenic,total_life_cycle aggregated background activities,CTUh,afb14ef6-2d62-5015-89d2-feac7568d741,0.6855736281962129,6,ZS mining,Zn_sphalerite_concentrate,TRACI2.1 characterized inventory,Human Toxicity: Non-Carcinogenic,per kg topology production output; total_life_cycle characterized inventory from LiAISON patch-v2,46,6
ZS mining__Zn_sphalerite_concentrate,KZ,Nitrogen oxides (maximum incremental reactivity (MIR)),characterized inventory / maximum incremental reactivity (MIR),total_life_cycle aggregated background activities,kg O3-Eq,bff8d06f-81a5-5c5b-a6d9-a72ce7fd0fd0,2816.5657242777156,25,ZS mining,Zn_sphalerite_concentrate,TRACI2.1 characterized inventory,Maximum Incremental Reactivity (Mir),per kg topology production output; total_life_cycle characterized inventory from LiAISON patch-v2,200,17
ZS mining__Zn_sphalerite_concentrate,KZ,"Ethane, 1,1,2-trichloro-1,2,2-trifluoro-, CFC-113 (ozone depletion potential (ODP))",characterized inventory / ozone depletion potential (ODP),total_life_cycle aggregated background activities,kg CFC-11-Eq,b3ab1c8a-c97b-5a14-979b-cfcccb4e8ff6,0.002276695958431608,13,ZS mining,Zn_sphalerite_concentrate,TRACI2.1 characterized inventory,Ozone Depletion Potential (Odp),per kg topology production output; total_life_cycle characterized inventory from LiAISON patch-v2,85,11
ZS mining__Zn_sphalerite_concentrate,KZ,"Methane, monochloro-, R-40 (ozone depletion potential (ODP))",characterized inventory / ozone depletion potential (ODP),total_life_cycle aggregated background activities,kg CFC-11-Eq,f3d4a2ac-dfde-5599-87e2-1d3441525349,3.930233039021777e-07,7,ZS mining,Zn_sphalerite_concentrate,TRACI2.1 characterized inventory,Ozone Depletion Potential (Odp),per kg topology production output; total_life_cycle characterized inventory from LiAISON patch-v2,69,4
ZS mining__Zn_sphalerite_concentrate,KZ,"Methane, tetrachloro-, R-10 (ozone depletion potential (ODP))",characterized inventory / ozone depletion potential (ODP),total_life_cycle aggregated background activities,kg CFC-11-Eq,bad674f9-cc63-5b65-8341-2f4c3db61fe3,9.372297635388643e-07,7,ZS mining,Zn_sphalerite_concentrate,TRACI2.1 characterized inventory,Ozone Depletion Potential (Odp),per kg topology production output; total_life_cycle characterized inventory from LiAISON patch-v2,46,7
ZS mining__Zn_sphalerite_concentrate,KZ,"Particulate Matter, > 2.5 um and < 10um (particulate matter formation potential (PMFP))",characterized inventory / particulate matter formation potential (PMFP),total_life_cycle aggregated background activities,PM2.5-Eq,02ba9472-2c2a-5e44-a9f9-d0bb6179aaff,27.094884399584032,38,ZS mining,Zn_sphalerite_concentrate,TRACI2.1 characterized inventory,Particulate Matter Formation Potential (Pmfp),per kg topology production output; total_life_cycle characterized inventory from LiAISON patch-v2,200,26
ZS mining__Zn_sphalerite_concentrate,US,Nitrogen oxides (acidification potential (AP)),characterized inventory / acidification potential (AP),total_life_cycle aggregated background activities,kg SO2-Eq,c5336248-5ce3-579f-9bd8-64f848e6b0f1,0.008160132976094922,49,ZS mining,Zn_sphalerite_concentrate,TRACI2.1 characterized inventory,Acidification Potential (Ap),per kg topology production output; total_life_cycle characterized inventory from LiAISON patch-v2,200,32
ZS mining__Zn_sphalerite_concentrate,US,"1,2-Dichlorobenzene (ecotoxicity: freshwater)",characterized inventory / ecotoxicity: freshwater,total_life_cycle aggregated background activities,CTUe,64e3ef03-7ba6-53ce-a32f-9895e50e9fe4,7.266001624023011,7,ZS mining,Zn_sphalerite_concentrate,TRACI2.1 characterized inventory,Ecotoxicity: Freshwater,per kg topology production output; total_life_cycle characterized inventory from LiAISON patch-v2,94,7
ZS mining__Zn_sphalerite_concentrate,US,Iprodione (ecotoxicity: freshwater),characterized inventory / ecotoxicity: freshwater,total_life_cycle aggregated background activities,CTUe,3077b296-9c8f-5079-b0a3-ef21d92a5e30,830.342535331356,4,ZS mining,Zn_sphalerite_concentrate,TRACI2.1 characterized inventory,Ecotoxicity: Freshwater,per kg topology production output; total_life_cycle characterized inventory from LiAISON patch-v2,46,4
ZS mining__Zn_sphalerite_concentrate,US,Nitrogen dioxide (ecotoxicity: freshwater),characterized inventory / ecotoxicity: freshwater,total_life_cycle aggregated background activities,CTUe,26cb5342-bf2a-51e1-a220-49f86203f186,30.795757631825982,6,ZS mining,Zn_sphalerite_concentrate,TRACI2.1 characterized inventory,Ecotoxicity: Freshwater,per kg topology production output; total_life_cycle characterized inventory from LiAISON patch-v2,60,5
ZS mining__Zn_sphalerite_concentrate,US,Nitrogen oxides (eutrophication potential),characterized inventory / eutrophication potential,total_life_cycle aggregated background activities,kg N-Eq,04964a51-e984-5e53-9fbe-f7bb9108e804,0.022788113591689942,43,ZS mining,Zn_sphalerite_concentrate,TRACI2.1 characterized inventory,Eutrophication Potential,per kg topology production output; total_life_cycle characterized inventory from LiAISON patch-v2,200,28
ZS mining__Zn_sphalerite_concentrate,US,Dinitrogen monoxide (global warming potential (GWP100)),characterized inventory / global warming potential (GWP100),total_life_cycle aggregated background activities,kg CO2-Eq,b5acfd29-6a6f-5dba-848a-9e67d142c087,0.906802937477397,43,ZS mining,Zn_sphalerite_concentrate,TRACI2.1 characterized inventory,Global Warming Potential (Gwp100),per kg topology production output; total_life_cycle characterized inventory from LiAISON patch-v2,200,38
ZS mining__Zn_sphalerite_concentrate,US,Arsenic ion (human toxicity: carcinogenic),characterized inventory / human toxicity: carcinogenic,total_life_cycle aggregated background activities,CTUh,c65e9f29-c0d4-5880-baa9-4b1a9b47fcab,2.074034903484308e-06,18,ZS mining,Zn_sphalerite_concentrate,TRACI2.1 characterized inventory,Human Toxicity: Carcinogenic,per kg topology production output; total_life_cycle characterized inventory from LiAISON patch-v2,200,13
ZS mining__Zn_sphalerite_concentrate,US,"1,2-Dichlorobenzene (human toxicity: non-carcinogenic)",characterized inventory / human toxicity: non-carcinogenic,total_life_cycle aggregated background activities,CTUh,de45e107-8adb-55c2-8cc7-cb331894a8e7,8.965978416333123e-07,10,ZS mining,Zn_sphalerite_concentrate,TRACI2.1 characterized inventory,Human Toxicity: Non-Carcinogenic,per kg topology production output; total_life_cycle characterized inventory from LiAISON patch-v2,123,7
ZS mining__Zn_sphalerite_concentrate,US,Imidacloprid (human toxicity: non-carcinogenic),characterized inventory / human toxicity: non-carcinogenic,total_life_cycle aggregated background activities,CTUh,c9c06f02-4798-5f1f-91e8-b06f278c2d23,3.7020303828468596e-08,4,ZS mining,Zn_sphalerite_concentrate,TRACI2.1 characterized inventory,Human Toxicity: Non-Carcinogenic,per kg topology production output; total_life_cycle characterized inventory from LiAISON patch-v2,31,4
ZS mining__Zn_sphalerite_concentrate,US,Iprodione (human toxicity: non-carcinogenic),characterized inventory / human toxicity: non-carcinogenic,total_life_cycle aggregated background activities,CTUh,638c74b1-e8b0-5b85-8f03-1dd9c08b3355,2.6970274572914326e-05,6,ZS mining,Zn_sphalerite_concentrate,TRACI2.1 characterized inventory,Human Toxicity: Non-Carcinogenic,per kg topology production output; total_life_cycle characterized inventory from LiAISON patch-v2,46,6
ZS mining__Zn_sphalerite_concentrate,US,Nitrogen oxides (maximum incremental reactivity (MIR)),characterized inventory / maximum incremental reactivity (MIR),total_life_cycle aggregated background activities,kg O3-Eq,ab15c265-b40a-5c01-9347-52af504aa8af,0.11080829542807236,25,ZS mining,Zn_sphalerite_concentrate,TRACI2.1 characterized inventory,Maximum Incremental Reactivity (Mir),per kg topology production output; total_life_cycle characterized inventory from LiAISON patch-v2,200,17
ZS mining__Zn_sphalerite_concentrate,US,"Ethane, 1,1,2-trichloro-1,2,2-trifluoro-, CFC-113 (ozone depletion potential (ODP))",characterized inventory / ozone depletion potential (ODP),total_life_cycle aggregated background activities,kg CFC-11-Eq,b75ab001-de62-51b9-b342-2e2cbce2a42e,8.955797870198748e-08,13,ZS mining,Zn_sphalerite_concentrate,TRACI2.1 characterized inventory,Ozone Depletion Potential (Odp),per kg topology production output; total_life_cycle characterized inventory from LiAISON patch-v2,85,11
ZS mining__Zn_sphalerite_concentrate,US,"Methane, monochloro-, R-40 (ozone depletion potential (ODP))",characterized inventory / ozone depletion potential (ODP),total_life_cycle aggregated background activities,kg CFC-11-Eq,0ca30f6b-0b2e-5986-b107-a6e5ab73df94,1.5460286955228295e-11,7,ZS mining,Zn_sphalerite_concentrate,TRACI2.1 characterized inventory,Ozone Depletion Potential (Odp),per kg topology production output; total_life_cycle characterized inventory from LiAISON patch-v2,69,4
ZS mining__Zn_sphalerite_concentrate,US,"Methane, tetrachloro-, R-10 (ozone depletion potential (ODP))",characterized inventory / ozone depletion potential (ODP),total_life_cycle aggregated background activities,kg CFC-11-Eq,3c075338-28cb-5f50-be90-bab108dfc023,3.68676392263986e-11,7,ZS mining,Zn_sphalerite_concentrate,TRACI2.1 characterized inventory,Ozone Depletion Potential (Odp),per kg topology production output; total_life_cycle characterized inventory from LiAISON patch-v2,46,7
ZS mining__Zn_sphalerite_concentrate,US,"Particulate Matter, > 2.5 um and < 10um (particulate matter formation potential (PMFP))",characterized inventory / particulate matter formation potential (PMFP),total_life_cycle aggregated background activities,PM2.5-Eq,eb8bd401-9d7a-5b17-bbd5-72c4f93ea1f2,0.0010658934201902494,38,ZS mining,Zn_sphalerite_concentrate,TRACI2.1 characterized inventory,Particulate Matter Formation Potential (Pmfp),per kg topology production output; total_life_cycle characterized inventory from LiAISON patch-v2,200,26
Zinc smelting/refining__ZLR_Zn_residue,CN,Nitrogen oxides (acidification potential (AP)),characterized inventory / acidification potential (AP),total_life_cycle aggregated background activities,kg SO2-Eq,be3ed737-e380-59e7-a6cb-5eae57809813,0.024894954433238255,49,Zinc smelting/refining,ZLR_Zn_residue,TRACI2.1 characterized inventory,Acidification Potential (Ap),per kg topology production output; total_life_cycle characterized inventory from LiAISON patch-v2,200,32
Zinc smelting/refining__ZLR_Zn_residue,CN,"1,2-Dichlorobenzene (ecotoxicity: freshwater)",characterized inventory / ecotoxicity: freshwater,total_life_cycle aggregated background activities,CTUe,125b9984-c5ea-5fed-b7f4-d41f21138953,12.430649590531196,7,Zinc smelting/refining,ZLR_Zn_residue,TRACI2.1 characterized inventory,Ecotoxicity: Freshwater,per kg topology production output; total_life_cycle characterized inventory from LiAISON patch-v2,94,7
Zinc smelting/refining__ZLR_Zn_residue,CN,Iprodione (ecotoxicity: freshwater),characterized inventory / ecotoxicity: freshwater,total_life_cycle aggregated background activities,CTUe,edb19a4d-ce3e-5d03-8d82-b5536afc1da5,622.6222411568751,4,Zinc smelting/refining,ZLR_Zn_residue,TRACI2.1 characterized inventory,Ecotoxicity: Freshwater,per kg topology production output; total_life_cycle characterized inventory from LiAISON patch-v2,46,4
Zinc smelting/refining__ZLR_Zn_residue,CN,Nitrogen dioxide (ecotoxicity: freshwater),characterized inventory / ecotoxicity: freshwater,total_life_cycle aggregated background activities,CTUe,172f7d61-af2b-5ce8-ae03-ed6e9b997444,45.0004756782435,6,Zinc smelting/refining,ZLR_Zn_residue,TRACI2.1 characterized inventory,Ecotoxicity: Freshwater,per kg topology production output; total_life_cycle characterized inventory from LiAISON patch-v2,60,5
Zinc smelting/refining__ZLR_Zn_residue,CN,Nitrogen oxides (eutrophication potential),characterized inventory / eutrophication potential,total_life_cycle aggregated background activities,kg N-Eq,44717268-6501-5836-b425-dc52b55fc171,0.03040285515257833,43,Zinc smelting/refining,ZLR_Zn_residue,TRACI2.1 characterized inventory,Eutrophication Potential,per kg topology production output; total_life_cycle characterized inventory from LiAISON patch-v2,200,28
Zinc smelting/refining__ZLR_Zn_residue,CN,Dinitrogen monoxide (global warming potential (GWP100)),characterized inventory / global warming potential (GWP100),total_life_cycle aggregated background activities,kg CO2-Eq,71bae471-8619-5348-9d03-7f32c60c6024,3.033360089478692,43,Zinc smelting/refining,ZLR_Zn_residue,TRACI2.1 characterized inventory,Global Warming Potential (Gwp100),per kg topology production output; total_life_cycle characterized inventory from LiAISON patch-v2,200,38
Zinc smelting/refining__ZLR_Zn_residue,CN,Arsenic ion (human toxicity: carcinogenic),characterized inventory / human toxicity: carcinogenic,total_life_cycle aggregated background activities,CTUh,c0c65a70-22b1-5b28-aa5a-84eeaf3bf2c8,1.927098471765342e-06,18,Zinc smelting/refining,ZLR_Zn_residue,TRACI2.1 characterized inventory,Human Toxicity: Carcinogenic,per kg topology production output; total_life_cycle characterized inventory from LiAISON patch-v2,200,13
Zinc smelting/refining__ZLR_Zn_residue,CN,"1,2-Dichlorobenzene (human toxicity: non-carcinogenic)",characterized inventory / human toxicity: non-carcinogenic,total_life_cycle aggregated background activities,CTUh,9d5b562a-013a-5500-af45-9cfa1f42e250,1.3473800204702936e-06,10,Zinc smelting/refining,ZLR_Zn_residue,TRACI2.1 characterized inventory,Human Toxicity: Non-Carcinogenic,per kg topology production output; total_life_cycle characterized inventory from LiAISON patch-v2,123,7
Zinc smelting/refining__ZLR_Zn_residue,CN,Imidacloprid (human toxicity: non-carcinogenic),characterized inventory / human toxicity: non-carcinogenic,total_life_cycle aggregated background activities,CTUh,259b13ce-f2bb-5253-95af-89b0e366bd61,5.717717255778641e-08,4,Zinc smelting/refining,ZLR_Zn_residue,TRACI2.1 characterized inventory,Human Toxicity: Non-Carcinogenic,per kg topology production output; total_life_cycle characterized inventory from LiAISON patch-v2,31,4
Zinc smelting/refining__ZLR_Zn_residue,CN,Iprodione (human toxicity: non-carcinogenic),characterized inventory / human toxicity: non-carcinogenic,total_life_cycle aggregated background activities,CTUh,247bc3fe-833d-59cb-9db5-ac6480f59caa,2.260624755167316e-05,6,Zinc smelting/refining,ZLR_Zn_residue,TRACI2.1 characterized inventory,Human Toxicity: Non-Carcinogenic,per kg topology production output; total_life_cycle characterized inventory from LiAISON patch-v2,46,6
Zinc smelting/refining__ZLR_Zn_residue,CN,Nitrogen oxides (maximum incremental reactivity (MIR)),characterized inventory / maximum incremental reactivity (MIR),total_life_cycle aggregated background activities,kg O3-Eq,410d5343-8a1b-5940-936b-a5e6f6c42ca2,0.4223757245387616,25,Zinc smelting/refining,ZLR_Zn_residue,TRACI2.1 characterized inventory,Maximum Incremental Reactivity (Mir),per kg topology production output; total_life_cycle characterized inventory from LiAISON patch-v2,200,17
Zinc smelting/refining__ZLR_Zn_residue,CN,"Ethane, 1,1,2-trichloro-1,2,2-trifluoro-, CFC-113 (ozone depletion potential (ODP))",characterized inventory / ozone depletion potential (ODP),total_life_cycle aggregated background activities,kg CFC-11-Eq,34fd2f7f-74c2-5478-9190-b704b5483d32,2.1461009159676584e-07,13,Zinc smelting/refining,ZLR_Zn_residue,TRACI2.1 characterized inventory,Ozone Depletion Potential (Odp),per kg topology production output; total_life_cycle characterized inventory from LiAISON patch-v2,85,11
Zinc smelting/refining__ZLR_Zn_residue,CN,"Methane, monochloro-, R-40 (ozone depletion potential (ODP))",characterized inventory / ozone depletion potential (ODP),total_life_cycle aggregated background activities,kg CFC-11-Eq,7e19a35d-ff7c-56d3-b67d-e27402101bcc,5.299873920612935e-11,7,Zinc smelting/refining,ZLR_Zn_residue,TRACI2.1 characterized inventory,Ozone Depletion Potential (Odp),per kg topology production output; total_life_cycle characterized inventory from LiAISON patch-v2,69,4
Zinc smelting/refining__ZLR_Zn_residue,CN,"Methane, tetrachloro-, R-10 (ozone depletion potential (ODP))",characterized inventory / ozone depletion potential (ODP),total_life_cycle aggregated background activities,kg CFC-11-Eq,a9bf21eb-04c9-5745-911e-b64f8d0d67ec,1.703230187431514e-10,7,Zinc smelting/refining,ZLR_Zn_residue,TRACI2.1 characterized inventory,Ozone Depletion Potential (Odp),per kg topology production output; total_life_cycle characterized inventory from LiAISON patch-v2,46,7
Zinc smelting/refining__ZLR_Zn_residue,CN,"Particulate Matter, > 2.5 um and < 10um (particulate matter formation potential (PMFP))",characterized inventory / particulate matter formation potential (PMFP),total_life_cycle aggregated background activities,PM2.5-Eq,b17bafa5-44a5-5b6e-b7b2-e39d51bf3eb8,0.0024300079255940884,38,Zinc smelting/refining,ZLR_Zn_residue,TRACI2.1 characterized inventory,Particulate Matter Formation Potential (Pmfp),per kg topology production output; total_life_cycle characterized inventory from LiAISON patch-v2,200,26
Zinc smelting/refining__ZLR_Zn_residue,JP,Nitrogen oxides (acidification potential (AP)),characterized inventory / acidification potential (AP),total_life_cycle aggregated background activities,kg SO2-Eq,70414efe-0376-5576-bff0-1fdc73e61875,8.651207124037902e-05,49,Zinc smelting/refining,ZLR_Zn_residue,TRACI2.1 characterized inventory,Acidification Potential (Ap),per kg topology production output; total_life_cycle characterized inventory from LiAISON patch-v2,200,32
Zinc smelting/refining__ZLR_Zn_residue,JP,"1,2-Dichlorobenzene (ecotoxicity: freshwater)",characterized inventory / ecotoxicity: freshwater,total_life_cycle aggregated background activities,CTUe,36b2e79e-c765-54f5-9f17-08fecdfc79b4,0.043197558868086,7,Zinc smelting/refining,ZLR_Zn_residue,TRACI2.1 characterized inventory,Ecotoxicity: Freshwater,per kg topology production output; total_life_cycle characterized inventory from LiAISON patch-v2,94,7
Zinc smelting/refining__ZLR_Zn_residue,JP,Iprodione (ecotoxicity: freshwater),characterized inventory / ecotoxicity: freshwater,total_life_cycle aggregated background activities,CTUe,d530fa6b-1694-5bd0-8600-656db7355057,2.163664965186456,4,Zinc smelting/refining,ZLR_Zn_residue,TRACI2.1 characterized inventory,Ecotoxicity: Freshwater,per kg topology production output; total_life_cycle characterized inventory from LiAISON patch-v2,46,4
Zinc smelting/refining__ZLR_Zn_residue,JP,Nitrogen dioxide (ecotoxicity: freshwater),characterized inventory / ecotoxicity: freshwater,total_life_cycle aggregated background activities,CTUe,2920ff30-79da-5c31-8373-1ee63c7e4219,0.1563804592386229,6,Zinc smelting/refining,ZLR_Zn_residue,TRACI2.1 characterized inventory,Ecotoxicity: Freshwater,per kg topology production output; total_life_cycle characterized inventory from LiAISON patch-v2,60,5
Zinc smelting/refining__ZLR_Zn_residue,JP,Nitrogen oxides (eutrophication potential),characterized inventory / eutrophication potential,total_life_cycle aggregated background activities,kg N-Eq,e8e50bc0-e0c1-5d1b-b021-674e9cc268e9,0.00010565249321193944,43,Zinc smelting/refining,ZLR_Zn_residue,TRACI2.1 characterized inventory,Eutrophication Potential,per kg topology production output; total_life_cycle characterized inventory from LiAISON patch-v2,200,28
Zinc smelting/refining__ZLR_Zn_residue,JP,Dinitrogen monoxide (global warming potential (GWP100)),characterized inventory / global warming potential (GWP100),total_life_cycle aggregated background activities,kg CO2-Eq,0029f308-50de-5c4c-8732-f8bcb7cad452,0.01054118287529307,43,Zinc smelting/refining,ZLR_Zn_residue,TRACI2.1 characterized inventory,Global Warming Potential (Gwp100),per kg topology production output; total_life_cycle characterized inventory from LiAISON patch-v2,200,38
Zinc smelting/refining__ZLR_Zn_residue,JP,Arsenic ion (human toxicity: carcinogenic),characterized inventory / human toxicity: carcinogenic,total_life_cycle aggregated background activities,CTUh,7adac73e-9169-5a8b-9f88-a9dda41116fb,6.69683020892631e-09,18,Zinc smelting/refining,ZLR_Zn_residue,TRACI2.1 characterized inventory,Human Toxicity: Carcinogenic,per kg topology production output; total_life_cycle characterized inventory from LiAISON patch-v2,200,13
Zinc smelting/refining__ZLR_Zn_residue,JP,"1,2-Dichlorobenzene (human toxicity: non-carcinogenic)",characterized inventory / human toxicity: non-carcinogenic,total_life_cycle aggregated background activities,CTUh,bddc72fe-18bb-510f-bc10-9a92f6f3c50b,4.6822595593842575e-09,10,Zinc smelting/refining,ZLR_Zn_residue,TRACI2.1 characterized inventory,Human Toxicity: Non-Carcinogenic,per kg topology production output; total_life_cycle characterized inventory from LiAISON patch-v2,123,7
Zinc smelting/refining__ZLR_Zn_residue,JP,Imidacloprid (human toxicity: non-carcinogenic),characterized inventory / human toxicity: non-carcinogenic,total_life_cycle aggregated background activities,CTUh,9079ceea-2ab2-5fa7-b678-99315e774760,1.9869551146603552e-10,4,Zinc smelting/refining,ZLR_Zn_residue,TRACI2.1 characterized inventory,Human Toxicity: Non-Carcinogenic,per kg topology production output; total_life_cycle characterized inventory from LiAISON patch-v2,31,4
Zinc smelting/refining__ZLR_Zn_residue,JP,Iprodione (human toxicity: non-carcinogenic),characterized inventory / human toxicity: non-carcinogenic,total_life_cycle aggregated background activities,CTUh,c1f03944-87fa-5222-b0d7-8000eb261d4d,7.855862256788394e-08,6,Zinc smelting/refining,ZLR_Zn_residue,TRACI2.1 characterized inventory,Human Toxicity: Non-Carcinogenic,per kg topology production output; total_life_cycle characterized inventory from LiAISON patch-v2,46,6
Zinc smelting/refining__ZLR_Zn_residue,JP,Nitrogen oxides (maximum incremental reactivity (MIR)),characterized inventory / maximum incremental reactivity (MIR),total_life_cycle aggregated background activities,kg O3-Eq,e9f76929-ac7c-5eaa-9961-cdbdfff2366f,0.0014677913426951019,25,Zinc smelting/refining,ZLR_Zn_residue,TRACI2.1 characterized inventory,Maximum Incremental Reactivity (Mir),per kg topology production output; total_life_cycle characterized inventory from LiAISON patch-v2,200,17
Zinc smelting/refining__ZLR_Zn_residue,JP,"Ethane, 1,1,2-trichloro-1,2,2-trifluoro-, CFC-113 (ozone depletion potential (ODP))",characterized inventory / ozone depletion potential (ODP),total_life_cycle aggregated background activities,kg CFC-11-Eq,efab5010-8f81-5517-8303-0e356220e115,7.457882214797104e-10,13,Zinc smelting/refining,ZLR_Zn_residue,TRACI2.1 characterized inventory,Ozone Depletion Potential (Odp),per kg topology production output; total_life_cycle characterized inventory from LiAISON patch-v2,85,11
Zinc smelting/refining__ZLR_Zn_residue,JP,"Methane, monochloro-, R-40 (ozone depletion potential (ODP))",characterized inventory / ozone depletion potential (ODP),total_life_cycle aggregated background activities,kg CFC-11-Eq,3764a826-f804-5f31-96bc-c86b03f744bc,1.841751034117833e-13,7,Zinc smelting/refining,ZLR_Zn_residue,TRACI2.1 characterized inventory,Ozone Depletion Potential (Odp),per kg topology production output; total_life_cycle characterized inventory from LiAISON patch-v2,69,4
Zinc smelting/refining__ZLR_Zn_residue,JP,"Methane, tetrachloro-, R-10 (ozone depletion potential (ODP))",characterized inventory / ozone depletion potential (ODP),total_life_cycle aggregated background activities,kg CFC-11-Eq,b15ca7ab-cc74-5c12-8dda-768adadceb04,5.918869029335281e-13,7,Zinc smelting/refining,ZLR_Zn_residue,TRACI2.1 characterized inventory,Ozone Depletion Potential (Odp),per kg topology production output; total_life_cycle characterized inventory from LiAISON patch-v2,46,7
Zinc smelting/refining__ZLR_Zn_residue,JP,"Particulate Matter, > 2.5 um and < 10um (particulate matter formation potential (PMFP))",characterized inventory / particulate matter formation potential (PMFP),total_life_cycle aggregated background activities,PM2.5-Eq,eb72b15b-a969-5be6-83a2-87785841e8e9,8.444483068168865e-06,38,Zinc smelting/refining,ZLR_Zn_residue,TRACI2.1 characterized inventory,Particulate Matter Formation Potential (Pmfp),per kg topology production output; total_life_cycle characterized inventory from LiAISON patch-v2,200,26
Zinc smelting/refining__ZLR_Zn_residue,KR,Nitrogen oxides (acidification potential (AP)),characterized inventory / acidification potential (AP),total_life_cycle aggregated background activities,kg SO2-Eq,6e101ee2-769b-56bb-808b-3220b9191cac,0.00764527540099429,49,Zinc smelting/refining,ZLR_Zn_residue,TRACI2.1 characterized inventory,Acidification Potential (Ap),per kg topology production output; total_life_cycle characterized inventory from LiAISON patch-v2,200,32
Zinc smelting/refining__ZLR_Zn_residue,KR,"1,2-Dichlorobenzene (ecotoxicity: freshwater)",characterized inventory / ecotoxicity: freshwater,total_life_cycle aggregated background activities,CTUe,0332d318-e62c-5a0d-a1e5-fe057ef01d86,3.8174593899337217,7,Zinc smelting/refining,ZLR_Zn_residue,TRACI2.1 characterized inventory,Ecotoxicity: Freshwater,per kg topology production output; total_life_cycle characterized inventory from LiAISON patch-v2,94,7
Zinc smelting/refining__ZLR_Zn_residue,KR,Iprodione (ecotoxicity: freshwater),characterized inventory / ecotoxicity: freshwater,total_life_cycle aggregated background activities,CTUe,a7c190bb-fec4-5506-bc41-01987260f588,191.20759695123627,4,Zinc smelting/refining,ZLR_Zn_residue,TRACI2.1 characterized inventory,Ecotoxicity: Freshwater,per kg topology production output; total_life_cycle characterized inventory from LiAISON patch-v2,46,4
Zinc smelting/refining__ZLR_Zn_residue,KR,Nitrogen dioxide (ecotoxicity: freshwater),characterized inventory / ecotoxicity: freshwater,total_life_cycle aggregated background activities,CTUe,b4e835e0-b6ac-59ac-ab8b-0f3f930fe45e,13.819670897947153,6,Zinc smelting/refining,ZLR_Zn_residue,TRACI2.1 characterized inventory,Ecotoxicity: Freshwater,per kg topology production output; total_life_cycle characterized inventory from LiAISON patch-v2,60,5
Zinc smelting/refining__ZLR_Zn_residue,KR,Nitrogen oxides (eutrophication potential),characterized inventory / eutrophication potential,total_life_cycle aggregated background activities,kg N-Eq,ebd682fb-b791-5650-afd0-5a32f4ebc51b,0.009336732862126567,43,Zinc smelting/refining,ZLR_Zn_residue,TRACI2.1 characterized inventory,Eutrophication Potential,per kg topology production output; total_life_cycle characterized inventory from LiAISON patch-v2,200,28
Zinc smelting/refining__ZLR_Zn_residue,KR,Dinitrogen monoxide (global warming potential (GWP100)),characterized inventory / global warming potential (GWP100),total_life_cycle aggregated background activities,kg CO2-Eq,356affc4-02db-58bb-be26-8a57db7a6207,0.9315468586238168,43,Zinc smelting/refining,ZLR_Zn_residue,TRACI2.1 characterized inventory,Global Warming Potential (Gwp100),per kg topology production output; total_life_cycle characterized inventory from LiAISON patch-v2,200,38
Zinc smelting/refining__ZLR_Zn_residue,KR,Arsenic ion (human toxicity: carcinogenic),characterized inventory / human toxicity: carcinogenic,total_life_cycle aggregated background activities,CTUh,195f2768-ba47-58c4-a2cb-4f84f5d69265,5.91812896475069e-07,18,Zinc smelting/refining,ZLR_Zn_residue,TRACI2.1 characterized inventory,Human Toxicity: Carcinogenic,per kg topology production output; total_life_cycle characterized inventory from LiAISON patch-v2,200,13
Zinc smelting/refining__ZLR_Zn_residue,KR,"1,2-Dichlorobenzene (human toxicity: non-carcinogenic)",characterized inventory / human toxicity: non-carcinogenic,total_life_cycle aggregated background activities,CTUh,a4ff6b67-6ba8-50a4-a7ea-d24881856e3a,4.1378127007049595e-07,10,Zinc smelting/refining,ZLR_Zn_residue,TRACI2.1 characterized inventory,Human Toxicity: Non-Carcinogenic,per kg topology production output; total_life_cycle characterized inventory from LiAISON patch-v2,123,7
Zinc smelting/refining__ZLR_Zn_residue,KR,Imidacloprid (human toxicity: non-carcinogenic),characterized inventory / human toxicity: non-carcinogenic,total_life_cycle aggregated background activities,CTUh,284dae05-a7c8-589b-9666-eef7b0fd50ef,1.7559137949488533e-08,4,Zinc smelting/refining,ZLR_Zn_residue,TRACI2.1 characterized inventory,Human Toxicity: Non-Carcinogenic,per kg topology production output; total_life_cycle characterized inventory from LiAISON patch-v2,31,4
Zinc smelting/refining__ZLR_Zn_residue,KR,Iprodione (human toxicity: non-carcinogenic),characterized inventory / human toxicity: non-carcinogenic,total_life_cycle aggregated background activities,CTUh,f99e353c-aa46-54e0-8693-8448fcc24eb8,6.942392058781127e-06,6,Zinc smelting/refining,ZLR_Zn_residue,TRACI2.1 characterized inventory,Human Toxicity: Non-Carcinogenic,per kg topology production output; total_life_cycle characterized inventory from LiAISON patch-v2,46,6
Zinc smelting/refining__ZLR_Zn_residue,KR,Nitrogen oxides (maximum incremental reactivity (MIR)),characterized inventory / maximum incremental reactivity (MIR),total_life_cycle aggregated background activities,kg O3-Eq,8f4174f5-359a-5c1c-97ec-cc7bf3cdb36a,0.12971227361867624,25,Zinc smelting/refining,ZLR_Zn_residue,TRACI2.1 characterized inventory,Maximum Incremental Reactivity (Mir),per kg topology production output; total_life_cycle characterized inventory from LiAISON patch-v2,200,17
Zinc smelting/refining__ZLR_Zn_residue,KR,"Ethane, 1,1,2-trichloro-1,2,2-trifluoro-, CFC-113 (ozone depletion potential (ODP))",characterized inventory / ozone depletion potential (ODP),total_life_cycle aggregated background activities,kg CFC-11-Eq,f118eb8b-0349-5270-9320-9e45fd90a675,6.590686573677121e-08,13,Zinc smelting/refining,ZLR_Zn_residue,TRACI2.1 characterized inventory,Ozone Depletion Potential (Odp),per kg topology production output; total_life_cycle characterized inventory from LiAISON patch-v2,85,11
Zinc smelting/refining__ZLR_Zn_residue,KR,"Methane, monochloro-, R-40 (ozone depletion potential (ODP))",characterized inventory / ozone depletion potential (ODP),total_life_cycle aggregated background activities,kg CFC-11-Eq,7d35d44d-06b1-532b-b01a-4e569678c289,1.6275939270811484e-11,7,Zinc smelting/refining,ZLR_Zn_residue,TRACI2.1 characterized inventory,Ozone Depletion Potential (Odp),per kg topology production output; total_life_cycle characterized inventory from LiAISON patch-v2,69,4
Zinc smelting/refining__ZLR_Zn_residue,KR,"Methane, tetrachloro-, R-10 (ozone depletion potential (ODP))",characterized inventory / ozone depletion potential (ODP),total_life_cycle aggregated background activities,kg CFC-11-Eq,3c40e67a-dea0-5783-a806-8d42450b5255,5.2306284251434115e-11,7,Zinc smelting/refining,ZLR_Zn_residue,TRACI2.1 characterized inventory,Ozone Depletion Potential (Odp),per kg topology production output; total_life_cycle characterized inventory from LiAISON patch-v2,46,7
Zinc smelting/refining__ZLR_Zn_residue,KR,"Particulate Matter, > 2.5 um and < 10um (particulate matter formation potential (PMFP))",characterized inventory / particulate matter formation potential (PMFP),total_life_cycle aggregated background activities,PM2.5-Eq,d256bbed-95ce-5503-b7c7-5faa4e604296,0.0007462573327675316,38,Zinc smelting/refining,ZLR_Zn_residue,TRACI2.1 characterized inventory,Particulate Matter Formation Potential (Pmfp),per kg topology production output; total_life_cycle characterized inventory from LiAISON patch-v2,200,26
Zinc smelting/refining__ZLR_Zn_residue,US,Nitrogen oxides (acidification potential (AP)),characterized inventory / acidification potential (AP),total_life_cycle aggregated background activities,kg SO2-Eq,47ac6b57-e256-5c10-bfd9-aa559c9a242c,0.009476452343621836,49,Zinc smelting/refining,ZLR_Zn_residue,TRACI2.1 characterized inventory,Acidification Potential (Ap),per kg topology production output; total_life_cycle characterized inventory from LiAISON patch-v2,200,32
Zinc smelting/refining__ZLR_Zn_residue,US,"1,2-Dichlorobenzene (ecotoxicity: freshwater)",characterized inventory / ecotoxicity: freshwater,total_life_cycle aggregated background activities,CTUe,a13f5c99-fc51-5406-b4c0-8828533091ea,4.73165186799045,7,Zinc smelting/refining,ZLR_Zn_residue,TRACI2.1 characterized inventory,Ecotoxicity: Freshwater,per kg topology production output; total_life_cycle characterized inventory from LiAISON patch-v2,94,7
Zinc smelting/refining__ZLR_Zn_residue,US,Iprodione (ecotoxicity: freshwater),characterized inventory / ecotoxicity: freshwater,total_life_cycle aggregated background activities,CTUe,7bc18028-c165-5f30-b485-f235157e158d,236.99679082340296,4,Zinc smelting/refining,ZLR_Zn_residue,TRACI2.1 characterized inventory,Ecotoxicity: Freshwater,per kg topology production output; total_life_cycle characterized inventory from LiAISON patch-v2,46,4
Zinc smelting/refining__ZLR_Zn_residue,US,Nitrogen dioxide (ecotoxicity: freshwater),characterized inventory / ecotoxicity: freshwater,total_life_cycle aggregated background activities,CTUe,cb573877-65db-5ffb-bc8c-905143bf2aac,17.129156853420213,6,Zinc smelting/refining,ZLR_Zn_residue,TRACI2.1 characterized inventory,Ecotoxicity: Freshwater,per kg topology production output; total_life_cycle characterized inventory from LiAISON patch-v2,60,5
Zinc smelting/refining__ZLR_Zn_residue,US,Nitrogen oxides (eutrophication potential),characterized inventory / eutrophication potential,total_life_cycle aggregated background activities,kg N-Eq,a5ae2bbc-42d6-5243-a911-8d9740f69bf4,0.011572649000836568,43,Zinc smelting/refining,ZLR_Zn_residue,TRACI2.1 characterized inventory,Eutrophication Potential,per kg topology production output; total_life_cycle characterized inventory from LiAISON patch-v2,200,28
Zinc smelting/refining__ZLR_Zn_residue,US,Dinitrogen monoxide (global warming potential (GWP100)),characterized inventory / global warming potential (GWP100),total_life_cycle aggregated background activities,kg CO2-Eq,fc54a6dd-2322-569d-a043-f8a8dc90513d,1.154634758677016,43,Zinc smelting/refining,ZLR_Zn_residue,TRACI2.1 characterized inventory,Global Warming Potential (Gwp100),per kg topology production output; total_life_cycle characterized inventory from LiAISON patch-v2,200,38
Zinc smelting/refining__ZLR_Zn_residue,US,Arsenic ion (human toxicity: carcinogenic),characterized inventory / human toxicity: carcinogenic,total_life_cycle aggregated background activities,CTUh,e0aa45c3-75bb-5bfa-8a6a-ed2473a82806,7.335365744191247e-07,18,Zinc smelting/refining,ZLR_Zn_residue,TRACI2.1 characterized inventory,Human Toxicity: Carcinogenic,per kg topology production output; total_life_cycle characterized inventory from LiAISON patch-v2,200,13
Zinc smelting/refining__ZLR_Zn_residue,US,"1,2-Dichlorobenzene (human toxicity: non-carcinogenic)",characterized inventory / human toxicity: non-carcinogenic,total_life_cycle aggregated background activities,CTUh,05fd9f22-4ac0-53b9-bf24-81f340b16b3c,5.128739832266894e-07,10,Zinc smelting/refining,ZLR_Zn_residue,TRACI2.1 characterized inventory,Human Toxicity: Non-Carcinogenic,per kg topology production output; total_life_cycle characterized inventory from LiAISON patch-v2,123,7
Zinc smelting/refining__ZLR_Zn_residue,US,Imidacloprid (human toxicity: non-carcinogenic),characterized inventory / human toxicity: non-carcinogenic,total_life_cycle aggregated background activities,CTUh,831a3e7b-a8d5-531a-a016-6c26c9788774,2.1764089826525764e-08,4,Zinc smelting/refining,ZLR_Zn_residue,TRACI2.1 characterized inventory,Human Toxicity: Non-Carcinogenic,per kg topology production output; total_life_cycle characterized inventory from LiAISON patch-v2,31,4
Zinc smelting/refining__ZLR_Zn_residue,US,Iprodione (human toxicity: non-carcinogenic),characterized inventory / human toxicity: non-carcinogenic,total_life_cycle aggregated background activities,CTUh,de39dbf3-5d74-5b44-b1a1-ed37d2a61797,8.604946564940876e-06,6,Zinc smelting/refining,ZLR_Zn_residue,TRACI2.1 characterized inventory,Human Toxicity: Non-Carcinogenic,per kg topology production output; total_life_cycle characterized inventory from LiAISON patch-v2,46,6
Zinc smelting/refining__ZLR_Zn_residue,US,Nitrogen oxides (maximum incremental reactivity (MIR)),characterized inventory / maximum incremental reactivity (MIR),total_life_cycle aggregated background activities,kg O3-Eq,2c9b147b-f7c5-53c2-98c7-8e53dd91eb1d,0.16078205513068247,25,Zinc smelting/refining,ZLR_Zn_residue,TRACI2.1 characterized inventory,Maximum Incremental Reactivity (Mir),per kg topology production output; total_life_cycle characterized inventory from LiAISON patch-v2,200,17
Zinc smelting/refining__ZLR_Zn_residue,US,"Ethane, 1,1,2-trichloro-1,2,2-trifluoro-, CFC-113 (ozone depletion potential (ODP))",characterized inventory / ozone depletion potential (ODP),total_life_cycle aggregated background activities,kg CFC-11-Eq,97a7614b-9e41-5df4-96e4-4e3cd33b39e3,8.16898264029022e-08,13,Zinc smelting/refining,ZLR_Zn_residue,TRACI2.1 characterized inventory,Ozone Depletion Potential (Odp),per kg topology production output; total_life_cycle characterized inventory from LiAISON patch-v2,85,11
Zinc smelting/refining__ZLR_Zn_residue,US,"Methane, monochloro-, R-40 (ozone depletion potential (ODP))",characterized inventory / ozone depletion potential (ODP),total_life_cycle aggregated background activities,kg CFC-11-Eq,51476f95-cfbb-5b81-88c9-46ae9352a6ea,2.0173598648127216e-11,7,Zinc smelting/refining,ZLR_Zn_residue,TRACI2.1 characterized inventory,Ozone Depletion Potential (Odp),per kg topology production output; total_life_cycle characterized inventory from LiAISON patch-v2,69,4
Zinc smelting/refining__ZLR_Zn_residue,US,"Methane, tetrachloro-, R-10 (ozone depletion potential (ODP))",characterized inventory / ozone depletion potential (ODP),total_life_cycle aggregated background activities,kg CFC-11-Eq,8e1f3ae2-aa15-5a3f-b1b3-6fe6dbabe835,6.483226333276148e-11,7,Zinc smelting/refining,ZLR_Zn_residue,TRACI2.1 characterized inventory,Ozone Depletion Potential (Odp),per kg topology production output; total_life_cycle characterized inventory from LiAISON patch-v2,46,7
Zinc smelting/refining__ZLR_Zn_residue,US,"Particulate Matter, > 2.5 um and < 10um (particulate matter formation potential (PMFP))",characterized inventory / particulate matter formation potential (PMFP),total_life_cycle aggregated background activities,PM2.5-Eq,6b92f316-71cd-57e7-9f30-06abcebf8d9a,0.0009249766386693234,38,Zinc smelting/refining,ZLR_Zn_residue,TRACI2.1 characterized inventory,Particulate Matter Formation Potential (Pmfp),per kg topology production output; total_life_cycle characterized inventory from LiAISON patch-v2,200,26
