time_period,source,location,material,destination,destination_location,processing cost,transportation cost,tariff_cost,notes
0,Bauxite mining,AU,bauxite,,,0.0517,0.06,0,"[Ga proc] Domestic/incremental processing-cost row generated from Ga topology; planning-grade placeholder in USD/kg material; confidence=suspect, Medium conf; CI=0.60-0.75; source_urls=https://news.alcoa.com/press-releases/press-release-details/2025/GOVERNMENTS-ANNOUNCE-SUPPORT-FOR-ALCOAS-GALLIUM-CRITICAL-MINERAL-DEVELOPMENT-PROJECT-IN-WESTERN-AUSTRALIA/default.aspx; https://www.sojitz.com/en/news/article/20250804.html; https://pubs.usgs.gov/periodicals/mcs2026/mcs2026-gallium.pdf"
0,Bauxite mining,CN,bauxite,,,0.0382,0.05,0,"[Ga proc] Domestic/incremental processing-cost row generated from Ga topology; planning-grade placeholder in USD/kg material; confidence=ok, High conf; CI=0.85-0.97; source_urls=https://pubs.usgs.gov/periodicals/mcs2026/mcs2026-gallium.pdf; https://pubs.usgs.gov/myb/vol1/2022/myb1-2022-gallium.pdf"
0,Bauxite mining,GR,bauxite,,,0.0473,0.05,0,"[Ga proc] Domestic/incremental processing-cost row generated from Ga topology; planning-grade placeholder in USD/kg material; confidence=suspect, Medium conf; CI=0.60-0.75; source_urls=https://www.eib.org/en/press/all/2026-011-eib-backs-europe-s-first-gallium-production-investment-with-eur90-million-financing-to-metlen-in-greece; https://pubs.usgs.gov/periodicals/mcs2026/mcs2026-gallium.pdf"
0,Bauxite mining,KZ,bauxite,,,0.0427,0.0575,0,"[Ga proc] Domestic/incremental processing-cost row generated from Ga topology; planning-grade placeholder in USD/kg material; confidence=suspect, Medium conf; CI=0.60-0.75; source_urls=https://www.eurasianresources.lu/en/news/Shukhrat%20Ibragimov%20confirms%20that%20Eurasian%20Resources%20Group%20t.html; https://pubs.usgs.gov/periodicals/mcs2026/mcs2026-gallium.pdf"
0,Bayer liquor refining,AU,4N_Ga,,,97.75,0.096,0,"[Ga proc] Domestic/incremental processing-cost row generated from Ga topology; planning-grade placeholder in USD/kg material; confidence=suspect, Medium conf; CI=0.60-0.75; source_urls=https://news.alcoa.com/press-releases/press-release-details/2025/GOVERNMENTS-ANNOUNCE-SUPPORT-FOR-ALCOAS-GALLIUM-CRITICAL-MINERAL-DEVELOPMENT-PROJECT-IN-WESTERN-AUSTRALIA/default.aspx; https://www.sojitz.com/en/news/article/20250804.html; https://pubs.usgs.gov/periodicals/mcs2026/mcs2026-gallium.pdf"
0,Bayer liquor refining,AU,4N_Ga,High-purity gallium refining,CA,0,1.111,0,"[Ga trade] Cross-border trade-cost row generated from Ga topology: Bayer liquor refining AU -> High-purity gallium refining CA; tariff set to 0 in baseline; verify HS/country treatment if scenario requires; confidence=suspect, Medium conf; CI=0.60-0.75; source_urls=https://news.alcoa.com/press-releases/press-release-details/2025/GOVERNMENTS-ANNOUNCE-SUPPORT-FOR-ALCOAS-GALLIUM-CRITICAL-MINERAL-DEVELOPMENT-PROJECT-IN-WESTERN-AUSTRALIA/default.aspx; https://www.sojitz.com/en/news/article/20250804.html; https://pubs.usgs.gov/periodicals/mcs2026/mcs2026-gallium.pdf"
0,Bayer liquor refining,AU,4N_Ga,High-purity gallium refining,CN,0,0.6432,0,"[Ga trade] Cross-border trade-cost row generated from Ga topology: Bayer liquor refining AU -> High-purity gallium refining CN; tariff set to 0 in baseline; verify HS/country treatment if scenario requires; confidence=suspect, Medium conf; CI=0.60-0.75; source_urls=https://news.alcoa.com/press-releases/press-release-details/2025/GOVERNMENTS-ANNOUNCE-SUPPORT-FOR-ALCOAS-GALLIUM-CRITICAL-MINERAL-DEVELOPMENT-PROJECT-IN-WESTERN-AUSTRALIA/default.aspx; https://www.sojitz.com/en/news/article/20250804.html; https://pubs.usgs.gov/periodicals/mcs2026/mcs2026-gallium.pdf"
0,Bayer liquor refining,AU,4N_Ga,High-purity gallium refining,JP,0,0.5997,0,"[Ga trade] Cross-border trade-cost row generated from Ga topology: Bayer liquor refining AU -> High-purity gallium refining JP; tariff set to 0 in baseline; verify HS/country treatment if scenario requires; confidence=suspect, Medium conf; CI=0.60-0.75; source_urls=https://news.alcoa.com/press-releases/press-release-details/2025/GOVERNMENTS-ANNOUNCE-SUPPORT-FOR-ALCOAS-GALLIUM-CRITICAL-MINERAL-DEVELOPMENT-PROJECT-IN-WESTERN-AUSTRALIA/default.aspx; https://www.sojitz.com/en/news/article/20250804.html; https://pubs.usgs.gov/periodicals/mcs2026/mcs2026-gallium.pdf"
0,Bayer liquor refining,AU,4N_Ga,High-purity gallium refining,US,0,1.165,0,"[Ga trade] Cross-border trade-cost row generated from Ga topology: Bayer liquor refining AU -> High-purity gallium refining US; tariff set to 0 in baseline; verify HS/country treatment if scenario requires; confidence=suspect, Medium conf; CI=0.60-0.75; source_urls=https://news.alcoa.com/press-releases/press-release-details/2025/GOVERNMENTS-ANNOUNCE-SUPPORT-FOR-ALCOAS-GALLIUM-CRITICAL-MINERAL-DEVELOPMENT-PROJECT-IN-WESTERN-AUSTRALIA/default.aspx; https://www.sojitz.com/en/news/article/20250804.html; https://pubs.usgs.gov/periodicals/mcs2026/mcs2026-gallium.pdf"
0,Bayer liquor refining,CA,4N_Ga,,,300,0.088,0,"[Ga proc] Domestic/incremental processing-cost row generated from Ga topology; planning-grade placeholder in USD/kg material; confidence=suspect, Medium conf; CI=0.60-0.75; source_urls=https://www.riotinto.com/en/news/releases/2026/rio-tinto-advances-gallium-metal-rd-project-in-partnership-with-the-government-of-canada; https://pubs.usgs.gov/periodicals/mcs2026/mcs2026-gallium.pdf; https://pubs.usgs.gov/periodicals/mcs2025/mcs2025-gallium.pdf | Jacob Cordell expert review 2026-05-28: reviewed_planning processing-cost update reflects expert-updated planning assumptions for Ga recovery from Bayer liquor; period-0 reviewed value propagated to all modeled time periods for temporal consistency."
0,Bayer liquor refining,CA,4N_Ga,High-purity gallium refining,CN,0,0.777,0,"[Ga trade] Cross-border trade-cost row generated from Ga topology: Bayer liquor refining CA -> High-purity gallium refining CN; tariff set to 0 in baseline; verify HS/country treatment if scenario requires; confidence=suspect, Medium conf; CI=0.60-0.75; source_urls=https://www.riotinto.com/en/news/releases/2026/rio-tinto-advances-gallium-metal-rd-project-in-partnership-with-the-government-of-canada; https://pubs.usgs.gov/periodicals/mcs2026/mcs2026-gallium.pdf; https://pubs.usgs.gov/periodicals/mcs2025/mcs2025-gallium.pdf"
0,Bayer liquor refining,CA,4N_Ga,High-purity gallium refining,JP,0,0.6858,0,"[Ga trade] Cross-border trade-cost row generated from Ga topology: Bayer liquor refining CA -> High-purity gallium refining JP; tariff set to 0 in baseline; verify HS/country treatment if scenario requires; confidence=suspect, Medium conf; CI=0.60-0.75; source_urls=https://www.riotinto.com/en/news/releases/2026/rio-tinto-advances-gallium-metal-rd-project-in-partnership-with-the-government-of-canada; https://pubs.usgs.gov/periodicals/mcs2026/mcs2026-gallium.pdf; https://pubs.usgs.gov/periodicals/mcs2025/mcs2025-gallium.pdf"
0,Bayer liquor refining,CA,4N_Ga,High-purity gallium refining,US,0,0.253,0,"[Ga trade] Cross-border trade-cost row generated from Ga topology: Bayer liquor refining CA -> High-purity gallium refining US; tariff set to 0 in baseline; verify HS/country treatment if scenario requires; confidence=suspect, Medium conf; CI=0.60-0.75; source_urls=https://www.riotinto.com/en/news/releases/2026/rio-tinto-advances-gallium-metal-rd-project-in-partnership-with-the-government-of-canada; https://pubs.usgs.gov/periodicals/mcs2026/mcs2026-gallium.pdf; https://pubs.usgs.gov/periodicals/mcs2025/mcs2025-gallium.pdf"
0,Bayer liquor refining,CN,4N_Ga,,,280,0.08,0,"[Ga proc] Domestic/incremental processing-cost row generated from Ga topology; planning-grade placeholder in USD/kg material; confidence=ok, High conf; CI=0.85-0.97; source_urls=https://pubs.usgs.gov/periodicals/mcs2026/mcs2026-gallium.pdf; https://pubs.usgs.gov/myb/vol1/2022/myb1-2022-gallium.pdf; https://pubs.usgs.gov/periodicals/mcs2025/mcs2025-gallium.pdf | Jacob Cordell expert review 2026-05-28: reviewed_planning processing-cost update reflects expert-updated planning assumptions for Ga recovery from Bayer liquor; period-0 reviewed value propagated to all modeled time periods for temporal consistency."
0,Bayer liquor refining,CN,4N_Ga,High-purity gallium refining,CA,0,0.777,0,"[Ga trade] Cross-border trade-cost row generated from Ga topology: Bayer liquor refining CN -> High-purity gallium refining CA; tariff set to 0 in baseline; verify HS/country treatment if scenario requires; confidence=ok, High conf; CI=0.85-0.97; source_urls=https://pubs.usgs.gov/periodicals/mcs2026/mcs2026-gallium.pdf; https://pubs.usgs.gov/myb/vol1/2022/myb1-2022-gallium.pdf; https://pubs.usgs.gov/periodicals/mcs2025/mcs2025-gallium.pdf"
0,Bayer liquor refining,CN,4N_Ga,High-purity gallium refining,JP,0,0.3333,0,"[Ga trade] Cross-border trade-cost row generated from Ga topology: Bayer liquor refining CN -> High-purity gallium refining JP; tariff set to 0 in baseline; verify HS/country treatment if scenario requires; confidence=ok, High conf; CI=0.85-0.97; source_urls=https://pubs.usgs.gov/periodicals/mcs2026/mcs2026-gallium.pdf; https://pubs.usgs.gov/myb/vol1/2022/myb1-2022-gallium.pdf; https://pubs.usgs.gov/periodicals/mcs2025/mcs2025-gallium.pdf"
0,Bayer liquor refining,CN,4N_Ga,High-purity gallium refining,US,0,0.9097,0,"[Ga trade] Cross-border trade-cost row generated from Ga topology: Bayer liquor refining CN -> High-purity gallium refining US; US gallium-metal proxy tariff applied; confidence=ok, High conf; CI=0.85-0.97; source_urls=https://pubs.usgs.gov/periodicals/mcs2026/mcs2026-gallium.pdf; https://pubs.usgs.gov/myb/vol1/2022/myb1-2022-gallium.pdf; https://pubs.usgs.gov/periodicals/mcs2025/mcs2025-gallium.pdf | Jacob Cordell expert review 2026-05-28: reviewed_planning tariff assumptions were propagated consistently across all modeled time periods."
0,Bayer liquor refining,GR,4N_Ga,,,330,0.08,0,"[Ga proc] Domestic/incremental processing-cost row generated from Ga topology; planning-grade placeholder in USD/kg material; confidence=suspect, Medium conf; CI=0.60-0.75; source_urls=https://www.eib.org/en/press/all/2026-011-eib-backs-europe-s-first-gallium-production-investment-with-eur90-million-financing-to-metlen-in-greece; https://pubs.usgs.gov/periodicals/mcs2026/mcs2026-gallium.pdf; https://pubs.usgs.gov/periodicals/mcs2025/mcs2025-gallium.pdf | Jacob Cordell expert review 2026-05-28: reviewed_planning processing-cost update reflects expert-updated planning assumptions for Ga recovery from Bayer liquor; period-0 reviewed value propagated to all modeled time periods for temporal consistency."
0,Bayer liquor refining,GR,4N_Ga,High-purity gallium refining,CA,0,0.7051,0,"[Ga trade] Cross-border trade-cost row generated from Ga topology: Bayer liquor refining GR -> High-purity gallium refining CA; tariff set to 0 in baseline; verify HS/country treatment if scenario requires; confidence=suspect, Medium conf; CI=0.60-0.75; source_urls=https://www.eib.org/en/press/all/2026-011-eib-backs-europe-s-first-gallium-production-investment-with-eur90-million-financing-to-metlen-in-greece; https://pubs.usgs.gov/periodicals/mcs2026/mcs2026-gallium.pdf; https://pubs.usgs.gov/periodicals/mcs2025/mcs2025-gallium.pdf"
0,Bayer liquor refining,GR,4N_Ga,High-purity gallium refining,CN,0,0.611,0,"[Ga trade] Cross-border trade-cost row generated from Ga topology: Bayer liquor refining GR -> High-purity gallium refining CN; tariff set to 0 in baseline; verify HS/country treatment if scenario requires; confidence=suspect, Medium conf; CI=0.60-0.75; source_urls=https://www.eib.org/en/press/all/2026-011-eib-backs-europe-s-first-gallium-production-investment-with-eur90-million-financing-to-metlen-in-greece; https://pubs.usgs.gov/periodicals/mcs2026/mcs2026-gallium.pdf; https://pubs.usgs.gov/periodicals/mcs2025/mcs2025-gallium.pdf"
0,Bayer liquor refining,GR,4N_Ga,High-purity gallium refining,JP,0,0.7788,0,"[Ga trade] Cross-border trade-cost row generated from Ga topology: Bayer liquor refining GR -> High-purity gallium refining JP; tariff set to 0 in baseline; verify HS/country treatment if scenario requires; confidence=suspect, Medium conf; CI=0.60-0.75; source_urls=https://www.eib.org/en/press/all/2026-011-eib-backs-europe-s-first-gallium-production-investment-with-eur90-million-financing-to-metlen-in-greece; https://pubs.usgs.gov/periodicals/mcs2026/mcs2026-gallium.pdf; https://pubs.usgs.gov/periodicals/mcs2025/mcs2025-gallium.pdf"
0,Bayer liquor refining,GR,4N_Ga,High-purity gallium refining,US,0,0.775,0,"[Ga trade] Cross-border trade-cost row generated from Ga topology: Bayer liquor refining GR -> High-purity gallium refining US; US gallium-metal proxy tariff applied; confidence=suspect, Medium conf; CI=0.60-0.75; source_urls=https://www.eib.org/en/press/all/2026-011-eib-backs-europe-s-first-gallium-production-investment-with-eur90-million-financing-to-metlen-in-greece; https://pubs.usgs.gov/periodicals/mcs2026/mcs2026-gallium.pdf; https://pubs.usgs.gov/periodicals/mcs2025/mcs2025-gallium.pdf | Jacob Cordell expert review 2026-05-28: reviewed_planning tariff assumptions were propagated consistently across all modeled time periods."
0,Bayer liquor refining,KZ,4N_Ga,,,332,0.092,0,"[Ga proc] Domestic/incremental processing-cost row generated from Ga topology; planning-grade placeholder in USD/kg material; confidence=suspect, Medium conf; CI=0.60-0.75; source_urls=https://www.eurasianresources.lu/en/news/Shukhrat%20Ibragimov%20confirms%20that%20Eurasian%20Resources%20Group%20t.html; https://pubs.usgs.gov/periodicals/mcs2026/mcs2026-gallium.pdf; https://pubs.usgs.gov/periodicals/mcs2025/mcs2025-gallium.pdf | Jacob Cordell expert review 2026-05-28: reviewed_planning processing-cost update reflects expert-updated planning assumptions for Ga recovery from Bayer liquor; period-0 reviewed value propagated to all modeled time periods for temporal consistency."
0,Bayer liquor refining,KZ,4N_Ga,High-purity gallium refining,CA,0,0.7092,0,"[Ga trade] Cross-border trade-cost row generated from Ga topology: Bayer liquor refining KZ -> High-purity gallium refining CA; tariff set to 0 in baseline; verify HS/country treatment if scenario requires; confidence=suspect, Medium conf; CI=0.60-0.75; source_urls=https://www.eurasianresources.lu/en/news/Shukhrat%20Ibragimov%20confirms%20that%20Eurasian%20Resources%20Group%20t.html; https://pubs.usgs.gov/periodicals/mcs2026/mcs2026-gallium.pdf; https://pubs.usgs.gov/periodicals/mcs2025/mcs2025-gallium.pdf"
0,Bayer liquor refining,KZ,4N_Ga,High-purity gallium refining,CN,0,0.3528,0,"[Ga trade] Cross-border trade-cost row generated from Ga topology: Bayer liquor refining KZ -> High-purity gallium refining CN; tariff set to 0 in baseline; verify HS/country treatment if scenario requires; confidence=suspect, Medium conf; CI=0.60-0.75; source_urls=https://www.eurasianresources.lu/en/news/Shukhrat%20Ibragimov%20confirms%20that%20Eurasian%20Resources%20Group%20t.html; https://pubs.usgs.gov/periodicals/mcs2026/mcs2026-gallium.pdf; https://pubs.usgs.gov/periodicals/mcs2025/mcs2025-gallium.pdf"
0,Bayer liquor refining,KZ,4N_Ga,High-purity gallium refining,JP,0,0.5269,0,"[Ga trade] Cross-border trade-cost row generated from Ga topology: Bayer liquor refining KZ -> High-purity gallium refining JP; tariff set to 0 in baseline; verify HS/country treatment if scenario requires; confidence=suspect, Medium conf; CI=0.60-0.75; source_urls=https://www.eurasianresources.lu/en/news/Shukhrat%20Ibragimov%20confirms%20that%20Eurasian%20Resources%20Group%20t.html; https://pubs.usgs.gov/periodicals/mcs2026/mcs2026-gallium.pdf; https://pubs.usgs.gov/periodicals/mcs2025/mcs2025-gallium.pdf"
0,Bayer liquor refining,KZ,4N_Ga,High-purity gallium refining,US,0,0.83,0,"[Ga trade] Cross-border trade-cost row generated from Ga topology: Bayer liquor refining KZ -> High-purity gallium refining US; US gallium-metal proxy tariff applied; confidence=suspect, Medium conf; CI=0.60-0.75; source_urls=https://www.eurasianresources.lu/en/news/Shukhrat%20Ibragimov%20confirms%20that%20Eurasian%20Resources%20Group%20t.html; https://pubs.usgs.gov/periodicals/mcs2026/mcs2026-gallium.pdf; https://pubs.usgs.gov/periodicals/mcs2025/mcs2025-gallium.pdf | Jacob Cordell expert review 2026-05-28: reviewed_planning tariff assumptions were propagated consistently across all modeled time periods."
0,Bayer liquor refining,US,4N_Ga,,,422,0.088,0,"[Ga proc] Domestic/incremental processing-cost row generated from Ga topology; planning-grade placeholder in USD/kg material; confidence=suspect, Medium-low conf; CI=0.45-0.60; source_urls=https://www.energy.gov/cmei/articles/does-office-critical-minerals-and-energy-innovation-selects-five-organizations; https://pubs.usgs.gov/periodicals/mcs2026/mcs2026-gallium.pdf; https://pubs.usgs.gov/periodicals/mcs2025/mcs2025-gallium.pdf | Jacob Cordell expert review 2026-05-28: reviewed_planning processing-cost update reflects expert-updated planning assumptions for Ga recovery from Bayer liquor; period-0 reviewed value propagated to all modeled time periods for temporal consistency."
0,Bayer liquor refining,US,4N_Ga,High-purity gallium refining,CA,0,0.253,0,"[Ga trade] Cross-border trade-cost row generated from Ga topology: Bayer liquor refining US -> High-purity gallium refining CA; tariff set to 0 in baseline; verify HS/country treatment if scenario requires; confidence=suspect, Medium-low conf; CI=0.45-0.60; source_urls=https://www.energy.gov/cmei/articles/does-office-critical-minerals-and-energy-innovation-selects-five-organizations; https://pubs.usgs.gov/periodicals/mcs2026/mcs2026-gallium.pdf; https://pubs.usgs.gov/periodicals/mcs2025/mcs2025-gallium.pdf"
0,Bayer liquor refining,US,4N_Ga,High-purity gallium refining,CN,0,0.9097,0,"[Ga trade] Cross-border trade-cost row generated from Ga topology: Bayer liquor refining US -> High-purity gallium refining CN; tariff set to 0 in baseline; verify HS/country treatment if scenario requires; confidence=suspect, Medium-low conf; CI=0.45-0.60; source_urls=https://www.energy.gov/cmei/articles/does-office-critical-minerals-and-energy-innovation-selects-five-organizations; https://pubs.usgs.gov/periodicals/mcs2026/mcs2026-gallium.pdf; https://pubs.usgs.gov/periodicals/mcs2025/mcs2025-gallium.pdf"
0,Bayer liquor refining,US,4N_Ga,High-purity gallium refining,JP,0,0.803,0,"[Ga trade] Cross-border trade-cost row generated from Ga topology: Bayer liquor refining US -> High-purity gallium refining JP; tariff set to 0 in baseline; verify HS/country treatment if scenario requires; confidence=suspect, Medium-low conf; CI=0.45-0.60; source_urls=https://www.energy.gov/cmei/articles/does-office-critical-minerals-and-energy-innovation-selects-five-organizations; https://pubs.usgs.gov/periodicals/mcs2026/mcs2026-gallium.pdf; https://pubs.usgs.gov/periodicals/mcs2025/mcs2025-gallium.pdf"
0,Bayer process / alumina refining,AU,Bayer_liquor,,,0.0345,0.024,0,"[Ga proc] Domestic/incremental processing-cost row generated from Ga topology; planning-grade placeholder in USD/kg material; confidence=suspect, Medium conf; CI=0.60-0.75; source_urls=https://news.alcoa.com/press-releases/press-release-details/2025/GOVERNMENTS-ANNOUNCE-SUPPORT-FOR-ALCOAS-GALLIUM-CRITICAL-MINERAL-DEVELOPMENT-PROJECT-IN-WESTERN-AUSTRALIA/default.aspx; https://www.sojitz.com/en/news/article/20250804.html; https://pubs.usgs.gov/periodicals/mcs2026/mcs2026-gallium.pdf"
0,Bayer process / alumina refining,CA,Bayer_liquor,,,0.0345,0.022,0,"[Ga proc] Domestic/incremental processing-cost row generated from Ga topology; planning-grade placeholder in USD/kg material; confidence=suspect, Medium conf; CI=0.60-0.75; source_urls=https://www.riotinto.com/en/news/releases/2026/rio-tinto-advances-gallium-metal-rd-project-in-partnership-with-the-government-of-canada; https://pubs.usgs.gov/periodicals/mcs2026/mcs2026-gallium.pdf"
0,Bayer process / alumina refining,CN,Bayer_liquor,,,0.0255,0.02,0,"[Ga proc] Domestic/incremental processing-cost row generated from Ga topology; planning-grade placeholder in USD/kg material; confidence=ok, High conf; CI=0.85-0.97; source_urls=https://pubs.usgs.gov/periodicals/mcs2026/mcs2026-gallium.pdf; https://pubs.usgs.gov/myb/vol1/2022/myb1-2022-gallium.pdf"
0,Bayer process / alumina refining,GR,Bayer_liquor,,,0.0315,0.02,0,"[Ga proc] Domestic/incremental processing-cost row generated from Ga topology; planning-grade placeholder in USD/kg material; confidence=suspect, Medium conf; CI=0.60-0.75; source_urls=https://www.eib.org/en/press/all/2026-011-eib-backs-europe-s-first-gallium-production-investment-with-eur90-million-financing-to-metlen-in-greece; https://pubs.usgs.gov/periodicals/mcs2026/mcs2026-gallium.pdf"
0,Bayer process / alumina refining,KZ,Bayer_liquor,,,0.0285,0.023,0,"[Ga proc] Domestic/incremental processing-cost row generated from Ga topology; planning-grade placeholder in USD/kg material; confidence=suspect, Medium conf; CI=0.60-0.75; source_urls=https://www.eurasianresources.lu/en/news/Shukhrat%20Ibragimov%20confirms%20that%20Eurasian%20Resources%20Group%20t.html; https://pubs.usgs.gov/periodicals/mcs2026/mcs2026-gallium.pdf"
0,Bayer process / alumina refining,US,Bayer_liquor,,,0.036,0.022,0,"[Ga proc] Domestic/incremental processing-cost row generated from Ga topology; planning-grade placeholder in USD/kg material; confidence=suspect, Medium-low conf; CI=0.45-0.60; source_urls=https://www.energy.gov/cmei/articles/does-office-critical-minerals-and-energy-innovation-selects-five-organizations; https://pubs.usgs.gov/periodicals/mcs2026/mcs2026-gallium.pdf"
0,High-purity gallium refining,CA,6N_Ga,,,420,0.088,0,"[Ga proc] Domestic/incremental processing-cost row generated from Ga topology; planning-grade placeholder in USD/kg material; confidence=ok, Medium-high conf; CI=0.75-0.88; source_urls=https://pubs.usgs.gov/periodicals/mcs2025/mcs2025-gallium.pdf; https://pubs.usgs.gov/myb/vol1/2022/myb1-2022-gallium.pdf; https://www.neomaterials.com/rare-metals/gallium/ | Jacob Cordell expert review 2026-05-28: reviewed_planning processing-cost update reflects expert-updated purification cost assumptions for 6N gallium; period-0 reviewed value propagated to all modeled time periods for temporal consistency."
0,High-purity gallium refining,CA,6N_Ga,TMG synthesis,CN,0,0.777,0,"[Ga trade] Cross-border trade-cost row generated from Ga topology: High-purity gallium refining CA -> TMG synthesis CN; tariff set to 0 in baseline; verify HS/country treatment if scenario requires; confidence=ok, Medium-high conf; CI=0.75-0.88; source_urls=https://pubs.usgs.gov/periodicals/mcs2025/mcs2025-gallium.pdf; https://pubs.usgs.gov/myb/vol1/2022/myb1-2022-gallium.pdf; https://www.neomaterials.com/rare-metals/gallium/"
0,High-purity gallium refining,CA,6N_Ga,TMG synthesis,JP,0,0.6858,0,"[Ga trade] Cross-border trade-cost row generated from Ga topology: High-purity gallium refining CA -> TMG synthesis JP; tariff set to 0 in baseline; verify HS/country treatment if scenario requires; confidence=ok, Medium-high conf; CI=0.75-0.88; source_urls=https://pubs.usgs.gov/periodicals/mcs2025/mcs2025-gallium.pdf; https://pubs.usgs.gov/myb/vol1/2022/myb1-2022-gallium.pdf; https://www.neomaterials.com/rare-metals/gallium/"
0,High-purity gallium refining,CA,6N_Ga,TMG synthesis,KR,0,0.7205,0,"[Ga trade] Cross-border trade-cost row generated from Ga topology: High-purity gallium refining CA -> TMG synthesis KR; tariff set to 0 in baseline; verify HS/country treatment if scenario requires; confidence=ok, Medium conf; CI=0.60-0.75; source_urls=https://pubs.usgs.gov/periodicals/mcs2025/mcs2025-gallium.pdf; https://pubs.usgs.gov/myb/vol1/2022/myb1-2022-gallium.pdf; https://www.neomaterials.com/rare-metals/gallium/"
0,High-purity gallium refining,CA,6N_Ga,TMG synthesis,US,0,0.253,0,"[Ga trade] Cross-border trade-cost row generated from Ga topology: High-purity gallium refining CA -> TMG synthesis US; tariff set to 0 in baseline; verify HS/country treatment if scenario requires; confidence=ok, Medium conf; CI=0.60-0.75; source_urls=https://pubs.usgs.gov/periodicals/mcs2025/mcs2025-gallium.pdf; https://pubs.usgs.gov/myb/vol1/2022/myb1-2022-gallium.pdf; https://www.neomaterials.com/rare-metals/gallium/"
0,High-purity gallium refining,CA,6N_Ga,Wafer manufacturing,CN,0,0.777,0,"[Ga trade] Cross-border trade-cost row generated from Ga topology: High-purity gallium refining CA -> Wafer manufacturing CN; tariff set to 0 in baseline; verify HS/country treatment if scenario requires; confidence=ok, Medium-high conf; CI=0.75-0.88; source_urls=https://pubs.usgs.gov/periodicals/mcs2025/mcs2025-gallium.pdf; https://pubs.usgs.gov/myb/vol1/2022/myb1-2022-gallium.pdf; https://www.neomaterials.com/rare-metals/gallium/"
0,High-purity gallium refining,CA,6N_Ga,Wafer manufacturing,JP,0,0.6858,0,"[Ga trade] Cross-border trade-cost row generated from Ga topology: High-purity gallium refining CA -> Wafer manufacturing JP; tariff set to 0 in baseline; verify HS/country treatment if scenario requires; confidence=ok, High conf; CI=0.85-0.97; source_urls=https://pubs.usgs.gov/periodicals/mcs2025/mcs2025-gallium.pdf; https://pubs.usgs.gov/myb/vol1/2022/myb1-2022-gallium.pdf; https://www.neomaterials.com/rare-metals/gallium/"
0,High-purity gallium refining,CA,6N_Ga,Wafer manufacturing,KR,0,0.7205,0,"[Ga trade] Cross-border trade-cost row generated from Ga topology: High-purity gallium refining CA -> Wafer manufacturing KR; tariff set to 0 in baseline; verify HS/country treatment if scenario requires; confidence=ok, Medium conf; CI=0.60-0.75; source_urls=https://pubs.usgs.gov/periodicals/mcs2025/mcs2025-gallium.pdf; https://pubs.usgs.gov/myb/vol1/2022/myb1-2022-gallium.pdf; https://www.neomaterials.com/rare-metals/gallium/"
0,High-purity gallium refining,CA,6N_Ga,Wafer manufacturing,US,0,0.253,0,"[Ga trade] Cross-border trade-cost row generated from Ga topology: High-purity gallium refining CA -> Wafer manufacturing US; tariff set to 0 in baseline; verify HS/country treatment if scenario requires; confidence=ok, High conf; CI=0.85-0.97; source_urls=https://pubs.usgs.gov/periodicals/mcs2025/mcs2025-gallium.pdf; https://pubs.usgs.gov/myb/vol1/2022/myb1-2022-gallium.pdf; https://www.neomaterials.com/rare-metals/gallium/"
0,High-purity gallium refining,CN,6N_Ga,,,350,0.08,0,"[Ga proc] Domestic/incremental processing-cost row generated from Ga topology; planning-grade placeholder in USD/kg material; confidence=ok, Medium-high conf; CI=0.75-0.88; source_urls=https://pubs.usgs.gov/myb/vol1/2022/myb1-2022-gallium.pdf; https://pubs.usgs.gov/periodicals/mcs2025/mcs2025-gallium.pdf; https://www.nouryon.com/product/tmga-ssg-trimethylgallium-cas-1445-79-0 | Jacob Cordell expert review 2026-05-28: reviewed_planning processing-cost update reflects expert-updated purification cost assumptions for 6N gallium; period-0 reviewed value propagated to all modeled time periods for temporal consistency."
0,High-purity gallium refining,CN,6N_Ga,TMG synthesis,JP,0,0.3333,0,"[Ga trade] Cross-border trade-cost row generated from Ga topology: High-purity gallium refining CN -> TMG synthesis JP; tariff set to 0 in baseline; verify HS/country treatment if scenario requires; confidence=ok, Medium-high conf; CI=0.75-0.88; source_urls=https://pubs.usgs.gov/myb/vol1/2022/myb1-2022-gallium.pdf; https://pubs.usgs.gov/periodicals/mcs2025/mcs2025-gallium.pdf; https://www.nouryon.com/product/tmga-ssg-trimethylgallium-cas-1445-79-0"
0,High-purity gallium refining,CN,6N_Ga,TMG synthesis,KR,0,0.2683,0,"[Ga trade] Cross-border trade-cost row generated from Ga topology: High-purity gallium refining CN -> TMG synthesis KR; tariff set to 0 in baseline; verify HS/country treatment if scenario requires; confidence=ok, Medium conf; CI=0.60-0.75; source_urls=https://pubs.usgs.gov/myb/vol1/2022/myb1-2022-gallium.pdf; https://pubs.usgs.gov/periodicals/mcs2025/mcs2025-gallium.pdf; https://www.nouryon.com/product/tmga-ssg-trimethylgallium-cas-1445-79-0"
0,High-purity gallium refining,CN,6N_Ga,TMG synthesis,US,0,0.9097,0,"[Ga trade] Cross-border trade-cost row generated from Ga topology: High-purity gallium refining CN -> TMG synthesis US; US gallium-metal proxy tariff applied; confidence=ok, Medium conf; CI=0.60-0.75; source_urls=https://pubs.usgs.gov/myb/vol1/2022/myb1-2022-gallium.pdf; https://pubs.usgs.gov/periodicals/mcs2025/mcs2025-gallium.pdf; https://pubs.usgs.gov/periodicals/mcs2026/mcs2026-gallium.pdf | Jacob Cordell expert review 2026-05-28: reviewed_planning tariff assumptions were propagated consistently across all modeled time periods."
0,High-purity gallium refining,CN,6N_Ga,Wafer manufacturing,JP,0,0.3333,0,"[Ga trade] Cross-border trade-cost row generated from Ga topology: High-purity gallium refining CN -> Wafer manufacturing JP; tariff set to 0 in baseline; verify HS/country treatment if scenario requires; confidence=ok, High conf; CI=0.85-0.97; source_urls=https://pubs.usgs.gov/myb/vol1/2022/myb1-2022-gallium.pdf; https://pubs.usgs.gov/periodicals/mcs2025/mcs2025-gallium.pdf"
0,High-purity gallium refining,CN,6N_Ga,Wafer manufacturing,KR,0,0.2683,0,"[Ga trade] Cross-border trade-cost row generated from Ga topology: High-purity gallium refining CN -> Wafer manufacturing KR; tariff set to 0 in baseline; verify HS/country treatment if scenario requires; confidence=ok, Medium conf; CI=0.60-0.75; source_urls=https://pubs.usgs.gov/myb/vol1/2022/myb1-2022-gallium.pdf; https://pubs.usgs.gov/periodicals/mcs2025/mcs2025-gallium.pdf"
0,High-purity gallium refining,CN,6N_Ga,Wafer manufacturing,US,0,0.9097,0,"[Ga trade] Cross-border trade-cost row generated from Ga topology: High-purity gallium refining CN -> Wafer manufacturing US; US gallium-metal proxy tariff applied; confidence=ok, High conf; CI=0.85-0.97; source_urls=https://pubs.usgs.gov/myb/vol1/2022/myb1-2022-gallium.pdf; https://pubs.usgs.gov/periodicals/mcs2025/mcs2025-gallium.pdf; https://pubs.usgs.gov/periodicals/mcs2026/mcs2026-gallium.pdf | Jacob Cordell expert review 2026-05-28: reviewed_planning tariff assumptions were propagated consistently across all modeled time periods."
0,High-purity gallium refining,JP,6N_Ga,,,440,0.076,0,"[Ga proc] Domestic/incremental processing-cost row generated from Ga topology; planning-grade placeholder in USD/kg material; confidence=ok, Medium-high conf; CI=0.75-0.88; source_urls=https://pubs.usgs.gov/myb/vol1/2022/myb1-2022-gallium.pdf; https://pubs.usgs.gov/periodicals/mcs2025/mcs2025-gallium.pdf; https://www.nouryon.com/product/tmga-ssg-trimethylgallium-cas-1445-79-0 | Jacob Cordell expert review 2026-05-28: reviewed_planning processing-cost update reflects expert-updated purification cost assumptions for 6N gallium; period-0 reviewed value propagated to all modeled time periods for temporal consistency."
0,High-purity gallium refining,JP,6N_Ga,TMG synthesis,CN,0,0.3333,0,"[Ga trade] Cross-border trade-cost row generated from Ga topology: High-purity gallium refining JP -> TMG synthesis CN; tariff set to 0 in baseline; verify HS/country treatment if scenario requires; confidence=ok, Medium-high conf; CI=0.75-0.88; source_urls=https://pubs.usgs.gov/myb/vol1/2022/myb1-2022-gallium.pdf; https://pubs.usgs.gov/periodicals/mcs2025/mcs2025-gallium.pdf; https://www.nouryon.com/product/tmga-ssg-trimethylgallium-cas-1445-79-0"
0,High-purity gallium refining,JP,6N_Ga,TMG synthesis,KR,0,0.186,0,"[Ga trade] Cross-border trade-cost row generated from Ga topology: High-purity gallium refining JP -> TMG synthesis KR; tariff set to 0 in baseline; verify HS/country treatment if scenario requires; confidence=ok, Medium conf; CI=0.60-0.75; source_urls=https://pubs.usgs.gov/myb/vol1/2022/myb1-2022-gallium.pdf; https://pubs.usgs.gov/periodicals/mcs2025/mcs2025-gallium.pdf; https://www.nouryon.com/product/tmga-ssg-trimethylgallium-cas-1445-79-0"
0,High-purity gallium refining,JP,6N_Ga,TMG synthesis,US,0,0.803,0,"[Ga trade] Cross-border trade-cost row generated from Ga topology: High-purity gallium refining JP -> TMG synthesis US; US gallium-metal proxy tariff applied; confidence=ok, Medium conf; CI=0.60-0.75; source_urls=https://pubs.usgs.gov/myb/vol1/2022/myb1-2022-gallium.pdf; https://pubs.usgs.gov/periodicals/mcs2025/mcs2025-gallium.pdf; https://pubs.usgs.gov/periodicals/mcs2026/mcs2026-gallium.pdf | Jacob Cordell expert review 2026-05-28: reviewed_planning tariff assumptions were propagated consistently across all modeled time periods."
0,High-purity gallium refining,JP,6N_Ga,Wafer manufacturing,CN,0,0.3333,0,"[Ga trade] Cross-border trade-cost row generated from Ga topology: High-purity gallium refining JP -> Wafer manufacturing CN; tariff set to 0 in baseline; verify HS/country treatment if scenario requires; confidence=ok, Medium-high conf; CI=0.75-0.88; source_urls=https://pubs.usgs.gov/myb/vol1/2022/myb1-2022-gallium.pdf; https://pubs.usgs.gov/periodicals/mcs2025/mcs2025-gallium.pdf; https://pubs.usgs.gov/periodicals/mcs2026/mcs2026-gallium.pdf"
0,High-purity gallium refining,JP,6N_Ga,Wafer manufacturing,KR,0,0.186,0,"[Ga trade] Cross-border trade-cost row generated from Ga topology: High-purity gallium refining JP -> Wafer manufacturing KR; tariff set to 0 in baseline; verify HS/country treatment if scenario requires; confidence=ok, Medium conf; CI=0.60-0.75; source_urls=https://pubs.usgs.gov/myb/vol1/2022/myb1-2022-gallium.pdf; https://pubs.usgs.gov/periodicals/mcs2025/mcs2025-gallium.pdf"
0,High-purity gallium refining,JP,6N_Ga,Wafer manufacturing,US,0,0.803,0,"[Ga trade] Cross-border trade-cost row generated from Ga topology: High-purity gallium refining JP -> Wafer manufacturing US; US gallium-metal proxy tariff applied; confidence=ok, High conf; CI=0.85-0.97; source_urls=https://pubs.usgs.gov/myb/vol1/2022/myb1-2022-gallium.pdf; https://pubs.usgs.gov/periodicals/mcs2025/mcs2025-gallium.pdf; https://pubs.usgs.gov/periodicals/mcs2026/mcs2026-gallium.pdf | Jacob Cordell expert review 2026-05-28: reviewed_planning tariff assumptions were propagated consistently across all modeled time periods."
0,High-purity gallium refining,US,6N_Ga,,,390,0.088,0,"[Ga proc] Domestic/incremental processing-cost row generated from Ga topology; planning-grade placeholder in USD/kg material; confidence=ok, Medium-high conf; CI=0.75-0.88; source_urls=https://pubs.usgs.gov/periodicals/mcs2026/mcs2026-gallium.pdf; https://pubs.usgs.gov/myb/vol1/2022/myb1-2022-gallium.pdf; https://www.nouryon.com/product/tmga-ssg-trimethylgallium-cas-1445-79-0 | Jacob Cordell expert review 2026-05-28: reviewed_planning processing-cost update reflects expert-updated purification cost assumptions for 6N gallium; period-0 reviewed value propagated to all modeled time periods for temporal consistency."
0,High-purity gallium refining,US,6N_Ga,TMG synthesis,CN,0,0.9097,0,"[Ga trade] Cross-border trade-cost row generated from Ga topology: High-purity gallium refining US -> TMG synthesis CN; tariff set to 0 in baseline; verify HS/country treatment if scenario requires; confidence=ok, Medium-high conf; CI=0.75-0.88; source_urls=https://pubs.usgs.gov/periodicals/mcs2026/mcs2026-gallium.pdf; https://pubs.usgs.gov/myb/vol1/2022/myb1-2022-gallium.pdf; https://www.nouryon.com/product/tmga-ssg-trimethylgallium-cas-1445-79-0"
0,High-purity gallium refining,US,6N_Ga,TMG synthesis,JP,0,0.803,0,"[Ga trade] Cross-border trade-cost row generated from Ga topology: High-purity gallium refining US -> TMG synthesis JP; tariff set to 0 in baseline; verify HS/country treatment if scenario requires; confidence=ok, Medium-high conf; CI=0.75-0.88; source_urls=https://pubs.usgs.gov/periodicals/mcs2026/mcs2026-gallium.pdf; https://pubs.usgs.gov/myb/vol1/2022/myb1-2022-gallium.pdf; https://www.nouryon.com/product/tmga-ssg-trimethylgallium-cas-1445-79-0"
0,High-purity gallium refining,US,6N_Ga,TMG synthesis,KR,0,0.8445,0,"[Ga trade] Cross-border trade-cost row generated from Ga topology: High-purity gallium refining US -> TMG synthesis KR; tariff set to 0 in baseline; verify HS/country treatment if scenario requires; confidence=ok, Medium conf; CI=0.60-0.75; source_urls=https://pubs.usgs.gov/periodicals/mcs2026/mcs2026-gallium.pdf; https://pubs.usgs.gov/myb/vol1/2022/myb1-2022-gallium.pdf; https://www.nouryon.com/product/tmga-ssg-trimethylgallium-cas-1445-79-0"
0,High-purity gallium refining,US,6N_Ga,Wafer manufacturing,CN,0,0.9097,0,"[Ga trade] Cross-border trade-cost row generated from Ga topology: High-purity gallium refining US -> Wafer manufacturing CN; tariff set to 0 in baseline; verify HS/country treatment if scenario requires; confidence=ok, Medium-high conf; CI=0.75-0.88; source_urls=https://pubs.usgs.gov/periodicals/mcs2026/mcs2026-gallium.pdf; https://pubs.usgs.gov/myb/vol1/2022/myb1-2022-gallium.pdf"
0,High-purity gallium refining,US,6N_Ga,Wafer manufacturing,JP,0,0.803,0,"[Ga trade] Cross-border trade-cost row generated from Ga topology: High-purity gallium refining US -> Wafer manufacturing JP; tariff set to 0 in baseline; verify HS/country treatment if scenario requires; confidence=ok, High conf; CI=0.85-0.97; source_urls=https://pubs.usgs.gov/periodicals/mcs2026/mcs2026-gallium.pdf; https://pubs.usgs.gov/myb/vol1/2022/myb1-2022-gallium.pdf"
0,High-purity gallium refining,US,6N_Ga,Wafer manufacturing,KR,0,0.8445,0,"[Ga trade] Cross-border trade-cost row generated from Ga topology: High-purity gallium refining US -> Wafer manufacturing KR; tariff set to 0 in baseline; verify HS/country treatment if scenario requires; confidence=ok, Medium conf; CI=0.60-0.75; source_urls=https://pubs.usgs.gov/periodicals/mcs2026/mcs2026-gallium.pdf; https://pubs.usgs.gov/myb/vol1/2022/myb1-2022-gallium.pdf; https://pubs.usgs.gov/periodicals/mcs2025/mcs2025-gallium.pdf"
0,New manufacturing scrap recovery,CA,6N_Ga,,,322,0.088,0,"[Ga proc] Domestic/incremental processing-cost row generated from Ga topology; planning-grade placeholder in USD/kg material; confidence=suspect, Medium conf; CI=0.60-0.75; source_urls=https://pubs.usgs.gov/periodicals/mcs2025/mcs2025-gallium.pdf; https://pubs.usgs.gov/myb/vol1/2022/myb1-2022-gallium.pdf; https://www.neomaterials.com/rare-metals/gallium/ | Jacob Cordell expert review 2026-05-28: reviewed_planning processing-cost update reflects expert-updated planning assumptions for recovery from new manufacturing scrap; period-0 reviewed value propagated to all modeled time periods for temporal consistency."
0,New manufacturing scrap recovery,CA,6N_Ga,TMG synthesis,CN,0,0.777,0,"[Ga trade] Cross-border trade-cost row generated from Ga topology: New manufacturing scrap recovery CA -> TMG synthesis CN; tariff set to 0 in baseline; verify HS/country treatment if scenario requires; confidence=suspect, Medium conf; CI=0.60-0.75; source_urls=https://pubs.usgs.gov/periodicals/mcs2025/mcs2025-gallium.pdf; https://pubs.usgs.gov/myb/vol1/2022/myb1-2022-gallium.pdf; https://www.neomaterials.com/rare-metals/gallium/"
0,New manufacturing scrap recovery,CA,6N_Ga,TMG synthesis,JP,0,0.6858,0,"[Ga trade] Cross-border trade-cost row generated from Ga topology: New manufacturing scrap recovery CA -> TMG synthesis JP; tariff set to 0 in baseline; verify HS/country treatment if scenario requires; confidence=suspect, Medium conf; CI=0.60-0.75; source_urls=https://pubs.usgs.gov/periodicals/mcs2025/mcs2025-gallium.pdf; https://pubs.usgs.gov/myb/vol1/2022/myb1-2022-gallium.pdf; https://www.neomaterials.com/rare-metals/gallium/"
0,New manufacturing scrap recovery,CA,6N_Ga,TMG synthesis,KR,0,0.7205,0,"[Ga trade] Cross-border trade-cost row generated from Ga topology: New manufacturing scrap recovery CA -> TMG synthesis KR; tariff set to 0 in baseline; verify HS/country treatment if scenario requires; confidence=suspect, Medium conf; CI=0.60-0.75; source_urls=https://pubs.usgs.gov/periodicals/mcs2025/mcs2025-gallium.pdf; https://pubs.usgs.gov/myb/vol1/2022/myb1-2022-gallium.pdf; https://www.neomaterials.com/rare-metals/gallium/"
0,New manufacturing scrap recovery,CA,6N_Ga,TMG synthesis,US,0,0.253,0,"[Ga trade] Cross-border trade-cost row generated from Ga topology: New manufacturing scrap recovery CA -> TMG synthesis US; tariff set to 0 in baseline; verify HS/country treatment if scenario requires; confidence=suspect, Medium conf; CI=0.60-0.75; source_urls=https://pubs.usgs.gov/periodicals/mcs2025/mcs2025-gallium.pdf; https://pubs.usgs.gov/myb/vol1/2022/myb1-2022-gallium.pdf; https://www.neomaterials.com/rare-metals/gallium/"
0,New manufacturing scrap recovery,CA,6N_Ga,Wafer manufacturing,CN,0,0.777,0,"[Ga trade] Cross-border trade-cost row generated from Ga topology: New manufacturing scrap recovery CA -> Wafer manufacturing CN; tariff set to 0 in baseline; verify HS/country treatment if scenario requires; confidence=suspect, Medium conf; CI=0.60-0.75; source_urls=https://pubs.usgs.gov/periodicals/mcs2025/mcs2025-gallium.pdf; https://pubs.usgs.gov/myb/vol1/2022/myb1-2022-gallium.pdf; https://www.neomaterials.com/rare-metals/gallium/"
0,New manufacturing scrap recovery,CA,6N_Ga,Wafer manufacturing,JP,0,0.6858,0,"[Ga trade] Cross-border trade-cost row generated from Ga topology: New manufacturing scrap recovery CA -> Wafer manufacturing JP; tariff set to 0 in baseline; verify HS/country treatment if scenario requires; confidence=suspect, Medium conf; CI=0.60-0.75; source_urls=https://pubs.usgs.gov/periodicals/mcs2025/mcs2025-gallium.pdf; https://pubs.usgs.gov/myb/vol1/2022/myb1-2022-gallium.pdf; https://www.neomaterials.com/rare-metals/gallium/"
0,New manufacturing scrap recovery,CA,6N_Ga,Wafer manufacturing,KR,0,0.7205,0,"[Ga trade] Cross-border trade-cost row generated from Ga topology: New manufacturing scrap recovery CA -> Wafer manufacturing KR; tariff set to 0 in baseline; verify HS/country treatment if scenario requires; confidence=suspect, Medium conf; CI=0.60-0.75; source_urls=https://pubs.usgs.gov/periodicals/mcs2025/mcs2025-gallium.pdf; https://pubs.usgs.gov/myb/vol1/2022/myb1-2022-gallium.pdf; https://www.neomaterials.com/rare-metals/gallium/"
0,New manufacturing scrap recovery,CA,6N_Ga,Wafer manufacturing,US,0,0.253,0,"[Ga trade] Cross-border trade-cost row generated from Ga topology: New manufacturing scrap recovery CA -> Wafer manufacturing US; tariff set to 0 in baseline; verify HS/country treatment if scenario requires; confidence=suspect, Medium conf; CI=0.60-0.75; source_urls=https://pubs.usgs.gov/periodicals/mcs2025/mcs2025-gallium.pdf; https://pubs.usgs.gov/myb/vol1/2022/myb1-2022-gallium.pdf; https://www.neomaterials.com/rare-metals/gallium/"
0,New manufacturing scrap recovery,CN,6N_Ga,,,238,0.08,0,"[Ga proc] Domestic/incremental processing-cost row generated from Ga topology; planning-grade placeholder in USD/kg material; confidence=ok, High conf; CI=0.85-0.97; source_urls=https://pubs.usgs.gov/periodicals/mcs2025/mcs2025-gallium.pdf; https://pubs.usgs.gov/myb/vol1/2022/myb1-2022-gallium.pdf; https://www.nouryon.com/product/tmga-ssg-trimethylgallium-cas-1445-79-0 | Jacob Cordell expert review 2026-05-28: reviewed_planning processing-cost update reflects expert-updated planning assumptions for recovery from new manufacturing scrap; period-0 reviewed value propagated to all modeled time periods for temporal consistency."
0,New manufacturing scrap recovery,CN,6N_Ga,TMG synthesis,JP,0,0.3333,0,"[Ga trade] Cross-border trade-cost row generated from Ga topology: New manufacturing scrap recovery CN -> TMG synthesis JP; tariff set to 0 in baseline; verify HS/country treatment if scenario requires; confidence=suspect, Medium conf; CI=0.60-0.75; source_urls=https://pubs.usgs.gov/periodicals/mcs2025/mcs2025-gallium.pdf; https://pubs.usgs.gov/myb/vol1/2022/myb1-2022-gallium.pdf; https://www.nouryon.com/product/tmga-ssg-trimethylgallium-cas-1445-79-0"
0,New manufacturing scrap recovery,CN,6N_Ga,TMG synthesis,KR,0,0.2683,0,"[Ga trade] Cross-border trade-cost row generated from Ga topology: New manufacturing scrap recovery CN -> TMG synthesis KR; tariff set to 0 in baseline; verify HS/country treatment if scenario requires; confidence=suspect, Medium conf; CI=0.60-0.75; source_urls=https://pubs.usgs.gov/periodicals/mcs2025/mcs2025-gallium.pdf; https://pubs.usgs.gov/myb/vol1/2022/myb1-2022-gallium.pdf; https://www.nouryon.com/product/tmga-ssg-trimethylgallium-cas-1445-79-0"
0,New manufacturing scrap recovery,CN,6N_Ga,TMG synthesis,US,0,0.9097,0,"[Ga trade] Cross-border trade-cost row generated from Ga topology: New manufacturing scrap recovery CN -> TMG synthesis US; US gallium-metal proxy tariff applied; confidence=suspect, Medium conf; CI=0.60-0.75; source_urls=https://pubs.usgs.gov/periodicals/mcs2025/mcs2025-gallium.pdf; https://pubs.usgs.gov/myb/vol1/2022/myb1-2022-gallium.pdf; https://www.nouryon.com/product/tmga-ssg-trimethylgallium-cas-1445-79-0 | Jacob Cordell expert review 2026-05-28: reviewed_planning tariff assumptions were propagated consistently across all modeled time periods."
0,New manufacturing scrap recovery,CN,6N_Ga,Wafer manufacturing,JP,0,0.3333,0,"[Ga trade] Cross-border trade-cost row generated from Ga topology: New manufacturing scrap recovery CN -> Wafer manufacturing JP; tariff set to 0 in baseline; verify HS/country treatment if scenario requires; confidence=suspect, Medium conf; CI=0.60-0.75; source_urls=https://pubs.usgs.gov/periodicals/mcs2025/mcs2025-gallium.pdf; https://pubs.usgs.gov/myb/vol1/2022/myb1-2022-gallium.pdf; https://pubs.usgs.gov/periodicals/mcs2026/mcs2026-gallium.pdf"
0,New manufacturing scrap recovery,CN,6N_Ga,Wafer manufacturing,KR,0,0.2683,0,"[Ga trade] Cross-border trade-cost row generated from Ga topology: New manufacturing scrap recovery CN -> Wafer manufacturing KR; tariff set to 0 in baseline; verify HS/country treatment if scenario requires; confidence=suspect, Medium conf; CI=0.60-0.75; source_urls=https://pubs.usgs.gov/periodicals/mcs2025/mcs2025-gallium.pdf; https://pubs.usgs.gov/myb/vol1/2022/myb1-2022-gallium.pdf; https://pubs.usgs.gov/periodicals/mcs2026/mcs2026-gallium.pdf"
0,New manufacturing scrap recovery,CN,6N_Ga,Wafer manufacturing,US,0,0.9097,0,"[Ga trade] Cross-border trade-cost row generated from Ga topology: New manufacturing scrap recovery CN -> Wafer manufacturing US; US gallium-metal proxy tariff applied; confidence=suspect, Medium conf; CI=0.60-0.75; source_urls=https://pubs.usgs.gov/periodicals/mcs2025/mcs2025-gallium.pdf; https://pubs.usgs.gov/myb/vol1/2022/myb1-2022-gallium.pdf; https://pubs.usgs.gov/periodicals/mcs2026/mcs2026-gallium.pdf | Jacob Cordell expert review 2026-05-28: reviewed_planning tariff assumptions were propagated consistently across all modeled time periods."
0,New manufacturing scrap recovery,JP,6N_Ga,,,322,0.076,0,"[Ga proc] Domestic/incremental processing-cost row generated from Ga topology; planning-grade placeholder in USD/kg material; confidence=suspect, Medium conf; CI=0.60-0.75; source_urls=https://pubs.usgs.gov/periodicals/mcs2025/mcs2025-gallium.pdf; https://pubs.usgs.gov/myb/vol1/2022/myb1-2022-gallium.pdf; https://www.nouryon.com/product/tmga-ssg-trimethylgallium-cas-1445-79-0 | Jacob Cordell expert review 2026-05-28: reviewed_planning processing-cost update reflects expert-updated planning assumptions for recovery from new manufacturing scrap; period-0 reviewed value propagated to all modeled time periods for temporal consistency."
0,New manufacturing scrap recovery,JP,6N_Ga,TMG synthesis,CN,0,0.3333,0,"[Ga trade] Cross-border trade-cost row generated from Ga topology: New manufacturing scrap recovery JP -> TMG synthesis CN; tariff set to 0 in baseline; verify HS/country treatment if scenario requires; confidence=suspect, Medium conf; CI=0.60-0.75; source_urls=https://pubs.usgs.gov/periodicals/mcs2025/mcs2025-gallium.pdf; https://pubs.usgs.gov/myb/vol1/2022/myb1-2022-gallium.pdf; https://www.nouryon.com/product/tmga-ssg-trimethylgallium-cas-1445-79-0"
0,New manufacturing scrap recovery,JP,6N_Ga,TMG synthesis,KR,0,0.186,0,"[Ga trade] Cross-border trade-cost row generated from Ga topology: New manufacturing scrap recovery JP -> TMG synthesis KR; tariff set to 0 in baseline; verify HS/country treatment if scenario requires; confidence=suspect, Medium conf; CI=0.60-0.75; source_urls=https://pubs.usgs.gov/periodicals/mcs2025/mcs2025-gallium.pdf; https://pubs.usgs.gov/myb/vol1/2022/myb1-2022-gallium.pdf; https://www.nouryon.com/product/tmga-ssg-trimethylgallium-cas-1445-79-0"
0,New manufacturing scrap recovery,JP,6N_Ga,TMG synthesis,US,0,0.803,0,"[Ga trade] Cross-border trade-cost row generated from Ga topology: New manufacturing scrap recovery JP -> TMG synthesis US; US gallium-metal proxy tariff applied; confidence=suspect, Medium conf; CI=0.60-0.75; source_urls=https://pubs.usgs.gov/periodicals/mcs2025/mcs2025-gallium.pdf; https://pubs.usgs.gov/myb/vol1/2022/myb1-2022-gallium.pdf; https://www.nouryon.com/product/tmga-ssg-trimethylgallium-cas-1445-79-0 | Jacob Cordell expert review 2026-05-28: reviewed_planning tariff assumptions were propagated consistently across all modeled time periods."
0,New manufacturing scrap recovery,JP,6N_Ga,Wafer manufacturing,CN,0,0.3333,0,"[Ga trade] Cross-border trade-cost row generated from Ga topology: New manufacturing scrap recovery JP -> Wafer manufacturing CN; tariff set to 0 in baseline; verify HS/country treatment if scenario requires; confidence=suspect, Medium conf; CI=0.60-0.75; source_urls=https://pubs.usgs.gov/periodicals/mcs2025/mcs2025-gallium.pdf; https://pubs.usgs.gov/myb/vol1/2022/myb1-2022-gallium.pdf; https://pubs.usgs.gov/periodicals/mcs2026/mcs2026-gallium.pdf"
0,New manufacturing scrap recovery,JP,6N_Ga,Wafer manufacturing,KR,0,0.186,0,"[Ga trade] Cross-border trade-cost row generated from Ga topology: New manufacturing scrap recovery JP -> Wafer manufacturing KR; tariff set to 0 in baseline; verify HS/country treatment if scenario requires; confidence=suspect, Medium conf; CI=0.60-0.75; source_urls=https://pubs.usgs.gov/periodicals/mcs2025/mcs2025-gallium.pdf; https://pubs.usgs.gov/myb/vol1/2022/myb1-2022-gallium.pdf; https://pubs.usgs.gov/periodicals/mcs2026/mcs2026-gallium.pdf"
0,New manufacturing scrap recovery,JP,6N_Ga,Wafer manufacturing,US,0,0.803,0,"[Ga trade] Cross-border trade-cost row generated from Ga topology: New manufacturing scrap recovery JP -> Wafer manufacturing US; US gallium-metal proxy tariff applied; confidence=suspect, Medium conf; CI=0.60-0.75; source_urls=https://pubs.usgs.gov/periodicals/mcs2025/mcs2025-gallium.pdf; https://pubs.usgs.gov/myb/vol1/2022/myb1-2022-gallium.pdf; https://pubs.usgs.gov/periodicals/mcs2026/mcs2026-gallium.pdf | Jacob Cordell expert review 2026-05-28: reviewed_planning tariff assumptions were propagated consistently across all modeled time periods."
0,New manufacturing scrap recovery,KR,6N_Ga,,,296,0.072,0,"[Ga proc] Domestic/incremental processing-cost row generated from Ga topology; planning-grade placeholder in USD/kg material; confidence=suspect, Medium conf; CI=0.60-0.75; source_urls=https://pubs.usgs.gov/myb/vol1/2022/myb1-2022-gallium.pdf; https://www.nouryon.com/product/tmga-ssg-trimethylgallium-cas-1445-79-0 | Jacob Cordell expert review 2026-05-28: reviewed_planning processing-cost update reflects expert-updated planning assumptions for recovery from new manufacturing scrap; period-0 reviewed value propagated to all modeled time periods for temporal consistency."
0,New manufacturing scrap recovery,KR,6N_Ga,TMG synthesis,CN,0,0.2683,0,"[Ga trade] Cross-border trade-cost row generated from Ga topology: New manufacturing scrap recovery KR -> TMG synthesis CN; tariff set to 0 in baseline; verify HS/country treatment if scenario requires; confidence=suspect, Medium conf; CI=0.60-0.75; source_urls=https://pubs.usgs.gov/myb/vol1/2022/myb1-2022-gallium.pdf; https://www.nouryon.com/product/tmga-ssg-trimethylgallium-cas-1445-79-0"
0,New manufacturing scrap recovery,KR,6N_Ga,TMG synthesis,JP,0,0.186,0,"[Ga trade] Cross-border trade-cost row generated from Ga topology: New manufacturing scrap recovery KR -> TMG synthesis JP; tariff set to 0 in baseline; verify HS/country treatment if scenario requires; confidence=suspect, Medium conf; CI=0.60-0.75; source_urls=https://pubs.usgs.gov/myb/vol1/2022/myb1-2022-gallium.pdf; https://www.nouryon.com/product/tmga-ssg-trimethylgallium-cas-1445-79-0"
0,New manufacturing scrap recovery,KR,6N_Ga,TMG synthesis,US,0,0.8445,0,"[Ga trade] Cross-border trade-cost row generated from Ga topology: New manufacturing scrap recovery KR -> TMG synthesis US; tariff set to 0 in baseline; verify HS/country treatment if scenario requires; confidence=suspect, Medium conf; CI=0.60-0.75; source_urls=https://pubs.usgs.gov/myb/vol1/2022/myb1-2022-gallium.pdf; https://www.nouryon.com/product/tmga-ssg-trimethylgallium-cas-1445-79-0"
0,New manufacturing scrap recovery,KR,6N_Ga,Wafer manufacturing,CN,0,0.2683,0,"[Ga trade] Cross-border trade-cost row generated from Ga topology: New manufacturing scrap recovery KR -> Wafer manufacturing CN; tariff set to 0 in baseline; verify HS/country treatment if scenario requires; confidence=suspect, Medium conf; CI=0.60-0.75; source_urls=https://pubs.usgs.gov/myb/vol1/2022/myb1-2022-gallium.pdf; https://pubs.usgs.gov/periodicals/mcs2026/mcs2026-gallium.pdf"
0,New manufacturing scrap recovery,KR,6N_Ga,Wafer manufacturing,JP,0,0.186,0,"[Ga trade] Cross-border trade-cost row generated from Ga topology: New manufacturing scrap recovery KR -> Wafer manufacturing JP; tariff set to 0 in baseline; verify HS/country treatment if scenario requires; confidence=suspect, Medium conf; CI=0.60-0.75; source_urls=https://pubs.usgs.gov/myb/vol1/2022/myb1-2022-gallium.pdf; https://pubs.usgs.gov/periodicals/mcs2026/mcs2026-gallium.pdf"
0,New manufacturing scrap recovery,KR,6N_Ga,Wafer manufacturing,US,0,0.8445,0,"[Ga trade] Cross-border trade-cost row generated from Ga topology: New manufacturing scrap recovery KR -> Wafer manufacturing US; tariff set to 0 in baseline; verify HS/country treatment if scenario requires; confidence=suspect, Medium conf; CI=0.60-0.75; source_urls=https://pubs.usgs.gov/myb/vol1/2022/myb1-2022-gallium.pdf; https://pubs.usgs.gov/periodicals/mcs2026/mcs2026-gallium.pdf"
0,New manufacturing scrap recovery,US,6N_Ga,,,336,0.088,0,"[Ga proc] Domestic/incremental processing-cost row generated from Ga topology; planning-grade placeholder in USD/kg material; confidence=suspect, Medium conf; CI=0.60-0.75; source_urls=https://pubs.usgs.gov/periodicals/mcs2026/mcs2026-gallium.pdf; https://pubs.usgs.gov/myb/vol1/2022/myb1-2022-gallium.pdf; https://www.nouryon.com/product/tmga-ssg-trimethylgallium-cas-1445-79-0 | Jacob Cordell expert review 2026-05-28: reviewed_planning processing-cost update reflects expert-updated planning assumptions for recovery from new manufacturing scrap; period-0 reviewed value propagated to all modeled time periods for temporal consistency."
0,New manufacturing scrap recovery,US,6N_Ga,TMG synthesis,CN,0,0.9097,0,"[Ga trade] Cross-border trade-cost row generated from Ga topology: New manufacturing scrap recovery US -> TMG synthesis CN; tariff set to 0 in baseline; verify HS/country treatment if scenario requires; confidence=suspect, Medium conf; CI=0.60-0.75; source_urls=https://pubs.usgs.gov/periodicals/mcs2026/mcs2026-gallium.pdf; https://pubs.usgs.gov/myb/vol1/2022/myb1-2022-gallium.pdf; https://www.nouryon.com/product/tmga-ssg-trimethylgallium-cas-1445-79-0"
0,New manufacturing scrap recovery,US,6N_Ga,TMG synthesis,JP,0,0.803,0,"[Ga trade] Cross-border trade-cost row generated from Ga topology: New manufacturing scrap recovery US -> TMG synthesis JP; tariff set to 0 in baseline; verify HS/country treatment if scenario requires; confidence=suspect, Medium conf; CI=0.60-0.75; source_urls=https://pubs.usgs.gov/periodicals/mcs2026/mcs2026-gallium.pdf; https://pubs.usgs.gov/myb/vol1/2022/myb1-2022-gallium.pdf; https://www.nouryon.com/product/tmga-ssg-trimethylgallium-cas-1445-79-0"
0,New manufacturing scrap recovery,US,6N_Ga,TMG synthesis,KR,0,0.8445,0,"[Ga trade] Cross-border trade-cost row generated from Ga topology: New manufacturing scrap recovery US -> TMG synthesis KR; tariff set to 0 in baseline; verify HS/country treatment if scenario requires; confidence=suspect, Medium conf; CI=0.60-0.75; source_urls=https://pubs.usgs.gov/periodicals/mcs2026/mcs2026-gallium.pdf; https://pubs.usgs.gov/myb/vol1/2022/myb1-2022-gallium.pdf; https://www.nouryon.com/product/tmga-ssg-trimethylgallium-cas-1445-79-0"
0,New manufacturing scrap recovery,US,6N_Ga,Wafer manufacturing,CN,0,0.9097,0,"[Ga trade] Cross-border trade-cost row generated from Ga topology: New manufacturing scrap recovery US -> Wafer manufacturing CN; tariff set to 0 in baseline; verify HS/country treatment if scenario requires; confidence=suspect, Medium conf; CI=0.60-0.75; source_urls=https://pubs.usgs.gov/periodicals/mcs2026/mcs2026-gallium.pdf; https://pubs.usgs.gov/myb/vol1/2022/myb1-2022-gallium.pdf; https://pubs.usgs.gov/periodicals/mcs2026/mcs2026-gallium.pdf"
0,New manufacturing scrap recovery,US,6N_Ga,Wafer manufacturing,JP,0,0.803,0,"[Ga trade] Cross-border trade-cost row generated from Ga topology: New manufacturing scrap recovery US -> Wafer manufacturing JP; tariff set to 0 in baseline; verify HS/country treatment if scenario requires; confidence=suspect, Medium conf; CI=0.60-0.75; source_urls=https://pubs.usgs.gov/periodicals/mcs2026/mcs2026-gallium.pdf; https://pubs.usgs.gov/myb/vol1/2022/myb1-2022-gallium.pdf; https://pubs.usgs.gov/periodicals/mcs2026/mcs2026-gallium.pdf"
0,New manufacturing scrap recovery,US,6N_Ga,Wafer manufacturing,KR,0,0.8445,0,"[Ga trade] Cross-border trade-cost row generated from Ga topology: New manufacturing scrap recovery US -> Wafer manufacturing KR; tariff set to 0 in baseline; verify HS/country treatment if scenario requires; confidence=suspect, Medium conf; CI=0.60-0.75; source_urls=https://pubs.usgs.gov/periodicals/mcs2026/mcs2026-gallium.pdf; https://pubs.usgs.gov/myb/vol1/2022/myb1-2022-gallium.pdf; https://pubs.usgs.gov/periodicals/mcs2026/mcs2026-gallium.pdf"
0,TMG synthesis,CN,TMG,,,467.5,0.12,0,"[Ga proc] Domestic/incremental processing-cost row generated from Ga topology; planning-grade placeholder in USD/kg material; confidence=ok, Medium-high conf; CI=0.75-0.88; source_urls=https://pubs.usgs.gov/myb/vol1/2022/myb1-2022-gallium.pdf; https://www.nouryon.com/product/tmga-ssg-trimethylgallium-cas-1445-79-0; https://pubs.usgs.gov/periodicals/mcs2026/mcs2026-gallium.pdf"
0,TMG synthesis,CN,TMG,Wafer manufacturing,JP,0,0.4237,0,"[Ga trade] Cross-border trade-cost row generated from Ga topology: TMG synthesis CN -> Wafer manufacturing JP; tariff set to 0 in baseline; verify HS/country treatment if scenario requires; confidence=ok, Medium-high conf; CI=0.75-0.88; source_urls=https://pubs.usgs.gov/myb/vol1/2022/myb1-2022-gallium.pdf; https://www.nouryon.com/product/tmga-ssg-trimethylgallium-cas-1445-79-0"
0,TMG synthesis,CN,TMG,Wafer manufacturing,KR,0,0.3495,0,"[Ga trade] Cross-border trade-cost row generated from Ga topology: TMG synthesis CN -> Wafer manufacturing KR; tariff set to 0 in baseline; verify HS/country treatment if scenario requires; confidence=ok, Medium conf; CI=0.60-0.75; source_urls=https://pubs.usgs.gov/myb/vol1/2022/myb1-2022-gallium.pdf; https://www.nouryon.com/product/tmga-ssg-trimethylgallium-cas-1445-79-0; https://pubs.usgs.gov/periodicals/mcs2025/mcs2025-gallium.pdf"
0,TMG synthesis,CN,TMG,Wafer manufacturing,US,0,1.083,0,"[Ga trade] Cross-border trade-cost row generated from Ga topology: TMG synthesis CN -> Wafer manufacturing US; tariff set to 0 in baseline; verify HS/country treatment if scenario requires; confidence=ok, Medium-high conf; CI=0.75-0.88; source_urls=https://pubs.usgs.gov/myb/vol1/2022/myb1-2022-gallium.pdf; https://www.nouryon.com/product/tmga-ssg-trimethylgallium-cas-1445-79-0; https://pubs.usgs.gov/periodicals/mcs2026/mcs2026-gallium.pdf"
0,TMG synthesis,JP,TMG,,,632.5,0.114,0,"[Ga proc] Domestic/incremental processing-cost row generated from Ga topology; planning-grade placeholder in USD/kg material; confidence=ok, Medium-high conf; CI=0.75-0.88; source_urls=https://pubs.usgs.gov/myb/vol1/2022/myb1-2022-gallium.pdf; https://www.nouryon.com/product/tmga-ssg-trimethylgallium-cas-1445-79-0; https://pubs.usgs.gov/periodicals/mcs2026/mcs2026-gallium.pdf"
0,TMG synthesis,JP,TMG,Wafer manufacturing,CN,0,0.4237,0,"[Ga trade] Cross-border trade-cost row generated from Ga topology: TMG synthesis JP -> Wafer manufacturing CN; tariff set to 0 in baseline; verify HS/country treatment if scenario requires; confidence=ok, Medium-high conf; CI=0.75-0.88; source_urls=https://pubs.usgs.gov/myb/vol1/2022/myb1-2022-gallium.pdf; https://www.nouryon.com/product/tmga-ssg-trimethylgallium-cas-1445-79-0; https://pubs.usgs.gov/periodicals/mcs2026/mcs2026-gallium.pdf"
0,TMG synthesis,JP,TMG,Wafer manufacturing,KR,0,0.2554,0,"[Ga trade] Cross-border trade-cost row generated from Ga topology: TMG synthesis JP -> Wafer manufacturing KR; tariff set to 0 in baseline; verify HS/country treatment if scenario requires; confidence=ok, Medium conf; CI=0.60-0.75; source_urls=https://pubs.usgs.gov/myb/vol1/2022/myb1-2022-gallium.pdf; https://www.nouryon.com/product/tmga-ssg-trimethylgallium-cas-1445-79-0; https://pubs.usgs.gov/periodicals/mcs2025/mcs2025-gallium.pdf"
0,TMG synthesis,JP,TMG,Wafer manufacturing,US,0,0.9606,0,"[Ga trade] Cross-border trade-cost row generated from Ga topology: TMG synthesis JP -> Wafer manufacturing US; tariff set to 0 in baseline; verify HS/country treatment if scenario requires; confidence=ok, Medium-high conf; CI=0.75-0.88; source_urls=https://pubs.usgs.gov/myb/vol1/2022/myb1-2022-gallium.pdf; https://www.nouryon.com/product/tmga-ssg-trimethylgallium-cas-1445-79-0; https://pubs.usgs.gov/periodicals/mcs2026/mcs2026-gallium.pdf"
0,TMG synthesis,KR,TMG,,,577.5,0.108,0,"[Ga proc] Domestic/incremental processing-cost row generated from Ga topology; planning-grade placeholder in USD/kg material; confidence=ok, Medium conf; CI=0.60-0.75; source_urls=https://pubs.usgs.gov/myb/vol1/2022/myb1-2022-gallium.pdf; https://www.nouryon.com/product/tmga-ssg-trimethylgallium-cas-1445-79-0; https://pubs.usgs.gov/periodicals/mcs2026/mcs2026-gallium.pdf"
0,TMG synthesis,KR,TMG,Wafer manufacturing,CN,0,0.3495,0,"[Ga trade] Cross-border trade-cost row generated from Ga topology: TMG synthesis KR -> Wafer manufacturing CN; tariff set to 0 in baseline; verify HS/country treatment if scenario requires; confidence=ok, Medium conf; CI=0.60-0.75; source_urls=https://pubs.usgs.gov/myb/vol1/2022/myb1-2022-gallium.pdf; https://www.nouryon.com/product/tmga-ssg-trimethylgallium-cas-1445-79-0; https://pubs.usgs.gov/periodicals/mcs2026/mcs2026-gallium.pdf"
0,TMG synthesis,KR,TMG,Wafer manufacturing,JP,0,0.2554,0,"[Ga trade] Cross-border trade-cost row generated from Ga topology: TMG synthesis KR -> Wafer manufacturing JP; tariff set to 0 in baseline; verify HS/country treatment if scenario requires; confidence=ok, Medium conf; CI=0.60-0.75; source_urls=https://pubs.usgs.gov/myb/vol1/2022/myb1-2022-gallium.pdf; https://www.nouryon.com/product/tmga-ssg-trimethylgallium-cas-1445-79-0"
0,TMG synthesis,KR,TMG,Wafer manufacturing,US,0,1.008,0,"[Ga trade] Cross-border trade-cost row generated from Ga topology: TMG synthesis KR -> Wafer manufacturing US; tariff set to 0 in baseline; verify HS/country treatment if scenario requires; confidence=ok, Medium conf; CI=0.60-0.75; source_urls=https://pubs.usgs.gov/myb/vol1/2022/myb1-2022-gallium.pdf; https://www.nouryon.com/product/tmga-ssg-trimethylgallium-cas-1445-79-0; https://pubs.usgs.gov/periodicals/mcs2026/mcs2026-gallium.pdf"
0,TMG synthesis,US,TMG,,,660,0.132,0,"[Ga proc] Domestic/incremental processing-cost row generated from Ga topology; planning-grade placeholder in USD/kg material; confidence=ok, Medium conf; CI=0.60-0.75; source_urls=https://pubs.usgs.gov/periodicals/mcs2026/mcs2026-gallium.pdf; https://www.nouryon.com/product/tmga-ssg-trimethylgallium-cas-1445-79-0; https://www.neomaterials.com/neo-announces-the-completion-of-the-sale-of-its-quapaw-oklahoma-rare-metals-facility/"
0,TMG synthesis,US,TMG,Wafer manufacturing,CN,0,1.083,0,"[Ga trade] Cross-border trade-cost row generated from Ga topology: TMG synthesis US -> Wafer manufacturing CN; tariff set to 0 in baseline; verify HS/country treatment if scenario requires; confidence=ok, Medium conf; CI=0.60-0.75; source_urls=https://pubs.usgs.gov/periodicals/mcs2026/mcs2026-gallium.pdf; https://www.nouryon.com/product/tmga-ssg-trimethylgallium-cas-1445-79-0; https://www.neomaterials.com/neo-announces-the-completion-of-the-sale-of-its-quapaw-oklahoma-rare-metals-facility/"
0,TMG synthesis,US,TMG,Wafer manufacturing,JP,0,0.9606,0,"[Ga trade] Cross-border trade-cost row generated from Ga topology: TMG synthesis US -> Wafer manufacturing JP; tariff set to 0 in baseline; verify HS/country treatment if scenario requires; confidence=ok, Medium conf; CI=0.60-0.75; source_urls=https://pubs.usgs.gov/periodicals/mcs2026/mcs2026-gallium.pdf; https://www.nouryon.com/product/tmga-ssg-trimethylgallium-cas-1445-79-0; https://www.neomaterials.com/neo-announces-the-completion-of-the-sale-of-its-quapaw-oklahoma-rare-metals-facility/"
0,TMG synthesis,US,TMG,Wafer manufacturing,KR,0,1.008,0,"[Ga trade] Cross-border trade-cost row generated from Ga topology: TMG synthesis US -> Wafer manufacturing KR; tariff set to 0 in baseline; verify HS/country treatment if scenario requires; confidence=ok, Medium conf; CI=0.60-0.75; source_urls=https://pubs.usgs.gov/periodicals/mcs2026/mcs2026-gallium.pdf; https://www.nouryon.com/product/tmga-ssg-trimethylgallium-cas-1445-79-0; https://www.neomaterials.com/neo-announces-the-completion-of-the-sale-of-its-quapaw-oklahoma-rare-metals-facility/"
0,Wafer manufacturing,CN,GaAs_wafer,,,3000,0.1,0,"[Ga proc] Domestic/incremental processing-cost row generated from Ga topology; planning-grade placeholder in USD/kg material; confidence=ok, High conf; CI=0.85-0.97; source_urls=https://pubs.usgs.gov/myb/vol1/2022/myb1-2022-gallium.pdf; https://pubs.usgs.gov/periodicals/mcs2026/mcs2026-gallium.pdf | Jacob Cordell expert review 2026-05-28: reviewed_planning processing-cost update reflects expert-updated wafer manufacturing cost assumptions and is high-impact for downstream cost and labor-hour proxy calculations; period-0 reviewed value propagated to all modeled time periods for temporal consistency."
0,Wafer manufacturing,CN,GaAs_wafer,wafer_market_mix,US,0,1.083,0,"[Ga trade] Cross-border trade-cost row generated from Ga topology: Wafer manufacturing CN -> wafer_market_mix US; tariff set to 0 in baseline; verify HS/country treatment if scenario requires; confidence=ok, High conf; CI=0.85-0.97; source_urls=https://pubs.usgs.gov/myb/vol1/2022/myb1-2022-gallium.pdf; https://pubs.usgs.gov/periodicals/mcs2026/mcs2026-gallium.pdf"
0,Wafer manufacturing,CN,GaN_wafer,,,24000,0.1,0,"[Ga proc] Domestic/incremental processing-cost row generated from Ga topology; planning-grade placeholder in USD/kg material; confidence=suspect, Medium conf; CI=0.60-0.75; source_urls=https://pubs.usgs.gov/periodicals/mcs2026/mcs2026-gallium.pdf; https://pubs.usgs.gov/myb/vol1/2022/myb1-2022-gallium.pdf | Jacob Cordell expert review 2026-05-28: reviewed_planning processing-cost update reflects expert-updated wafer manufacturing cost assumptions and is high-impact for downstream cost and labor-hour proxy calculations; period-0 reviewed value propagated to all modeled time periods for temporal consistency."
0,Wafer manufacturing,CN,GaN_wafer,wafer_market_mix,US,0,1.083,0,"[Ga trade] Cross-border trade-cost row generated from Ga topology: Wafer manufacturing CN -> wafer_market_mix US; tariff set to 0 in baseline; verify HS/country treatment if scenario requires; confidence=suspect, Medium conf; CI=0.60-0.75; source_urls=https://pubs.usgs.gov/periodicals/mcs2026/mcs2026-gallium.pdf; https://pubs.usgs.gov/myb/vol1/2022/myb1-2022-gallium.pdf"
0,Wafer manufacturing,CN,Ga_manufacturing_scrap,,,0.085,0.05,0,"[Ga proc] Domestic/incremental processing-cost row generated from Ga topology; planning-grade placeholder in USD/kg material; confidence=suspect, Medium conf; CI=0.60-0.75; source_urls=https://pubs.usgs.gov/periodicals/mcs2025/mcs2025-gallium.pdf; https://pubs.usgs.gov/myb/vol1/2022/myb1-2022-gallium.pdf; https://www.neomaterials.com/rare-metals/gallium/"
0,Wafer manufacturing,CN,Ga_manufacturing_scrap,New manufacturing scrap recovery,CA,0,0.3885,0,"[Ga trade] Cross-border trade-cost row generated from Ga topology: Wafer manufacturing CN -> New manufacturing scrap recovery CA; tariff set to 0 in baseline; verify HS/country treatment if scenario requires; confidence=suspect, Medium conf; CI=0.60-0.75; source_urls=https://pubs.usgs.gov/periodicals/mcs2025/mcs2025-gallium.pdf; https://pubs.usgs.gov/myb/vol1/2022/myb1-2022-gallium.pdf; https://www.neomaterials.com/rare-metals/gallium/"
0,Wafer manufacturing,CN,Ga_manufacturing_scrap,New manufacturing scrap recovery,JP,0,0.1666,0,"[Ga trade] Cross-border trade-cost row generated from Ga topology: Wafer manufacturing CN -> New manufacturing scrap recovery JP; tariff set to 0 in baseline; verify HS/country treatment if scenario requires; confidence=suspect, Medium conf; CI=0.60-0.75; source_urls=https://pubs.usgs.gov/periodicals/mcs2025/mcs2025-gallium.pdf; https://pubs.usgs.gov/myb/vol1/2022/myb1-2022-gallium.pdf"
0,Wafer manufacturing,CN,Ga_manufacturing_scrap,New manufacturing scrap recovery,US,0,0.4549,0,"[Ga trade] Cross-border trade-cost row generated from Ga topology: Wafer manufacturing CN -> New manufacturing scrap recovery US; tariff set to 0 in baseline; verify HS/country treatment if scenario requires; confidence=suspect, Medium conf; CI=0.60-0.75; source_urls=https://pubs.usgs.gov/periodicals/mcs2026/mcs2026-gallium.pdf; https://pubs.usgs.gov/myb/vol1/2022/myb1-2022-gallium.pdf"
0,Wafer manufacturing,JP,GaAs_wafer,,,3500,0.095,0,"[Ga proc] Domestic/incremental processing-cost row generated from Ga topology; planning-grade placeholder in USD/kg material; confidence=suspect, Medium conf; CI=0.60-0.75; source_urls=https://pubs.usgs.gov/periodicals/mcs2026/mcs2026-gallium.pdf; https://pubs.usgs.gov/myb/vol1/2022/myb1-2022-gallium.pdf | Jacob Cordell expert review 2026-05-28: reviewed_planning processing-cost update reflects expert-updated wafer manufacturing cost assumptions and is high-impact for downstream cost and labor-hour proxy calculations; period-0 reviewed value propagated to all modeled time periods for temporal consistency."
0,Wafer manufacturing,JP,GaAs_wafer,wafer_market_mix,US,0,0.9606,0,"[Ga trade] Cross-border trade-cost row generated from Ga topology: Wafer manufacturing JP -> wafer_market_mix US; tariff set to 0 in baseline; verify HS/country treatment if scenario requires; confidence=suspect, Medium conf; CI=0.60-0.75; source_urls=https://pubs.usgs.gov/periodicals/mcs2026/mcs2026-gallium.pdf; https://pubs.usgs.gov/myb/vol1/2022/myb1-2022-gallium.pdf"
0,Wafer manufacturing,JP,GaN_wafer,,,48000,0.095,0,"[Ga proc] Domestic/incremental processing-cost row generated from Ga topology; planning-grade placeholder in USD/kg material; confidence=ok, High conf; CI=0.85-0.97; source_urls=https://pubs.usgs.gov/myb/vol1/2022/myb1-2022-gallium.pdf; https://pubs.usgs.gov/periodicals/mcs2026/mcs2026-gallium.pdf | Jacob Cordell expert review 2026-05-28: reviewed_planning processing-cost update reflects expert-updated wafer manufacturing cost assumptions and is high-impact for downstream cost and labor-hour proxy calculations; period-0 reviewed value propagated to all modeled time periods for temporal consistency."
0,Wafer manufacturing,JP,GaN_wafer,wafer_market_mix,US,0,0.9606,0,"[Ga trade] Cross-border trade-cost row generated from Ga topology: Wafer manufacturing JP -> wafer_market_mix US; tariff set to 0 in baseline; verify HS/country treatment if scenario requires; confidence=ok, High conf; CI=0.85-0.97; source_urls=https://pubs.usgs.gov/myb/vol1/2022/myb1-2022-gallium.pdf; https://pubs.usgs.gov/periodicals/mcs2026/mcs2026-gallium.pdf"
0,Wafer manufacturing,JP,Ga_manufacturing_scrap,,,0.115,0.0475,0,"[Ga proc] Domestic/incremental processing-cost row generated from Ga topology; planning-grade placeholder in USD/kg material; confidence=suspect, Medium conf; CI=0.60-0.75; source_urls=https://pubs.usgs.gov/periodicals/mcs2025/mcs2025-gallium.pdf; https://pubs.usgs.gov/myb/vol1/2022/myb1-2022-gallium.pdf; https://www.neomaterials.com/rare-metals/gallium/"
0,Wafer manufacturing,JP,Ga_manufacturing_scrap,New manufacturing scrap recovery,CA,0,0.3429,0,"[Ga trade] Cross-border trade-cost row generated from Ga topology: Wafer manufacturing JP -> New manufacturing scrap recovery CA; tariff set to 0 in baseline; verify HS/country treatment if scenario requires; confidence=suspect, Medium conf; CI=0.60-0.75; source_urls=https://pubs.usgs.gov/periodicals/mcs2025/mcs2025-gallium.pdf; https://pubs.usgs.gov/myb/vol1/2022/myb1-2022-gallium.pdf; https://www.neomaterials.com/rare-metals/gallium/"
0,Wafer manufacturing,JP,Ga_manufacturing_scrap,New manufacturing scrap recovery,CN,0,0.1666,0,"[Ga trade] Cross-border trade-cost row generated from Ga topology: Wafer manufacturing JP -> New manufacturing scrap recovery CN; tariff set to 0 in baseline; verify HS/country treatment if scenario requires; confidence=suspect, Medium conf; CI=0.60-0.75; source_urls=https://pubs.usgs.gov/periodicals/mcs2025/mcs2025-gallium.pdf; https://pubs.usgs.gov/myb/vol1/2022/myb1-2022-gallium.pdf"
0,Wafer manufacturing,JP,Ga_manufacturing_scrap,New manufacturing scrap recovery,US,0,0.4015,0,"[Ga trade] Cross-border trade-cost row generated from Ga topology: Wafer manufacturing JP -> New manufacturing scrap recovery US; tariff set to 0 in baseline; verify HS/country treatment if scenario requires; confidence=suspect, Medium conf; CI=0.60-0.75; source_urls=https://pubs.usgs.gov/periodicals/mcs2026/mcs2026-gallium.pdf; https://pubs.usgs.gov/myb/vol1/2022/myb1-2022-gallium.pdf"
0,Wafer manufacturing,KR,GaAs_wafer,,,3500,0.09,0,"[Ga proc] Domestic/incremental processing-cost row generated from Ga topology; planning-grade placeholder in USD/kg material; confidence=suspect, Medium conf; CI=0.60-0.75; source_urls=https://pubs.usgs.gov/periodicals/mcs2026/mcs2026-gallium.pdf; https://pubs.usgs.gov/myb/vol1/2022/myb1-2022-gallium.pdf | Jacob Cordell expert review 2026-05-28: reviewed_planning processing-cost update reflects expert-updated wafer manufacturing cost assumptions and is high-impact for downstream cost and labor-hour proxy calculations; period-0 reviewed value propagated to all modeled time periods for temporal consistency."
0,Wafer manufacturing,KR,GaAs_wafer,wafer_market_mix,US,0,1.008,0,"[Ga trade] Cross-border trade-cost row generated from Ga topology: Wafer manufacturing KR -> wafer_market_mix US; tariff set to 0 in baseline; verify HS/country treatment if scenario requires; confidence=suspect, Medium conf; CI=0.60-0.75; source_urls=https://pubs.usgs.gov/periodicals/mcs2026/mcs2026-gallium.pdf; https://pubs.usgs.gov/myb/vol1/2022/myb1-2022-gallium.pdf"
0,Wafer manufacturing,KR,GaN_wafer,,,48000,0.09,0,"[Ga proc] Domestic/incremental processing-cost row generated from Ga topology; planning-grade placeholder in USD/kg material; confidence=suspect, Medium conf; CI=0.60-0.75; source_urls=https://pubs.usgs.gov/periodicals/mcs2026/mcs2026-gallium.pdf; https://pubs.usgs.gov/myb/vol1/2022/myb1-2022-gallium.pdf | Jacob Cordell expert review 2026-05-28: reviewed_planning processing-cost update reflects expert-updated wafer manufacturing cost assumptions and is high-impact for downstream cost and labor-hour proxy calculations; period-0 reviewed value propagated to all modeled time periods for temporal consistency."
0,Wafer manufacturing,KR,GaN_wafer,wafer_market_mix,US,0,1.008,0,"[Ga trade] Cross-border trade-cost row generated from Ga topology: Wafer manufacturing KR -> wafer_market_mix US; tariff set to 0 in baseline; verify HS/country treatment if scenario requires; confidence=suspect, Medium conf; CI=0.60-0.75; source_urls=https://pubs.usgs.gov/periodicals/mcs2026/mcs2026-gallium.pdf; https://pubs.usgs.gov/myb/vol1/2022/myb1-2022-gallium.pdf"
0,Wafer manufacturing,KR,Ga_manufacturing_scrap,,,0.105,0.045,0,"[Ga proc] Domestic/incremental processing-cost row generated from Ga topology; planning-grade placeholder in USD/kg material; confidence=suspect, Medium conf; CI=0.60-0.75; source_urls=https://pubs.usgs.gov/periodicals/mcs2025/mcs2025-gallium.pdf; https://pubs.usgs.gov/myb/vol1/2022/myb1-2022-gallium.pdf; https://www.neomaterials.com/rare-metals/gallium/"
0,Wafer manufacturing,KR,Ga_manufacturing_scrap,New manufacturing scrap recovery,CA,0,0.3603,0,"[Ga trade] Cross-border trade-cost row generated from Ga topology: Wafer manufacturing KR -> New manufacturing scrap recovery CA; tariff set to 0 in baseline; verify HS/country treatment if scenario requires; confidence=suspect, Medium conf; CI=0.60-0.75; source_urls=https://pubs.usgs.gov/periodicals/mcs2025/mcs2025-gallium.pdf; https://pubs.usgs.gov/myb/vol1/2022/myb1-2022-gallium.pdf; https://www.neomaterials.com/rare-metals/gallium/"
0,Wafer manufacturing,KR,Ga_manufacturing_scrap,New manufacturing scrap recovery,CN,0,0.1341,0,"[Ga trade] Cross-border trade-cost row generated from Ga topology: Wafer manufacturing KR -> New manufacturing scrap recovery CN; tariff set to 0 in baseline; verify HS/country treatment if scenario requires; confidence=suspect, Medium conf; CI=0.60-0.75; source_urls=https://pubs.usgs.gov/periodicals/mcs2025/mcs2025-gallium.pdf; https://pubs.usgs.gov/myb/vol1/2022/myb1-2022-gallium.pdf"
0,Wafer manufacturing,KR,Ga_manufacturing_scrap,New manufacturing scrap recovery,JP,0,0.093,0,"[Ga trade] Cross-border trade-cost row generated from Ga topology: Wafer manufacturing KR -> New manufacturing scrap recovery JP; tariff set to 0 in baseline; verify HS/country treatment if scenario requires; confidence=suspect, Medium conf; CI=0.60-0.75; source_urls=https://pubs.usgs.gov/periodicals/mcs2025/mcs2025-gallium.pdf; https://pubs.usgs.gov/myb/vol1/2022/myb1-2022-gallium.pdf"
0,Wafer manufacturing,KR,Ga_manufacturing_scrap,New manufacturing scrap recovery,US,0,0.4223,0,"[Ga trade] Cross-border trade-cost row generated from Ga topology: Wafer manufacturing KR -> New manufacturing scrap recovery US; tariff set to 0 in baseline; verify HS/country treatment if scenario requires; confidence=suspect, Medium conf; CI=0.60-0.75; source_urls=https://pubs.usgs.gov/periodicals/mcs2026/mcs2026-gallium.pdf; https://pubs.usgs.gov/myb/vol1/2022/myb1-2022-gallium.pdf"
0,Wafer manufacturing,US,GaAs_wafer,,,3500,0.11,0,"[Ga proc] Domestic/incremental processing-cost row generated from Ga topology; planning-grade placeholder in USD/kg material; confidence=ok, High conf; CI=0.85-0.97; source_urls=https://pubs.usgs.gov/periodicals/mcs2026/mcs2026-gallium.pdf | Jacob Cordell expert review 2026-05-28: reviewed_planning processing-cost update reflects expert-updated wafer manufacturing cost assumptions and is high-impact for downstream cost and labor-hour proxy calculations; period-0 reviewed value propagated to all modeled time periods for temporal consistency."
0,Wafer manufacturing,US,GaN_wafer,,,48000,0.11,0,"[Ga proc] Domestic/incremental processing-cost row generated from Ga topology; planning-grade placeholder in USD/kg material; confidence=ok, High conf; CI=0.85-0.97; source_urls=https://pubs.usgs.gov/periodicals/mcs2026/mcs2026-gallium.pdf | Jacob Cordell expert review 2026-05-28: reviewed_planning processing-cost update reflects expert-updated wafer manufacturing cost assumptions and is high-impact for downstream cost and labor-hour proxy calculations; period-0 reviewed value propagated to all modeled time periods for temporal consistency."
0,Wafer manufacturing,US,Ga_manufacturing_scrap,,,0.12,0.055,0,"[Ga proc] Domestic/incremental processing-cost row generated from Ga topology; planning-grade placeholder in USD/kg material; confidence=suspect, Medium conf; CI=0.60-0.75; source_urls=https://pubs.usgs.gov/periodicals/mcs2025/mcs2025-gallium.pdf; https://pubs.usgs.gov/myb/vol1/2022/myb1-2022-gallium.pdf; https://www.neomaterials.com/rare-metals/gallium/"
0,Wafer manufacturing,US,Ga_manufacturing_scrap,New manufacturing scrap recovery,CA,0,0.1265,0,"[Ga trade] Cross-border trade-cost row generated from Ga topology: Wafer manufacturing US -> New manufacturing scrap recovery CA; tariff set to 0 in baseline; verify HS/country treatment if scenario requires; confidence=suspect, Medium conf; CI=0.60-0.75; source_urls=https://pubs.usgs.gov/periodicals/mcs2025/mcs2025-gallium.pdf; https://pubs.usgs.gov/myb/vol1/2022/myb1-2022-gallium.pdf; https://www.neomaterials.com/rare-metals/gallium/"
0,Wafer manufacturing,US,Ga_manufacturing_scrap,New manufacturing scrap recovery,CN,0,0.4549,0,"[Ga trade] Cross-border trade-cost row generated from Ga topology: Wafer manufacturing US -> New manufacturing scrap recovery CN; tariff set to 0 in baseline; verify HS/country treatment if scenario requires; confidence=suspect, Medium conf; CI=0.60-0.75; source_urls=https://pubs.usgs.gov/periodicals/mcs2025/mcs2025-gallium.pdf; https://pubs.usgs.gov/myb/vol1/2022/myb1-2022-gallium.pdf"
0,Wafer manufacturing,US,Ga_manufacturing_scrap,New manufacturing scrap recovery,JP,0,0.4015,0,"[Ga trade] Cross-border trade-cost row generated from Ga topology: Wafer manufacturing US -> New manufacturing scrap recovery JP; tariff set to 0 in baseline; verify HS/country treatment if scenario requires; confidence=suspect, Medium conf; CI=0.60-0.75; source_urls=https://pubs.usgs.gov/periodicals/mcs2025/mcs2025-gallium.pdf; https://pubs.usgs.gov/myb/vol1/2022/myb1-2022-gallium.pdf"
0,ZLR refining,CN,4N_Ga,,,280,0.08,0,"[Ga proc] Domestic/incremental processing-cost row generated from Ga topology; planning-grade placeholder in USD/kg material; confidence=ok, Medium-high conf; CI=0.75-0.88; source_urls=https://pubs.usgs.gov/myb/vol1/2022/myb1-2022-gallium.pdf; https://pubs.usgs.gov/periodicals/mcs2026/mcs2026-gallium.pdf; https://pubs.usgs.gov/periodicals/mcs2025/mcs2025-gallium.pdf | Jacob Cordell expert review 2026-05-28: reviewed_planning processing-cost update reflects expert-updated planning assumptions for Ga recovery from zinc leach residue / zinc-route recovery; period-0 reviewed value propagated to all modeled time periods for temporal consistency."
0,ZLR refining,CN,4N_Ga,High-purity gallium refining,CA,0,0.777,0,"[Ga trade] Cross-border trade-cost row generated from Ga topology: ZLR refining CN -> High-purity gallium refining CA; tariff set to 0 in baseline; verify HS/country treatment if scenario requires; confidence=ok, Medium-high conf; CI=0.75-0.88; source_urls=https://pubs.usgs.gov/myb/vol1/2022/myb1-2022-gallium.pdf; https://pubs.usgs.gov/periodicals/mcs2026/mcs2026-gallium.pdf; https://pubs.usgs.gov/periodicals/mcs2025/mcs2025-gallium.pdf"
0,ZLR refining,CN,4N_Ga,High-purity gallium refining,JP,0,0.3333,0,"[Ga trade] Cross-border trade-cost row generated from Ga topology: ZLR refining CN -> High-purity gallium refining JP; tariff set to 0 in baseline; verify HS/country treatment if scenario requires; confidence=ok, Medium-high conf; CI=0.75-0.88; source_urls=https://pubs.usgs.gov/myb/vol1/2022/myb1-2022-gallium.pdf; https://pubs.usgs.gov/periodicals/mcs2026/mcs2026-gallium.pdf; https://pubs.usgs.gov/periodicals/mcs2025/mcs2025-gallium.pdf"
0,ZLR refining,CN,4N_Ga,High-purity gallium refining,US,0,0.9097,0,"[Ga trade] Cross-border trade-cost row generated from Ga topology: ZLR refining CN -> High-purity gallium refining US; US gallium-metal proxy tariff applied; confidence=ok, Medium-high conf; CI=0.75-0.88; source_urls=https://pubs.usgs.gov/myb/vol1/2022/myb1-2022-gallium.pdf; https://pubs.usgs.gov/periodicals/mcs2026/mcs2026-gallium.pdf; https://pubs.usgs.gov/periodicals/mcs2025/mcs2025-gallium.pdf | Jacob Cordell expert review 2026-05-28: reviewed_planning tariff assumptions were propagated consistently across all modeled time periods."
0,ZLR refining,JP,4N_Ga,,,340,0.076,0,"[Ga proc] Domestic/incremental processing-cost row generated from Ga topology; planning-grade placeholder in USD/kg material; confidence=ok, High conf; CI=0.85-0.97; source_urls=https://hd.dowa.co.jp/en/ir/library/materials/main/0/teaserItems3/0/linkList/00/link/presentation_fy2023_fullyear_script-e.pdf; https://pubs.usgs.gov/periodicals/mcs2026/mcs2026-gallium.pdf; https://pubs.usgs.gov/periodicals/mcs2025/mcs2025-gallium.pdf | Jacob Cordell expert review 2026-05-28: reviewed_planning processing-cost update reflects expert-updated planning assumptions for Ga recovery from zinc leach residue / zinc-route recovery; period-0 reviewed value propagated to all modeled time periods for temporal consistency."
0,ZLR refining,JP,4N_Ga,High-purity gallium refining,CA,0,0.6858,0,"[Ga trade] Cross-border trade-cost row generated from Ga topology: ZLR refining JP -> High-purity gallium refining CA; tariff set to 0 in baseline; verify HS/country treatment if scenario requires; confidence=ok, High conf; CI=0.85-0.97; source_urls=https://hd.dowa.co.jp/en/ir/library/materials/main/0/teaserItems3/0/linkList/00/link/presentation_fy2023_fullyear_script-e.pdf; https://pubs.usgs.gov/periodicals/mcs2026/mcs2026-gallium.pdf; https://pubs.usgs.gov/periodicals/mcs2025/mcs2025-gallium.pdf"
0,ZLR refining,JP,4N_Ga,High-purity gallium refining,CN,0,0.3333,0,"[Ga trade] Cross-border trade-cost row generated from Ga topology: ZLR refining JP -> High-purity gallium refining CN; tariff set to 0 in baseline; verify HS/country treatment if scenario requires; confidence=ok, High conf; CI=0.85-0.97; source_urls=https://hd.dowa.co.jp/en/ir/library/materials/main/0/teaserItems3/0/linkList/00/link/presentation_fy2023_fullyear_script-e.pdf; https://pubs.usgs.gov/periodicals/mcs2026/mcs2026-gallium.pdf; https://pubs.usgs.gov/periodicals/mcs2025/mcs2025-gallium.pdf"
0,ZLR refining,JP,4N_Ga,High-purity gallium refining,US,0,0.803,0,"[Ga trade] Cross-border trade-cost row generated from Ga topology: ZLR refining JP -> High-purity gallium refining US; US gallium-metal proxy tariff applied; confidence=ok, High conf; CI=0.85-0.97; source_urls=https://hd.dowa.co.jp/en/ir/library/materials/main/0/teaserItems3/0/linkList/00/link/presentation_fy2023_fullyear_script-e.pdf; https://pubs.usgs.gov/periodicals/mcs2026/mcs2026-gallium.pdf; https://pubs.usgs.gov/periodicals/mcs2025/mcs2025-gallium.pdf | Jacob Cordell expert review 2026-05-28: reviewed_planning tariff assumptions were propagated consistently across all modeled time periods."
0,ZLR refining,KR,4N_Ga,,,320,0.072,0,"[Ga proc] Domestic/incremental processing-cost row generated from Ga topology; planning-grade placeholder in USD/kg material; confidence=suspect, Medium conf; CI=0.60-0.75; source_urls=https://www.korea-certification.com/en/korea-zinc-launches-gallium-facility-to-reduce-reliance-on-chinese-supply/; https://pubs.usgs.gov/periodicals/mcs2025/mcs2025-gallium.pdf; https://pubs.usgs.gov/periodicals/mcs2025/mcs2025-gallium.pdf | Jacob Cordell expert review 2026-05-28: reviewed_planning processing-cost update reflects expert-updated planning assumptions for Ga recovery from zinc leach residue / zinc-route recovery; period-0 reviewed value propagated to all modeled time periods for temporal consistency."
0,ZLR refining,KR,4N_Ga,High-purity gallium refining,CA,0,0.7205,0,"[Ga trade] Cross-border trade-cost row generated from Ga topology: ZLR refining KR -> High-purity gallium refining CA; tariff set to 0 in baseline; verify HS/country treatment if scenario requires; confidence=suspect, Medium conf; CI=0.60-0.75; source_urls=https://www.korea-certification.com/en/korea-zinc-launches-gallium-facility-to-reduce-reliance-on-chinese-supply/; https://pubs.usgs.gov/periodicals/mcs2025/mcs2025-gallium.pdf; https://pubs.usgs.gov/periodicals/mcs2025/mcs2025-gallium.pdf"
0,ZLR refining,KR,4N_Ga,High-purity gallium refining,CN,0,0.2683,0,"[Ga trade] Cross-border trade-cost row generated from Ga topology: ZLR refining KR -> High-purity gallium refining CN; tariff set to 0 in baseline; verify HS/country treatment if scenario requires; confidence=suspect, Medium conf; CI=0.60-0.75; source_urls=https://www.korea-certification.com/en/korea-zinc-launches-gallium-facility-to-reduce-reliance-on-chinese-supply/; https://pubs.usgs.gov/periodicals/mcs2025/mcs2025-gallium.pdf; https://pubs.usgs.gov/periodicals/mcs2025/mcs2025-gallium.pdf"
0,ZLR refining,KR,4N_Ga,High-purity gallium refining,JP,0,0.186,0,"[Ga trade] Cross-border trade-cost row generated from Ga topology: ZLR refining KR -> High-purity gallium refining JP; tariff set to 0 in baseline; verify HS/country treatment if scenario requires; confidence=suspect, Medium conf; CI=0.60-0.75; source_urls=https://www.korea-certification.com/en/korea-zinc-launches-gallium-facility-to-reduce-reliance-on-chinese-supply/; https://pubs.usgs.gov/periodicals/mcs2025/mcs2025-gallium.pdf; https://pubs.usgs.gov/periodicals/mcs2025/mcs2025-gallium.pdf"
0,ZLR refining,KR,4N_Ga,High-purity gallium refining,US,0,0.8445,0,"[Ga trade] Cross-border trade-cost row generated from Ga topology: ZLR refining KR -> High-purity gallium refining US; tariff set to 0 in baseline; verify HS/country treatment if scenario requires; confidence=suspect, Medium conf; CI=0.60-0.75; source_urls=https://www.korea-certification.com/en/korea-zinc-launches-gallium-facility-to-reduce-reliance-on-chinese-supply/; https://pubs.usgs.gov/periodicals/mcs2025/mcs2025-gallium.pdf; https://pubs.usgs.gov/periodicals/mcs2025/mcs2025-gallium.pdf"
0,ZLR refining,US,4N_Ga,,,509,0.088,0,"[Ga proc] Domestic/incremental processing-cost row generated from Ga topology; planning-grade placeholder in USD/kg material; confidence=suspect, Medium-low conf; CI=0.45-0.60; source_urls=https://www.energy.gov/cmei/articles/does-office-critical-minerals-and-energy-innovation-selects-five-organizations; https://pubs.usgs.gov/periodicals/mcs2026/mcs2026-gallium.pdf; https://pubs.usgs.gov/periodicals/mcs2025/mcs2025-gallium.pdf | Jacob Cordell expert review 2026-05-28: reviewed_planning processing-cost update reflects expert-updated planning assumptions for Ga recovery from zinc leach residue / zinc-route recovery; period-0 reviewed value propagated to all modeled time periods for temporal consistency."
0,ZLR refining,US,4N_Ga,High-purity gallium refining,CA,0,0.253,0,"[Ga trade] Cross-border trade-cost row generated from Ga topology: ZLR refining US -> High-purity gallium refining CA; tariff set to 0 in baseline; verify HS/country treatment if scenario requires; confidence=suspect, Medium-low conf; CI=0.45-0.60; source_urls=https://www.energy.gov/cmei/articles/does-office-critical-minerals-and-energy-innovation-selects-five-organizations; https://pubs.usgs.gov/periodicals/mcs2026/mcs2026-gallium.pdf; https://pubs.usgs.gov/periodicals/mcs2025/mcs2025-gallium.pdf"
0,ZLR refining,US,4N_Ga,High-purity gallium refining,CN,0,0.9097,0,"[Ga trade] Cross-border trade-cost row generated from Ga topology: ZLR refining US -> High-purity gallium refining CN; tariff set to 0 in baseline; verify HS/country treatment if scenario requires; confidence=suspect, Medium-low conf; CI=0.45-0.60; source_urls=https://www.energy.gov/cmei/articles/does-office-critical-minerals-and-energy-innovation-selects-five-organizations; https://pubs.usgs.gov/periodicals/mcs2026/mcs2026-gallium.pdf; https://pubs.usgs.gov/periodicals/mcs2025/mcs2025-gallium.pdf"
0,ZLR refining,US,4N_Ga,High-purity gallium refining,JP,0,0.803,0,"[Ga trade] Cross-border trade-cost row generated from Ga topology: ZLR refining US -> High-purity gallium refining JP; tariff set to 0 in baseline; verify HS/country treatment if scenario requires; confidence=suspect, Medium-low conf; CI=0.45-0.60; source_urls=https://www.energy.gov/cmei/articles/does-office-critical-minerals-and-energy-innovation-selects-five-organizations; https://pubs.usgs.gov/periodicals/mcs2026/mcs2026-gallium.pdf; https://pubs.usgs.gov/periodicals/mcs2025/mcs2025-gallium.pdf"
0,ZS mining,AU,Zn_sphalerite_concentrate,,,0.0805,0.096,0,"[Ga proc] Domestic/incremental processing-cost row generated from Ga topology; planning-grade placeholder in USD/kg material; confidence=ok, Medium-high conf; CI=0.75-0.88; source_urls=https://pubs.usgs.gov/periodicals/mcs2026/mcs2026-gallium.pdf"
0,ZS mining,CA,Zn_sphalerite_concentrate,,,0.0805,0.088,0,"[Ga proc] Domestic/incremental processing-cost row generated from Ga topology; planning-grade placeholder in USD/kg material; confidence=ok, Medium-high conf; CI=0.75-0.88; source_urls=https://pubs.usgs.gov/periodicals/mcs2026/mcs2026-gallium.pdf"
0,ZS mining,CN,Zn_sphalerite_concentrate,,,0.0595,0.08,0,"[Ga proc] Domestic/incremental processing-cost row generated from Ga topology; planning-grade placeholder in USD/kg material; confidence=ok, Medium-high conf; CI=0.75-0.88; source_urls=https://pubs.usgs.gov/periodicals/mcs2026/mcs2026-gallium.pdf"
0,ZS mining,KZ,Zn_sphalerite_concentrate,,,0.0665,0.092,0,"[Ga proc] Domestic/incremental processing-cost row generated from Ga topology; planning-grade placeholder in USD/kg material; confidence=ok, Medium-high conf; CI=0.75-0.88; source_urls=https://pubs.usgs.gov/periodicals/mcs2026/mcs2026-gallium.pdf"
0,ZS mining,US,Zn_sphalerite_concentrate,,,0.084,0.088,0,"[Ga proc] Domestic/incremental processing-cost row generated from Ga topology; planning-grade placeholder in USD/kg material; confidence=ok, Medium-high conf; CI=0.75-0.88; source_urls=https://pubs.usgs.gov/periodicals/mcs2026/mcs2026-gallium.pdf"
0,Zinc concentration,AU,Zn_sphalerite_concentrate,,,0.207,0.096,0,"[Ga proc] Domestic/incremental processing-cost row generated from Ga topology; planning-grade placeholder in USD/kg material; confidence=suspect, Medium conf; CI=0.60-0.75; source_urls=https://pubs.usgs.gov/periodicals/mcs2026/mcs2026-gallium.pdf; https://pubs.usgs.gov/periodicals/mcs2025/mcs2025-gallium.pdf"
0,Zinc concentration,AU,Zn_sphalerite_concentrate,Zinc smelting/refining,CN,0,0.3216,0,"[Ga trade] Cross-border trade-cost row generated from Ga topology: Zinc concentration AU -> Zinc smelting/refining CN; tariff set to 0 in baseline; verify HS/country treatment if scenario requires; confidence=suspect, Medium conf; CI=0.60-0.75; source_urls=https://pubs.usgs.gov/periodicals/mcs2026/mcs2026-gallium.pdf; https://pubs.usgs.gov/periodicals/mcs2025/mcs2025-gallium.pdf"
0,Zinc concentration,AU,Zn_sphalerite_concentrate,Zinc smelting/refining,JP,0,0.2998,0,"[Ga trade] Cross-border trade-cost row generated from Ga topology: Zinc concentration AU -> Zinc smelting/refining JP; tariff set to 0 in baseline; verify HS/country treatment if scenario requires; confidence=suspect, Medium conf; CI=0.60-0.75; source_urls=https://pubs.usgs.gov/periodicals/mcs2026/mcs2026-gallium.pdf; https://pubs.usgs.gov/periodicals/mcs2025/mcs2025-gallium.pdf"
0,Zinc concentration,AU,Zn_sphalerite_concentrate,Zinc smelting/refining,KR,0,0.2991,0,"[Ga trade] Cross-border trade-cost row generated from Ga topology: Zinc concentration AU -> Zinc smelting/refining KR; tariff set to 0 in baseline; verify HS/country treatment if scenario requires; confidence=suspect, Medium conf; CI=0.60-0.75; source_urls=https://pubs.usgs.gov/periodicals/mcs2026/mcs2026-gallium.pdf; https://pubs.usgs.gov/periodicals/mcs2025/mcs2025-gallium.pdf"
0,Zinc concentration,CA,Zn_sphalerite_concentrate,,,0.207,0.088,0,"[Ga proc] Domestic/incremental processing-cost row generated from Ga topology; planning-grade placeholder in USD/kg material; confidence=suspect, Medium conf; CI=0.60-0.75; source_urls=https://pubs.usgs.gov/periodicals/mcs2026/mcs2026-gallium.pdf; https://pubs.usgs.gov/periodicals/mcs2025/mcs2025-gallium.pdf"
0,Zinc concentration,CA,Zn_sphalerite_concentrate,Zinc smelting/refining,JP,0,0.3429,0,"[Ga trade] Cross-border trade-cost row generated from Ga topology: Zinc concentration CA -> Zinc smelting/refining JP; tariff set to 0 in baseline; verify HS/country treatment if scenario requires; confidence=suspect, Medium conf; CI=0.60-0.75; source_urls=https://pubs.usgs.gov/periodicals/mcs2026/mcs2026-gallium.pdf; https://pubs.usgs.gov/periodicals/mcs2025/mcs2025-gallium.pdf"
0,Zinc concentration,CA,Zn_sphalerite_concentrate,Zinc smelting/refining,KR,0,0.3603,0,"[Ga trade] Cross-border trade-cost row generated from Ga topology: Zinc concentration CA -> Zinc smelting/refining KR; tariff set to 0 in baseline; verify HS/country treatment if scenario requires; confidence=suspect, Medium conf; CI=0.60-0.75; source_urls=https://pubs.usgs.gov/periodicals/mcs2026/mcs2026-gallium.pdf; https://pubs.usgs.gov/periodicals/mcs2025/mcs2025-gallium.pdf"
0,Zinc concentration,CA,Zn_sphalerite_concentrate,Zinc smelting/refining,US,0,0.1265,0,"[Ga trade] Cross-border trade-cost row generated from Ga topology: Zinc concentration CA -> Zinc smelting/refining US; tariff set to 0 in baseline; verify HS/country treatment if scenario requires; confidence=suspect, Medium conf; CI=0.60-0.75; source_urls=https://pubs.usgs.gov/periodicals/mcs2026/mcs2026-gallium.pdf; https://pubs.usgs.gov/periodicals/mcs2025/mcs2025-gallium.pdf"
0,Zinc concentration,CN,Zn_sphalerite_concentrate,,,0.153,0.08,0,"[Ga proc] Domestic/incremental processing-cost row generated from Ga topology; planning-grade placeholder in USD/kg material; confidence=ok, High conf; CI=0.85-0.97; source_urls=https://pubs.usgs.gov/periodicals/mcs2026/mcs2026-gallium.pdf; https://pubs.usgs.gov/periodicals/mcs2025/mcs2025-gallium.pdf"
0,Zinc concentration,JP,Zn_sphalerite_concentrate,,,0.207,0.076,0,"[Ga proc] Domestic/incremental processing-cost row generated from Ga topology; planning-grade placeholder in USD/kg material; confidence=ok, Medium-high conf; CI=0.75-0.88; source_urls=https://pubs.usgs.gov/periodicals/mcs2026/mcs2026-gallium.pdf; https://pubs.usgs.gov/periodicals/mcs2025/mcs2025-gallium.pdf"
0,Zinc concentration,KR,Zn_sphalerite_concentrate,,,0.189,0.072,0,"[Ga proc] Domestic/incremental processing-cost row generated from Ga topology; planning-grade placeholder in USD/kg material; confidence=ok, Medium-high conf; CI=0.75-0.88; source_urls=https://pubs.usgs.gov/periodicals/mcs2026/mcs2026-gallium.pdf; https://pubs.usgs.gov/periodicals/mcs2025/mcs2025-gallium.pdf"
0,Zinc concentration,KZ,Zn_sphalerite_concentrate,,,0.171,0.092,0,"[Ga proc] Domestic/incremental processing-cost row generated from Ga topology; planning-grade placeholder in USD/kg material; confidence=suspect, Medium conf; CI=0.60-0.75; source_urls=https://pubs.usgs.gov/periodicals/mcs2026/mcs2026-gallium.pdf; https://pubs.usgs.gov/periodicals/mcs2025/mcs2025-gallium.pdf"
0,Zinc concentration,KZ,Zn_sphalerite_concentrate,Zinc smelting/refining,CN,0,0.1764,0,"[Ga trade] Cross-border trade-cost row generated from Ga topology: Zinc concentration KZ -> Zinc smelting/refining CN; tariff set to 0 in baseline; verify HS/country treatment if scenario requires; confidence=suspect, Medium conf; CI=0.60-0.75; source_urls=https://pubs.usgs.gov/periodicals/mcs2026/mcs2026-gallium.pdf; https://pubs.usgs.gov/periodicals/mcs2025/mcs2025-gallium.pdf"
0,Zinc concentration,US,Zn_sphalerite_concentrate,,,0.216,0.088,0,"[Ga proc] Domestic/incremental processing-cost row generated from Ga topology; planning-grade placeholder in USD/kg material; confidence=ok, Medium-high conf; CI=0.75-0.88; source_urls=https://pubs.usgs.gov/periodicals/mcs2026/mcs2026-gallium.pdf; https://pubs.usgs.gov/periodicals/mcs2025/mcs2025-gallium.pdf"
0,Zinc smelting/refining,CN,ZLR_Zn_residue,,,0.2975,0.05,0,"[Ga proc] Domestic/incremental processing-cost row generated from Ga topology; planning-grade placeholder in USD/kg material; confidence=ok, High conf; CI=0.85-0.97; source_urls=https://pubs.usgs.gov/myb/vol1/2022/myb1-2022-gallium.pdf; https://pubs.usgs.gov/periodicals/mcs2026/mcs2026-gallium.pdf"
0,Zinc smelting/refining,JP,ZLR_Zn_residue,,,0.4025,0.0475,0,"[Ga proc] Domestic/incremental processing-cost row generated from Ga topology; planning-grade placeholder in USD/kg material; confidence=ok, High conf; CI=0.85-0.97; source_urls=https://hd.dowa.co.jp/en/ir/library/materials/main/0/teaserItems3/0/linkList/00/link/presentation_fy2023_fullyear_script-e.pdf; https://pubs.usgs.gov/periodicals/mcs2026/mcs2026-gallium.pdf; https://pubs.usgs.gov/periodicals/mcs2025/mcs2025-gallium.pdf"
0,Zinc smelting/refining,KR,ZLR_Zn_residue,,,0.3675,0.045,0,"[Ga proc] Domestic/incremental processing-cost row generated from Ga topology; planning-grade placeholder in USD/kg material; confidence=suspect, Medium conf; CI=0.60-0.75; source_urls=https://www.korea-certification.com/en/korea-zinc-launches-gallium-facility-to-reduce-reliance-on-chinese-supply/; https://pubs.usgs.gov/periodicals/mcs2025/mcs2025-gallium.pdf; https://pubs.usgs.gov/periodicals/mcs2026/mcs2026-gallium.pdf"
0,Zinc smelting/refining,US,ZLR_Zn_residue,,,0.42,0.055,0,"[Ga proc] Domestic/incremental processing-cost row generated from Ga topology; planning-grade placeholder in USD/kg material; confidence=suspect, Medium-low conf; CI=0.45-0.60; source_urls=https://www.energy.gov/cmei/articles/does-office-critical-minerals-and-energy-innovation-selects-five-organizations; https://pubs.usgs.gov/periodicals/mcs2026/mcs2026-gallium.pdf"
0,wafer_market_mix,US,GaAs_wafer,,,0,0.11,0,"[Ga proc] Domestic/incremental processing-cost row generated from Ga topology; planning-grade placeholder in USD/kg material; confidence=ok, High conf; CI=0.85-0.97; source_urls=https://pubs.usgs.gov/periodicals/mcs2026/mcs2026-gallium.pdf"
0,wafer_market_mix,US,GaN_wafer,,,0,0.11,0,"[Ga proc] Domestic/incremental processing-cost row generated from Ga topology; planning-grade placeholder in USD/kg material; confidence=ok, High conf; CI=0.85-0.97; source_urls=https://pubs.usgs.gov/periodicals/mcs2026/mcs2026-gallium.pdf"
1,Bauxite mining,AU,bauxite,,,0.0517,0.06,0,"[Ga proc] Domestic/incremental processing-cost row generated from Ga topology; planning-grade placeholder in USD/kg material; confidence=suspect, Medium conf; CI=0.60-0.75; source_urls=https://news.alcoa.com/press-releases/press-release-details/2025/GOVERNMENTS-ANNOUNCE-SUPPORT-FOR-ALCOAS-GALLIUM-CRITICAL-MINERAL-DEVELOPMENT-PROJECT-IN-WESTERN-AUSTRALIA/default.aspx; https://www.sojitz.com/en/news/article/20250804.html; https://pubs.usgs.gov/periodicals/mcs2026/mcs2026-gallium.pdf"
1,Bauxite mining,CN,bauxite,,,0.0382,0.05,0,"[Ga proc] Domestic/incremental processing-cost row generated from Ga topology; planning-grade placeholder in USD/kg material; confidence=ok, High conf; CI=0.85-0.97; source_urls=https://pubs.usgs.gov/periodicals/mcs2026/mcs2026-gallium.pdf; https://pubs.usgs.gov/myb/vol1/2022/myb1-2022-gallium.pdf"
1,Bauxite mining,GR,bauxite,,,0.0473,0.05,0,"[Ga proc] Domestic/incremental processing-cost row generated from Ga topology; planning-grade placeholder in USD/kg material; confidence=suspect, Medium conf; CI=0.60-0.75; source_urls=https://www.eib.org/en/press/all/2026-011-eib-backs-europe-s-first-gallium-production-investment-with-eur90-million-financing-to-metlen-in-greece; https://pubs.usgs.gov/periodicals/mcs2026/mcs2026-gallium.pdf"
1,Bauxite mining,KZ,bauxite,,,0.0427,0.0575,0,"[Ga proc] Domestic/incremental processing-cost row generated from Ga topology; planning-grade placeholder in USD/kg material; confidence=suspect, Medium conf; CI=0.60-0.75; source_urls=https://www.eurasianresources.lu/en/news/Shukhrat%20Ibragimov%20confirms%20that%20Eurasian%20Resources%20Group%20t.html; https://pubs.usgs.gov/periodicals/mcs2026/mcs2026-gallium.pdf"
1,Bayer liquor refining,AU,4N_Ga,,,97.75,0.096,0,"[Ga proc] Domestic/incremental processing-cost row generated from Ga topology; planning-grade placeholder in USD/kg material; confidence=suspect, Medium conf; CI=0.60-0.75; source_urls=https://news.alcoa.com/press-releases/press-release-details/2025/GOVERNMENTS-ANNOUNCE-SUPPORT-FOR-ALCOAS-GALLIUM-CRITICAL-MINERAL-DEVELOPMENT-PROJECT-IN-WESTERN-AUSTRALIA/default.aspx; https://www.sojitz.com/en/news/article/20250804.html; https://pubs.usgs.gov/periodicals/mcs2026/mcs2026-gallium.pdf"
1,Bayer liquor refining,AU,4N_Ga,High-purity gallium refining,CA,0,1.111,0,"[Ga trade] Cross-border trade-cost row generated from Ga topology: Bayer liquor refining AU -> High-purity gallium refining CA; tariff set to 0 in baseline; verify HS/country treatment if scenario requires; confidence=suspect, Medium conf; CI=0.60-0.75; source_urls=https://news.alcoa.com/press-releases/press-release-details/2025/GOVERNMENTS-ANNOUNCE-SUPPORT-FOR-ALCOAS-GALLIUM-CRITICAL-MINERAL-DEVELOPMENT-PROJECT-IN-WESTERN-AUSTRALIA/default.aspx; https://www.sojitz.com/en/news/article/20250804.html; https://pubs.usgs.gov/periodicals/mcs2026/mcs2026-gallium.pdf"
1,Bayer liquor refining,AU,4N_Ga,High-purity gallium refining,CN,0,0.6432,0,"[Ga trade] Cross-border trade-cost row generated from Ga topology: Bayer liquor refining AU -> High-purity gallium refining CN; tariff set to 0 in baseline; verify HS/country treatment if scenario requires; confidence=suspect, Medium conf; CI=0.60-0.75; source_urls=https://news.alcoa.com/press-releases/press-release-details/2025/GOVERNMENTS-ANNOUNCE-SUPPORT-FOR-ALCOAS-GALLIUM-CRITICAL-MINERAL-DEVELOPMENT-PROJECT-IN-WESTERN-AUSTRALIA/default.aspx; https://www.sojitz.com/en/news/article/20250804.html; https://pubs.usgs.gov/periodicals/mcs2026/mcs2026-gallium.pdf"
1,Bayer liquor refining,AU,4N_Ga,High-purity gallium refining,JP,0,0.5997,0,"[Ga trade] Cross-border trade-cost row generated from Ga topology: Bayer liquor refining AU -> High-purity gallium refining JP; tariff set to 0 in baseline; verify HS/country treatment if scenario requires; confidence=suspect, Medium conf; CI=0.60-0.75; source_urls=https://news.alcoa.com/press-releases/press-release-details/2025/GOVERNMENTS-ANNOUNCE-SUPPORT-FOR-ALCOAS-GALLIUM-CRITICAL-MINERAL-DEVELOPMENT-PROJECT-IN-WESTERN-AUSTRALIA/default.aspx; https://www.sojitz.com/en/news/article/20250804.html; https://pubs.usgs.gov/periodicals/mcs2026/mcs2026-gallium.pdf"
1,Bayer liquor refining,AU,4N_Ga,High-purity gallium refining,US,0,1.165,0,"[Ga trade] Cross-border trade-cost row generated from Ga topology: Bayer liquor refining AU -> High-purity gallium refining US; tariff set to 0 in baseline; verify HS/country treatment if scenario requires; confidence=suspect, Medium conf; CI=0.60-0.75; source_urls=https://news.alcoa.com/press-releases/press-release-details/2025/GOVERNMENTS-ANNOUNCE-SUPPORT-FOR-ALCOAS-GALLIUM-CRITICAL-MINERAL-DEVELOPMENT-PROJECT-IN-WESTERN-AUSTRALIA/default.aspx; https://www.sojitz.com/en/news/article/20250804.html; https://pubs.usgs.gov/periodicals/mcs2026/mcs2026-gallium.pdf"
1,Bayer liquor refining,CA,4N_Ga,,,300,0.088,0,"[Ga proc] Domestic/incremental processing-cost row generated from Ga topology; planning-grade placeholder in USD/kg material; confidence=suspect, Medium conf; CI=0.60-0.75; source_urls=https://www.riotinto.com/en/news/releases/2026/rio-tinto-advances-gallium-metal-rd-project-in-partnership-with-the-government-of-canada; https://pubs.usgs.gov/periodicals/mcs2026/mcs2026-gallium.pdf; https://pubs.usgs.gov/periodicals/mcs2025/mcs2025-gallium.pdf | Jacob Cordell expert review 2026-05-28: reviewed_planning processing-cost update reflects expert-updated planning assumptions for Ga recovery from Bayer liquor; period-0 reviewed value propagated to all modeled time periods for temporal consistency."
1,Bayer liquor refining,CA,4N_Ga,High-purity gallium refining,CN,0,0.777,0,"[Ga trade] Cross-border trade-cost row generated from Ga topology: Bayer liquor refining CA -> High-purity gallium refining CN; tariff set to 0 in baseline; verify HS/country treatment if scenario requires; confidence=suspect, Medium conf; CI=0.60-0.75; source_urls=https://www.riotinto.com/en/news/releases/2026/rio-tinto-advances-gallium-metal-rd-project-in-partnership-with-the-government-of-canada; https://pubs.usgs.gov/periodicals/mcs2026/mcs2026-gallium.pdf; https://pubs.usgs.gov/periodicals/mcs2025/mcs2025-gallium.pdf"
1,Bayer liquor refining,CA,4N_Ga,High-purity gallium refining,JP,0,0.6858,0,"[Ga trade] Cross-border trade-cost row generated from Ga topology: Bayer liquor refining CA -> High-purity gallium refining JP; tariff set to 0 in baseline; verify HS/country treatment if scenario requires; confidence=suspect, Medium conf; CI=0.60-0.75; source_urls=https://www.riotinto.com/en/news/releases/2026/rio-tinto-advances-gallium-metal-rd-project-in-partnership-with-the-government-of-canada; https://pubs.usgs.gov/periodicals/mcs2026/mcs2026-gallium.pdf; https://pubs.usgs.gov/periodicals/mcs2025/mcs2025-gallium.pdf"
1,Bayer liquor refining,CA,4N_Ga,High-purity gallium refining,US,0,0.253,0,"[Ga trade] Cross-border trade-cost row generated from Ga topology: Bayer liquor refining CA -> High-purity gallium refining US; tariff set to 0 in baseline; verify HS/country treatment if scenario requires; confidence=suspect, Medium conf; CI=0.60-0.75; source_urls=https://www.riotinto.com/en/news/releases/2026/rio-tinto-advances-gallium-metal-rd-project-in-partnership-with-the-government-of-canada; https://pubs.usgs.gov/periodicals/mcs2026/mcs2026-gallium.pdf; https://pubs.usgs.gov/periodicals/mcs2025/mcs2025-gallium.pdf"
1,Bayer liquor refining,CN,4N_Ga,,,280,0.08,0,"[Ga proc] Domestic/incremental processing-cost row generated from Ga topology; planning-grade placeholder in USD/kg material; confidence=ok, High conf; CI=0.85-0.97; source_urls=https://pubs.usgs.gov/periodicals/mcs2026/mcs2026-gallium.pdf; https://pubs.usgs.gov/myb/vol1/2022/myb1-2022-gallium.pdf; https://pubs.usgs.gov/periodicals/mcs2025/mcs2025-gallium.pdf | Jacob Cordell expert review 2026-05-28: reviewed_planning processing-cost update reflects expert-updated planning assumptions for Ga recovery from Bayer liquor; period-0 reviewed value propagated to all modeled time periods for temporal consistency."
1,Bayer liquor refining,CN,4N_Ga,High-purity gallium refining,CA,0,0.777,0,"[Ga trade] Cross-border trade-cost row generated from Ga topology: Bayer liquor refining CN -> High-purity gallium refining CA; tariff set to 0 in baseline; verify HS/country treatment if scenario requires; confidence=ok, High conf; CI=0.85-0.97; source_urls=https://pubs.usgs.gov/periodicals/mcs2026/mcs2026-gallium.pdf; https://pubs.usgs.gov/myb/vol1/2022/myb1-2022-gallium.pdf; https://pubs.usgs.gov/periodicals/mcs2025/mcs2025-gallium.pdf"
1,Bayer liquor refining,CN,4N_Ga,High-purity gallium refining,JP,0,0.3333,0,"[Ga trade] Cross-border trade-cost row generated from Ga topology: Bayer liquor refining CN -> High-purity gallium refining JP; tariff set to 0 in baseline; verify HS/country treatment if scenario requires; confidence=ok, High conf; CI=0.85-0.97; source_urls=https://pubs.usgs.gov/periodicals/mcs2026/mcs2026-gallium.pdf; https://pubs.usgs.gov/myb/vol1/2022/myb1-2022-gallium.pdf; https://pubs.usgs.gov/periodicals/mcs2025/mcs2025-gallium.pdf"
1,Bayer liquor refining,CN,4N_Ga,High-purity gallium refining,US,0,0.9097,0,"[Ga trade] Cross-border trade-cost row generated from Ga topology: Bayer liquor refining CN -> High-purity gallium refining US; US gallium-metal proxy tariff applied; confidence=ok, High conf; CI=0.85-0.97; source_urls=https://pubs.usgs.gov/periodicals/mcs2026/mcs2026-gallium.pdf; https://pubs.usgs.gov/myb/vol1/2022/myb1-2022-gallium.pdf; https://pubs.usgs.gov/periodicals/mcs2025/mcs2025-gallium.pdf | Jacob Cordell expert review 2026-05-28: reviewed_planning tariff assumptions were propagated consistently across all modeled time periods."
1,Bayer liquor refining,GR,4N_Ga,,,330,0.08,0,"[Ga proc] Domestic/incremental processing-cost row generated from Ga topology; planning-grade placeholder in USD/kg material; confidence=suspect, Medium conf; CI=0.60-0.75; source_urls=https://www.eib.org/en/press/all/2026-011-eib-backs-europe-s-first-gallium-production-investment-with-eur90-million-financing-to-metlen-in-greece; https://pubs.usgs.gov/periodicals/mcs2026/mcs2026-gallium.pdf; https://pubs.usgs.gov/periodicals/mcs2025/mcs2025-gallium.pdf | Jacob Cordell expert review 2026-05-28: reviewed_planning processing-cost update reflects expert-updated planning assumptions for Ga recovery from Bayer liquor; period-0 reviewed value propagated to all modeled time periods for temporal consistency."
1,Bayer liquor refining,GR,4N_Ga,High-purity gallium refining,CA,0,0.7051,0,"[Ga trade] Cross-border trade-cost row generated from Ga topology: Bayer liquor refining GR -> High-purity gallium refining CA; tariff set to 0 in baseline; verify HS/country treatment if scenario requires; confidence=suspect, Medium conf; CI=0.60-0.75; source_urls=https://www.eib.org/en/press/all/2026-011-eib-backs-europe-s-first-gallium-production-investment-with-eur90-million-financing-to-metlen-in-greece; https://pubs.usgs.gov/periodicals/mcs2026/mcs2026-gallium.pdf; https://pubs.usgs.gov/periodicals/mcs2025/mcs2025-gallium.pdf"
1,Bayer liquor refining,GR,4N_Ga,High-purity gallium refining,CN,0,0.611,0,"[Ga trade] Cross-border trade-cost row generated from Ga topology: Bayer liquor refining GR -> High-purity gallium refining CN; tariff set to 0 in baseline; verify HS/country treatment if scenario requires; confidence=suspect, Medium conf; CI=0.60-0.75; source_urls=https://www.eib.org/en/press/all/2026-011-eib-backs-europe-s-first-gallium-production-investment-with-eur90-million-financing-to-metlen-in-greece; https://pubs.usgs.gov/periodicals/mcs2026/mcs2026-gallium.pdf; https://pubs.usgs.gov/periodicals/mcs2025/mcs2025-gallium.pdf"
1,Bayer liquor refining,GR,4N_Ga,High-purity gallium refining,JP,0,0.7788,0,"[Ga trade] Cross-border trade-cost row generated from Ga topology: Bayer liquor refining GR -> High-purity gallium refining JP; tariff set to 0 in baseline; verify HS/country treatment if scenario requires; confidence=suspect, Medium conf; CI=0.60-0.75; source_urls=https://www.eib.org/en/press/all/2026-011-eib-backs-europe-s-first-gallium-production-investment-with-eur90-million-financing-to-metlen-in-greece; https://pubs.usgs.gov/periodicals/mcs2026/mcs2026-gallium.pdf; https://pubs.usgs.gov/periodicals/mcs2025/mcs2025-gallium.pdf"
1,Bayer liquor refining,GR,4N_Ga,High-purity gallium refining,US,0,0.775,0,"[Ga trade] Cross-border trade-cost row generated from Ga topology: Bayer liquor refining GR -> High-purity gallium refining US; US gallium-metal proxy tariff applied; confidence=suspect, Medium conf; CI=0.60-0.75; source_urls=https://www.eib.org/en/press/all/2026-011-eib-backs-europe-s-first-gallium-production-investment-with-eur90-million-financing-to-metlen-in-greece; https://pubs.usgs.gov/periodicals/mcs2026/mcs2026-gallium.pdf; https://pubs.usgs.gov/periodicals/mcs2025/mcs2025-gallium.pdf | Jacob Cordell expert review 2026-05-28: reviewed_planning tariff assumptions were propagated consistently across all modeled time periods."
1,Bayer liquor refining,KZ,4N_Ga,,,332,0.092,0,"[Ga proc] Domestic/incremental processing-cost row generated from Ga topology; planning-grade placeholder in USD/kg material; confidence=suspect, Medium conf; CI=0.60-0.75; source_urls=https://www.eurasianresources.lu/en/news/Shukhrat%20Ibragimov%20confirms%20that%20Eurasian%20Resources%20Group%20t.html; https://pubs.usgs.gov/periodicals/mcs2026/mcs2026-gallium.pdf; https://pubs.usgs.gov/periodicals/mcs2025/mcs2025-gallium.pdf | Jacob Cordell expert review 2026-05-28: reviewed_planning processing-cost update reflects expert-updated planning assumptions for Ga recovery from Bayer liquor; period-0 reviewed value propagated to all modeled time periods for temporal consistency."
1,Bayer liquor refining,KZ,4N_Ga,High-purity gallium refining,CA,0,0.7092,0,"[Ga trade] Cross-border trade-cost row generated from Ga topology: Bayer liquor refining KZ -> High-purity gallium refining CA; tariff set to 0 in baseline; verify HS/country treatment if scenario requires; confidence=suspect, Medium conf; CI=0.60-0.75; source_urls=https://www.eurasianresources.lu/en/news/Shukhrat%20Ibragimov%20confirms%20that%20Eurasian%20Resources%20Group%20t.html; https://pubs.usgs.gov/periodicals/mcs2026/mcs2026-gallium.pdf; https://pubs.usgs.gov/periodicals/mcs2025/mcs2025-gallium.pdf"
1,Bayer liquor refining,KZ,4N_Ga,High-purity gallium refining,CN,0,0.3528,0,"[Ga trade] Cross-border trade-cost row generated from Ga topology: Bayer liquor refining KZ -> High-purity gallium refining CN; tariff set to 0 in baseline; verify HS/country treatment if scenario requires; confidence=suspect, Medium conf; CI=0.60-0.75; source_urls=https://www.eurasianresources.lu/en/news/Shukhrat%20Ibragimov%20confirms%20that%20Eurasian%20Resources%20Group%20t.html; https://pubs.usgs.gov/periodicals/mcs2026/mcs2026-gallium.pdf; https://pubs.usgs.gov/periodicals/mcs2025/mcs2025-gallium.pdf"
1,Bayer liquor refining,KZ,4N_Ga,High-purity gallium refining,JP,0,0.5269,0,"[Ga trade] Cross-border trade-cost row generated from Ga topology: Bayer liquor refining KZ -> High-purity gallium refining JP; tariff set to 0 in baseline; verify HS/country treatment if scenario requires; confidence=suspect, Medium conf; CI=0.60-0.75; source_urls=https://www.eurasianresources.lu/en/news/Shukhrat%20Ibragimov%20confirms%20that%20Eurasian%20Resources%20Group%20t.html; https://pubs.usgs.gov/periodicals/mcs2026/mcs2026-gallium.pdf; https://pubs.usgs.gov/periodicals/mcs2025/mcs2025-gallium.pdf"
1,Bayer liquor refining,KZ,4N_Ga,High-purity gallium refining,US,0,0.83,0,"[Ga trade] Cross-border trade-cost row generated from Ga topology: Bayer liquor refining KZ -> High-purity gallium refining US; US gallium-metal proxy tariff applied; confidence=suspect, Medium conf; CI=0.60-0.75; source_urls=https://www.eurasianresources.lu/en/news/Shukhrat%20Ibragimov%20confirms%20that%20Eurasian%20Resources%20Group%20t.html; https://pubs.usgs.gov/periodicals/mcs2026/mcs2026-gallium.pdf; https://pubs.usgs.gov/periodicals/mcs2025/mcs2025-gallium.pdf | Jacob Cordell expert review 2026-05-28: reviewed_planning tariff assumptions were propagated consistently across all modeled time periods."
1,Bayer liquor refining,US,4N_Ga,,,422,0.088,0,"[Ga proc] Domestic/incremental processing-cost row generated from Ga topology; planning-grade placeholder in USD/kg material; confidence=suspect, Medium-low conf; CI=0.45-0.60; source_urls=https://www.energy.gov/cmei/articles/does-office-critical-minerals-and-energy-innovation-selects-five-organizations; https://pubs.usgs.gov/periodicals/mcs2026/mcs2026-gallium.pdf; https://pubs.usgs.gov/periodicals/mcs2025/mcs2025-gallium.pdf | Jacob Cordell expert review 2026-05-28: reviewed_planning processing-cost update reflects expert-updated planning assumptions for Ga recovery from Bayer liquor; period-0 reviewed value propagated to all modeled time periods for temporal consistency."
1,Bayer liquor refining,US,4N_Ga,High-purity gallium refining,CA,0,0.253,0,"[Ga trade] Cross-border trade-cost row generated from Ga topology: Bayer liquor refining US -> High-purity gallium refining CA; tariff set to 0 in baseline; verify HS/country treatment if scenario requires; confidence=suspect, Medium-low conf; CI=0.45-0.60; source_urls=https://www.energy.gov/cmei/articles/does-office-critical-minerals-and-energy-innovation-selects-five-organizations; https://pubs.usgs.gov/periodicals/mcs2026/mcs2026-gallium.pdf; https://pubs.usgs.gov/periodicals/mcs2025/mcs2025-gallium.pdf"
1,Bayer liquor refining,US,4N_Ga,High-purity gallium refining,CN,0,0.9097,0,"[Ga trade] Cross-border trade-cost row generated from Ga topology: Bayer liquor refining US -> High-purity gallium refining CN; tariff set to 0 in baseline; verify HS/country treatment if scenario requires; confidence=suspect, Medium-low conf; CI=0.45-0.60; source_urls=https://www.energy.gov/cmei/articles/does-office-critical-minerals-and-energy-innovation-selects-five-organizations; https://pubs.usgs.gov/periodicals/mcs2026/mcs2026-gallium.pdf; https://pubs.usgs.gov/periodicals/mcs2025/mcs2025-gallium.pdf"
1,Bayer liquor refining,US,4N_Ga,High-purity gallium refining,JP,0,0.803,0,"[Ga trade] Cross-border trade-cost row generated from Ga topology: Bayer liquor refining US -> High-purity gallium refining JP; tariff set to 0 in baseline; verify HS/country treatment if scenario requires; confidence=suspect, Medium-low conf; CI=0.45-0.60; source_urls=https://www.energy.gov/cmei/articles/does-office-critical-minerals-and-energy-innovation-selects-five-organizations; https://pubs.usgs.gov/periodicals/mcs2026/mcs2026-gallium.pdf; https://pubs.usgs.gov/periodicals/mcs2025/mcs2025-gallium.pdf"
1,Bayer process / alumina refining,AU,Bayer_liquor,,,0.0345,0.024,0,"[Ga proc] Domestic/incremental processing-cost row generated from Ga topology; planning-grade placeholder in USD/kg material; confidence=suspect, Medium conf; CI=0.60-0.75; source_urls=https://news.alcoa.com/press-releases/press-release-details/2025/GOVERNMENTS-ANNOUNCE-SUPPORT-FOR-ALCOAS-GALLIUM-CRITICAL-MINERAL-DEVELOPMENT-PROJECT-IN-WESTERN-AUSTRALIA/default.aspx; https://www.sojitz.com/en/news/article/20250804.html; https://pubs.usgs.gov/periodicals/mcs2026/mcs2026-gallium.pdf"
1,Bayer process / alumina refining,CA,Bayer_liquor,,,0.0345,0.022,0,"[Ga proc] Domestic/incremental processing-cost row generated from Ga topology; planning-grade placeholder in USD/kg material; confidence=suspect, Medium conf; CI=0.60-0.75; source_urls=https://www.riotinto.com/en/news/releases/2026/rio-tinto-advances-gallium-metal-rd-project-in-partnership-with-the-government-of-canada; https://pubs.usgs.gov/periodicals/mcs2026/mcs2026-gallium.pdf"
1,Bayer process / alumina refining,CN,Bayer_liquor,,,0.0255,0.02,0,"[Ga proc] Domestic/incremental processing-cost row generated from Ga topology; planning-grade placeholder in USD/kg material; confidence=ok, High conf; CI=0.85-0.97; source_urls=https://pubs.usgs.gov/periodicals/mcs2026/mcs2026-gallium.pdf; https://pubs.usgs.gov/myb/vol1/2022/myb1-2022-gallium.pdf"
1,Bayer process / alumina refining,GR,Bayer_liquor,,,0.0315,0.02,0,"[Ga proc] Domestic/incremental processing-cost row generated from Ga topology; planning-grade placeholder in USD/kg material; confidence=suspect, Medium conf; CI=0.60-0.75; source_urls=https://www.eib.org/en/press/all/2026-011-eib-backs-europe-s-first-gallium-production-investment-with-eur90-million-financing-to-metlen-in-greece; https://pubs.usgs.gov/periodicals/mcs2026/mcs2026-gallium.pdf"
1,Bayer process / alumina refining,KZ,Bayer_liquor,,,0.0285,0.023,0,"[Ga proc] Domestic/incremental processing-cost row generated from Ga topology; planning-grade placeholder in USD/kg material; confidence=suspect, Medium conf; CI=0.60-0.75; source_urls=https://www.eurasianresources.lu/en/news/Shukhrat%20Ibragimov%20confirms%20that%20Eurasian%20Resources%20Group%20t.html; https://pubs.usgs.gov/periodicals/mcs2026/mcs2026-gallium.pdf"
1,Bayer process / alumina refining,US,Bayer_liquor,,,0.036,0.022,0,"[Ga proc] Domestic/incremental processing-cost row generated from Ga topology; planning-grade placeholder in USD/kg material; confidence=suspect, Medium-low conf; CI=0.45-0.60; source_urls=https://www.energy.gov/cmei/articles/does-office-critical-minerals-and-energy-innovation-selects-five-organizations; https://pubs.usgs.gov/periodicals/mcs2026/mcs2026-gallium.pdf"
1,High-purity gallium refining,CA,6N_Ga,,,420,0.088,0,"[Ga proc] Domestic/incremental processing-cost row generated from Ga topology; planning-grade placeholder in USD/kg material; confidence=ok, Medium-high conf; CI=0.75-0.88; source_urls=https://pubs.usgs.gov/periodicals/mcs2025/mcs2025-gallium.pdf; https://pubs.usgs.gov/myb/vol1/2022/myb1-2022-gallium.pdf; https://www.neomaterials.com/rare-metals/gallium/ | Jacob Cordell expert review 2026-05-28: reviewed_planning processing-cost update reflects expert-updated purification cost assumptions for 6N gallium; period-0 reviewed value propagated to all modeled time periods for temporal consistency."
1,High-purity gallium refining,CA,6N_Ga,TMG synthesis,CN,0,0.777,0,"[Ga trade] Cross-border trade-cost row generated from Ga topology: High-purity gallium refining CA -> TMG synthesis CN; tariff set to 0 in baseline; verify HS/country treatment if scenario requires; confidence=ok, Medium-high conf; CI=0.75-0.88; source_urls=https://pubs.usgs.gov/periodicals/mcs2025/mcs2025-gallium.pdf; https://pubs.usgs.gov/myb/vol1/2022/myb1-2022-gallium.pdf; https://www.neomaterials.com/rare-metals/gallium/"
1,High-purity gallium refining,CA,6N_Ga,TMG synthesis,JP,0,0.6858,0,"[Ga trade] Cross-border trade-cost row generated from Ga topology: High-purity gallium refining CA -> TMG synthesis JP; tariff set to 0 in baseline; verify HS/country treatment if scenario requires; confidence=ok, Medium-high conf; CI=0.75-0.88; source_urls=https://pubs.usgs.gov/periodicals/mcs2025/mcs2025-gallium.pdf; https://pubs.usgs.gov/myb/vol1/2022/myb1-2022-gallium.pdf; https://www.neomaterials.com/rare-metals/gallium/"
1,High-purity gallium refining,CA,6N_Ga,TMG synthesis,KR,0,0.7205,0,"[Ga trade] Cross-border trade-cost row generated from Ga topology: High-purity gallium refining CA -> TMG synthesis KR; tariff set to 0 in baseline; verify HS/country treatment if scenario requires; confidence=ok, Medium conf; CI=0.60-0.75; source_urls=https://pubs.usgs.gov/periodicals/mcs2025/mcs2025-gallium.pdf; https://pubs.usgs.gov/myb/vol1/2022/myb1-2022-gallium.pdf; https://www.neomaterials.com/rare-metals/gallium/"
1,High-purity gallium refining,CA,6N_Ga,TMG synthesis,US,0,0.253,0,"[Ga trade] Cross-border trade-cost row generated from Ga topology: High-purity gallium refining CA -> TMG synthesis US; tariff set to 0 in baseline; verify HS/country treatment if scenario requires; confidence=ok, Medium conf; CI=0.60-0.75; source_urls=https://pubs.usgs.gov/periodicals/mcs2025/mcs2025-gallium.pdf; https://pubs.usgs.gov/myb/vol1/2022/myb1-2022-gallium.pdf; https://www.neomaterials.com/rare-metals/gallium/"
1,High-purity gallium refining,CA,6N_Ga,Wafer manufacturing,CN,0,0.777,0,"[Ga trade] Cross-border trade-cost row generated from Ga topology: High-purity gallium refining CA -> Wafer manufacturing CN; tariff set to 0 in baseline; verify HS/country treatment if scenario requires; confidence=ok, Medium-high conf; CI=0.75-0.88; source_urls=https://pubs.usgs.gov/periodicals/mcs2025/mcs2025-gallium.pdf; https://pubs.usgs.gov/myb/vol1/2022/myb1-2022-gallium.pdf; https://www.neomaterials.com/rare-metals/gallium/"
1,High-purity gallium refining,CA,6N_Ga,Wafer manufacturing,JP,0,0.6858,0,"[Ga trade] Cross-border trade-cost row generated from Ga topology: High-purity gallium refining CA -> Wafer manufacturing JP; tariff set to 0 in baseline; verify HS/country treatment if scenario requires; confidence=ok, High conf; CI=0.85-0.97; source_urls=https://pubs.usgs.gov/periodicals/mcs2025/mcs2025-gallium.pdf; https://pubs.usgs.gov/myb/vol1/2022/myb1-2022-gallium.pdf; https://www.neomaterials.com/rare-metals/gallium/"
1,High-purity gallium refining,CA,6N_Ga,Wafer manufacturing,KR,0,0.7205,0,"[Ga trade] Cross-border trade-cost row generated from Ga topology: High-purity gallium refining CA -> Wafer manufacturing KR; tariff set to 0 in baseline; verify HS/country treatment if scenario requires; confidence=ok, Medium conf; CI=0.60-0.75; source_urls=https://pubs.usgs.gov/periodicals/mcs2025/mcs2025-gallium.pdf; https://pubs.usgs.gov/myb/vol1/2022/myb1-2022-gallium.pdf; https://www.neomaterials.com/rare-metals/gallium/"
1,High-purity gallium refining,CA,6N_Ga,Wafer manufacturing,US,0,0.253,0,"[Ga trade] Cross-border trade-cost row generated from Ga topology: High-purity gallium refining CA -> Wafer manufacturing US; tariff set to 0 in baseline; verify HS/country treatment if scenario requires; confidence=ok, High conf; CI=0.85-0.97; source_urls=https://pubs.usgs.gov/periodicals/mcs2025/mcs2025-gallium.pdf; https://pubs.usgs.gov/myb/vol1/2022/myb1-2022-gallium.pdf; https://www.neomaterials.com/rare-metals/gallium/"
1,High-purity gallium refining,CN,6N_Ga,,,350,0.08,0,"[Ga proc] Domestic/incremental processing-cost row generated from Ga topology; planning-grade placeholder in USD/kg material; confidence=ok, Medium-high conf; CI=0.75-0.88; source_urls=https://pubs.usgs.gov/myb/vol1/2022/myb1-2022-gallium.pdf; https://pubs.usgs.gov/periodicals/mcs2025/mcs2025-gallium.pdf; https://www.nouryon.com/product/tmga-ssg-trimethylgallium-cas-1445-79-0 | Jacob Cordell expert review 2026-05-28: reviewed_planning processing-cost update reflects expert-updated purification cost assumptions for 6N gallium; period-0 reviewed value propagated to all modeled time periods for temporal consistency."
1,High-purity gallium refining,CN,6N_Ga,TMG synthesis,JP,0,0.3333,0,"[Ga trade] Cross-border trade-cost row generated from Ga topology: High-purity gallium refining CN -> TMG synthesis JP; tariff set to 0 in baseline; verify HS/country treatment if scenario requires; confidence=ok, Medium-high conf; CI=0.75-0.88; source_urls=https://pubs.usgs.gov/myb/vol1/2022/myb1-2022-gallium.pdf; https://pubs.usgs.gov/periodicals/mcs2025/mcs2025-gallium.pdf; https://www.nouryon.com/product/tmga-ssg-trimethylgallium-cas-1445-79-0"
1,High-purity gallium refining,CN,6N_Ga,TMG synthesis,KR,0,0.2683,0,"[Ga trade] Cross-border trade-cost row generated from Ga topology: High-purity gallium refining CN -> TMG synthesis KR; tariff set to 0 in baseline; verify HS/country treatment if scenario requires; confidence=ok, Medium conf; CI=0.60-0.75; source_urls=https://pubs.usgs.gov/myb/vol1/2022/myb1-2022-gallium.pdf; https://pubs.usgs.gov/periodicals/mcs2025/mcs2025-gallium.pdf; https://www.nouryon.com/product/tmga-ssg-trimethylgallium-cas-1445-79-0"
1,High-purity gallium refining,CN,6N_Ga,TMG synthesis,US,0,0.9097,0,"[Ga trade] Cross-border trade-cost row generated from Ga topology: High-purity gallium refining CN -> TMG synthesis US; US gallium-metal proxy tariff applied; confidence=ok, Medium conf; CI=0.60-0.75; source_urls=https://pubs.usgs.gov/myb/vol1/2022/myb1-2022-gallium.pdf; https://pubs.usgs.gov/periodicals/mcs2025/mcs2025-gallium.pdf; https://pubs.usgs.gov/periodicals/mcs2026/mcs2026-gallium.pdf | Jacob Cordell expert review 2026-05-28: reviewed_planning tariff assumptions were propagated consistently across all modeled time periods."
1,High-purity gallium refining,CN,6N_Ga,Wafer manufacturing,JP,0,0.3333,0,"[Ga trade] Cross-border trade-cost row generated from Ga topology: High-purity gallium refining CN -> Wafer manufacturing JP; tariff set to 0 in baseline; verify HS/country treatment if scenario requires; confidence=ok, High conf; CI=0.85-0.97; source_urls=https://pubs.usgs.gov/myb/vol1/2022/myb1-2022-gallium.pdf; https://pubs.usgs.gov/periodicals/mcs2025/mcs2025-gallium.pdf"
1,High-purity gallium refining,CN,6N_Ga,Wafer manufacturing,KR,0,0.2683,0,"[Ga trade] Cross-border trade-cost row generated from Ga topology: High-purity gallium refining CN -> Wafer manufacturing KR; tariff set to 0 in baseline; verify HS/country treatment if scenario requires; confidence=ok, Medium conf; CI=0.60-0.75; source_urls=https://pubs.usgs.gov/myb/vol1/2022/myb1-2022-gallium.pdf; https://pubs.usgs.gov/periodicals/mcs2025/mcs2025-gallium.pdf"
1,High-purity gallium refining,CN,6N_Ga,Wafer manufacturing,US,0,0.9097,0,"[Ga trade] Cross-border trade-cost row generated from Ga topology: High-purity gallium refining CN -> Wafer manufacturing US; US gallium-metal proxy tariff applied; confidence=ok, High conf; CI=0.85-0.97; source_urls=https://pubs.usgs.gov/myb/vol1/2022/myb1-2022-gallium.pdf; https://pubs.usgs.gov/periodicals/mcs2025/mcs2025-gallium.pdf; https://pubs.usgs.gov/periodicals/mcs2026/mcs2026-gallium.pdf | Jacob Cordell expert review 2026-05-28: reviewed_planning tariff assumptions were propagated consistently across all modeled time periods."
1,High-purity gallium refining,JP,6N_Ga,,,440,0.076,0,"[Ga proc] Domestic/incremental processing-cost row generated from Ga topology; planning-grade placeholder in USD/kg material; confidence=ok, Medium-high conf; CI=0.75-0.88; source_urls=https://pubs.usgs.gov/myb/vol1/2022/myb1-2022-gallium.pdf; https://pubs.usgs.gov/periodicals/mcs2025/mcs2025-gallium.pdf; https://www.nouryon.com/product/tmga-ssg-trimethylgallium-cas-1445-79-0 | Jacob Cordell expert review 2026-05-28: reviewed_planning processing-cost update reflects expert-updated purification cost assumptions for 6N gallium; period-0 reviewed value propagated to all modeled time periods for temporal consistency."
1,High-purity gallium refining,JP,6N_Ga,TMG synthesis,CN,0,0.3333,0,"[Ga trade] Cross-border trade-cost row generated from Ga topology: High-purity gallium refining JP -> TMG synthesis CN; tariff set to 0 in baseline; verify HS/country treatment if scenario requires; confidence=ok, Medium-high conf; CI=0.75-0.88; source_urls=https://pubs.usgs.gov/myb/vol1/2022/myb1-2022-gallium.pdf; https://pubs.usgs.gov/periodicals/mcs2025/mcs2025-gallium.pdf; https://www.nouryon.com/product/tmga-ssg-trimethylgallium-cas-1445-79-0"
1,High-purity gallium refining,JP,6N_Ga,TMG synthesis,KR,0,0.186,0,"[Ga trade] Cross-border trade-cost row generated from Ga topology: High-purity gallium refining JP -> TMG synthesis KR; tariff set to 0 in baseline; verify HS/country treatment if scenario requires; confidence=ok, Medium conf; CI=0.60-0.75; source_urls=https://pubs.usgs.gov/myb/vol1/2022/myb1-2022-gallium.pdf; https://pubs.usgs.gov/periodicals/mcs2025/mcs2025-gallium.pdf; https://www.nouryon.com/product/tmga-ssg-trimethylgallium-cas-1445-79-0"
1,High-purity gallium refining,JP,6N_Ga,TMG synthesis,US,0,0.803,0,"[Ga trade] Cross-border trade-cost row generated from Ga topology: High-purity gallium refining JP -> TMG synthesis US; US gallium-metal proxy tariff applied; confidence=ok, Medium conf; CI=0.60-0.75; source_urls=https://pubs.usgs.gov/myb/vol1/2022/myb1-2022-gallium.pdf; https://pubs.usgs.gov/periodicals/mcs2025/mcs2025-gallium.pdf; https://pubs.usgs.gov/periodicals/mcs2026/mcs2026-gallium.pdf | Jacob Cordell expert review 2026-05-28: reviewed_planning tariff assumptions were propagated consistently across all modeled time periods."
1,High-purity gallium refining,JP,6N_Ga,Wafer manufacturing,CN,0,0.3333,0,"[Ga trade] Cross-border trade-cost row generated from Ga topology: High-purity gallium refining JP -> Wafer manufacturing CN; tariff set to 0 in baseline; verify HS/country treatment if scenario requires; confidence=ok, Medium-high conf; CI=0.75-0.88; source_urls=https://pubs.usgs.gov/myb/vol1/2022/myb1-2022-gallium.pdf; https://pubs.usgs.gov/periodicals/mcs2025/mcs2025-gallium.pdf; https://pubs.usgs.gov/periodicals/mcs2026/mcs2026-gallium.pdf"
1,High-purity gallium refining,JP,6N_Ga,Wafer manufacturing,KR,0,0.186,0,"[Ga trade] Cross-border trade-cost row generated from Ga topology: High-purity gallium refining JP -> Wafer manufacturing KR; tariff set to 0 in baseline; verify HS/country treatment if scenario requires; confidence=ok, Medium conf; CI=0.60-0.75; source_urls=https://pubs.usgs.gov/myb/vol1/2022/myb1-2022-gallium.pdf; https://pubs.usgs.gov/periodicals/mcs2025/mcs2025-gallium.pdf"
1,High-purity gallium refining,JP,6N_Ga,Wafer manufacturing,US,0,0.803,0,"[Ga trade] Cross-border trade-cost row generated from Ga topology: High-purity gallium refining JP -> Wafer manufacturing US; US gallium-metal proxy tariff applied; confidence=ok, High conf; CI=0.85-0.97; source_urls=https://pubs.usgs.gov/myb/vol1/2022/myb1-2022-gallium.pdf; https://pubs.usgs.gov/periodicals/mcs2025/mcs2025-gallium.pdf; https://pubs.usgs.gov/periodicals/mcs2026/mcs2026-gallium.pdf | Jacob Cordell expert review 2026-05-28: reviewed_planning tariff assumptions were propagated consistently across all modeled time periods."
1,High-purity gallium refining,US,6N_Ga,,,390,0.088,0,"[Ga proc] Domestic/incremental processing-cost row generated from Ga topology; planning-grade placeholder in USD/kg material; confidence=ok, Medium-high conf; CI=0.75-0.88; source_urls=https://pubs.usgs.gov/periodicals/mcs2026/mcs2026-gallium.pdf; https://pubs.usgs.gov/myb/vol1/2022/myb1-2022-gallium.pdf; https://www.nouryon.com/product/tmga-ssg-trimethylgallium-cas-1445-79-0 | Jacob Cordell expert review 2026-05-28: reviewed_planning processing-cost update reflects expert-updated purification cost assumptions for 6N gallium; period-0 reviewed value propagated to all modeled time periods for temporal consistency."
1,High-purity gallium refining,US,6N_Ga,TMG synthesis,CN,0,0.9097,0,"[Ga trade] Cross-border trade-cost row generated from Ga topology: High-purity gallium refining US -> TMG synthesis CN; tariff set to 0 in baseline; verify HS/country treatment if scenario requires; confidence=ok, Medium-high conf; CI=0.75-0.88; source_urls=https://pubs.usgs.gov/periodicals/mcs2026/mcs2026-gallium.pdf; https://pubs.usgs.gov/myb/vol1/2022/myb1-2022-gallium.pdf; https://www.nouryon.com/product/tmga-ssg-trimethylgallium-cas-1445-79-0"
1,High-purity gallium refining,US,6N_Ga,TMG synthesis,JP,0,0.803,0,"[Ga trade] Cross-border trade-cost row generated from Ga topology: High-purity gallium refining US -> TMG synthesis JP; tariff set to 0 in baseline; verify HS/country treatment if scenario requires; confidence=ok, Medium-high conf; CI=0.75-0.88; source_urls=https://pubs.usgs.gov/periodicals/mcs2026/mcs2026-gallium.pdf; https://pubs.usgs.gov/myb/vol1/2022/myb1-2022-gallium.pdf; https://www.nouryon.com/product/tmga-ssg-trimethylgallium-cas-1445-79-0"
1,High-purity gallium refining,US,6N_Ga,TMG synthesis,KR,0,0.8445,0,"[Ga trade] Cross-border trade-cost row generated from Ga topology: High-purity gallium refining US -> TMG synthesis KR; tariff set to 0 in baseline; verify HS/country treatment if scenario requires; confidence=ok, Medium conf; CI=0.60-0.75; source_urls=https://pubs.usgs.gov/periodicals/mcs2026/mcs2026-gallium.pdf; https://pubs.usgs.gov/myb/vol1/2022/myb1-2022-gallium.pdf; https://www.nouryon.com/product/tmga-ssg-trimethylgallium-cas-1445-79-0"
1,High-purity gallium refining,US,6N_Ga,Wafer manufacturing,CN,0,0.9097,0,"[Ga trade] Cross-border trade-cost row generated from Ga topology: High-purity gallium refining US -> Wafer manufacturing CN; tariff set to 0 in baseline; verify HS/country treatment if scenario requires; confidence=ok, Medium-high conf; CI=0.75-0.88; source_urls=https://pubs.usgs.gov/periodicals/mcs2026/mcs2026-gallium.pdf; https://pubs.usgs.gov/myb/vol1/2022/myb1-2022-gallium.pdf"
1,High-purity gallium refining,US,6N_Ga,Wafer manufacturing,JP,0,0.803,0,"[Ga trade] Cross-border trade-cost row generated from Ga topology: High-purity gallium refining US -> Wafer manufacturing JP; tariff set to 0 in baseline; verify HS/country treatment if scenario requires; confidence=ok, High conf; CI=0.85-0.97; source_urls=https://pubs.usgs.gov/periodicals/mcs2026/mcs2026-gallium.pdf; https://pubs.usgs.gov/myb/vol1/2022/myb1-2022-gallium.pdf"
1,High-purity gallium refining,US,6N_Ga,Wafer manufacturing,KR,0,0.8445,0,"[Ga trade] Cross-border trade-cost row generated from Ga topology: High-purity gallium refining US -> Wafer manufacturing KR; tariff set to 0 in baseline; verify HS/country treatment if scenario requires; confidence=ok, Medium conf; CI=0.60-0.75; source_urls=https://pubs.usgs.gov/periodicals/mcs2026/mcs2026-gallium.pdf; https://pubs.usgs.gov/myb/vol1/2022/myb1-2022-gallium.pdf; https://pubs.usgs.gov/periodicals/mcs2025/mcs2025-gallium.pdf"
1,New manufacturing scrap recovery,CA,6N_Ga,,,322,0.088,0,"[Ga proc] Domestic/incremental processing-cost row generated from Ga topology; planning-grade placeholder in USD/kg material; confidence=suspect, Medium conf; CI=0.60-0.75; source_urls=https://pubs.usgs.gov/periodicals/mcs2025/mcs2025-gallium.pdf; https://pubs.usgs.gov/myb/vol1/2022/myb1-2022-gallium.pdf; https://www.neomaterials.com/rare-metals/gallium/ | Jacob Cordell expert review 2026-05-28: reviewed_planning processing-cost update reflects expert-updated planning assumptions for recovery from new manufacturing scrap; period-0 reviewed value propagated to all modeled time periods for temporal consistency."
1,New manufacturing scrap recovery,CA,6N_Ga,TMG synthesis,CN,0,0.777,0,"[Ga trade] Cross-border trade-cost row generated from Ga topology: New manufacturing scrap recovery CA -> TMG synthesis CN; tariff set to 0 in baseline; verify HS/country treatment if scenario requires; confidence=suspect, Medium conf; CI=0.60-0.75; source_urls=https://pubs.usgs.gov/periodicals/mcs2025/mcs2025-gallium.pdf; https://pubs.usgs.gov/myb/vol1/2022/myb1-2022-gallium.pdf; https://www.neomaterials.com/rare-metals/gallium/"
1,New manufacturing scrap recovery,CA,6N_Ga,TMG synthesis,JP,0,0.6858,0,"[Ga trade] Cross-border trade-cost row generated from Ga topology: New manufacturing scrap recovery CA -> TMG synthesis JP; tariff set to 0 in baseline; verify HS/country treatment if scenario requires; confidence=suspect, Medium conf; CI=0.60-0.75; source_urls=https://pubs.usgs.gov/periodicals/mcs2025/mcs2025-gallium.pdf; https://pubs.usgs.gov/myb/vol1/2022/myb1-2022-gallium.pdf; https://www.neomaterials.com/rare-metals/gallium/"
1,New manufacturing scrap recovery,CA,6N_Ga,TMG synthesis,KR,0,0.7205,0,"[Ga trade] Cross-border trade-cost row generated from Ga topology: New manufacturing scrap recovery CA -> TMG synthesis KR; tariff set to 0 in baseline; verify HS/country treatment if scenario requires; confidence=suspect, Medium conf; CI=0.60-0.75; source_urls=https://pubs.usgs.gov/periodicals/mcs2025/mcs2025-gallium.pdf; https://pubs.usgs.gov/myb/vol1/2022/myb1-2022-gallium.pdf; https://www.neomaterials.com/rare-metals/gallium/"
1,New manufacturing scrap recovery,CA,6N_Ga,TMG synthesis,US,0,0.253,0,"[Ga trade] Cross-border trade-cost row generated from Ga topology: New manufacturing scrap recovery CA -> TMG synthesis US; tariff set to 0 in baseline; verify HS/country treatment if scenario requires; confidence=suspect, Medium conf; CI=0.60-0.75; source_urls=https://pubs.usgs.gov/periodicals/mcs2025/mcs2025-gallium.pdf; https://pubs.usgs.gov/myb/vol1/2022/myb1-2022-gallium.pdf; https://www.neomaterials.com/rare-metals/gallium/"
1,New manufacturing scrap recovery,CA,6N_Ga,Wafer manufacturing,CN,0,0.777,0,"[Ga trade] Cross-border trade-cost row generated from Ga topology: New manufacturing scrap recovery CA -> Wafer manufacturing CN; tariff set to 0 in baseline; verify HS/country treatment if scenario requires; confidence=suspect, Medium conf; CI=0.60-0.75; source_urls=https://pubs.usgs.gov/periodicals/mcs2025/mcs2025-gallium.pdf; https://pubs.usgs.gov/myb/vol1/2022/myb1-2022-gallium.pdf; https://www.neomaterials.com/rare-metals/gallium/"
1,New manufacturing scrap recovery,CA,6N_Ga,Wafer manufacturing,JP,0,0.6858,0,"[Ga trade] Cross-border trade-cost row generated from Ga topology: New manufacturing scrap recovery CA -> Wafer manufacturing JP; tariff set to 0 in baseline; verify HS/country treatment if scenario requires; confidence=suspect, Medium conf; CI=0.60-0.75; source_urls=https://pubs.usgs.gov/periodicals/mcs2025/mcs2025-gallium.pdf; https://pubs.usgs.gov/myb/vol1/2022/myb1-2022-gallium.pdf; https://www.neomaterials.com/rare-metals/gallium/"
1,New manufacturing scrap recovery,CA,6N_Ga,Wafer manufacturing,KR,0,0.7205,0,"[Ga trade] Cross-border trade-cost row generated from Ga topology: New manufacturing scrap recovery CA -> Wafer manufacturing KR; tariff set to 0 in baseline; verify HS/country treatment if scenario requires; confidence=suspect, Medium conf; CI=0.60-0.75; source_urls=https://pubs.usgs.gov/periodicals/mcs2025/mcs2025-gallium.pdf; https://pubs.usgs.gov/myb/vol1/2022/myb1-2022-gallium.pdf; https://www.neomaterials.com/rare-metals/gallium/"
1,New manufacturing scrap recovery,CA,6N_Ga,Wafer manufacturing,US,0,0.253,0,"[Ga trade] Cross-border trade-cost row generated from Ga topology: New manufacturing scrap recovery CA -> Wafer manufacturing US; tariff set to 0 in baseline; verify HS/country treatment if scenario requires; confidence=suspect, Medium conf; CI=0.60-0.75; source_urls=https://pubs.usgs.gov/periodicals/mcs2025/mcs2025-gallium.pdf; https://pubs.usgs.gov/myb/vol1/2022/myb1-2022-gallium.pdf; https://www.neomaterials.com/rare-metals/gallium/"
1,New manufacturing scrap recovery,CN,6N_Ga,,,238,0.08,0,"[Ga proc] Domestic/incremental processing-cost row generated from Ga topology; planning-grade placeholder in USD/kg material; confidence=ok, High conf; CI=0.85-0.97; source_urls=https://pubs.usgs.gov/periodicals/mcs2025/mcs2025-gallium.pdf; https://pubs.usgs.gov/myb/vol1/2022/myb1-2022-gallium.pdf; https://www.nouryon.com/product/tmga-ssg-trimethylgallium-cas-1445-79-0 | Jacob Cordell expert review 2026-05-28: reviewed_planning processing-cost update reflects expert-updated planning assumptions for recovery from new manufacturing scrap; period-0 reviewed value propagated to all modeled time periods for temporal consistency."
1,New manufacturing scrap recovery,CN,6N_Ga,TMG synthesis,JP,0,0.3333,0,"[Ga trade] Cross-border trade-cost row generated from Ga topology: New manufacturing scrap recovery CN -> TMG synthesis JP; tariff set to 0 in baseline; verify HS/country treatment if scenario requires; confidence=suspect, Medium conf; CI=0.60-0.75; source_urls=https://pubs.usgs.gov/periodicals/mcs2025/mcs2025-gallium.pdf; https://pubs.usgs.gov/myb/vol1/2022/myb1-2022-gallium.pdf; https://www.nouryon.com/product/tmga-ssg-trimethylgallium-cas-1445-79-0"
1,New manufacturing scrap recovery,CN,6N_Ga,TMG synthesis,KR,0,0.2683,0,"[Ga trade] Cross-border trade-cost row generated from Ga topology: New manufacturing scrap recovery CN -> TMG synthesis KR; tariff set to 0 in baseline; verify HS/country treatment if scenario requires; confidence=suspect, Medium conf; CI=0.60-0.75; source_urls=https://pubs.usgs.gov/periodicals/mcs2025/mcs2025-gallium.pdf; https://pubs.usgs.gov/myb/vol1/2022/myb1-2022-gallium.pdf; https://www.nouryon.com/product/tmga-ssg-trimethylgallium-cas-1445-79-0"
1,New manufacturing scrap recovery,CN,6N_Ga,TMG synthesis,US,0,0.9097,0,"[Ga trade] Cross-border trade-cost row generated from Ga topology: New manufacturing scrap recovery CN -> TMG synthesis US; US gallium-metal proxy tariff applied; confidence=suspect, Medium conf; CI=0.60-0.75; source_urls=https://pubs.usgs.gov/periodicals/mcs2025/mcs2025-gallium.pdf; https://pubs.usgs.gov/myb/vol1/2022/myb1-2022-gallium.pdf; https://www.nouryon.com/product/tmga-ssg-trimethylgallium-cas-1445-79-0 | Jacob Cordell expert review 2026-05-28: reviewed_planning tariff assumptions were propagated consistently across all modeled time periods."
1,New manufacturing scrap recovery,CN,6N_Ga,Wafer manufacturing,JP,0,0.3333,0,"[Ga trade] Cross-border trade-cost row generated from Ga topology: New manufacturing scrap recovery CN -> Wafer manufacturing JP; tariff set to 0 in baseline; verify HS/country treatment if scenario requires; confidence=suspect, Medium conf; CI=0.60-0.75; source_urls=https://pubs.usgs.gov/periodicals/mcs2025/mcs2025-gallium.pdf; https://pubs.usgs.gov/myb/vol1/2022/myb1-2022-gallium.pdf; https://pubs.usgs.gov/periodicals/mcs2026/mcs2026-gallium.pdf"
1,New manufacturing scrap recovery,CN,6N_Ga,Wafer manufacturing,KR,0,0.2683,0,"[Ga trade] Cross-border trade-cost row generated from Ga topology: New manufacturing scrap recovery CN -> Wafer manufacturing KR; tariff set to 0 in baseline; verify HS/country treatment if scenario requires; confidence=suspect, Medium conf; CI=0.60-0.75; source_urls=https://pubs.usgs.gov/periodicals/mcs2025/mcs2025-gallium.pdf; https://pubs.usgs.gov/myb/vol1/2022/myb1-2022-gallium.pdf; https://pubs.usgs.gov/periodicals/mcs2026/mcs2026-gallium.pdf"
1,New manufacturing scrap recovery,CN,6N_Ga,Wafer manufacturing,US,0,0.9097,0,"[Ga trade] Cross-border trade-cost row generated from Ga topology: New manufacturing scrap recovery CN -> Wafer manufacturing US; US gallium-metal proxy tariff applied; confidence=suspect, Medium conf; CI=0.60-0.75; source_urls=https://pubs.usgs.gov/periodicals/mcs2025/mcs2025-gallium.pdf; https://pubs.usgs.gov/myb/vol1/2022/myb1-2022-gallium.pdf; https://pubs.usgs.gov/periodicals/mcs2026/mcs2026-gallium.pdf | Jacob Cordell expert review 2026-05-28: reviewed_planning tariff assumptions were propagated consistently across all modeled time periods."
1,New manufacturing scrap recovery,JP,6N_Ga,,,322,0.076,0,"[Ga proc] Domestic/incremental processing-cost row generated from Ga topology; planning-grade placeholder in USD/kg material; confidence=suspect, Medium conf; CI=0.60-0.75; source_urls=https://pubs.usgs.gov/periodicals/mcs2025/mcs2025-gallium.pdf; https://pubs.usgs.gov/myb/vol1/2022/myb1-2022-gallium.pdf; https://www.nouryon.com/product/tmga-ssg-trimethylgallium-cas-1445-79-0 | Jacob Cordell expert review 2026-05-28: reviewed_planning processing-cost update reflects expert-updated planning assumptions for recovery from new manufacturing scrap; period-0 reviewed value propagated to all modeled time periods for temporal consistency."
1,New manufacturing scrap recovery,JP,6N_Ga,TMG synthesis,CN,0,0.3333,0,"[Ga trade] Cross-border trade-cost row generated from Ga topology: New manufacturing scrap recovery JP -> TMG synthesis CN; tariff set to 0 in baseline; verify HS/country treatment if scenario requires; confidence=suspect, Medium conf; CI=0.60-0.75; source_urls=https://pubs.usgs.gov/periodicals/mcs2025/mcs2025-gallium.pdf; https://pubs.usgs.gov/myb/vol1/2022/myb1-2022-gallium.pdf; https://www.nouryon.com/product/tmga-ssg-trimethylgallium-cas-1445-79-0"
1,New manufacturing scrap recovery,JP,6N_Ga,TMG synthesis,KR,0,0.186,0,"[Ga trade] Cross-border trade-cost row generated from Ga topology: New manufacturing scrap recovery JP -> TMG synthesis KR; tariff set to 0 in baseline; verify HS/country treatment if scenario requires; confidence=suspect, Medium conf; CI=0.60-0.75; source_urls=https://pubs.usgs.gov/periodicals/mcs2025/mcs2025-gallium.pdf; https://pubs.usgs.gov/myb/vol1/2022/myb1-2022-gallium.pdf; https://www.nouryon.com/product/tmga-ssg-trimethylgallium-cas-1445-79-0"
1,New manufacturing scrap recovery,JP,6N_Ga,TMG synthesis,US,0,0.803,0,"[Ga trade] Cross-border trade-cost row generated from Ga topology: New manufacturing scrap recovery JP -> TMG synthesis US; US gallium-metal proxy tariff applied; confidence=suspect, Medium conf; CI=0.60-0.75; source_urls=https://pubs.usgs.gov/periodicals/mcs2025/mcs2025-gallium.pdf; https://pubs.usgs.gov/myb/vol1/2022/myb1-2022-gallium.pdf; https://www.nouryon.com/product/tmga-ssg-trimethylgallium-cas-1445-79-0 | Jacob Cordell expert review 2026-05-28: reviewed_planning tariff assumptions were propagated consistently across all modeled time periods."
1,New manufacturing scrap recovery,JP,6N_Ga,Wafer manufacturing,CN,0,0.3333,0,"[Ga trade] Cross-border trade-cost row generated from Ga topology: New manufacturing scrap recovery JP -> Wafer manufacturing CN; tariff set to 0 in baseline; verify HS/country treatment if scenario requires; confidence=suspect, Medium conf; CI=0.60-0.75; source_urls=https://pubs.usgs.gov/periodicals/mcs2025/mcs2025-gallium.pdf; https://pubs.usgs.gov/myb/vol1/2022/myb1-2022-gallium.pdf; https://pubs.usgs.gov/periodicals/mcs2026/mcs2026-gallium.pdf"
1,New manufacturing scrap recovery,JP,6N_Ga,Wafer manufacturing,KR,0,0.186,0,"[Ga trade] Cross-border trade-cost row generated from Ga topology: New manufacturing scrap recovery JP -> Wafer manufacturing KR; tariff set to 0 in baseline; verify HS/country treatment if scenario requires; confidence=suspect, Medium conf; CI=0.60-0.75; source_urls=https://pubs.usgs.gov/periodicals/mcs2025/mcs2025-gallium.pdf; https://pubs.usgs.gov/myb/vol1/2022/myb1-2022-gallium.pdf; https://pubs.usgs.gov/periodicals/mcs2026/mcs2026-gallium.pdf"
1,New manufacturing scrap recovery,JP,6N_Ga,Wafer manufacturing,US,0,0.803,0,"[Ga trade] Cross-border trade-cost row generated from Ga topology: New manufacturing scrap recovery JP -> Wafer manufacturing US; US gallium-metal proxy tariff applied; confidence=suspect, Medium conf; CI=0.60-0.75; source_urls=https://pubs.usgs.gov/periodicals/mcs2025/mcs2025-gallium.pdf; https://pubs.usgs.gov/myb/vol1/2022/myb1-2022-gallium.pdf; https://pubs.usgs.gov/periodicals/mcs2026/mcs2026-gallium.pdf | Jacob Cordell expert review 2026-05-28: reviewed_planning tariff assumptions were propagated consistently across all modeled time periods."
1,New manufacturing scrap recovery,KR,6N_Ga,,,296,0.072,0,"[Ga proc] Domestic/incremental processing-cost row generated from Ga topology; planning-grade placeholder in USD/kg material; confidence=suspect, Medium conf; CI=0.60-0.75; source_urls=https://pubs.usgs.gov/myb/vol1/2022/myb1-2022-gallium.pdf; https://www.nouryon.com/product/tmga-ssg-trimethylgallium-cas-1445-79-0 | Jacob Cordell expert review 2026-05-28: reviewed_planning processing-cost update reflects expert-updated planning assumptions for recovery from new manufacturing scrap; period-0 reviewed value propagated to all modeled time periods for temporal consistency."
1,New manufacturing scrap recovery,KR,6N_Ga,TMG synthesis,CN,0,0.2683,0,"[Ga trade] Cross-border trade-cost row generated from Ga topology: New manufacturing scrap recovery KR -> TMG synthesis CN; tariff set to 0 in baseline; verify HS/country treatment if scenario requires; confidence=suspect, Medium conf; CI=0.60-0.75; source_urls=https://pubs.usgs.gov/myb/vol1/2022/myb1-2022-gallium.pdf; https://www.nouryon.com/product/tmga-ssg-trimethylgallium-cas-1445-79-0"
1,New manufacturing scrap recovery,KR,6N_Ga,TMG synthesis,JP,0,0.186,0,"[Ga trade] Cross-border trade-cost row generated from Ga topology: New manufacturing scrap recovery KR -> TMG synthesis JP; tariff set to 0 in baseline; verify HS/country treatment if scenario requires; confidence=suspect, Medium conf; CI=0.60-0.75; source_urls=https://pubs.usgs.gov/myb/vol1/2022/myb1-2022-gallium.pdf; https://www.nouryon.com/product/tmga-ssg-trimethylgallium-cas-1445-79-0"
1,New manufacturing scrap recovery,KR,6N_Ga,TMG synthesis,US,0,0.8445,0,"[Ga trade] Cross-border trade-cost row generated from Ga topology: New manufacturing scrap recovery KR -> TMG synthesis US; tariff set to 0 in baseline; verify HS/country treatment if scenario requires; confidence=suspect, Medium conf; CI=0.60-0.75; source_urls=https://pubs.usgs.gov/myb/vol1/2022/myb1-2022-gallium.pdf; https://www.nouryon.com/product/tmga-ssg-trimethylgallium-cas-1445-79-0"
1,New manufacturing scrap recovery,KR,6N_Ga,Wafer manufacturing,CN,0,0.2683,0,"[Ga trade] Cross-border trade-cost row generated from Ga topology: New manufacturing scrap recovery KR -> Wafer manufacturing CN; tariff set to 0 in baseline; verify HS/country treatment if scenario requires; confidence=suspect, Medium conf; CI=0.60-0.75; source_urls=https://pubs.usgs.gov/myb/vol1/2022/myb1-2022-gallium.pdf; https://pubs.usgs.gov/periodicals/mcs2026/mcs2026-gallium.pdf"
1,New manufacturing scrap recovery,KR,6N_Ga,Wafer manufacturing,JP,0,0.186,0,"[Ga trade] Cross-border trade-cost row generated from Ga topology: New manufacturing scrap recovery KR -> Wafer manufacturing JP; tariff set to 0 in baseline; verify HS/country treatment if scenario requires; confidence=suspect, Medium conf; CI=0.60-0.75; source_urls=https://pubs.usgs.gov/myb/vol1/2022/myb1-2022-gallium.pdf; https://pubs.usgs.gov/periodicals/mcs2026/mcs2026-gallium.pdf"
1,New manufacturing scrap recovery,KR,6N_Ga,Wafer manufacturing,US,0,0.8445,0,"[Ga trade] Cross-border trade-cost row generated from Ga topology: New manufacturing scrap recovery KR -> Wafer manufacturing US; tariff set to 0 in baseline; verify HS/country treatment if scenario requires; confidence=suspect, Medium conf; CI=0.60-0.75; source_urls=https://pubs.usgs.gov/myb/vol1/2022/myb1-2022-gallium.pdf; https://pubs.usgs.gov/periodicals/mcs2026/mcs2026-gallium.pdf"
1,New manufacturing scrap recovery,US,6N_Ga,,,336,0.088,0,"[Ga proc] Domestic/incremental processing-cost row generated from Ga topology; planning-grade placeholder in USD/kg material; confidence=suspect, Medium conf; CI=0.60-0.75; source_urls=https://pubs.usgs.gov/periodicals/mcs2026/mcs2026-gallium.pdf; https://pubs.usgs.gov/myb/vol1/2022/myb1-2022-gallium.pdf; https://www.nouryon.com/product/tmga-ssg-trimethylgallium-cas-1445-79-0 | Jacob Cordell expert review 2026-05-28: reviewed_planning processing-cost update reflects expert-updated planning assumptions for recovery from new manufacturing scrap; period-0 reviewed value propagated to all modeled time periods for temporal consistency."
1,New manufacturing scrap recovery,US,6N_Ga,TMG synthesis,CN,0,0.9097,0,"[Ga trade] Cross-border trade-cost row generated from Ga topology: New manufacturing scrap recovery US -> TMG synthesis CN; tariff set to 0 in baseline; verify HS/country treatment if scenario requires; confidence=suspect, Medium conf; CI=0.60-0.75; source_urls=https://pubs.usgs.gov/periodicals/mcs2026/mcs2026-gallium.pdf; https://pubs.usgs.gov/myb/vol1/2022/myb1-2022-gallium.pdf; https://www.nouryon.com/product/tmga-ssg-trimethylgallium-cas-1445-79-0"
1,New manufacturing scrap recovery,US,6N_Ga,TMG synthesis,JP,0,0.803,0,"[Ga trade] Cross-border trade-cost row generated from Ga topology: New manufacturing scrap recovery US -> TMG synthesis JP; tariff set to 0 in baseline; verify HS/country treatment if scenario requires; confidence=suspect, Medium conf; CI=0.60-0.75; source_urls=https://pubs.usgs.gov/periodicals/mcs2026/mcs2026-gallium.pdf; https://pubs.usgs.gov/myb/vol1/2022/myb1-2022-gallium.pdf; https://www.nouryon.com/product/tmga-ssg-trimethylgallium-cas-1445-79-0"
1,New manufacturing scrap recovery,US,6N_Ga,TMG synthesis,KR,0,0.8445,0,"[Ga trade] Cross-border trade-cost row generated from Ga topology: New manufacturing scrap recovery US -> TMG synthesis KR; tariff set to 0 in baseline; verify HS/country treatment if scenario requires; confidence=suspect, Medium conf; CI=0.60-0.75; source_urls=https://pubs.usgs.gov/periodicals/mcs2026/mcs2026-gallium.pdf; https://pubs.usgs.gov/myb/vol1/2022/myb1-2022-gallium.pdf; https://www.nouryon.com/product/tmga-ssg-trimethylgallium-cas-1445-79-0"
1,New manufacturing scrap recovery,US,6N_Ga,Wafer manufacturing,CN,0,0.9097,0,"[Ga trade] Cross-border trade-cost row generated from Ga topology: New manufacturing scrap recovery US -> Wafer manufacturing CN; tariff set to 0 in baseline; verify HS/country treatment if scenario requires; confidence=suspect, Medium conf; CI=0.60-0.75; source_urls=https://pubs.usgs.gov/periodicals/mcs2026/mcs2026-gallium.pdf; https://pubs.usgs.gov/myb/vol1/2022/myb1-2022-gallium.pdf; https://pubs.usgs.gov/periodicals/mcs2026/mcs2026-gallium.pdf"
1,New manufacturing scrap recovery,US,6N_Ga,Wafer manufacturing,JP,0,0.803,0,"[Ga trade] Cross-border trade-cost row generated from Ga topology: New manufacturing scrap recovery US -> Wafer manufacturing JP; tariff set to 0 in baseline; verify HS/country treatment if scenario requires; confidence=suspect, Medium conf; CI=0.60-0.75; source_urls=https://pubs.usgs.gov/periodicals/mcs2026/mcs2026-gallium.pdf; https://pubs.usgs.gov/myb/vol1/2022/myb1-2022-gallium.pdf; https://pubs.usgs.gov/periodicals/mcs2026/mcs2026-gallium.pdf"
1,New manufacturing scrap recovery,US,6N_Ga,Wafer manufacturing,KR,0,0.8445,0,"[Ga trade] Cross-border trade-cost row generated from Ga topology: New manufacturing scrap recovery US -> Wafer manufacturing KR; tariff set to 0 in baseline; verify HS/country treatment if scenario requires; confidence=suspect, Medium conf; CI=0.60-0.75; source_urls=https://pubs.usgs.gov/periodicals/mcs2026/mcs2026-gallium.pdf; https://pubs.usgs.gov/myb/vol1/2022/myb1-2022-gallium.pdf; https://pubs.usgs.gov/periodicals/mcs2026/mcs2026-gallium.pdf"
1,TMG synthesis,CN,TMG,,,467.5,0.12,0,"[Ga proc] Domestic/incremental processing-cost row generated from Ga topology; planning-grade placeholder in USD/kg material; confidence=ok, Medium-high conf; CI=0.75-0.88; source_urls=https://pubs.usgs.gov/myb/vol1/2022/myb1-2022-gallium.pdf; https://www.nouryon.com/product/tmga-ssg-trimethylgallium-cas-1445-79-0; https://pubs.usgs.gov/periodicals/mcs2026/mcs2026-gallium.pdf"
1,TMG synthesis,CN,TMG,Wafer manufacturing,JP,0,0.4237,0,"[Ga trade] Cross-border trade-cost row generated from Ga topology: TMG synthesis CN -> Wafer manufacturing JP; tariff set to 0 in baseline; verify HS/country treatment if scenario requires; confidence=ok, Medium-high conf; CI=0.75-0.88; source_urls=https://pubs.usgs.gov/myb/vol1/2022/myb1-2022-gallium.pdf; https://www.nouryon.com/product/tmga-ssg-trimethylgallium-cas-1445-79-0"
1,TMG synthesis,CN,TMG,Wafer manufacturing,KR,0,0.3495,0,"[Ga trade] Cross-border trade-cost row generated from Ga topology: TMG synthesis CN -> Wafer manufacturing KR; tariff set to 0 in baseline; verify HS/country treatment if scenario requires; confidence=ok, Medium conf; CI=0.60-0.75; source_urls=https://pubs.usgs.gov/myb/vol1/2022/myb1-2022-gallium.pdf; https://www.nouryon.com/product/tmga-ssg-trimethylgallium-cas-1445-79-0; https://pubs.usgs.gov/periodicals/mcs2025/mcs2025-gallium.pdf"
1,TMG synthesis,CN,TMG,Wafer manufacturing,US,0,1.083,0,"[Ga trade] Cross-border trade-cost row generated from Ga topology: TMG synthesis CN -> Wafer manufacturing US; tariff set to 0 in baseline; verify HS/country treatment if scenario requires; confidence=ok, Medium-high conf; CI=0.75-0.88; source_urls=https://pubs.usgs.gov/myb/vol1/2022/myb1-2022-gallium.pdf; https://www.nouryon.com/product/tmga-ssg-trimethylgallium-cas-1445-79-0; https://pubs.usgs.gov/periodicals/mcs2026/mcs2026-gallium.pdf"
1,TMG synthesis,JP,TMG,,,632.5,0.114,0,"[Ga proc] Domestic/incremental processing-cost row generated from Ga topology; planning-grade placeholder in USD/kg material; confidence=ok, Medium-high conf; CI=0.75-0.88; source_urls=https://pubs.usgs.gov/myb/vol1/2022/myb1-2022-gallium.pdf; https://www.nouryon.com/product/tmga-ssg-trimethylgallium-cas-1445-79-0; https://pubs.usgs.gov/periodicals/mcs2026/mcs2026-gallium.pdf"
1,TMG synthesis,JP,TMG,Wafer manufacturing,CN,0,0.4237,0,"[Ga trade] Cross-border trade-cost row generated from Ga topology: TMG synthesis JP -> Wafer manufacturing CN; tariff set to 0 in baseline; verify HS/country treatment if scenario requires; confidence=ok, Medium-high conf; CI=0.75-0.88; source_urls=https://pubs.usgs.gov/myb/vol1/2022/myb1-2022-gallium.pdf; https://www.nouryon.com/product/tmga-ssg-trimethylgallium-cas-1445-79-0; https://pubs.usgs.gov/periodicals/mcs2026/mcs2026-gallium.pdf"
1,TMG synthesis,JP,TMG,Wafer manufacturing,KR,0,0.2554,0,"[Ga trade] Cross-border trade-cost row generated from Ga topology: TMG synthesis JP -> Wafer manufacturing KR; tariff set to 0 in baseline; verify HS/country treatment if scenario requires; confidence=ok, Medium conf; CI=0.60-0.75; source_urls=https://pubs.usgs.gov/myb/vol1/2022/myb1-2022-gallium.pdf; https://www.nouryon.com/product/tmga-ssg-trimethylgallium-cas-1445-79-0; https://pubs.usgs.gov/periodicals/mcs2025/mcs2025-gallium.pdf"
1,TMG synthesis,JP,TMG,Wafer manufacturing,US,0,0.9606,0,"[Ga trade] Cross-border trade-cost row generated from Ga topology: TMG synthesis JP -> Wafer manufacturing US; tariff set to 0 in baseline; verify HS/country treatment if scenario requires; confidence=ok, Medium-high conf; CI=0.75-0.88; source_urls=https://pubs.usgs.gov/myb/vol1/2022/myb1-2022-gallium.pdf; https://www.nouryon.com/product/tmga-ssg-trimethylgallium-cas-1445-79-0; https://pubs.usgs.gov/periodicals/mcs2026/mcs2026-gallium.pdf"
1,TMG synthesis,KR,TMG,,,577.5,0.108,0,"[Ga proc] Domestic/incremental processing-cost row generated from Ga topology; planning-grade placeholder in USD/kg material; confidence=ok, Medium conf; CI=0.60-0.75; source_urls=https://pubs.usgs.gov/myb/vol1/2022/myb1-2022-gallium.pdf; https://www.nouryon.com/product/tmga-ssg-trimethylgallium-cas-1445-79-0; https://pubs.usgs.gov/periodicals/mcs2026/mcs2026-gallium.pdf"
1,TMG synthesis,KR,TMG,Wafer manufacturing,CN,0,0.3495,0,"[Ga trade] Cross-border trade-cost row generated from Ga topology: TMG synthesis KR -> Wafer manufacturing CN; tariff set to 0 in baseline; verify HS/country treatment if scenario requires; confidence=ok, Medium conf; CI=0.60-0.75; source_urls=https://pubs.usgs.gov/myb/vol1/2022/myb1-2022-gallium.pdf; https://www.nouryon.com/product/tmga-ssg-trimethylgallium-cas-1445-79-0; https://pubs.usgs.gov/periodicals/mcs2026/mcs2026-gallium.pdf"
1,TMG synthesis,KR,TMG,Wafer manufacturing,JP,0,0.2554,0,"[Ga trade] Cross-border trade-cost row generated from Ga topology: TMG synthesis KR -> Wafer manufacturing JP; tariff set to 0 in baseline; verify HS/country treatment if scenario requires; confidence=ok, Medium conf; CI=0.60-0.75; source_urls=https://pubs.usgs.gov/myb/vol1/2022/myb1-2022-gallium.pdf; https://www.nouryon.com/product/tmga-ssg-trimethylgallium-cas-1445-79-0"
1,TMG synthesis,KR,TMG,Wafer manufacturing,US,0,1.008,0,"[Ga trade] Cross-border trade-cost row generated from Ga topology: TMG synthesis KR -> Wafer manufacturing US; tariff set to 0 in baseline; verify HS/country treatment if scenario requires; confidence=ok, Medium conf; CI=0.60-0.75; source_urls=https://pubs.usgs.gov/myb/vol1/2022/myb1-2022-gallium.pdf; https://www.nouryon.com/product/tmga-ssg-trimethylgallium-cas-1445-79-0; https://pubs.usgs.gov/periodicals/mcs2026/mcs2026-gallium.pdf"
1,TMG synthesis,US,TMG,,,660,0.132,0,"[Ga proc] Domestic/incremental processing-cost row generated from Ga topology; planning-grade placeholder in USD/kg material; confidence=ok, Medium conf; CI=0.60-0.75; source_urls=https://pubs.usgs.gov/periodicals/mcs2026/mcs2026-gallium.pdf; https://www.nouryon.com/product/tmga-ssg-trimethylgallium-cas-1445-79-0; https://www.neomaterials.com/neo-announces-the-completion-of-the-sale-of-its-quapaw-oklahoma-rare-metals-facility/"
1,TMG synthesis,US,TMG,Wafer manufacturing,CN,0,1.083,0,"[Ga trade] Cross-border trade-cost row generated from Ga topology: TMG synthesis US -> Wafer manufacturing CN; tariff set to 0 in baseline; verify HS/country treatment if scenario requires; confidence=ok, Medium conf; CI=0.60-0.75; source_urls=https://pubs.usgs.gov/periodicals/mcs2026/mcs2026-gallium.pdf; https://www.nouryon.com/product/tmga-ssg-trimethylgallium-cas-1445-79-0; https://www.neomaterials.com/neo-announces-the-completion-of-the-sale-of-its-quapaw-oklahoma-rare-metals-facility/"
1,TMG synthesis,US,TMG,Wafer manufacturing,JP,0,0.9606,0,"[Ga trade] Cross-border trade-cost row generated from Ga topology: TMG synthesis US -> Wafer manufacturing JP; tariff set to 0 in baseline; verify HS/country treatment if scenario requires; confidence=ok, Medium conf; CI=0.60-0.75; source_urls=https://pubs.usgs.gov/periodicals/mcs2026/mcs2026-gallium.pdf; https://www.nouryon.com/product/tmga-ssg-trimethylgallium-cas-1445-79-0; https://www.neomaterials.com/neo-announces-the-completion-of-the-sale-of-its-quapaw-oklahoma-rare-metals-facility/"
1,TMG synthesis,US,TMG,Wafer manufacturing,KR,0,1.008,0,"[Ga trade] Cross-border trade-cost row generated from Ga topology: TMG synthesis US -> Wafer manufacturing KR; tariff set to 0 in baseline; verify HS/country treatment if scenario requires; confidence=ok, Medium conf; CI=0.60-0.75; source_urls=https://pubs.usgs.gov/periodicals/mcs2026/mcs2026-gallium.pdf; https://www.nouryon.com/product/tmga-ssg-trimethylgallium-cas-1445-79-0; https://www.neomaterials.com/neo-announces-the-completion-of-the-sale-of-its-quapaw-oklahoma-rare-metals-facility/"
1,Wafer manufacturing,CN,GaAs_wafer,,,3000,0.1,0,"[Ga proc] Domestic/incremental processing-cost row generated from Ga topology; planning-grade placeholder in USD/kg material; confidence=ok, High conf; CI=0.85-0.97; source_urls=https://pubs.usgs.gov/myb/vol1/2022/myb1-2022-gallium.pdf; https://pubs.usgs.gov/periodicals/mcs2026/mcs2026-gallium.pdf | Jacob Cordell expert review 2026-05-28: reviewed_planning processing-cost update reflects expert-updated wafer manufacturing cost assumptions and is high-impact for downstream cost and labor-hour proxy calculations; period-0 reviewed value propagated to all modeled time periods for temporal consistency."
1,Wafer manufacturing,CN,GaAs_wafer,wafer_market_mix,US,0,1.083,0,"[Ga trade] Cross-border trade-cost row generated from Ga topology: Wafer manufacturing CN -> wafer_market_mix US; tariff set to 0 in baseline; verify HS/country treatment if scenario requires; confidence=ok, High conf; CI=0.85-0.97; source_urls=https://pubs.usgs.gov/myb/vol1/2022/myb1-2022-gallium.pdf; https://pubs.usgs.gov/periodicals/mcs2026/mcs2026-gallium.pdf"
1,Wafer manufacturing,CN,GaN_wafer,,,24000,0.1,0,"[Ga proc] Domestic/incremental processing-cost row generated from Ga topology; planning-grade placeholder in USD/kg material; confidence=suspect, Medium conf; CI=0.60-0.75; source_urls=https://pubs.usgs.gov/periodicals/mcs2026/mcs2026-gallium.pdf; https://pubs.usgs.gov/myb/vol1/2022/myb1-2022-gallium.pdf | Jacob Cordell expert review 2026-05-28: reviewed_planning processing-cost update reflects expert-updated wafer manufacturing cost assumptions and is high-impact for downstream cost and labor-hour proxy calculations; period-0 reviewed value propagated to all modeled time periods for temporal consistency."
1,Wafer manufacturing,CN,GaN_wafer,wafer_market_mix,US,0,1.083,0,"[Ga trade] Cross-border trade-cost row generated from Ga topology: Wafer manufacturing CN -> wafer_market_mix US; tariff set to 0 in baseline; verify HS/country treatment if scenario requires; confidence=suspect, Medium conf; CI=0.60-0.75; source_urls=https://pubs.usgs.gov/periodicals/mcs2026/mcs2026-gallium.pdf; https://pubs.usgs.gov/myb/vol1/2022/myb1-2022-gallium.pdf"
1,Wafer manufacturing,CN,Ga_manufacturing_scrap,,,0.085,0.05,0,"[Ga proc] Domestic/incremental processing-cost row generated from Ga topology; planning-grade placeholder in USD/kg material; confidence=suspect, Medium conf; CI=0.60-0.75; source_urls=https://pubs.usgs.gov/periodicals/mcs2025/mcs2025-gallium.pdf; https://pubs.usgs.gov/myb/vol1/2022/myb1-2022-gallium.pdf; https://www.neomaterials.com/rare-metals/gallium/"
1,Wafer manufacturing,CN,Ga_manufacturing_scrap,New manufacturing scrap recovery,CA,0,0.3885,0,"[Ga trade] Cross-border trade-cost row generated from Ga topology: Wafer manufacturing CN -> New manufacturing scrap recovery CA; tariff set to 0 in baseline; verify HS/country treatment if scenario requires; confidence=suspect, Medium conf; CI=0.60-0.75; source_urls=https://pubs.usgs.gov/periodicals/mcs2025/mcs2025-gallium.pdf; https://pubs.usgs.gov/myb/vol1/2022/myb1-2022-gallium.pdf; https://www.neomaterials.com/rare-metals/gallium/"
1,Wafer manufacturing,CN,Ga_manufacturing_scrap,New manufacturing scrap recovery,JP,0,0.1666,0,"[Ga trade] Cross-border trade-cost row generated from Ga topology: Wafer manufacturing CN -> New manufacturing scrap recovery JP; tariff set to 0 in baseline; verify HS/country treatment if scenario requires; confidence=suspect, Medium conf; CI=0.60-0.75; source_urls=https://pubs.usgs.gov/periodicals/mcs2025/mcs2025-gallium.pdf; https://pubs.usgs.gov/myb/vol1/2022/myb1-2022-gallium.pdf"
1,Wafer manufacturing,CN,Ga_manufacturing_scrap,New manufacturing scrap recovery,US,0,0.4549,0,"[Ga trade] Cross-border trade-cost row generated from Ga topology: Wafer manufacturing CN -> New manufacturing scrap recovery US; tariff set to 0 in baseline; verify HS/country treatment if scenario requires; confidence=suspect, Medium conf; CI=0.60-0.75; source_urls=https://pubs.usgs.gov/periodicals/mcs2026/mcs2026-gallium.pdf; https://pubs.usgs.gov/myb/vol1/2022/myb1-2022-gallium.pdf"
1,Wafer manufacturing,JP,GaAs_wafer,,,3500,0.095,0,"[Ga proc] Domestic/incremental processing-cost row generated from Ga topology; planning-grade placeholder in USD/kg material; confidence=suspect, Medium conf; CI=0.60-0.75; source_urls=https://pubs.usgs.gov/periodicals/mcs2026/mcs2026-gallium.pdf; https://pubs.usgs.gov/myb/vol1/2022/myb1-2022-gallium.pdf | Jacob Cordell expert review 2026-05-28: reviewed_planning processing-cost update reflects expert-updated wafer manufacturing cost assumptions and is high-impact for downstream cost and labor-hour proxy calculations; period-0 reviewed value propagated to all modeled time periods for temporal consistency."
1,Wafer manufacturing,JP,GaAs_wafer,wafer_market_mix,US,0,0.9606,0,"[Ga trade] Cross-border trade-cost row generated from Ga topology: Wafer manufacturing JP -> wafer_market_mix US; tariff set to 0 in baseline; verify HS/country treatment if scenario requires; confidence=suspect, Medium conf; CI=0.60-0.75; source_urls=https://pubs.usgs.gov/periodicals/mcs2026/mcs2026-gallium.pdf; https://pubs.usgs.gov/myb/vol1/2022/myb1-2022-gallium.pdf"
1,Wafer manufacturing,JP,GaN_wafer,,,48000,0.095,0,"[Ga proc] Domestic/incremental processing-cost row generated from Ga topology; planning-grade placeholder in USD/kg material; confidence=ok, High conf; CI=0.85-0.97; source_urls=https://pubs.usgs.gov/myb/vol1/2022/myb1-2022-gallium.pdf; https://pubs.usgs.gov/periodicals/mcs2026/mcs2026-gallium.pdf | Jacob Cordell expert review 2026-05-28: reviewed_planning processing-cost update reflects expert-updated wafer manufacturing cost assumptions and is high-impact for downstream cost and labor-hour proxy calculations; period-0 reviewed value propagated to all modeled time periods for temporal consistency."
1,Wafer manufacturing,JP,GaN_wafer,wafer_market_mix,US,0,0.9606,0,"[Ga trade] Cross-border trade-cost row generated from Ga topology: Wafer manufacturing JP -> wafer_market_mix US; tariff set to 0 in baseline; verify HS/country treatment if scenario requires; confidence=ok, High conf; CI=0.85-0.97; source_urls=https://pubs.usgs.gov/myb/vol1/2022/myb1-2022-gallium.pdf; https://pubs.usgs.gov/periodicals/mcs2026/mcs2026-gallium.pdf"
1,Wafer manufacturing,JP,Ga_manufacturing_scrap,,,0.115,0.0475,0,"[Ga proc] Domestic/incremental processing-cost row generated from Ga topology; planning-grade placeholder in USD/kg material; confidence=suspect, Medium conf; CI=0.60-0.75; source_urls=https://pubs.usgs.gov/periodicals/mcs2025/mcs2025-gallium.pdf; https://pubs.usgs.gov/myb/vol1/2022/myb1-2022-gallium.pdf; https://www.neomaterials.com/rare-metals/gallium/"
1,Wafer manufacturing,JP,Ga_manufacturing_scrap,New manufacturing scrap recovery,CA,0,0.3429,0,"[Ga trade] Cross-border trade-cost row generated from Ga topology: Wafer manufacturing JP -> New manufacturing scrap recovery CA; tariff set to 0 in baseline; verify HS/country treatment if scenario requires; confidence=suspect, Medium conf; CI=0.60-0.75; source_urls=https://pubs.usgs.gov/periodicals/mcs2025/mcs2025-gallium.pdf; https://pubs.usgs.gov/myb/vol1/2022/myb1-2022-gallium.pdf; https://www.neomaterials.com/rare-metals/gallium/"
1,Wafer manufacturing,JP,Ga_manufacturing_scrap,New manufacturing scrap recovery,CN,0,0.1666,0,"[Ga trade] Cross-border trade-cost row generated from Ga topology: Wafer manufacturing JP -> New manufacturing scrap recovery CN; tariff set to 0 in baseline; verify HS/country treatment if scenario requires; confidence=suspect, Medium conf; CI=0.60-0.75; source_urls=https://pubs.usgs.gov/periodicals/mcs2025/mcs2025-gallium.pdf; https://pubs.usgs.gov/myb/vol1/2022/myb1-2022-gallium.pdf"
1,Wafer manufacturing,JP,Ga_manufacturing_scrap,New manufacturing scrap recovery,US,0,0.4015,0,"[Ga trade] Cross-border trade-cost row generated from Ga topology: Wafer manufacturing JP -> New manufacturing scrap recovery US; tariff set to 0 in baseline; verify HS/country treatment if scenario requires; confidence=suspect, Medium conf; CI=0.60-0.75; source_urls=https://pubs.usgs.gov/periodicals/mcs2026/mcs2026-gallium.pdf; https://pubs.usgs.gov/myb/vol1/2022/myb1-2022-gallium.pdf"
1,Wafer manufacturing,KR,GaAs_wafer,,,3500,0.09,0,"[Ga proc] Domestic/incremental processing-cost row generated from Ga topology; planning-grade placeholder in USD/kg material; confidence=suspect, Medium conf; CI=0.60-0.75; source_urls=https://pubs.usgs.gov/periodicals/mcs2026/mcs2026-gallium.pdf; https://pubs.usgs.gov/myb/vol1/2022/myb1-2022-gallium.pdf | Jacob Cordell expert review 2026-05-28: reviewed_planning processing-cost update reflects expert-updated wafer manufacturing cost assumptions and is high-impact for downstream cost and labor-hour proxy calculations; period-0 reviewed value propagated to all modeled time periods for temporal consistency."
1,Wafer manufacturing,KR,GaAs_wafer,wafer_market_mix,US,0,1.008,0,"[Ga trade] Cross-border trade-cost row generated from Ga topology: Wafer manufacturing KR -> wafer_market_mix US; tariff set to 0 in baseline; verify HS/country treatment if scenario requires; confidence=suspect, Medium conf; CI=0.60-0.75; source_urls=https://pubs.usgs.gov/periodicals/mcs2026/mcs2026-gallium.pdf; https://pubs.usgs.gov/myb/vol1/2022/myb1-2022-gallium.pdf"
1,Wafer manufacturing,KR,GaN_wafer,,,48000,0.09,0,"[Ga proc] Domestic/incremental processing-cost row generated from Ga topology; planning-grade placeholder in USD/kg material; confidence=suspect, Medium conf; CI=0.60-0.75; source_urls=https://pubs.usgs.gov/periodicals/mcs2026/mcs2026-gallium.pdf; https://pubs.usgs.gov/myb/vol1/2022/myb1-2022-gallium.pdf | Jacob Cordell expert review 2026-05-28: reviewed_planning processing-cost update reflects expert-updated wafer manufacturing cost assumptions and is high-impact for downstream cost and labor-hour proxy calculations; period-0 reviewed value propagated to all modeled time periods for temporal consistency."
1,Wafer manufacturing,KR,GaN_wafer,wafer_market_mix,US,0,1.008,0,"[Ga trade] Cross-border trade-cost row generated from Ga topology: Wafer manufacturing KR -> wafer_market_mix US; tariff set to 0 in baseline; verify HS/country treatment if scenario requires; confidence=suspect, Medium conf; CI=0.60-0.75; source_urls=https://pubs.usgs.gov/periodicals/mcs2026/mcs2026-gallium.pdf; https://pubs.usgs.gov/myb/vol1/2022/myb1-2022-gallium.pdf"
1,Wafer manufacturing,KR,Ga_manufacturing_scrap,,,0.105,0.045,0,"[Ga proc] Domestic/incremental processing-cost row generated from Ga topology; planning-grade placeholder in USD/kg material; confidence=suspect, Medium conf; CI=0.60-0.75; source_urls=https://pubs.usgs.gov/periodicals/mcs2025/mcs2025-gallium.pdf; https://pubs.usgs.gov/myb/vol1/2022/myb1-2022-gallium.pdf; https://www.neomaterials.com/rare-metals/gallium/"
1,Wafer manufacturing,KR,Ga_manufacturing_scrap,New manufacturing scrap recovery,CA,0,0.3603,0,"[Ga trade] Cross-border trade-cost row generated from Ga topology: Wafer manufacturing KR -> New manufacturing scrap recovery CA; tariff set to 0 in baseline; verify HS/country treatment if scenario requires; confidence=suspect, Medium conf; CI=0.60-0.75; source_urls=https://pubs.usgs.gov/periodicals/mcs2025/mcs2025-gallium.pdf; https://pubs.usgs.gov/myb/vol1/2022/myb1-2022-gallium.pdf; https://www.neomaterials.com/rare-metals/gallium/"
1,Wafer manufacturing,KR,Ga_manufacturing_scrap,New manufacturing scrap recovery,CN,0,0.1341,0,"[Ga trade] Cross-border trade-cost row generated from Ga topology: Wafer manufacturing KR -> New manufacturing scrap recovery CN; tariff set to 0 in baseline; verify HS/country treatment if scenario requires; confidence=suspect, Medium conf; CI=0.60-0.75; source_urls=https://pubs.usgs.gov/periodicals/mcs2025/mcs2025-gallium.pdf; https://pubs.usgs.gov/myb/vol1/2022/myb1-2022-gallium.pdf"
1,Wafer manufacturing,KR,Ga_manufacturing_scrap,New manufacturing scrap recovery,JP,0,0.093,0,"[Ga trade] Cross-border trade-cost row generated from Ga topology: Wafer manufacturing KR -> New manufacturing scrap recovery JP; tariff set to 0 in baseline; verify HS/country treatment if scenario requires; confidence=suspect, Medium conf; CI=0.60-0.75; source_urls=https://pubs.usgs.gov/periodicals/mcs2025/mcs2025-gallium.pdf; https://pubs.usgs.gov/myb/vol1/2022/myb1-2022-gallium.pdf"
1,Wafer manufacturing,KR,Ga_manufacturing_scrap,New manufacturing scrap recovery,US,0,0.4223,0,"[Ga trade] Cross-border trade-cost row generated from Ga topology: Wafer manufacturing KR -> New manufacturing scrap recovery US; tariff set to 0 in baseline; verify HS/country treatment if scenario requires; confidence=suspect, Medium conf; CI=0.60-0.75; source_urls=https://pubs.usgs.gov/periodicals/mcs2026/mcs2026-gallium.pdf; https://pubs.usgs.gov/myb/vol1/2022/myb1-2022-gallium.pdf"
1,Wafer manufacturing,US,GaAs_wafer,,,3500,0.11,0,"[Ga proc] Domestic/incremental processing-cost row generated from Ga topology; planning-grade placeholder in USD/kg material; confidence=ok, High conf; CI=0.85-0.97; source_urls=https://pubs.usgs.gov/periodicals/mcs2026/mcs2026-gallium.pdf | Jacob Cordell expert review 2026-05-28: reviewed_planning processing-cost update reflects expert-updated wafer manufacturing cost assumptions and is high-impact for downstream cost and labor-hour proxy calculations; period-0 reviewed value propagated to all modeled time periods for temporal consistency."
1,Wafer manufacturing,US,GaN_wafer,,,48000,0.11,0,"[Ga proc] Domestic/incremental processing-cost row generated from Ga topology; planning-grade placeholder in USD/kg material; confidence=ok, High conf; CI=0.85-0.97; source_urls=https://pubs.usgs.gov/periodicals/mcs2026/mcs2026-gallium.pdf | Jacob Cordell expert review 2026-05-28: reviewed_planning processing-cost update reflects expert-updated wafer manufacturing cost assumptions and is high-impact for downstream cost and labor-hour proxy calculations; period-0 reviewed value propagated to all modeled time periods for temporal consistency."
1,Wafer manufacturing,US,Ga_manufacturing_scrap,,,0.12,0.055,0,"[Ga proc] Domestic/incremental processing-cost row generated from Ga topology; planning-grade placeholder in USD/kg material; confidence=suspect, Medium conf; CI=0.60-0.75; source_urls=https://pubs.usgs.gov/periodicals/mcs2025/mcs2025-gallium.pdf; https://pubs.usgs.gov/myb/vol1/2022/myb1-2022-gallium.pdf; https://www.neomaterials.com/rare-metals/gallium/"
1,Wafer manufacturing,US,Ga_manufacturing_scrap,New manufacturing scrap recovery,CA,0,0.1265,0,"[Ga trade] Cross-border trade-cost row generated from Ga topology: Wafer manufacturing US -> New manufacturing scrap recovery CA; tariff set to 0 in baseline; verify HS/country treatment if scenario requires; confidence=suspect, Medium conf; CI=0.60-0.75; source_urls=https://pubs.usgs.gov/periodicals/mcs2025/mcs2025-gallium.pdf; https://pubs.usgs.gov/myb/vol1/2022/myb1-2022-gallium.pdf; https://www.neomaterials.com/rare-metals/gallium/"
1,Wafer manufacturing,US,Ga_manufacturing_scrap,New manufacturing scrap recovery,CN,0,0.4549,0,"[Ga trade] Cross-border trade-cost row generated from Ga topology: Wafer manufacturing US -> New manufacturing scrap recovery CN; tariff set to 0 in baseline; verify HS/country treatment if scenario requires; confidence=suspect, Medium conf; CI=0.60-0.75; source_urls=https://pubs.usgs.gov/periodicals/mcs2025/mcs2025-gallium.pdf; https://pubs.usgs.gov/myb/vol1/2022/myb1-2022-gallium.pdf"
1,Wafer manufacturing,US,Ga_manufacturing_scrap,New manufacturing scrap recovery,JP,0,0.4015,0,"[Ga trade] Cross-border trade-cost row generated from Ga topology: Wafer manufacturing US -> New manufacturing scrap recovery JP; tariff set to 0 in baseline; verify HS/country treatment if scenario requires; confidence=suspect, Medium conf; CI=0.60-0.75; source_urls=https://pubs.usgs.gov/periodicals/mcs2025/mcs2025-gallium.pdf; https://pubs.usgs.gov/myb/vol1/2022/myb1-2022-gallium.pdf"
1,ZLR refining,CN,4N_Ga,,,280,0.08,0,"[Ga proc] Domestic/incremental processing-cost row generated from Ga topology; planning-grade placeholder in USD/kg material; confidence=ok, Medium-high conf; CI=0.75-0.88; source_urls=https://pubs.usgs.gov/myb/vol1/2022/myb1-2022-gallium.pdf; https://pubs.usgs.gov/periodicals/mcs2026/mcs2026-gallium.pdf; https://pubs.usgs.gov/periodicals/mcs2025/mcs2025-gallium.pdf | Jacob Cordell expert review 2026-05-28: reviewed_planning processing-cost update reflects expert-updated planning assumptions for Ga recovery from zinc leach residue / zinc-route recovery; period-0 reviewed value propagated to all modeled time periods for temporal consistency."
1,ZLR refining,CN,4N_Ga,High-purity gallium refining,CA,0,0.777,0,"[Ga trade] Cross-border trade-cost row generated from Ga topology: ZLR refining CN -> High-purity gallium refining CA; tariff set to 0 in baseline; verify HS/country treatment if scenario requires; confidence=ok, Medium-high conf; CI=0.75-0.88; source_urls=https://pubs.usgs.gov/myb/vol1/2022/myb1-2022-gallium.pdf; https://pubs.usgs.gov/periodicals/mcs2026/mcs2026-gallium.pdf; https://pubs.usgs.gov/periodicals/mcs2025/mcs2025-gallium.pdf"
1,ZLR refining,CN,4N_Ga,High-purity gallium refining,JP,0,0.3333,0,"[Ga trade] Cross-border trade-cost row generated from Ga topology: ZLR refining CN -> High-purity gallium refining JP; tariff set to 0 in baseline; verify HS/country treatment if scenario requires; confidence=ok, Medium-high conf; CI=0.75-0.88; source_urls=https://pubs.usgs.gov/myb/vol1/2022/myb1-2022-gallium.pdf; https://pubs.usgs.gov/periodicals/mcs2026/mcs2026-gallium.pdf; https://pubs.usgs.gov/periodicals/mcs2025/mcs2025-gallium.pdf"
1,ZLR refining,CN,4N_Ga,High-purity gallium refining,US,0,0.9097,0,"[Ga trade] Cross-border trade-cost row generated from Ga topology: ZLR refining CN -> High-purity gallium refining US; US gallium-metal proxy tariff applied; confidence=ok, Medium-high conf; CI=0.75-0.88; source_urls=https://pubs.usgs.gov/myb/vol1/2022/myb1-2022-gallium.pdf; https://pubs.usgs.gov/periodicals/mcs2026/mcs2026-gallium.pdf; https://pubs.usgs.gov/periodicals/mcs2025/mcs2025-gallium.pdf | Jacob Cordell expert review 2026-05-28: reviewed_planning tariff assumptions were propagated consistently across all modeled time periods."
1,ZLR refining,JP,4N_Ga,,,340,0.076,0,"[Ga proc] Domestic/incremental processing-cost row generated from Ga topology; planning-grade placeholder in USD/kg material; confidence=ok, High conf; CI=0.85-0.97; source_urls=https://hd.dowa.co.jp/en/ir/library/materials/main/0/teaserItems3/0/linkList/00/link/presentation_fy2023_fullyear_script-e.pdf; https://pubs.usgs.gov/periodicals/mcs2026/mcs2026-gallium.pdf; https://pubs.usgs.gov/periodicals/mcs2025/mcs2025-gallium.pdf | Jacob Cordell expert review 2026-05-28: reviewed_planning processing-cost update reflects expert-updated planning assumptions for Ga recovery from zinc leach residue / zinc-route recovery; period-0 reviewed value propagated to all modeled time periods for temporal consistency."
1,ZLR refining,JP,4N_Ga,High-purity gallium refining,CA,0,0.6858,0,"[Ga trade] Cross-border trade-cost row generated from Ga topology: ZLR refining JP -> High-purity gallium refining CA; tariff set to 0 in baseline; verify HS/country treatment if scenario requires; confidence=ok, High conf; CI=0.85-0.97; source_urls=https://hd.dowa.co.jp/en/ir/library/materials/main/0/teaserItems3/0/linkList/00/link/presentation_fy2023_fullyear_script-e.pdf; https://pubs.usgs.gov/periodicals/mcs2026/mcs2026-gallium.pdf; https://pubs.usgs.gov/periodicals/mcs2025/mcs2025-gallium.pdf"
1,ZLR refining,JP,4N_Ga,High-purity gallium refining,CN,0,0.3333,0,"[Ga trade] Cross-border trade-cost row generated from Ga topology: ZLR refining JP -> High-purity gallium refining CN; tariff set to 0 in baseline; verify HS/country treatment if scenario requires; confidence=ok, High conf; CI=0.85-0.97; source_urls=https://hd.dowa.co.jp/en/ir/library/materials/main/0/teaserItems3/0/linkList/00/link/presentation_fy2023_fullyear_script-e.pdf; https://pubs.usgs.gov/periodicals/mcs2026/mcs2026-gallium.pdf; https://pubs.usgs.gov/periodicals/mcs2025/mcs2025-gallium.pdf"
1,ZLR refining,JP,4N_Ga,High-purity gallium refining,US,0,0.803,0,"[Ga trade] Cross-border trade-cost row generated from Ga topology: ZLR refining JP -> High-purity gallium refining US; US gallium-metal proxy tariff applied; confidence=ok, High conf; CI=0.85-0.97; source_urls=https://hd.dowa.co.jp/en/ir/library/materials/main/0/teaserItems3/0/linkList/00/link/presentation_fy2023_fullyear_script-e.pdf; https://pubs.usgs.gov/periodicals/mcs2026/mcs2026-gallium.pdf; https://pubs.usgs.gov/periodicals/mcs2025/mcs2025-gallium.pdf | Jacob Cordell expert review 2026-05-28: reviewed_planning tariff assumptions were propagated consistently across all modeled time periods."
1,ZLR refining,KR,4N_Ga,,,320,0.072,0,"[Ga proc] Domestic/incremental processing-cost row generated from Ga topology; planning-grade placeholder in USD/kg material; confidence=suspect, Medium conf; CI=0.60-0.75; source_urls=https://www.korea-certification.com/en/korea-zinc-launches-gallium-facility-to-reduce-reliance-on-chinese-supply/; https://pubs.usgs.gov/periodicals/mcs2025/mcs2025-gallium.pdf; https://pubs.usgs.gov/periodicals/mcs2025/mcs2025-gallium.pdf | Jacob Cordell expert review 2026-05-28: reviewed_planning processing-cost update reflects expert-updated planning assumptions for Ga recovery from zinc leach residue / zinc-route recovery; period-0 reviewed value propagated to all modeled time periods for temporal consistency."
1,ZLR refining,KR,4N_Ga,High-purity gallium refining,CA,0,0.7205,0,"[Ga trade] Cross-border trade-cost row generated from Ga topology: ZLR refining KR -> High-purity gallium refining CA; tariff set to 0 in baseline; verify HS/country treatment if scenario requires; confidence=suspect, Medium conf; CI=0.60-0.75; source_urls=https://www.korea-certification.com/en/korea-zinc-launches-gallium-facility-to-reduce-reliance-on-chinese-supply/; https://pubs.usgs.gov/periodicals/mcs2025/mcs2025-gallium.pdf; https://pubs.usgs.gov/periodicals/mcs2025/mcs2025-gallium.pdf"
1,ZLR refining,KR,4N_Ga,High-purity gallium refining,CN,0,0.2683,0,"[Ga trade] Cross-border trade-cost row generated from Ga topology: ZLR refining KR -> High-purity gallium refining CN; tariff set to 0 in baseline; verify HS/country treatment if scenario requires; confidence=suspect, Medium conf; CI=0.60-0.75; source_urls=https://www.korea-certification.com/en/korea-zinc-launches-gallium-facility-to-reduce-reliance-on-chinese-supply/; https://pubs.usgs.gov/periodicals/mcs2025/mcs2025-gallium.pdf; https://pubs.usgs.gov/periodicals/mcs2025/mcs2025-gallium.pdf"
1,ZLR refining,KR,4N_Ga,High-purity gallium refining,JP,0,0.186,0,"[Ga trade] Cross-border trade-cost row generated from Ga topology: ZLR refining KR -> High-purity gallium refining JP; tariff set to 0 in baseline; verify HS/country treatment if scenario requires; confidence=suspect, Medium conf; CI=0.60-0.75; source_urls=https://www.korea-certification.com/en/korea-zinc-launches-gallium-facility-to-reduce-reliance-on-chinese-supply/; https://pubs.usgs.gov/periodicals/mcs2025/mcs2025-gallium.pdf; https://pubs.usgs.gov/periodicals/mcs2025/mcs2025-gallium.pdf"
1,ZLR refining,KR,4N_Ga,High-purity gallium refining,US,0,0.8445,0,"[Ga trade] Cross-border trade-cost row generated from Ga topology: ZLR refining KR -> High-purity gallium refining US; tariff set to 0 in baseline; verify HS/country treatment if scenario requires; confidence=suspect, Medium conf; CI=0.60-0.75; source_urls=https://www.korea-certification.com/en/korea-zinc-launches-gallium-facility-to-reduce-reliance-on-chinese-supply/; https://pubs.usgs.gov/periodicals/mcs2025/mcs2025-gallium.pdf; https://pubs.usgs.gov/periodicals/mcs2025/mcs2025-gallium.pdf"
1,ZLR refining,US,4N_Ga,,,509,0.088,0,"[Ga proc] Domestic/incremental processing-cost row generated from Ga topology; planning-grade placeholder in USD/kg material; confidence=suspect, Medium-low conf; CI=0.45-0.60; source_urls=https://www.energy.gov/cmei/articles/does-office-critical-minerals-and-energy-innovation-selects-five-organizations; https://pubs.usgs.gov/periodicals/mcs2026/mcs2026-gallium.pdf; https://pubs.usgs.gov/periodicals/mcs2025/mcs2025-gallium.pdf | Jacob Cordell expert review 2026-05-28: reviewed_planning processing-cost update reflects expert-updated planning assumptions for Ga recovery from zinc leach residue / zinc-route recovery; period-0 reviewed value propagated to all modeled time periods for temporal consistency."
1,ZLR refining,US,4N_Ga,High-purity gallium refining,CA,0,0.253,0,"[Ga trade] Cross-border trade-cost row generated from Ga topology: ZLR refining US -> High-purity gallium refining CA; tariff set to 0 in baseline; verify HS/country treatment if scenario requires; confidence=suspect, Medium-low conf; CI=0.45-0.60; source_urls=https://www.energy.gov/cmei/articles/does-office-critical-minerals-and-energy-innovation-selects-five-organizations; https://pubs.usgs.gov/periodicals/mcs2026/mcs2026-gallium.pdf; https://pubs.usgs.gov/periodicals/mcs2025/mcs2025-gallium.pdf"
1,ZLR refining,US,4N_Ga,High-purity gallium refining,CN,0,0.9097,0,"[Ga trade] Cross-border trade-cost row generated from Ga topology: ZLR refining US -> High-purity gallium refining CN; tariff set to 0 in baseline; verify HS/country treatment if scenario requires; confidence=suspect, Medium-low conf; CI=0.45-0.60; source_urls=https://www.energy.gov/cmei/articles/does-office-critical-minerals-and-energy-innovation-selects-five-organizations; https://pubs.usgs.gov/periodicals/mcs2026/mcs2026-gallium.pdf; https://pubs.usgs.gov/periodicals/mcs2025/mcs2025-gallium.pdf"
1,ZLR refining,US,4N_Ga,High-purity gallium refining,JP,0,0.803,0,"[Ga trade] Cross-border trade-cost row generated from Ga topology: ZLR refining US -> High-purity gallium refining JP; tariff set to 0 in baseline; verify HS/country treatment if scenario requires; confidence=suspect, Medium-low conf; CI=0.45-0.60; source_urls=https://www.energy.gov/cmei/articles/does-office-critical-minerals-and-energy-innovation-selects-five-organizations; https://pubs.usgs.gov/periodicals/mcs2026/mcs2026-gallium.pdf; https://pubs.usgs.gov/periodicals/mcs2025/mcs2025-gallium.pdf"
1,ZS mining,AU,Zn_sphalerite_concentrate,,,0.0805,0.096,0,"[Ga proc] Domestic/incremental processing-cost row generated from Ga topology; planning-grade placeholder in USD/kg material; confidence=ok, Medium-high conf; CI=0.75-0.88; source_urls=https://pubs.usgs.gov/periodicals/mcs2026/mcs2026-gallium.pdf"
1,ZS mining,CA,Zn_sphalerite_concentrate,,,0.0805,0.088,0,"[Ga proc] Domestic/incremental processing-cost row generated from Ga topology; planning-grade placeholder in USD/kg material; confidence=ok, Medium-high conf; CI=0.75-0.88; source_urls=https://pubs.usgs.gov/periodicals/mcs2026/mcs2026-gallium.pdf"
1,ZS mining,CN,Zn_sphalerite_concentrate,,,0.0595,0.08,0,"[Ga proc] Domestic/incremental processing-cost row generated from Ga topology; planning-grade placeholder in USD/kg material; confidence=ok, Medium-high conf; CI=0.75-0.88; source_urls=https://pubs.usgs.gov/periodicals/mcs2026/mcs2026-gallium.pdf"
1,ZS mining,KZ,Zn_sphalerite_concentrate,,,0.0665,0.092,0,"[Ga proc] Domestic/incremental processing-cost row generated from Ga topology; planning-grade placeholder in USD/kg material; confidence=ok, Medium-high conf; CI=0.75-0.88; source_urls=https://pubs.usgs.gov/periodicals/mcs2026/mcs2026-gallium.pdf"
1,ZS mining,US,Zn_sphalerite_concentrate,,,0.084,0.088,0,"[Ga proc] Domestic/incremental processing-cost row generated from Ga topology; planning-grade placeholder in USD/kg material; confidence=ok, Medium-high conf; CI=0.75-0.88; source_urls=https://pubs.usgs.gov/periodicals/mcs2026/mcs2026-gallium.pdf"
1,Zinc concentration,AU,Zn_sphalerite_concentrate,,,0.207,0.096,0,"[Ga proc] Domestic/incremental processing-cost row generated from Ga topology; planning-grade placeholder in USD/kg material; confidence=suspect, Medium conf; CI=0.60-0.75; source_urls=https://pubs.usgs.gov/periodicals/mcs2026/mcs2026-gallium.pdf; https://pubs.usgs.gov/periodicals/mcs2025/mcs2025-gallium.pdf"
1,Zinc concentration,AU,Zn_sphalerite_concentrate,Zinc smelting/refining,CN,0,0.3216,0,"[Ga trade] Cross-border trade-cost row generated from Ga topology: Zinc concentration AU -> Zinc smelting/refining CN; tariff set to 0 in baseline; verify HS/country treatment if scenario requires; confidence=suspect, Medium conf; CI=0.60-0.75; source_urls=https://pubs.usgs.gov/periodicals/mcs2026/mcs2026-gallium.pdf; https://pubs.usgs.gov/periodicals/mcs2025/mcs2025-gallium.pdf"
1,Zinc concentration,AU,Zn_sphalerite_concentrate,Zinc smelting/refining,JP,0,0.2998,0,"[Ga trade] Cross-border trade-cost row generated from Ga topology: Zinc concentration AU -> Zinc smelting/refining JP; tariff set to 0 in baseline; verify HS/country treatment if scenario requires; confidence=suspect, Medium conf; CI=0.60-0.75; source_urls=https://pubs.usgs.gov/periodicals/mcs2026/mcs2026-gallium.pdf; https://pubs.usgs.gov/periodicals/mcs2025/mcs2025-gallium.pdf"
1,Zinc concentration,AU,Zn_sphalerite_concentrate,Zinc smelting/refining,KR,0,0.2991,0,"[Ga trade] Cross-border trade-cost row generated from Ga topology: Zinc concentration AU -> Zinc smelting/refining KR; tariff set to 0 in baseline; verify HS/country treatment if scenario requires; confidence=suspect, Medium conf; CI=0.60-0.75; source_urls=https://pubs.usgs.gov/periodicals/mcs2026/mcs2026-gallium.pdf; https://pubs.usgs.gov/periodicals/mcs2025/mcs2025-gallium.pdf"
1,Zinc concentration,CA,Zn_sphalerite_concentrate,,,0.207,0.088,0,"[Ga proc] Domestic/incremental processing-cost row generated from Ga topology; planning-grade placeholder in USD/kg material; confidence=suspect, Medium conf; CI=0.60-0.75; source_urls=https://pubs.usgs.gov/periodicals/mcs2026/mcs2026-gallium.pdf; https://pubs.usgs.gov/periodicals/mcs2025/mcs2025-gallium.pdf"
1,Zinc concentration,CA,Zn_sphalerite_concentrate,Zinc smelting/refining,JP,0,0.3429,0,"[Ga trade] Cross-border trade-cost row generated from Ga topology: Zinc concentration CA -> Zinc smelting/refining JP; tariff set to 0 in baseline; verify HS/country treatment if scenario requires; confidence=suspect, Medium conf; CI=0.60-0.75; source_urls=https://pubs.usgs.gov/periodicals/mcs2026/mcs2026-gallium.pdf; https://pubs.usgs.gov/periodicals/mcs2025/mcs2025-gallium.pdf"
1,Zinc concentration,CA,Zn_sphalerite_concentrate,Zinc smelting/refining,KR,0,0.3603,0,"[Ga trade] Cross-border trade-cost row generated from Ga topology: Zinc concentration CA -> Zinc smelting/refining KR; tariff set to 0 in baseline; verify HS/country treatment if scenario requires; confidence=suspect, Medium conf; CI=0.60-0.75; source_urls=https://pubs.usgs.gov/periodicals/mcs2026/mcs2026-gallium.pdf; https://pubs.usgs.gov/periodicals/mcs2025/mcs2025-gallium.pdf"
1,Zinc concentration,CA,Zn_sphalerite_concentrate,Zinc smelting/refining,US,0,0.1265,0,"[Ga trade] Cross-border trade-cost row generated from Ga topology: Zinc concentration CA -> Zinc smelting/refining US; tariff set to 0 in baseline; verify HS/country treatment if scenario requires; confidence=suspect, Medium conf; CI=0.60-0.75; source_urls=https://pubs.usgs.gov/periodicals/mcs2026/mcs2026-gallium.pdf; https://pubs.usgs.gov/periodicals/mcs2025/mcs2025-gallium.pdf"
1,Zinc concentration,CN,Zn_sphalerite_concentrate,,,0.153,0.08,0,"[Ga proc] Domestic/incremental processing-cost row generated from Ga topology; planning-grade placeholder in USD/kg material; confidence=ok, High conf; CI=0.85-0.97; source_urls=https://pubs.usgs.gov/periodicals/mcs2026/mcs2026-gallium.pdf; https://pubs.usgs.gov/periodicals/mcs2025/mcs2025-gallium.pdf"
1,Zinc concentration,JP,Zn_sphalerite_concentrate,,,0.207,0.076,0,"[Ga proc] Domestic/incremental processing-cost row generated from Ga topology; planning-grade placeholder in USD/kg material; confidence=ok, Medium-high conf; CI=0.75-0.88; source_urls=https://pubs.usgs.gov/periodicals/mcs2026/mcs2026-gallium.pdf; https://pubs.usgs.gov/periodicals/mcs2025/mcs2025-gallium.pdf"
1,Zinc concentration,KR,Zn_sphalerite_concentrate,,,0.189,0.072,0,"[Ga proc] Domestic/incremental processing-cost row generated from Ga topology; planning-grade placeholder in USD/kg material; confidence=ok, Medium-high conf; CI=0.75-0.88; source_urls=https://pubs.usgs.gov/periodicals/mcs2026/mcs2026-gallium.pdf; https://pubs.usgs.gov/periodicals/mcs2025/mcs2025-gallium.pdf"
1,Zinc concentration,KZ,Zn_sphalerite_concentrate,,,0.171,0.092,0,"[Ga proc] Domestic/incremental processing-cost row generated from Ga topology; planning-grade placeholder in USD/kg material; confidence=suspect, Medium conf; CI=0.60-0.75; source_urls=https://pubs.usgs.gov/periodicals/mcs2026/mcs2026-gallium.pdf; https://pubs.usgs.gov/periodicals/mcs2025/mcs2025-gallium.pdf"
1,Zinc concentration,KZ,Zn_sphalerite_concentrate,Zinc smelting/refining,CN,0,0.1764,0,"[Ga trade] Cross-border trade-cost row generated from Ga topology: Zinc concentration KZ -> Zinc smelting/refining CN; tariff set to 0 in baseline; verify HS/country treatment if scenario requires; confidence=suspect, Medium conf; CI=0.60-0.75; source_urls=https://pubs.usgs.gov/periodicals/mcs2026/mcs2026-gallium.pdf; https://pubs.usgs.gov/periodicals/mcs2025/mcs2025-gallium.pdf"
1,Zinc concentration,US,Zn_sphalerite_concentrate,,,0.216,0.088,0,"[Ga proc] Domestic/incremental processing-cost row generated from Ga topology; planning-grade placeholder in USD/kg material; confidence=ok, Medium-high conf; CI=0.75-0.88; source_urls=https://pubs.usgs.gov/periodicals/mcs2026/mcs2026-gallium.pdf; https://pubs.usgs.gov/periodicals/mcs2025/mcs2025-gallium.pdf"
1,Zinc smelting/refining,CN,ZLR_Zn_residue,,,0.2975,0.05,0,"[Ga proc] Domestic/incremental processing-cost row generated from Ga topology; planning-grade placeholder in USD/kg material; confidence=ok, High conf; CI=0.85-0.97; source_urls=https://pubs.usgs.gov/myb/vol1/2022/myb1-2022-gallium.pdf; https://pubs.usgs.gov/periodicals/mcs2026/mcs2026-gallium.pdf"
1,Zinc smelting/refining,JP,ZLR_Zn_residue,,,0.4025,0.0475,0,"[Ga proc] Domestic/incremental processing-cost row generated from Ga topology; planning-grade placeholder in USD/kg material; confidence=ok, High conf; CI=0.85-0.97; source_urls=https://hd.dowa.co.jp/en/ir/library/materials/main/0/teaserItems3/0/linkList/00/link/presentation_fy2023_fullyear_script-e.pdf; https://pubs.usgs.gov/periodicals/mcs2026/mcs2026-gallium.pdf; https://pubs.usgs.gov/periodicals/mcs2025/mcs2025-gallium.pdf"
1,Zinc smelting/refining,KR,ZLR_Zn_residue,,,0.3675,0.045,0,"[Ga proc] Domestic/incremental processing-cost row generated from Ga topology; planning-grade placeholder in USD/kg material; confidence=suspect, Medium conf; CI=0.60-0.75; source_urls=https://www.korea-certification.com/en/korea-zinc-launches-gallium-facility-to-reduce-reliance-on-chinese-supply/; https://pubs.usgs.gov/periodicals/mcs2025/mcs2025-gallium.pdf; https://pubs.usgs.gov/periodicals/mcs2026/mcs2026-gallium.pdf"
1,Zinc smelting/refining,US,ZLR_Zn_residue,,,0.42,0.055,0,"[Ga proc] Domestic/incremental processing-cost row generated from Ga topology; planning-grade placeholder in USD/kg material; confidence=suspect, Medium-low conf; CI=0.45-0.60; source_urls=https://www.energy.gov/cmei/articles/does-office-critical-minerals-and-energy-innovation-selects-five-organizations; https://pubs.usgs.gov/periodicals/mcs2026/mcs2026-gallium.pdf"
1,wafer_market_mix,US,GaAs_wafer,,,0,0.11,0,"[Ga proc] Domestic/incremental processing-cost row generated from Ga topology; planning-grade placeholder in USD/kg material; confidence=ok, High conf; CI=0.85-0.97; source_urls=https://pubs.usgs.gov/periodicals/mcs2026/mcs2026-gallium.pdf"
1,wafer_market_mix,US,GaN_wafer,,,0,0.11,0,"[Ga proc] Domestic/incremental processing-cost row generated from Ga topology; planning-grade placeholder in USD/kg material; confidence=ok, High conf; CI=0.85-0.97; source_urls=https://pubs.usgs.gov/periodicals/mcs2026/mcs2026-gallium.pdf"
2,Bauxite mining,AU,bauxite,,,0.0517,0.06,0,"[Ga proc] Domestic/incremental processing-cost row generated from Ga topology; planning-grade placeholder in USD/kg material; confidence=suspect, Medium conf; CI=0.60-0.75; source_urls=https://news.alcoa.com/press-releases/press-release-details/2025/GOVERNMENTS-ANNOUNCE-SUPPORT-FOR-ALCOAS-GALLIUM-CRITICAL-MINERAL-DEVELOPMENT-PROJECT-IN-WESTERN-AUSTRALIA/default.aspx; https://www.sojitz.com/en/news/article/20250804.html; https://pubs.usgs.gov/periodicals/mcs2026/mcs2026-gallium.pdf"
2,Bauxite mining,CN,bauxite,,,0.0382,0.05,0,"[Ga proc] Domestic/incremental processing-cost row generated from Ga topology; planning-grade placeholder in USD/kg material; confidence=ok, High conf; CI=0.85-0.97; source_urls=https://pubs.usgs.gov/periodicals/mcs2026/mcs2026-gallium.pdf; https://pubs.usgs.gov/myb/vol1/2022/myb1-2022-gallium.pdf"
2,Bauxite mining,GR,bauxite,,,0.0473,0.05,0,"[Ga proc] Domestic/incremental processing-cost row generated from Ga topology; planning-grade placeholder in USD/kg material; confidence=suspect, Medium conf; CI=0.60-0.75; source_urls=https://www.eib.org/en/press/all/2026-011-eib-backs-europe-s-first-gallium-production-investment-with-eur90-million-financing-to-metlen-in-greece; https://pubs.usgs.gov/periodicals/mcs2026/mcs2026-gallium.pdf"
2,Bauxite mining,KZ,bauxite,,,0.0427,0.0575,0,"[Ga proc] Domestic/incremental processing-cost row generated from Ga topology; planning-grade placeholder in USD/kg material; confidence=suspect, Medium conf; CI=0.60-0.75; source_urls=https://www.eurasianresources.lu/en/news/Shukhrat%20Ibragimov%20confirms%20that%20Eurasian%20Resources%20Group%20t.html; https://pubs.usgs.gov/periodicals/mcs2026/mcs2026-gallium.pdf"
2,Bayer liquor refining,AU,4N_Ga,,,97.75,0.096,0,"[Ga proc] Domestic/incremental processing-cost row generated from Ga topology; planning-grade placeholder in USD/kg material; confidence=suspect, Medium conf; CI=0.60-0.75; source_urls=https://news.alcoa.com/press-releases/press-release-details/2025/GOVERNMENTS-ANNOUNCE-SUPPORT-FOR-ALCOAS-GALLIUM-CRITICAL-MINERAL-DEVELOPMENT-PROJECT-IN-WESTERN-AUSTRALIA/default.aspx; https://www.sojitz.com/en/news/article/20250804.html; https://pubs.usgs.gov/periodicals/mcs2026/mcs2026-gallium.pdf"
2,Bayer liquor refining,AU,4N_Ga,High-purity gallium refining,CA,0,1.111,0,"[Ga trade] Cross-border trade-cost row generated from Ga topology: Bayer liquor refining AU -> High-purity gallium refining CA; tariff set to 0 in baseline; verify HS/country treatment if scenario requires; confidence=suspect, Medium conf; CI=0.60-0.75; source_urls=https://news.alcoa.com/press-releases/press-release-details/2025/GOVERNMENTS-ANNOUNCE-SUPPORT-FOR-ALCOAS-GALLIUM-CRITICAL-MINERAL-DEVELOPMENT-PROJECT-IN-WESTERN-AUSTRALIA/default.aspx; https://www.sojitz.com/en/news/article/20250804.html; https://pubs.usgs.gov/periodicals/mcs2026/mcs2026-gallium.pdf"
2,Bayer liquor refining,AU,4N_Ga,High-purity gallium refining,CN,0,0.6432,0,"[Ga trade] Cross-border trade-cost row generated from Ga topology: Bayer liquor refining AU -> High-purity gallium refining CN; tariff set to 0 in baseline; verify HS/country treatment if scenario requires; confidence=suspect, Medium conf; CI=0.60-0.75; source_urls=https://news.alcoa.com/press-releases/press-release-details/2025/GOVERNMENTS-ANNOUNCE-SUPPORT-FOR-ALCOAS-GALLIUM-CRITICAL-MINERAL-DEVELOPMENT-PROJECT-IN-WESTERN-AUSTRALIA/default.aspx; https://www.sojitz.com/en/news/article/20250804.html; https://pubs.usgs.gov/periodicals/mcs2026/mcs2026-gallium.pdf"
2,Bayer liquor refining,AU,4N_Ga,High-purity gallium refining,JP,0,0.5997,0,"[Ga trade] Cross-border trade-cost row generated from Ga topology: Bayer liquor refining AU -> High-purity gallium refining JP; tariff set to 0 in baseline; verify HS/country treatment if scenario requires; confidence=suspect, Medium conf; CI=0.60-0.75; source_urls=https://news.alcoa.com/press-releases/press-release-details/2025/GOVERNMENTS-ANNOUNCE-SUPPORT-FOR-ALCOAS-GALLIUM-CRITICAL-MINERAL-DEVELOPMENT-PROJECT-IN-WESTERN-AUSTRALIA/default.aspx; https://www.sojitz.com/en/news/article/20250804.html; https://pubs.usgs.gov/periodicals/mcs2026/mcs2026-gallium.pdf"
2,Bayer liquor refining,AU,4N_Ga,High-purity gallium refining,US,0,1.165,0,"[Ga trade] Cross-border trade-cost row generated from Ga topology: Bayer liquor refining AU -> High-purity gallium refining US; tariff set to 0 in baseline; verify HS/country treatment if scenario requires; confidence=suspect, Medium conf; CI=0.60-0.75; source_urls=https://news.alcoa.com/press-releases/press-release-details/2025/GOVERNMENTS-ANNOUNCE-SUPPORT-FOR-ALCOAS-GALLIUM-CRITICAL-MINERAL-DEVELOPMENT-PROJECT-IN-WESTERN-AUSTRALIA/default.aspx; https://www.sojitz.com/en/news/article/20250804.html; https://pubs.usgs.gov/periodicals/mcs2026/mcs2026-gallium.pdf"
2,Bayer liquor refining,CA,4N_Ga,,,300,0.088,0,"[Ga proc] Domestic/incremental processing-cost row generated from Ga topology; planning-grade placeholder in USD/kg material; confidence=suspect, Medium conf; CI=0.60-0.75; source_urls=https://www.riotinto.com/en/news/releases/2026/rio-tinto-advances-gallium-metal-rd-project-in-partnership-with-the-government-of-canada; https://pubs.usgs.gov/periodicals/mcs2026/mcs2026-gallium.pdf; https://pubs.usgs.gov/periodicals/mcs2025/mcs2025-gallium.pdf | Jacob Cordell expert review 2026-05-28: reviewed_planning processing-cost update reflects expert-updated planning assumptions for Ga recovery from Bayer liquor; period-0 reviewed value propagated to all modeled time periods for temporal consistency."
2,Bayer liquor refining,CA,4N_Ga,High-purity gallium refining,CN,0,0.777,0,"[Ga trade] Cross-border trade-cost row generated from Ga topology: Bayer liquor refining CA -> High-purity gallium refining CN; tariff set to 0 in baseline; verify HS/country treatment if scenario requires; confidence=suspect, Medium conf; CI=0.60-0.75; source_urls=https://www.riotinto.com/en/news/releases/2026/rio-tinto-advances-gallium-metal-rd-project-in-partnership-with-the-government-of-canada; https://pubs.usgs.gov/periodicals/mcs2026/mcs2026-gallium.pdf; https://pubs.usgs.gov/periodicals/mcs2025/mcs2025-gallium.pdf"
2,Bayer liquor refining,CA,4N_Ga,High-purity gallium refining,JP,0,0.6858,0,"[Ga trade] Cross-border trade-cost row generated from Ga topology: Bayer liquor refining CA -> High-purity gallium refining JP; tariff set to 0 in baseline; verify HS/country treatment if scenario requires; confidence=suspect, Medium conf; CI=0.60-0.75; source_urls=https://www.riotinto.com/en/news/releases/2026/rio-tinto-advances-gallium-metal-rd-project-in-partnership-with-the-government-of-canada; https://pubs.usgs.gov/periodicals/mcs2026/mcs2026-gallium.pdf; https://pubs.usgs.gov/periodicals/mcs2025/mcs2025-gallium.pdf"
2,Bayer liquor refining,CA,4N_Ga,High-purity gallium refining,US,0,0.253,0,"[Ga trade] Cross-border trade-cost row generated from Ga topology: Bayer liquor refining CA -> High-purity gallium refining US; tariff set to 0 in baseline; verify HS/country treatment if scenario requires; confidence=suspect, Medium conf; CI=0.60-0.75; source_urls=https://www.riotinto.com/en/news/releases/2026/rio-tinto-advances-gallium-metal-rd-project-in-partnership-with-the-government-of-canada; https://pubs.usgs.gov/periodicals/mcs2026/mcs2026-gallium.pdf; https://pubs.usgs.gov/periodicals/mcs2025/mcs2025-gallium.pdf"
2,Bayer liquor refining,CN,4N_Ga,,,280,0.08,0,"[Ga proc] Domestic/incremental processing-cost row generated from Ga topology; planning-grade placeholder in USD/kg material; confidence=ok, High conf; CI=0.85-0.97; source_urls=https://pubs.usgs.gov/periodicals/mcs2026/mcs2026-gallium.pdf; https://pubs.usgs.gov/myb/vol1/2022/myb1-2022-gallium.pdf; https://pubs.usgs.gov/periodicals/mcs2025/mcs2025-gallium.pdf | Jacob Cordell expert review 2026-05-28: reviewed_planning processing-cost update reflects expert-updated planning assumptions for Ga recovery from Bayer liquor; period-0 reviewed value propagated to all modeled time periods for temporal consistency."
2,Bayer liquor refining,CN,4N_Ga,High-purity gallium refining,CA,0,0.777,0,"[Ga trade] Cross-border trade-cost row generated from Ga topology: Bayer liquor refining CN -> High-purity gallium refining CA; tariff set to 0 in baseline; verify HS/country treatment if scenario requires; confidence=ok, High conf; CI=0.85-0.97; source_urls=https://pubs.usgs.gov/periodicals/mcs2026/mcs2026-gallium.pdf; https://pubs.usgs.gov/myb/vol1/2022/myb1-2022-gallium.pdf; https://pubs.usgs.gov/periodicals/mcs2025/mcs2025-gallium.pdf"
2,Bayer liquor refining,CN,4N_Ga,High-purity gallium refining,JP,0,0.3333,0,"[Ga trade] Cross-border trade-cost row generated from Ga topology: Bayer liquor refining CN -> High-purity gallium refining JP; tariff set to 0 in baseline; verify HS/country treatment if scenario requires; confidence=ok, High conf; CI=0.85-0.97; source_urls=https://pubs.usgs.gov/periodicals/mcs2026/mcs2026-gallium.pdf; https://pubs.usgs.gov/myb/vol1/2022/myb1-2022-gallium.pdf; https://pubs.usgs.gov/periodicals/mcs2025/mcs2025-gallium.pdf"
2,Bayer liquor refining,CN,4N_Ga,High-purity gallium refining,US,0,0.9097,0,"[Ga trade] Cross-border trade-cost row generated from Ga topology: Bayer liquor refining CN -> High-purity gallium refining US; US gallium-metal proxy tariff applied; confidence=ok, High conf; CI=0.85-0.97; source_urls=https://pubs.usgs.gov/periodicals/mcs2026/mcs2026-gallium.pdf; https://pubs.usgs.gov/myb/vol1/2022/myb1-2022-gallium.pdf; https://pubs.usgs.gov/periodicals/mcs2025/mcs2025-gallium.pdf | Jacob Cordell expert review 2026-05-28: reviewed_planning tariff assumptions were propagated consistently across all modeled time periods."
2,Bayer liquor refining,GR,4N_Ga,,,330,0.08,0,"[Ga proc] Domestic/incremental processing-cost row generated from Ga topology; planning-grade placeholder in USD/kg material; confidence=suspect, Medium conf; CI=0.60-0.75; source_urls=https://www.eib.org/en/press/all/2026-011-eib-backs-europe-s-first-gallium-production-investment-with-eur90-million-financing-to-metlen-in-greece; https://pubs.usgs.gov/periodicals/mcs2026/mcs2026-gallium.pdf; https://pubs.usgs.gov/periodicals/mcs2025/mcs2025-gallium.pdf | Jacob Cordell expert review 2026-05-28: reviewed_planning processing-cost update reflects expert-updated planning assumptions for Ga recovery from Bayer liquor; period-0 reviewed value propagated to all modeled time periods for temporal consistency."
2,Bayer liquor refining,GR,4N_Ga,High-purity gallium refining,CA,0,0.7051,0,"[Ga trade] Cross-border trade-cost row generated from Ga topology: Bayer liquor refining GR -> High-purity gallium refining CA; tariff set to 0 in baseline; verify HS/country treatment if scenario requires; confidence=suspect, Medium conf; CI=0.60-0.75; source_urls=https://www.eib.org/en/press/all/2026-011-eib-backs-europe-s-first-gallium-production-investment-with-eur90-million-financing-to-metlen-in-greece; https://pubs.usgs.gov/periodicals/mcs2026/mcs2026-gallium.pdf; https://pubs.usgs.gov/periodicals/mcs2025/mcs2025-gallium.pdf"
2,Bayer liquor refining,GR,4N_Ga,High-purity gallium refining,CN,0,0.611,0,"[Ga trade] Cross-border trade-cost row generated from Ga topology: Bayer liquor refining GR -> High-purity gallium refining CN; tariff set to 0 in baseline; verify HS/country treatment if scenario requires; confidence=suspect, Medium conf; CI=0.60-0.75; source_urls=https://www.eib.org/en/press/all/2026-011-eib-backs-europe-s-first-gallium-production-investment-with-eur90-million-financing-to-metlen-in-greece; https://pubs.usgs.gov/periodicals/mcs2026/mcs2026-gallium.pdf; https://pubs.usgs.gov/periodicals/mcs2025/mcs2025-gallium.pdf"
2,Bayer liquor refining,GR,4N_Ga,High-purity gallium refining,JP,0,0.7788,0,"[Ga trade] Cross-border trade-cost row generated from Ga topology: Bayer liquor refining GR -> High-purity gallium refining JP; tariff set to 0 in baseline; verify HS/country treatment if scenario requires; confidence=suspect, Medium conf; CI=0.60-0.75; source_urls=https://www.eib.org/en/press/all/2026-011-eib-backs-europe-s-first-gallium-production-investment-with-eur90-million-financing-to-metlen-in-greece; https://pubs.usgs.gov/periodicals/mcs2026/mcs2026-gallium.pdf; https://pubs.usgs.gov/periodicals/mcs2025/mcs2025-gallium.pdf"
2,Bayer liquor refining,GR,4N_Ga,High-purity gallium refining,US,0,0.775,0,"[Ga trade] Cross-border trade-cost row generated from Ga topology: Bayer liquor refining GR -> High-purity gallium refining US; US gallium-metal proxy tariff applied; confidence=suspect, Medium conf; CI=0.60-0.75; source_urls=https://www.eib.org/en/press/all/2026-011-eib-backs-europe-s-first-gallium-production-investment-with-eur90-million-financing-to-metlen-in-greece; https://pubs.usgs.gov/periodicals/mcs2026/mcs2026-gallium.pdf; https://pubs.usgs.gov/periodicals/mcs2025/mcs2025-gallium.pdf | Jacob Cordell expert review 2026-05-28: reviewed_planning tariff assumptions were propagated consistently across all modeled time periods."
2,Bayer liquor refining,KZ,4N_Ga,,,332,0.092,0,"[Ga proc] Domestic/incremental processing-cost row generated from Ga topology; planning-grade placeholder in USD/kg material; confidence=suspect, Medium conf; CI=0.60-0.75; source_urls=https://www.eurasianresources.lu/en/news/Shukhrat%20Ibragimov%20confirms%20that%20Eurasian%20Resources%20Group%20t.html; https://pubs.usgs.gov/periodicals/mcs2026/mcs2026-gallium.pdf; https://pubs.usgs.gov/periodicals/mcs2025/mcs2025-gallium.pdf | Jacob Cordell expert review 2026-05-28: reviewed_planning processing-cost update reflects expert-updated planning assumptions for Ga recovery from Bayer liquor; period-0 reviewed value propagated to all modeled time periods for temporal consistency."
2,Bayer liquor refining,KZ,4N_Ga,High-purity gallium refining,CA,0,0.7092,0,"[Ga trade] Cross-border trade-cost row generated from Ga topology: Bayer liquor refining KZ -> High-purity gallium refining CA; tariff set to 0 in baseline; verify HS/country treatment if scenario requires; confidence=suspect, Medium conf; CI=0.60-0.75; source_urls=https://www.eurasianresources.lu/en/news/Shukhrat%20Ibragimov%20confirms%20that%20Eurasian%20Resources%20Group%20t.html; https://pubs.usgs.gov/periodicals/mcs2026/mcs2026-gallium.pdf; https://pubs.usgs.gov/periodicals/mcs2025/mcs2025-gallium.pdf"
2,Bayer liquor refining,KZ,4N_Ga,High-purity gallium refining,CN,0,0.3528,0,"[Ga trade] Cross-border trade-cost row generated from Ga topology: Bayer liquor refining KZ -> High-purity gallium refining CN; tariff set to 0 in baseline; verify HS/country treatment if scenario requires; confidence=suspect, Medium conf; CI=0.60-0.75; source_urls=https://www.eurasianresources.lu/en/news/Shukhrat%20Ibragimov%20confirms%20that%20Eurasian%20Resources%20Group%20t.html; https://pubs.usgs.gov/periodicals/mcs2026/mcs2026-gallium.pdf; https://pubs.usgs.gov/periodicals/mcs2025/mcs2025-gallium.pdf"
2,Bayer liquor refining,KZ,4N_Ga,High-purity gallium refining,JP,0,0.5269,0,"[Ga trade] Cross-border trade-cost row generated from Ga topology: Bayer liquor refining KZ -> High-purity gallium refining JP; tariff set to 0 in baseline; verify HS/country treatment if scenario requires; confidence=suspect, Medium conf; CI=0.60-0.75; source_urls=https://www.eurasianresources.lu/en/news/Shukhrat%20Ibragimov%20confirms%20that%20Eurasian%20Resources%20Group%20t.html; https://pubs.usgs.gov/periodicals/mcs2026/mcs2026-gallium.pdf; https://pubs.usgs.gov/periodicals/mcs2025/mcs2025-gallium.pdf"
2,Bayer liquor refining,KZ,4N_Ga,High-purity gallium refining,US,0,0.83,0,"[Ga trade] Cross-border trade-cost row generated from Ga topology: Bayer liquor refining KZ -> High-purity gallium refining US; US gallium-metal proxy tariff applied; confidence=suspect, Medium conf; CI=0.60-0.75; source_urls=https://www.eurasianresources.lu/en/news/Shukhrat%20Ibragimov%20confirms%20that%20Eurasian%20Resources%20Group%20t.html; https://pubs.usgs.gov/periodicals/mcs2026/mcs2026-gallium.pdf; https://pubs.usgs.gov/periodicals/mcs2025/mcs2025-gallium.pdf | Jacob Cordell expert review 2026-05-28: reviewed_planning tariff assumptions were propagated consistently across all modeled time periods."
2,Bayer liquor refining,US,4N_Ga,,,422,0.088,0,"[Ga proc] Domestic/incremental processing-cost row generated from Ga topology; planning-grade placeholder in USD/kg material; confidence=suspect, Medium-low conf; CI=0.45-0.60; source_urls=https://www.energy.gov/cmei/articles/does-office-critical-minerals-and-energy-innovation-selects-five-organizations; https://pubs.usgs.gov/periodicals/mcs2026/mcs2026-gallium.pdf; https://pubs.usgs.gov/periodicals/mcs2025/mcs2025-gallium.pdf | Jacob Cordell expert review 2026-05-28: reviewed_planning processing-cost update reflects expert-updated planning assumptions for Ga recovery from Bayer liquor; period-0 reviewed value propagated to all modeled time periods for temporal consistency."
2,Bayer liquor refining,US,4N_Ga,High-purity gallium refining,CA,0,0.253,0,"[Ga trade] Cross-border trade-cost row generated from Ga topology: Bayer liquor refining US -> High-purity gallium refining CA; tariff set to 0 in baseline; verify HS/country treatment if scenario requires; confidence=suspect, Medium-low conf; CI=0.45-0.60; source_urls=https://www.energy.gov/cmei/articles/does-office-critical-minerals-and-energy-innovation-selects-five-organizations; https://pubs.usgs.gov/periodicals/mcs2026/mcs2026-gallium.pdf; https://pubs.usgs.gov/periodicals/mcs2025/mcs2025-gallium.pdf"
2,Bayer liquor refining,US,4N_Ga,High-purity gallium refining,CN,0,0.9097,0,"[Ga trade] Cross-border trade-cost row generated from Ga topology: Bayer liquor refining US -> High-purity gallium refining CN; tariff set to 0 in baseline; verify HS/country treatment if scenario requires; confidence=suspect, Medium-low conf; CI=0.45-0.60; source_urls=https://www.energy.gov/cmei/articles/does-office-critical-minerals-and-energy-innovation-selects-five-organizations; https://pubs.usgs.gov/periodicals/mcs2026/mcs2026-gallium.pdf; https://pubs.usgs.gov/periodicals/mcs2025/mcs2025-gallium.pdf"
2,Bayer liquor refining,US,4N_Ga,High-purity gallium refining,JP,0,0.803,0,"[Ga trade] Cross-border trade-cost row generated from Ga topology: Bayer liquor refining US -> High-purity gallium refining JP; tariff set to 0 in baseline; verify HS/country treatment if scenario requires; confidence=suspect, Medium-low conf; CI=0.45-0.60; source_urls=https://www.energy.gov/cmei/articles/does-office-critical-minerals-and-energy-innovation-selects-five-organizations; https://pubs.usgs.gov/periodicals/mcs2026/mcs2026-gallium.pdf; https://pubs.usgs.gov/periodicals/mcs2025/mcs2025-gallium.pdf"
2,Bayer process / alumina refining,AU,Bayer_liquor,,,0.0345,0.024,0,"[Ga proc] Domestic/incremental processing-cost row generated from Ga topology; planning-grade placeholder in USD/kg material; confidence=suspect, Medium conf; CI=0.60-0.75; source_urls=https://news.alcoa.com/press-releases/press-release-details/2025/GOVERNMENTS-ANNOUNCE-SUPPORT-FOR-ALCOAS-GALLIUM-CRITICAL-MINERAL-DEVELOPMENT-PROJECT-IN-WESTERN-AUSTRALIA/default.aspx; https://www.sojitz.com/en/news/article/20250804.html; https://pubs.usgs.gov/periodicals/mcs2026/mcs2026-gallium.pdf"
2,Bayer process / alumina refining,CA,Bayer_liquor,,,0.0345,0.022,0,"[Ga proc] Domestic/incremental processing-cost row generated from Ga topology; planning-grade placeholder in USD/kg material; confidence=suspect, Medium conf; CI=0.60-0.75; source_urls=https://www.riotinto.com/en/news/releases/2026/rio-tinto-advances-gallium-metal-rd-project-in-partnership-with-the-government-of-canada; https://pubs.usgs.gov/periodicals/mcs2026/mcs2026-gallium.pdf"
2,Bayer process / alumina refining,CN,Bayer_liquor,,,0.0255,0.02,0,"[Ga proc] Domestic/incremental processing-cost row generated from Ga topology; planning-grade placeholder in USD/kg material; confidence=ok, High conf; CI=0.85-0.97; source_urls=https://pubs.usgs.gov/periodicals/mcs2026/mcs2026-gallium.pdf; https://pubs.usgs.gov/myb/vol1/2022/myb1-2022-gallium.pdf"
2,Bayer process / alumina refining,GR,Bayer_liquor,,,0.0315,0.02,0,"[Ga proc] Domestic/incremental processing-cost row generated from Ga topology; planning-grade placeholder in USD/kg material; confidence=suspect, Medium conf; CI=0.60-0.75; source_urls=https://www.eib.org/en/press/all/2026-011-eib-backs-europe-s-first-gallium-production-investment-with-eur90-million-financing-to-metlen-in-greece; https://pubs.usgs.gov/periodicals/mcs2026/mcs2026-gallium.pdf"
2,Bayer process / alumina refining,KZ,Bayer_liquor,,,0.0285,0.023,0,"[Ga proc] Domestic/incremental processing-cost row generated from Ga topology; planning-grade placeholder in USD/kg material; confidence=suspect, Medium conf; CI=0.60-0.75; source_urls=https://www.eurasianresources.lu/en/news/Shukhrat%20Ibragimov%20confirms%20that%20Eurasian%20Resources%20Group%20t.html; https://pubs.usgs.gov/periodicals/mcs2026/mcs2026-gallium.pdf"
2,Bayer process / alumina refining,US,Bayer_liquor,,,0.036,0.022,0,"[Ga proc] Domestic/incremental processing-cost row generated from Ga topology; planning-grade placeholder in USD/kg material; confidence=suspect, Medium-low conf; CI=0.45-0.60; source_urls=https://www.energy.gov/cmei/articles/does-office-critical-minerals-and-energy-innovation-selects-five-organizations; https://pubs.usgs.gov/periodicals/mcs2026/mcs2026-gallium.pdf"
2,High-purity gallium refining,CA,6N_Ga,,,420,0.088,0,"[Ga proc] Domestic/incremental processing-cost row generated from Ga topology; planning-grade placeholder in USD/kg material; confidence=ok, Medium-high conf; CI=0.75-0.88; source_urls=https://pubs.usgs.gov/periodicals/mcs2025/mcs2025-gallium.pdf; https://pubs.usgs.gov/myb/vol1/2022/myb1-2022-gallium.pdf; https://www.neomaterials.com/rare-metals/gallium/ | Jacob Cordell expert review 2026-05-28: reviewed_planning processing-cost update reflects expert-updated purification cost assumptions for 6N gallium; period-0 reviewed value propagated to all modeled time periods for temporal consistency."
2,High-purity gallium refining,CA,6N_Ga,TMG synthesis,CN,0,0.777,0,"[Ga trade] Cross-border trade-cost row generated from Ga topology: High-purity gallium refining CA -> TMG synthesis CN; tariff set to 0 in baseline; verify HS/country treatment if scenario requires; confidence=ok, Medium-high conf; CI=0.75-0.88; source_urls=https://pubs.usgs.gov/periodicals/mcs2025/mcs2025-gallium.pdf; https://pubs.usgs.gov/myb/vol1/2022/myb1-2022-gallium.pdf; https://www.neomaterials.com/rare-metals/gallium/"
2,High-purity gallium refining,CA,6N_Ga,TMG synthesis,JP,0,0.6858,0,"[Ga trade] Cross-border trade-cost row generated from Ga topology: High-purity gallium refining CA -> TMG synthesis JP; tariff set to 0 in baseline; verify HS/country treatment if scenario requires; confidence=ok, Medium-high conf; CI=0.75-0.88; source_urls=https://pubs.usgs.gov/periodicals/mcs2025/mcs2025-gallium.pdf; https://pubs.usgs.gov/myb/vol1/2022/myb1-2022-gallium.pdf; https://www.neomaterials.com/rare-metals/gallium/"
2,High-purity gallium refining,CA,6N_Ga,TMG synthesis,KR,0,0.7205,0,"[Ga trade] Cross-border trade-cost row generated from Ga topology: High-purity gallium refining CA -> TMG synthesis KR; tariff set to 0 in baseline; verify HS/country treatment if scenario requires; confidence=ok, Medium conf; CI=0.60-0.75; source_urls=https://pubs.usgs.gov/periodicals/mcs2025/mcs2025-gallium.pdf; https://pubs.usgs.gov/myb/vol1/2022/myb1-2022-gallium.pdf; https://www.neomaterials.com/rare-metals/gallium/"
2,High-purity gallium refining,CA,6N_Ga,TMG synthesis,US,0,0.253,0,"[Ga trade] Cross-border trade-cost row generated from Ga topology: High-purity gallium refining CA -> TMG synthesis US; tariff set to 0 in baseline; verify HS/country treatment if scenario requires; confidence=ok, Medium conf; CI=0.60-0.75; source_urls=https://pubs.usgs.gov/periodicals/mcs2025/mcs2025-gallium.pdf; https://pubs.usgs.gov/myb/vol1/2022/myb1-2022-gallium.pdf; https://www.neomaterials.com/rare-metals/gallium/"
2,High-purity gallium refining,CA,6N_Ga,Wafer manufacturing,CN,0,0.777,0,"[Ga trade] Cross-border trade-cost row generated from Ga topology: High-purity gallium refining CA -> Wafer manufacturing CN; tariff set to 0 in baseline; verify HS/country treatment if scenario requires; confidence=ok, Medium-high conf; CI=0.75-0.88; source_urls=https://pubs.usgs.gov/periodicals/mcs2025/mcs2025-gallium.pdf; https://pubs.usgs.gov/myb/vol1/2022/myb1-2022-gallium.pdf; https://www.neomaterials.com/rare-metals/gallium/"
2,High-purity gallium refining,CA,6N_Ga,Wafer manufacturing,JP,0,0.6858,0,"[Ga trade] Cross-border trade-cost row generated from Ga topology: High-purity gallium refining CA -> Wafer manufacturing JP; tariff set to 0 in baseline; verify HS/country treatment if scenario requires; confidence=ok, High conf; CI=0.85-0.97; source_urls=https://pubs.usgs.gov/periodicals/mcs2025/mcs2025-gallium.pdf; https://pubs.usgs.gov/myb/vol1/2022/myb1-2022-gallium.pdf; https://www.neomaterials.com/rare-metals/gallium/"
2,High-purity gallium refining,CA,6N_Ga,Wafer manufacturing,KR,0,0.7205,0,"[Ga trade] Cross-border trade-cost row generated from Ga topology: High-purity gallium refining CA -> Wafer manufacturing KR; tariff set to 0 in baseline; verify HS/country treatment if scenario requires; confidence=ok, Medium conf; CI=0.60-0.75; source_urls=https://pubs.usgs.gov/periodicals/mcs2025/mcs2025-gallium.pdf; https://pubs.usgs.gov/myb/vol1/2022/myb1-2022-gallium.pdf; https://www.neomaterials.com/rare-metals/gallium/"
2,High-purity gallium refining,CA,6N_Ga,Wafer manufacturing,US,0,0.253,0,"[Ga trade] Cross-border trade-cost row generated from Ga topology: High-purity gallium refining CA -> Wafer manufacturing US; tariff set to 0 in baseline; verify HS/country treatment if scenario requires; confidence=ok, High conf; CI=0.85-0.97; source_urls=https://pubs.usgs.gov/periodicals/mcs2025/mcs2025-gallium.pdf; https://pubs.usgs.gov/myb/vol1/2022/myb1-2022-gallium.pdf; https://www.neomaterials.com/rare-metals/gallium/"
2,High-purity gallium refining,CN,6N_Ga,,,350,0.08,0,"[Ga proc] Domestic/incremental processing-cost row generated from Ga topology; planning-grade placeholder in USD/kg material; confidence=ok, Medium-high conf; CI=0.75-0.88; source_urls=https://pubs.usgs.gov/myb/vol1/2022/myb1-2022-gallium.pdf; https://pubs.usgs.gov/periodicals/mcs2025/mcs2025-gallium.pdf; https://www.nouryon.com/product/tmga-ssg-trimethylgallium-cas-1445-79-0 | Jacob Cordell expert review 2026-05-28: reviewed_planning processing-cost update reflects expert-updated purification cost assumptions for 6N gallium; period-0 reviewed value propagated to all modeled time periods for temporal consistency."
2,High-purity gallium refining,CN,6N_Ga,TMG synthesis,JP,0,0.3333,0,"[Ga trade] Cross-border trade-cost row generated from Ga topology: High-purity gallium refining CN -> TMG synthesis JP; tariff set to 0 in baseline; verify HS/country treatment if scenario requires; confidence=ok, Medium-high conf; CI=0.75-0.88; source_urls=https://pubs.usgs.gov/myb/vol1/2022/myb1-2022-gallium.pdf; https://pubs.usgs.gov/periodicals/mcs2025/mcs2025-gallium.pdf; https://www.nouryon.com/product/tmga-ssg-trimethylgallium-cas-1445-79-0"
2,High-purity gallium refining,CN,6N_Ga,TMG synthesis,KR,0,0.2683,0,"[Ga trade] Cross-border trade-cost row generated from Ga topology: High-purity gallium refining CN -> TMG synthesis KR; tariff set to 0 in baseline; verify HS/country treatment if scenario requires; confidence=ok, Medium conf; CI=0.60-0.75; source_urls=https://pubs.usgs.gov/myb/vol1/2022/myb1-2022-gallium.pdf; https://pubs.usgs.gov/periodicals/mcs2025/mcs2025-gallium.pdf; https://www.nouryon.com/product/tmga-ssg-trimethylgallium-cas-1445-79-0"
2,High-purity gallium refining,CN,6N_Ga,TMG synthesis,US,0,0.9097,0,"[Ga trade] Cross-border trade-cost row generated from Ga topology: High-purity gallium refining CN -> TMG synthesis US; US gallium-metal proxy tariff applied; confidence=ok, Medium conf; CI=0.60-0.75; source_urls=https://pubs.usgs.gov/myb/vol1/2022/myb1-2022-gallium.pdf; https://pubs.usgs.gov/periodicals/mcs2025/mcs2025-gallium.pdf; https://pubs.usgs.gov/periodicals/mcs2026/mcs2026-gallium.pdf | Jacob Cordell expert review 2026-05-28: reviewed_planning tariff assumptions were propagated consistently across all modeled time periods."
2,High-purity gallium refining,CN,6N_Ga,Wafer manufacturing,JP,0,0.3333,0,"[Ga trade] Cross-border trade-cost row generated from Ga topology: High-purity gallium refining CN -> Wafer manufacturing JP; tariff set to 0 in baseline; verify HS/country treatment if scenario requires; confidence=ok, High conf; CI=0.85-0.97; source_urls=https://pubs.usgs.gov/myb/vol1/2022/myb1-2022-gallium.pdf; https://pubs.usgs.gov/periodicals/mcs2025/mcs2025-gallium.pdf"
2,High-purity gallium refining,CN,6N_Ga,Wafer manufacturing,KR,0,0.2683,0,"[Ga trade] Cross-border trade-cost row generated from Ga topology: High-purity gallium refining CN -> Wafer manufacturing KR; tariff set to 0 in baseline; verify HS/country treatment if scenario requires; confidence=ok, Medium conf; CI=0.60-0.75; source_urls=https://pubs.usgs.gov/myb/vol1/2022/myb1-2022-gallium.pdf; https://pubs.usgs.gov/periodicals/mcs2025/mcs2025-gallium.pdf"
2,High-purity gallium refining,CN,6N_Ga,Wafer manufacturing,US,0,0.9097,0,"[Ga trade] Cross-border trade-cost row generated from Ga topology: High-purity gallium refining CN -> Wafer manufacturing US; US gallium-metal proxy tariff applied; confidence=ok, High conf; CI=0.85-0.97; source_urls=https://pubs.usgs.gov/myb/vol1/2022/myb1-2022-gallium.pdf; https://pubs.usgs.gov/periodicals/mcs2025/mcs2025-gallium.pdf; https://pubs.usgs.gov/periodicals/mcs2026/mcs2026-gallium.pdf | Jacob Cordell expert review 2026-05-28: reviewed_planning tariff assumptions were propagated consistently across all modeled time periods."
2,High-purity gallium refining,JP,6N_Ga,,,440,0.076,0,"[Ga proc] Domestic/incremental processing-cost row generated from Ga topology; planning-grade placeholder in USD/kg material; confidence=ok, Medium-high conf; CI=0.75-0.88; source_urls=https://pubs.usgs.gov/myb/vol1/2022/myb1-2022-gallium.pdf; https://pubs.usgs.gov/periodicals/mcs2025/mcs2025-gallium.pdf; https://www.nouryon.com/product/tmga-ssg-trimethylgallium-cas-1445-79-0 | Jacob Cordell expert review 2026-05-28: reviewed_planning processing-cost update reflects expert-updated purification cost assumptions for 6N gallium; period-0 reviewed value propagated to all modeled time periods for temporal consistency."
2,High-purity gallium refining,JP,6N_Ga,TMG synthesis,CN,0,0.3333,0,"[Ga trade] Cross-border trade-cost row generated from Ga topology: High-purity gallium refining JP -> TMG synthesis CN; tariff set to 0 in baseline; verify HS/country treatment if scenario requires; confidence=ok, Medium-high conf; CI=0.75-0.88; source_urls=https://pubs.usgs.gov/myb/vol1/2022/myb1-2022-gallium.pdf; https://pubs.usgs.gov/periodicals/mcs2025/mcs2025-gallium.pdf; https://www.nouryon.com/product/tmga-ssg-trimethylgallium-cas-1445-79-0"
2,High-purity gallium refining,JP,6N_Ga,TMG synthesis,KR,0,0.186,0,"[Ga trade] Cross-border trade-cost row generated from Ga topology: High-purity gallium refining JP -> TMG synthesis KR; tariff set to 0 in baseline; verify HS/country treatment if scenario requires; confidence=ok, Medium conf; CI=0.60-0.75; source_urls=https://pubs.usgs.gov/myb/vol1/2022/myb1-2022-gallium.pdf; https://pubs.usgs.gov/periodicals/mcs2025/mcs2025-gallium.pdf; https://www.nouryon.com/product/tmga-ssg-trimethylgallium-cas-1445-79-0"
2,High-purity gallium refining,JP,6N_Ga,TMG synthesis,US,0,0.803,0,"[Ga trade] Cross-border trade-cost row generated from Ga topology: High-purity gallium refining JP -> TMG synthesis US; US gallium-metal proxy tariff applied; confidence=ok, Medium conf; CI=0.60-0.75; source_urls=https://pubs.usgs.gov/myb/vol1/2022/myb1-2022-gallium.pdf; https://pubs.usgs.gov/periodicals/mcs2025/mcs2025-gallium.pdf; https://pubs.usgs.gov/periodicals/mcs2026/mcs2026-gallium.pdf | Jacob Cordell expert review 2026-05-28: reviewed_planning tariff assumptions were propagated consistently across all modeled time periods."
2,High-purity gallium refining,JP,6N_Ga,Wafer manufacturing,CN,0,0.3333,0,"[Ga trade] Cross-border trade-cost row generated from Ga topology: High-purity gallium refining JP -> Wafer manufacturing CN; tariff set to 0 in baseline; verify HS/country treatment if scenario requires; confidence=ok, Medium-high conf; CI=0.75-0.88; source_urls=https://pubs.usgs.gov/myb/vol1/2022/myb1-2022-gallium.pdf; https://pubs.usgs.gov/periodicals/mcs2025/mcs2025-gallium.pdf; https://pubs.usgs.gov/periodicals/mcs2026/mcs2026-gallium.pdf"
2,High-purity gallium refining,JP,6N_Ga,Wafer manufacturing,KR,0,0.186,0,"[Ga trade] Cross-border trade-cost row generated from Ga topology: High-purity gallium refining JP -> Wafer manufacturing KR; tariff set to 0 in baseline; verify HS/country treatment if scenario requires; confidence=ok, Medium conf; CI=0.60-0.75; source_urls=https://pubs.usgs.gov/myb/vol1/2022/myb1-2022-gallium.pdf; https://pubs.usgs.gov/periodicals/mcs2025/mcs2025-gallium.pdf"
2,High-purity gallium refining,JP,6N_Ga,Wafer manufacturing,US,0,0.803,0,"[Ga trade] Cross-border trade-cost row generated from Ga topology: High-purity gallium refining JP -> Wafer manufacturing US; US gallium-metal proxy tariff applied; confidence=ok, High conf; CI=0.85-0.97; source_urls=https://pubs.usgs.gov/myb/vol1/2022/myb1-2022-gallium.pdf; https://pubs.usgs.gov/periodicals/mcs2025/mcs2025-gallium.pdf; https://pubs.usgs.gov/periodicals/mcs2026/mcs2026-gallium.pdf | Jacob Cordell expert review 2026-05-28: reviewed_planning tariff assumptions were propagated consistently across all modeled time periods."
2,High-purity gallium refining,US,6N_Ga,,,390,0.088,0,"[Ga proc] Domestic/incremental processing-cost row generated from Ga topology; planning-grade placeholder in USD/kg material; confidence=ok, Medium-high conf; CI=0.75-0.88; source_urls=https://pubs.usgs.gov/periodicals/mcs2026/mcs2026-gallium.pdf; https://pubs.usgs.gov/myb/vol1/2022/myb1-2022-gallium.pdf; https://www.nouryon.com/product/tmga-ssg-trimethylgallium-cas-1445-79-0 | Jacob Cordell expert review 2026-05-28: reviewed_planning processing-cost update reflects expert-updated purification cost assumptions for 6N gallium; period-0 reviewed value propagated to all modeled time periods for temporal consistency."
2,High-purity gallium refining,US,6N_Ga,TMG synthesis,CN,0,0.9097,0,"[Ga trade] Cross-border trade-cost row generated from Ga topology: High-purity gallium refining US -> TMG synthesis CN; tariff set to 0 in baseline; verify HS/country treatment if scenario requires; confidence=ok, Medium-high conf; CI=0.75-0.88; source_urls=https://pubs.usgs.gov/periodicals/mcs2026/mcs2026-gallium.pdf; https://pubs.usgs.gov/myb/vol1/2022/myb1-2022-gallium.pdf; https://www.nouryon.com/product/tmga-ssg-trimethylgallium-cas-1445-79-0"
2,High-purity gallium refining,US,6N_Ga,TMG synthesis,JP,0,0.803,0,"[Ga trade] Cross-border trade-cost row generated from Ga topology: High-purity gallium refining US -> TMG synthesis JP; tariff set to 0 in baseline; verify HS/country treatment if scenario requires; confidence=ok, Medium-high conf; CI=0.75-0.88; source_urls=https://pubs.usgs.gov/periodicals/mcs2026/mcs2026-gallium.pdf; https://pubs.usgs.gov/myb/vol1/2022/myb1-2022-gallium.pdf; https://www.nouryon.com/product/tmga-ssg-trimethylgallium-cas-1445-79-0"
2,High-purity gallium refining,US,6N_Ga,TMG synthesis,KR,0,0.8445,0,"[Ga trade] Cross-border trade-cost row generated from Ga topology: High-purity gallium refining US -> TMG synthesis KR; tariff set to 0 in baseline; verify HS/country treatment if scenario requires; confidence=ok, Medium conf; CI=0.60-0.75; source_urls=https://pubs.usgs.gov/periodicals/mcs2026/mcs2026-gallium.pdf; https://pubs.usgs.gov/myb/vol1/2022/myb1-2022-gallium.pdf; https://www.nouryon.com/product/tmga-ssg-trimethylgallium-cas-1445-79-0"
2,High-purity gallium refining,US,6N_Ga,Wafer manufacturing,CN,0,0.9097,0,"[Ga trade] Cross-border trade-cost row generated from Ga topology: High-purity gallium refining US -> Wafer manufacturing CN; tariff set to 0 in baseline; verify HS/country treatment if scenario requires; confidence=ok, Medium-high conf; CI=0.75-0.88; source_urls=https://pubs.usgs.gov/periodicals/mcs2026/mcs2026-gallium.pdf; https://pubs.usgs.gov/myb/vol1/2022/myb1-2022-gallium.pdf"
2,High-purity gallium refining,US,6N_Ga,Wafer manufacturing,JP,0,0.803,0,"[Ga trade] Cross-border trade-cost row generated from Ga topology: High-purity gallium refining US -> Wafer manufacturing JP; tariff set to 0 in baseline; verify HS/country treatment if scenario requires; confidence=ok, High conf; CI=0.85-0.97; source_urls=https://pubs.usgs.gov/periodicals/mcs2026/mcs2026-gallium.pdf; https://pubs.usgs.gov/myb/vol1/2022/myb1-2022-gallium.pdf"
2,High-purity gallium refining,US,6N_Ga,Wafer manufacturing,KR,0,0.8445,0,"[Ga trade] Cross-border trade-cost row generated from Ga topology: High-purity gallium refining US -> Wafer manufacturing KR; tariff set to 0 in baseline; verify HS/country treatment if scenario requires; confidence=ok, Medium conf; CI=0.60-0.75; source_urls=https://pubs.usgs.gov/periodicals/mcs2026/mcs2026-gallium.pdf; https://pubs.usgs.gov/myb/vol1/2022/myb1-2022-gallium.pdf; https://pubs.usgs.gov/periodicals/mcs2025/mcs2025-gallium.pdf"
2,New manufacturing scrap recovery,CA,6N_Ga,,,322,0.088,0,"[Ga proc] Domestic/incremental processing-cost row generated from Ga topology; planning-grade placeholder in USD/kg material; confidence=suspect, Medium conf; CI=0.60-0.75; source_urls=https://pubs.usgs.gov/periodicals/mcs2025/mcs2025-gallium.pdf; https://pubs.usgs.gov/myb/vol1/2022/myb1-2022-gallium.pdf; https://www.neomaterials.com/rare-metals/gallium/ | Jacob Cordell expert review 2026-05-28: reviewed_planning processing-cost update reflects expert-updated planning assumptions for recovery from new manufacturing scrap; period-0 reviewed value propagated to all modeled time periods for temporal consistency."
2,New manufacturing scrap recovery,CA,6N_Ga,TMG synthesis,CN,0,0.777,0,"[Ga trade] Cross-border trade-cost row generated from Ga topology: New manufacturing scrap recovery CA -> TMG synthesis CN; tariff set to 0 in baseline; verify HS/country treatment if scenario requires; confidence=suspect, Medium conf; CI=0.60-0.75; source_urls=https://pubs.usgs.gov/periodicals/mcs2025/mcs2025-gallium.pdf; https://pubs.usgs.gov/myb/vol1/2022/myb1-2022-gallium.pdf; https://www.neomaterials.com/rare-metals/gallium/"
2,New manufacturing scrap recovery,CA,6N_Ga,TMG synthesis,JP,0,0.6858,0,"[Ga trade] Cross-border trade-cost row generated from Ga topology: New manufacturing scrap recovery CA -> TMG synthesis JP; tariff set to 0 in baseline; verify HS/country treatment if scenario requires; confidence=suspect, Medium conf; CI=0.60-0.75; source_urls=https://pubs.usgs.gov/periodicals/mcs2025/mcs2025-gallium.pdf; https://pubs.usgs.gov/myb/vol1/2022/myb1-2022-gallium.pdf; https://www.neomaterials.com/rare-metals/gallium/"
2,New manufacturing scrap recovery,CA,6N_Ga,TMG synthesis,KR,0,0.7205,0,"[Ga trade] Cross-border trade-cost row generated from Ga topology: New manufacturing scrap recovery CA -> TMG synthesis KR; tariff set to 0 in baseline; verify HS/country treatment if scenario requires; confidence=suspect, Medium conf; CI=0.60-0.75; source_urls=https://pubs.usgs.gov/periodicals/mcs2025/mcs2025-gallium.pdf; https://pubs.usgs.gov/myb/vol1/2022/myb1-2022-gallium.pdf; https://www.neomaterials.com/rare-metals/gallium/"
2,New manufacturing scrap recovery,CA,6N_Ga,TMG synthesis,US,0,0.253,0,"[Ga trade] Cross-border trade-cost row generated from Ga topology: New manufacturing scrap recovery CA -> TMG synthesis US; tariff set to 0 in baseline; verify HS/country treatment if scenario requires; confidence=suspect, Medium conf; CI=0.60-0.75; source_urls=https://pubs.usgs.gov/periodicals/mcs2025/mcs2025-gallium.pdf; https://pubs.usgs.gov/myb/vol1/2022/myb1-2022-gallium.pdf; https://www.neomaterials.com/rare-metals/gallium/"
2,New manufacturing scrap recovery,CA,6N_Ga,Wafer manufacturing,CN,0,0.777,0,"[Ga trade] Cross-border trade-cost row generated from Ga topology: New manufacturing scrap recovery CA -> Wafer manufacturing CN; tariff set to 0 in baseline; verify HS/country treatment if scenario requires; confidence=suspect, Medium conf; CI=0.60-0.75; source_urls=https://pubs.usgs.gov/periodicals/mcs2025/mcs2025-gallium.pdf; https://pubs.usgs.gov/myb/vol1/2022/myb1-2022-gallium.pdf; https://www.neomaterials.com/rare-metals/gallium/"
2,New manufacturing scrap recovery,CA,6N_Ga,Wafer manufacturing,JP,0,0.6858,0,"[Ga trade] Cross-border trade-cost row generated from Ga topology: New manufacturing scrap recovery CA -> Wafer manufacturing JP; tariff set to 0 in baseline; verify HS/country treatment if scenario requires; confidence=suspect, Medium conf; CI=0.60-0.75; source_urls=https://pubs.usgs.gov/periodicals/mcs2025/mcs2025-gallium.pdf; https://pubs.usgs.gov/myb/vol1/2022/myb1-2022-gallium.pdf; https://www.neomaterials.com/rare-metals/gallium/"
2,New manufacturing scrap recovery,CA,6N_Ga,Wafer manufacturing,KR,0,0.7205,0,"[Ga trade] Cross-border trade-cost row generated from Ga topology: New manufacturing scrap recovery CA -> Wafer manufacturing KR; tariff set to 0 in baseline; verify HS/country treatment if scenario requires; confidence=suspect, Medium conf; CI=0.60-0.75; source_urls=https://pubs.usgs.gov/periodicals/mcs2025/mcs2025-gallium.pdf; https://pubs.usgs.gov/myb/vol1/2022/myb1-2022-gallium.pdf; https://www.neomaterials.com/rare-metals/gallium/"
2,New manufacturing scrap recovery,CA,6N_Ga,Wafer manufacturing,US,0,0.253,0,"[Ga trade] Cross-border trade-cost row generated from Ga topology: New manufacturing scrap recovery CA -> Wafer manufacturing US; tariff set to 0 in baseline; verify HS/country treatment if scenario requires; confidence=suspect, Medium conf; CI=0.60-0.75; source_urls=https://pubs.usgs.gov/periodicals/mcs2025/mcs2025-gallium.pdf; https://pubs.usgs.gov/myb/vol1/2022/myb1-2022-gallium.pdf; https://www.neomaterials.com/rare-metals/gallium/"
2,New manufacturing scrap recovery,CN,6N_Ga,,,238,0.08,0,"[Ga proc] Domestic/incremental processing-cost row generated from Ga topology; planning-grade placeholder in USD/kg material; confidence=ok, High conf; CI=0.85-0.97; source_urls=https://pubs.usgs.gov/periodicals/mcs2025/mcs2025-gallium.pdf; https://pubs.usgs.gov/myb/vol1/2022/myb1-2022-gallium.pdf; https://www.nouryon.com/product/tmga-ssg-trimethylgallium-cas-1445-79-0 | Jacob Cordell expert review 2026-05-28: reviewed_planning processing-cost update reflects expert-updated planning assumptions for recovery from new manufacturing scrap; period-0 reviewed value propagated to all modeled time periods for temporal consistency."
2,New manufacturing scrap recovery,CN,6N_Ga,TMG synthesis,JP,0,0.3333,0,"[Ga trade] Cross-border trade-cost row generated from Ga topology: New manufacturing scrap recovery CN -> TMG synthesis JP; tariff set to 0 in baseline; verify HS/country treatment if scenario requires; confidence=suspect, Medium conf; CI=0.60-0.75; source_urls=https://pubs.usgs.gov/periodicals/mcs2025/mcs2025-gallium.pdf; https://pubs.usgs.gov/myb/vol1/2022/myb1-2022-gallium.pdf; https://www.nouryon.com/product/tmga-ssg-trimethylgallium-cas-1445-79-0"
2,New manufacturing scrap recovery,CN,6N_Ga,TMG synthesis,KR,0,0.2683,0,"[Ga trade] Cross-border trade-cost row generated from Ga topology: New manufacturing scrap recovery CN -> TMG synthesis KR; tariff set to 0 in baseline; verify HS/country treatment if scenario requires; confidence=suspect, Medium conf; CI=0.60-0.75; source_urls=https://pubs.usgs.gov/periodicals/mcs2025/mcs2025-gallium.pdf; https://pubs.usgs.gov/myb/vol1/2022/myb1-2022-gallium.pdf; https://www.nouryon.com/product/tmga-ssg-trimethylgallium-cas-1445-79-0"
2,New manufacturing scrap recovery,CN,6N_Ga,TMG synthesis,US,0,0.9097,0,"[Ga trade] Cross-border trade-cost row generated from Ga topology: New manufacturing scrap recovery CN -> TMG synthesis US; US gallium-metal proxy tariff applied; confidence=suspect, Medium conf; CI=0.60-0.75; source_urls=https://pubs.usgs.gov/periodicals/mcs2025/mcs2025-gallium.pdf; https://pubs.usgs.gov/myb/vol1/2022/myb1-2022-gallium.pdf; https://www.nouryon.com/product/tmga-ssg-trimethylgallium-cas-1445-79-0 | Jacob Cordell expert review 2026-05-28: reviewed_planning tariff assumptions were propagated consistently across all modeled time periods."
2,New manufacturing scrap recovery,CN,6N_Ga,Wafer manufacturing,JP,0,0.3333,0,"[Ga trade] Cross-border trade-cost row generated from Ga topology: New manufacturing scrap recovery CN -> Wafer manufacturing JP; tariff set to 0 in baseline; verify HS/country treatment if scenario requires; confidence=suspect, Medium conf; CI=0.60-0.75; source_urls=https://pubs.usgs.gov/periodicals/mcs2025/mcs2025-gallium.pdf; https://pubs.usgs.gov/myb/vol1/2022/myb1-2022-gallium.pdf; https://pubs.usgs.gov/periodicals/mcs2026/mcs2026-gallium.pdf"
2,New manufacturing scrap recovery,CN,6N_Ga,Wafer manufacturing,KR,0,0.2683,0,"[Ga trade] Cross-border trade-cost row generated from Ga topology: New manufacturing scrap recovery CN -> Wafer manufacturing KR; tariff set to 0 in baseline; verify HS/country treatment if scenario requires; confidence=suspect, Medium conf; CI=0.60-0.75; source_urls=https://pubs.usgs.gov/periodicals/mcs2025/mcs2025-gallium.pdf; https://pubs.usgs.gov/myb/vol1/2022/myb1-2022-gallium.pdf; https://pubs.usgs.gov/periodicals/mcs2026/mcs2026-gallium.pdf"
2,New manufacturing scrap recovery,CN,6N_Ga,Wafer manufacturing,US,0,0.9097,0,"[Ga trade] Cross-border trade-cost row generated from Ga topology: New manufacturing scrap recovery CN -> Wafer manufacturing US; US gallium-metal proxy tariff applied; confidence=suspect, Medium conf; CI=0.60-0.75; source_urls=https://pubs.usgs.gov/periodicals/mcs2025/mcs2025-gallium.pdf; https://pubs.usgs.gov/myb/vol1/2022/myb1-2022-gallium.pdf; https://pubs.usgs.gov/periodicals/mcs2026/mcs2026-gallium.pdf | Jacob Cordell expert review 2026-05-28: reviewed_planning tariff assumptions were propagated consistently across all modeled time periods."
2,New manufacturing scrap recovery,JP,6N_Ga,,,322,0.076,0,"[Ga proc] Domestic/incremental processing-cost row generated from Ga topology; planning-grade placeholder in USD/kg material; confidence=suspect, Medium conf; CI=0.60-0.75; source_urls=https://pubs.usgs.gov/periodicals/mcs2025/mcs2025-gallium.pdf; https://pubs.usgs.gov/myb/vol1/2022/myb1-2022-gallium.pdf; https://www.nouryon.com/product/tmga-ssg-trimethylgallium-cas-1445-79-0 | Jacob Cordell expert review 2026-05-28: reviewed_planning processing-cost update reflects expert-updated planning assumptions for recovery from new manufacturing scrap; period-0 reviewed value propagated to all modeled time periods for temporal consistency."
2,New manufacturing scrap recovery,JP,6N_Ga,TMG synthesis,CN,0,0.3333,0,"[Ga trade] Cross-border trade-cost row generated from Ga topology: New manufacturing scrap recovery JP -> TMG synthesis CN; tariff set to 0 in baseline; verify HS/country treatment if scenario requires; confidence=suspect, Medium conf; CI=0.60-0.75; source_urls=https://pubs.usgs.gov/periodicals/mcs2025/mcs2025-gallium.pdf; https://pubs.usgs.gov/myb/vol1/2022/myb1-2022-gallium.pdf; https://www.nouryon.com/product/tmga-ssg-trimethylgallium-cas-1445-79-0"
2,New manufacturing scrap recovery,JP,6N_Ga,TMG synthesis,KR,0,0.186,0,"[Ga trade] Cross-border trade-cost row generated from Ga topology: New manufacturing scrap recovery JP -> TMG synthesis KR; tariff set to 0 in baseline; verify HS/country treatment if scenario requires; confidence=suspect, Medium conf; CI=0.60-0.75; source_urls=https://pubs.usgs.gov/periodicals/mcs2025/mcs2025-gallium.pdf; https://pubs.usgs.gov/myb/vol1/2022/myb1-2022-gallium.pdf; https://www.nouryon.com/product/tmga-ssg-trimethylgallium-cas-1445-79-0"
2,New manufacturing scrap recovery,JP,6N_Ga,TMG synthesis,US,0,0.803,0,"[Ga trade] Cross-border trade-cost row generated from Ga topology: New manufacturing scrap recovery JP -> TMG synthesis US; US gallium-metal proxy tariff applied; confidence=suspect, Medium conf; CI=0.60-0.75; source_urls=https://pubs.usgs.gov/periodicals/mcs2025/mcs2025-gallium.pdf; https://pubs.usgs.gov/myb/vol1/2022/myb1-2022-gallium.pdf; https://www.nouryon.com/product/tmga-ssg-trimethylgallium-cas-1445-79-0 | Jacob Cordell expert review 2026-05-28: reviewed_planning tariff assumptions were propagated consistently across all modeled time periods."
2,New manufacturing scrap recovery,JP,6N_Ga,Wafer manufacturing,CN,0,0.3333,0,"[Ga trade] Cross-border trade-cost row generated from Ga topology: New manufacturing scrap recovery JP -> Wafer manufacturing CN; tariff set to 0 in baseline; verify HS/country treatment if scenario requires; confidence=suspect, Medium conf; CI=0.60-0.75; source_urls=https://pubs.usgs.gov/periodicals/mcs2025/mcs2025-gallium.pdf; https://pubs.usgs.gov/myb/vol1/2022/myb1-2022-gallium.pdf; https://pubs.usgs.gov/periodicals/mcs2026/mcs2026-gallium.pdf"
2,New manufacturing scrap recovery,JP,6N_Ga,Wafer manufacturing,KR,0,0.186,0,"[Ga trade] Cross-border trade-cost row generated from Ga topology: New manufacturing scrap recovery JP -> Wafer manufacturing KR; tariff set to 0 in baseline; verify HS/country treatment if scenario requires; confidence=suspect, Medium conf; CI=0.60-0.75; source_urls=https://pubs.usgs.gov/periodicals/mcs2025/mcs2025-gallium.pdf; https://pubs.usgs.gov/myb/vol1/2022/myb1-2022-gallium.pdf; https://pubs.usgs.gov/periodicals/mcs2026/mcs2026-gallium.pdf"
2,New manufacturing scrap recovery,JP,6N_Ga,Wafer manufacturing,US,0,0.803,0,"[Ga trade] Cross-border trade-cost row generated from Ga topology: New manufacturing scrap recovery JP -> Wafer manufacturing US; US gallium-metal proxy tariff applied; confidence=suspect, Medium conf; CI=0.60-0.75; source_urls=https://pubs.usgs.gov/periodicals/mcs2025/mcs2025-gallium.pdf; https://pubs.usgs.gov/myb/vol1/2022/myb1-2022-gallium.pdf; https://pubs.usgs.gov/periodicals/mcs2026/mcs2026-gallium.pdf | Jacob Cordell expert review 2026-05-28: reviewed_planning tariff assumptions were propagated consistently across all modeled time periods."
2,New manufacturing scrap recovery,KR,6N_Ga,,,296,0.072,0,"[Ga proc] Domestic/incremental processing-cost row generated from Ga topology; planning-grade placeholder in USD/kg material; confidence=suspect, Medium conf; CI=0.60-0.75; source_urls=https://pubs.usgs.gov/myb/vol1/2022/myb1-2022-gallium.pdf; https://www.nouryon.com/product/tmga-ssg-trimethylgallium-cas-1445-79-0 | Jacob Cordell expert review 2026-05-28: reviewed_planning processing-cost update reflects expert-updated planning assumptions for recovery from new manufacturing scrap; period-0 reviewed value propagated to all modeled time periods for temporal consistency."
2,New manufacturing scrap recovery,KR,6N_Ga,TMG synthesis,CN,0,0.2683,0,"[Ga trade] Cross-border trade-cost row generated from Ga topology: New manufacturing scrap recovery KR -> TMG synthesis CN; tariff set to 0 in baseline; verify HS/country treatment if scenario requires; confidence=suspect, Medium conf; CI=0.60-0.75; source_urls=https://pubs.usgs.gov/myb/vol1/2022/myb1-2022-gallium.pdf; https://www.nouryon.com/product/tmga-ssg-trimethylgallium-cas-1445-79-0"
2,New manufacturing scrap recovery,KR,6N_Ga,TMG synthesis,JP,0,0.186,0,"[Ga trade] Cross-border trade-cost row generated from Ga topology: New manufacturing scrap recovery KR -> TMG synthesis JP; tariff set to 0 in baseline; verify HS/country treatment if scenario requires; confidence=suspect, Medium conf; CI=0.60-0.75; source_urls=https://pubs.usgs.gov/myb/vol1/2022/myb1-2022-gallium.pdf; https://www.nouryon.com/product/tmga-ssg-trimethylgallium-cas-1445-79-0"
2,New manufacturing scrap recovery,KR,6N_Ga,TMG synthesis,US,0,0.8445,0,"[Ga trade] Cross-border trade-cost row generated from Ga topology: New manufacturing scrap recovery KR -> TMG synthesis US; tariff set to 0 in baseline; verify HS/country treatment if scenario requires; confidence=suspect, Medium conf; CI=0.60-0.75; source_urls=https://pubs.usgs.gov/myb/vol1/2022/myb1-2022-gallium.pdf; https://www.nouryon.com/product/tmga-ssg-trimethylgallium-cas-1445-79-0"
2,New manufacturing scrap recovery,KR,6N_Ga,Wafer manufacturing,CN,0,0.2683,0,"[Ga trade] Cross-border trade-cost row generated from Ga topology: New manufacturing scrap recovery KR -> Wafer manufacturing CN; tariff set to 0 in baseline; verify HS/country treatment if scenario requires; confidence=suspect, Medium conf; CI=0.60-0.75; source_urls=https://pubs.usgs.gov/myb/vol1/2022/myb1-2022-gallium.pdf; https://pubs.usgs.gov/periodicals/mcs2026/mcs2026-gallium.pdf"
2,New manufacturing scrap recovery,KR,6N_Ga,Wafer manufacturing,JP,0,0.186,0,"[Ga trade] Cross-border trade-cost row generated from Ga topology: New manufacturing scrap recovery KR -> Wafer manufacturing JP; tariff set to 0 in baseline; verify HS/country treatment if scenario requires; confidence=suspect, Medium conf; CI=0.60-0.75; source_urls=https://pubs.usgs.gov/myb/vol1/2022/myb1-2022-gallium.pdf; https://pubs.usgs.gov/periodicals/mcs2026/mcs2026-gallium.pdf"
2,New manufacturing scrap recovery,KR,6N_Ga,Wafer manufacturing,US,0,0.8445,0,"[Ga trade] Cross-border trade-cost row generated from Ga topology: New manufacturing scrap recovery KR -> Wafer manufacturing US; tariff set to 0 in baseline; verify HS/country treatment if scenario requires; confidence=suspect, Medium conf; CI=0.60-0.75; source_urls=https://pubs.usgs.gov/myb/vol1/2022/myb1-2022-gallium.pdf; https://pubs.usgs.gov/periodicals/mcs2026/mcs2026-gallium.pdf"
2,New manufacturing scrap recovery,US,6N_Ga,,,336,0.088,0,"[Ga proc] Domestic/incremental processing-cost row generated from Ga topology; planning-grade placeholder in USD/kg material; confidence=suspect, Medium conf; CI=0.60-0.75; source_urls=https://pubs.usgs.gov/periodicals/mcs2026/mcs2026-gallium.pdf; https://pubs.usgs.gov/myb/vol1/2022/myb1-2022-gallium.pdf; https://www.nouryon.com/product/tmga-ssg-trimethylgallium-cas-1445-79-0 | Jacob Cordell expert review 2026-05-28: reviewed_planning processing-cost update reflects expert-updated planning assumptions for recovery from new manufacturing scrap; period-0 reviewed value propagated to all modeled time periods for temporal consistency."
2,New manufacturing scrap recovery,US,6N_Ga,TMG synthesis,CN,0,0.9097,0,"[Ga trade] Cross-border trade-cost row generated from Ga topology: New manufacturing scrap recovery US -> TMG synthesis CN; tariff set to 0 in baseline; verify HS/country treatment if scenario requires; confidence=suspect, Medium conf; CI=0.60-0.75; source_urls=https://pubs.usgs.gov/periodicals/mcs2026/mcs2026-gallium.pdf; https://pubs.usgs.gov/myb/vol1/2022/myb1-2022-gallium.pdf; https://www.nouryon.com/product/tmga-ssg-trimethylgallium-cas-1445-79-0"
2,New manufacturing scrap recovery,US,6N_Ga,TMG synthesis,JP,0,0.803,0,"[Ga trade] Cross-border trade-cost row generated from Ga topology: New manufacturing scrap recovery US -> TMG synthesis JP; tariff set to 0 in baseline; verify HS/country treatment if scenario requires; confidence=suspect, Medium conf; CI=0.60-0.75; source_urls=https://pubs.usgs.gov/periodicals/mcs2026/mcs2026-gallium.pdf; https://pubs.usgs.gov/myb/vol1/2022/myb1-2022-gallium.pdf; https://www.nouryon.com/product/tmga-ssg-trimethylgallium-cas-1445-79-0"
2,New manufacturing scrap recovery,US,6N_Ga,TMG synthesis,KR,0,0.8445,0,"[Ga trade] Cross-border trade-cost row generated from Ga topology: New manufacturing scrap recovery US -> TMG synthesis KR; tariff set to 0 in baseline; verify HS/country treatment if scenario requires; confidence=suspect, Medium conf; CI=0.60-0.75; source_urls=https://pubs.usgs.gov/periodicals/mcs2026/mcs2026-gallium.pdf; https://pubs.usgs.gov/myb/vol1/2022/myb1-2022-gallium.pdf; https://www.nouryon.com/product/tmga-ssg-trimethylgallium-cas-1445-79-0"
2,New manufacturing scrap recovery,US,6N_Ga,Wafer manufacturing,CN,0,0.9097,0,"[Ga trade] Cross-border trade-cost row generated from Ga topology: New manufacturing scrap recovery US -> Wafer manufacturing CN; tariff set to 0 in baseline; verify HS/country treatment if scenario requires; confidence=suspect, Medium conf; CI=0.60-0.75; source_urls=https://pubs.usgs.gov/periodicals/mcs2026/mcs2026-gallium.pdf; https://pubs.usgs.gov/myb/vol1/2022/myb1-2022-gallium.pdf; https://pubs.usgs.gov/periodicals/mcs2026/mcs2026-gallium.pdf"
2,New manufacturing scrap recovery,US,6N_Ga,Wafer manufacturing,JP,0,0.803,0,"[Ga trade] Cross-border trade-cost row generated from Ga topology: New manufacturing scrap recovery US -> Wafer manufacturing JP; tariff set to 0 in baseline; verify HS/country treatment if scenario requires; confidence=suspect, Medium conf; CI=0.60-0.75; source_urls=https://pubs.usgs.gov/periodicals/mcs2026/mcs2026-gallium.pdf; https://pubs.usgs.gov/myb/vol1/2022/myb1-2022-gallium.pdf; https://pubs.usgs.gov/periodicals/mcs2026/mcs2026-gallium.pdf"
2,New manufacturing scrap recovery,US,6N_Ga,Wafer manufacturing,KR,0,0.8445,0,"[Ga trade] Cross-border trade-cost row generated from Ga topology: New manufacturing scrap recovery US -> Wafer manufacturing KR; tariff set to 0 in baseline; verify HS/country treatment if scenario requires; confidence=suspect, Medium conf; CI=0.60-0.75; source_urls=https://pubs.usgs.gov/periodicals/mcs2026/mcs2026-gallium.pdf; https://pubs.usgs.gov/myb/vol1/2022/myb1-2022-gallium.pdf; https://pubs.usgs.gov/periodicals/mcs2026/mcs2026-gallium.pdf"
2,TMG synthesis,CN,TMG,,,467.5,0.12,0,"[Ga proc] Domestic/incremental processing-cost row generated from Ga topology; planning-grade placeholder in USD/kg material; confidence=ok, Medium-high conf; CI=0.75-0.88; source_urls=https://pubs.usgs.gov/myb/vol1/2022/myb1-2022-gallium.pdf; https://www.nouryon.com/product/tmga-ssg-trimethylgallium-cas-1445-79-0; https://pubs.usgs.gov/periodicals/mcs2026/mcs2026-gallium.pdf"
2,TMG synthesis,CN,TMG,Wafer manufacturing,JP,0,0.4237,0,"[Ga trade] Cross-border trade-cost row generated from Ga topology: TMG synthesis CN -> Wafer manufacturing JP; tariff set to 0 in baseline; verify HS/country treatment if scenario requires; confidence=ok, Medium-high conf; CI=0.75-0.88; source_urls=https://pubs.usgs.gov/myb/vol1/2022/myb1-2022-gallium.pdf; https://www.nouryon.com/product/tmga-ssg-trimethylgallium-cas-1445-79-0"
2,TMG synthesis,CN,TMG,Wafer manufacturing,KR,0,0.3495,0,"[Ga trade] Cross-border trade-cost row generated from Ga topology: TMG synthesis CN -> Wafer manufacturing KR; tariff set to 0 in baseline; verify HS/country treatment if scenario requires; confidence=ok, Medium conf; CI=0.60-0.75; source_urls=https://pubs.usgs.gov/myb/vol1/2022/myb1-2022-gallium.pdf; https://www.nouryon.com/product/tmga-ssg-trimethylgallium-cas-1445-79-0; https://pubs.usgs.gov/periodicals/mcs2025/mcs2025-gallium.pdf"
2,TMG synthesis,CN,TMG,Wafer manufacturing,US,0,1.083,0,"[Ga trade] Cross-border trade-cost row generated from Ga topology: TMG synthesis CN -> Wafer manufacturing US; tariff set to 0 in baseline; verify HS/country treatment if scenario requires; confidence=ok, Medium-high conf; CI=0.75-0.88; source_urls=https://pubs.usgs.gov/myb/vol1/2022/myb1-2022-gallium.pdf; https://www.nouryon.com/product/tmga-ssg-trimethylgallium-cas-1445-79-0; https://pubs.usgs.gov/periodicals/mcs2026/mcs2026-gallium.pdf"
2,TMG synthesis,JP,TMG,,,632.5,0.114,0,"[Ga proc] Domestic/incremental processing-cost row generated from Ga topology; planning-grade placeholder in USD/kg material; confidence=ok, Medium-high conf; CI=0.75-0.88; source_urls=https://pubs.usgs.gov/myb/vol1/2022/myb1-2022-gallium.pdf; https://www.nouryon.com/product/tmga-ssg-trimethylgallium-cas-1445-79-0; https://pubs.usgs.gov/periodicals/mcs2026/mcs2026-gallium.pdf"
2,TMG synthesis,JP,TMG,Wafer manufacturing,CN,0,0.4237,0,"[Ga trade] Cross-border trade-cost row generated from Ga topology: TMG synthesis JP -> Wafer manufacturing CN; tariff set to 0 in baseline; verify HS/country treatment if scenario requires; confidence=ok, Medium-high conf; CI=0.75-0.88; source_urls=https://pubs.usgs.gov/myb/vol1/2022/myb1-2022-gallium.pdf; https://www.nouryon.com/product/tmga-ssg-trimethylgallium-cas-1445-79-0; https://pubs.usgs.gov/periodicals/mcs2026/mcs2026-gallium.pdf"
2,TMG synthesis,JP,TMG,Wafer manufacturing,KR,0,0.2554,0,"[Ga trade] Cross-border trade-cost row generated from Ga topology: TMG synthesis JP -> Wafer manufacturing KR; tariff set to 0 in baseline; verify HS/country treatment if scenario requires; confidence=ok, Medium conf; CI=0.60-0.75; source_urls=https://pubs.usgs.gov/myb/vol1/2022/myb1-2022-gallium.pdf; https://www.nouryon.com/product/tmga-ssg-trimethylgallium-cas-1445-79-0; https://pubs.usgs.gov/periodicals/mcs2025/mcs2025-gallium.pdf"
2,TMG synthesis,JP,TMG,Wafer manufacturing,US,0,0.9606,0,"[Ga trade] Cross-border trade-cost row generated from Ga topology: TMG synthesis JP -> Wafer manufacturing US; tariff set to 0 in baseline; verify HS/country treatment if scenario requires; confidence=ok, Medium-high conf; CI=0.75-0.88; source_urls=https://pubs.usgs.gov/myb/vol1/2022/myb1-2022-gallium.pdf; https://www.nouryon.com/product/tmga-ssg-trimethylgallium-cas-1445-79-0; https://pubs.usgs.gov/periodicals/mcs2026/mcs2026-gallium.pdf"
2,TMG synthesis,KR,TMG,,,577.5,0.108,0,"[Ga proc] Domestic/incremental processing-cost row generated from Ga topology; planning-grade placeholder in USD/kg material; confidence=ok, Medium conf; CI=0.60-0.75; source_urls=https://pubs.usgs.gov/myb/vol1/2022/myb1-2022-gallium.pdf; https://www.nouryon.com/product/tmga-ssg-trimethylgallium-cas-1445-79-0; https://pubs.usgs.gov/periodicals/mcs2026/mcs2026-gallium.pdf"
2,TMG synthesis,KR,TMG,Wafer manufacturing,CN,0,0.3495,0,"[Ga trade] Cross-border trade-cost row generated from Ga topology: TMG synthesis KR -> Wafer manufacturing CN; tariff set to 0 in baseline; verify HS/country treatment if scenario requires; confidence=ok, Medium conf; CI=0.60-0.75; source_urls=https://pubs.usgs.gov/myb/vol1/2022/myb1-2022-gallium.pdf; https://www.nouryon.com/product/tmga-ssg-trimethylgallium-cas-1445-79-0; https://pubs.usgs.gov/periodicals/mcs2026/mcs2026-gallium.pdf"
2,TMG synthesis,KR,TMG,Wafer manufacturing,JP,0,0.2554,0,"[Ga trade] Cross-border trade-cost row generated from Ga topology: TMG synthesis KR -> Wafer manufacturing JP; tariff set to 0 in baseline; verify HS/country treatment if scenario requires; confidence=ok, Medium conf; CI=0.60-0.75; source_urls=https://pubs.usgs.gov/myb/vol1/2022/myb1-2022-gallium.pdf; https://www.nouryon.com/product/tmga-ssg-trimethylgallium-cas-1445-79-0"
2,TMG synthesis,KR,TMG,Wafer manufacturing,US,0,1.008,0,"[Ga trade] Cross-border trade-cost row generated from Ga topology: TMG synthesis KR -> Wafer manufacturing US; tariff set to 0 in baseline; verify HS/country treatment if scenario requires; confidence=ok, Medium conf; CI=0.60-0.75; source_urls=https://pubs.usgs.gov/myb/vol1/2022/myb1-2022-gallium.pdf; https://www.nouryon.com/product/tmga-ssg-trimethylgallium-cas-1445-79-0; https://pubs.usgs.gov/periodicals/mcs2026/mcs2026-gallium.pdf"
2,TMG synthesis,US,TMG,,,660,0.132,0,"[Ga proc] Domestic/incremental processing-cost row generated from Ga topology; planning-grade placeholder in USD/kg material; confidence=ok, Medium conf; CI=0.60-0.75; source_urls=https://pubs.usgs.gov/periodicals/mcs2026/mcs2026-gallium.pdf; https://www.nouryon.com/product/tmga-ssg-trimethylgallium-cas-1445-79-0; https://www.neomaterials.com/neo-announces-the-completion-of-the-sale-of-its-quapaw-oklahoma-rare-metals-facility/"
2,TMG synthesis,US,TMG,Wafer manufacturing,CN,0,1.083,0,"[Ga trade] Cross-border trade-cost row generated from Ga topology: TMG synthesis US -> Wafer manufacturing CN; tariff set to 0 in baseline; verify HS/country treatment if scenario requires; confidence=ok, Medium conf; CI=0.60-0.75; source_urls=https://pubs.usgs.gov/periodicals/mcs2026/mcs2026-gallium.pdf; https://www.nouryon.com/product/tmga-ssg-trimethylgallium-cas-1445-79-0; https://www.neomaterials.com/neo-announces-the-completion-of-the-sale-of-its-quapaw-oklahoma-rare-metals-facility/"
2,TMG synthesis,US,TMG,Wafer manufacturing,JP,0,0.9606,0,"[Ga trade] Cross-border trade-cost row generated from Ga topology: TMG synthesis US -> Wafer manufacturing JP; tariff set to 0 in baseline; verify HS/country treatment if scenario requires; confidence=ok, Medium conf; CI=0.60-0.75; source_urls=https://pubs.usgs.gov/periodicals/mcs2026/mcs2026-gallium.pdf; https://www.nouryon.com/product/tmga-ssg-trimethylgallium-cas-1445-79-0; https://www.neomaterials.com/neo-announces-the-completion-of-the-sale-of-its-quapaw-oklahoma-rare-metals-facility/"
2,TMG synthesis,US,TMG,Wafer manufacturing,KR,0,1.008,0,"[Ga trade] Cross-border trade-cost row generated from Ga topology: TMG synthesis US -> Wafer manufacturing KR; tariff set to 0 in baseline; verify HS/country treatment if scenario requires; confidence=ok, Medium conf; CI=0.60-0.75; source_urls=https://pubs.usgs.gov/periodicals/mcs2026/mcs2026-gallium.pdf; https://www.nouryon.com/product/tmga-ssg-trimethylgallium-cas-1445-79-0; https://www.neomaterials.com/neo-announces-the-completion-of-the-sale-of-its-quapaw-oklahoma-rare-metals-facility/"
2,Wafer manufacturing,CN,GaAs_wafer,,,3000,0.1,0,"[Ga proc] Domestic/incremental processing-cost row generated from Ga topology; planning-grade placeholder in USD/kg material; confidence=ok, High conf; CI=0.85-0.97; source_urls=https://pubs.usgs.gov/myb/vol1/2022/myb1-2022-gallium.pdf; https://pubs.usgs.gov/periodicals/mcs2026/mcs2026-gallium.pdf | Jacob Cordell expert review 2026-05-28: reviewed_planning processing-cost update reflects expert-updated wafer manufacturing cost assumptions and is high-impact for downstream cost and labor-hour proxy calculations; period-0 reviewed value propagated to all modeled time periods for temporal consistency."
2,Wafer manufacturing,CN,GaAs_wafer,wafer_market_mix,US,0,1.083,0,"[Ga trade] Cross-border trade-cost row generated from Ga topology: Wafer manufacturing CN -> wafer_market_mix US; tariff set to 0 in baseline; verify HS/country treatment if scenario requires; confidence=ok, High conf; CI=0.85-0.97; source_urls=https://pubs.usgs.gov/myb/vol1/2022/myb1-2022-gallium.pdf; https://pubs.usgs.gov/periodicals/mcs2026/mcs2026-gallium.pdf"
2,Wafer manufacturing,CN,GaN_wafer,,,24000,0.1,0,"[Ga proc] Domestic/incremental processing-cost row generated from Ga topology; planning-grade placeholder in USD/kg material; confidence=suspect, Medium conf; CI=0.60-0.75; source_urls=https://pubs.usgs.gov/periodicals/mcs2026/mcs2026-gallium.pdf; https://pubs.usgs.gov/myb/vol1/2022/myb1-2022-gallium.pdf | Jacob Cordell expert review 2026-05-28: reviewed_planning processing-cost update reflects expert-updated wafer manufacturing cost assumptions and is high-impact for downstream cost and labor-hour proxy calculations; period-0 reviewed value propagated to all modeled time periods for temporal consistency."
2,Wafer manufacturing,CN,GaN_wafer,wafer_market_mix,US,0,1.083,0,"[Ga trade] Cross-border trade-cost row generated from Ga topology: Wafer manufacturing CN -> wafer_market_mix US; tariff set to 0 in baseline; verify HS/country treatment if scenario requires; confidence=suspect, Medium conf; CI=0.60-0.75; source_urls=https://pubs.usgs.gov/periodicals/mcs2026/mcs2026-gallium.pdf; https://pubs.usgs.gov/myb/vol1/2022/myb1-2022-gallium.pdf"
2,Wafer manufacturing,CN,Ga_manufacturing_scrap,,,0.085,0.05,0,"[Ga proc] Domestic/incremental processing-cost row generated from Ga topology; planning-grade placeholder in USD/kg material; confidence=suspect, Medium conf; CI=0.60-0.75; source_urls=https://pubs.usgs.gov/periodicals/mcs2025/mcs2025-gallium.pdf; https://pubs.usgs.gov/myb/vol1/2022/myb1-2022-gallium.pdf; https://www.neomaterials.com/rare-metals/gallium/"
2,Wafer manufacturing,CN,Ga_manufacturing_scrap,New manufacturing scrap recovery,CA,0,0.3885,0,"[Ga trade] Cross-border trade-cost row generated from Ga topology: Wafer manufacturing CN -> New manufacturing scrap recovery CA; tariff set to 0 in baseline; verify HS/country treatment if scenario requires; confidence=suspect, Medium conf; CI=0.60-0.75; source_urls=https://pubs.usgs.gov/periodicals/mcs2025/mcs2025-gallium.pdf; https://pubs.usgs.gov/myb/vol1/2022/myb1-2022-gallium.pdf; https://www.neomaterials.com/rare-metals/gallium/"
2,Wafer manufacturing,CN,Ga_manufacturing_scrap,New manufacturing scrap recovery,JP,0,0.1666,0,"[Ga trade] Cross-border trade-cost row generated from Ga topology: Wafer manufacturing CN -> New manufacturing scrap recovery JP; tariff set to 0 in baseline; verify HS/country treatment if scenario requires; confidence=suspect, Medium conf; CI=0.60-0.75; source_urls=https://pubs.usgs.gov/periodicals/mcs2025/mcs2025-gallium.pdf; https://pubs.usgs.gov/myb/vol1/2022/myb1-2022-gallium.pdf"
2,Wafer manufacturing,CN,Ga_manufacturing_scrap,New manufacturing scrap recovery,US,0,0.4549,0,"[Ga trade] Cross-border trade-cost row generated from Ga topology: Wafer manufacturing CN -> New manufacturing scrap recovery US; tariff set to 0 in baseline; verify HS/country treatment if scenario requires; confidence=suspect, Medium conf; CI=0.60-0.75; source_urls=https://pubs.usgs.gov/periodicals/mcs2026/mcs2026-gallium.pdf; https://pubs.usgs.gov/myb/vol1/2022/myb1-2022-gallium.pdf"
2,Wafer manufacturing,JP,GaAs_wafer,,,3500,0.095,0,"[Ga proc] Domestic/incremental processing-cost row generated from Ga topology; planning-grade placeholder in USD/kg material; confidence=suspect, Medium conf; CI=0.60-0.75; source_urls=https://pubs.usgs.gov/periodicals/mcs2026/mcs2026-gallium.pdf; https://pubs.usgs.gov/myb/vol1/2022/myb1-2022-gallium.pdf | Jacob Cordell expert review 2026-05-28: reviewed_planning processing-cost update reflects expert-updated wafer manufacturing cost assumptions and is high-impact for downstream cost and labor-hour proxy calculations; period-0 reviewed value propagated to all modeled time periods for temporal consistency."
2,Wafer manufacturing,JP,GaAs_wafer,wafer_market_mix,US,0,0.9606,0,"[Ga trade] Cross-border trade-cost row generated from Ga topology: Wafer manufacturing JP -> wafer_market_mix US; tariff set to 0 in baseline; verify HS/country treatment if scenario requires; confidence=suspect, Medium conf; CI=0.60-0.75; source_urls=https://pubs.usgs.gov/periodicals/mcs2026/mcs2026-gallium.pdf; https://pubs.usgs.gov/myb/vol1/2022/myb1-2022-gallium.pdf"
2,Wafer manufacturing,JP,GaN_wafer,,,48000,0.095,0,"[Ga proc] Domestic/incremental processing-cost row generated from Ga topology; planning-grade placeholder in USD/kg material; confidence=ok, High conf; CI=0.85-0.97; source_urls=https://pubs.usgs.gov/myb/vol1/2022/myb1-2022-gallium.pdf; https://pubs.usgs.gov/periodicals/mcs2026/mcs2026-gallium.pdf | Jacob Cordell expert review 2026-05-28: reviewed_planning processing-cost update reflects expert-updated wafer manufacturing cost assumptions and is high-impact for downstream cost and labor-hour proxy calculations; period-0 reviewed value propagated to all modeled time periods for temporal consistency."
2,Wafer manufacturing,JP,GaN_wafer,wafer_market_mix,US,0,0.9606,0,"[Ga trade] Cross-border trade-cost row generated from Ga topology: Wafer manufacturing JP -> wafer_market_mix US; tariff set to 0 in baseline; verify HS/country treatment if scenario requires; confidence=ok, High conf; CI=0.85-0.97; source_urls=https://pubs.usgs.gov/myb/vol1/2022/myb1-2022-gallium.pdf; https://pubs.usgs.gov/periodicals/mcs2026/mcs2026-gallium.pdf"
2,Wafer manufacturing,JP,Ga_manufacturing_scrap,,,0.115,0.0475,0,"[Ga proc] Domestic/incremental processing-cost row generated from Ga topology; planning-grade placeholder in USD/kg material; confidence=suspect, Medium conf; CI=0.60-0.75; source_urls=https://pubs.usgs.gov/periodicals/mcs2025/mcs2025-gallium.pdf; https://pubs.usgs.gov/myb/vol1/2022/myb1-2022-gallium.pdf; https://www.neomaterials.com/rare-metals/gallium/"
2,Wafer manufacturing,JP,Ga_manufacturing_scrap,New manufacturing scrap recovery,CA,0,0.3429,0,"[Ga trade] Cross-border trade-cost row generated from Ga topology: Wafer manufacturing JP -> New manufacturing scrap recovery CA; tariff set to 0 in baseline; verify HS/country treatment if scenario requires; confidence=suspect, Medium conf; CI=0.60-0.75; source_urls=https://pubs.usgs.gov/periodicals/mcs2025/mcs2025-gallium.pdf; https://pubs.usgs.gov/myb/vol1/2022/myb1-2022-gallium.pdf; https://www.neomaterials.com/rare-metals/gallium/"
2,Wafer manufacturing,JP,Ga_manufacturing_scrap,New manufacturing scrap recovery,CN,0,0.1666,0,"[Ga trade] Cross-border trade-cost row generated from Ga topology: Wafer manufacturing JP -> New manufacturing scrap recovery CN; tariff set to 0 in baseline; verify HS/country treatment if scenario requires; confidence=suspect, Medium conf; CI=0.60-0.75; source_urls=https://pubs.usgs.gov/periodicals/mcs2025/mcs2025-gallium.pdf; https://pubs.usgs.gov/myb/vol1/2022/myb1-2022-gallium.pdf"
2,Wafer manufacturing,JP,Ga_manufacturing_scrap,New manufacturing scrap recovery,US,0,0.4015,0,"[Ga trade] Cross-border trade-cost row generated from Ga topology: Wafer manufacturing JP -> New manufacturing scrap recovery US; tariff set to 0 in baseline; verify HS/country treatment if scenario requires; confidence=suspect, Medium conf; CI=0.60-0.75; source_urls=https://pubs.usgs.gov/periodicals/mcs2026/mcs2026-gallium.pdf; https://pubs.usgs.gov/myb/vol1/2022/myb1-2022-gallium.pdf"
2,Wafer manufacturing,KR,GaAs_wafer,,,3500,0.09,0,"[Ga proc] Domestic/incremental processing-cost row generated from Ga topology; planning-grade placeholder in USD/kg material; confidence=suspect, Medium conf; CI=0.60-0.75; source_urls=https://pubs.usgs.gov/periodicals/mcs2026/mcs2026-gallium.pdf; https://pubs.usgs.gov/myb/vol1/2022/myb1-2022-gallium.pdf | Jacob Cordell expert review 2026-05-28: reviewed_planning processing-cost update reflects expert-updated wafer manufacturing cost assumptions and is high-impact for downstream cost and labor-hour proxy calculations; period-0 reviewed value propagated to all modeled time periods for temporal consistency."
2,Wafer manufacturing,KR,GaAs_wafer,wafer_market_mix,US,0,1.008,0,"[Ga trade] Cross-border trade-cost row generated from Ga topology: Wafer manufacturing KR -> wafer_market_mix US; tariff set to 0 in baseline; verify HS/country treatment if scenario requires; confidence=suspect, Medium conf; CI=0.60-0.75; source_urls=https://pubs.usgs.gov/periodicals/mcs2026/mcs2026-gallium.pdf; https://pubs.usgs.gov/myb/vol1/2022/myb1-2022-gallium.pdf"
2,Wafer manufacturing,KR,GaN_wafer,,,48000,0.09,0,"[Ga proc] Domestic/incremental processing-cost row generated from Ga topology; planning-grade placeholder in USD/kg material; confidence=suspect, Medium conf; CI=0.60-0.75; source_urls=https://pubs.usgs.gov/periodicals/mcs2026/mcs2026-gallium.pdf; https://pubs.usgs.gov/myb/vol1/2022/myb1-2022-gallium.pdf | Jacob Cordell expert review 2026-05-28: reviewed_planning processing-cost update reflects expert-updated wafer manufacturing cost assumptions and is high-impact for downstream cost and labor-hour proxy calculations; period-0 reviewed value propagated to all modeled time periods for temporal consistency."
2,Wafer manufacturing,KR,GaN_wafer,wafer_market_mix,US,0,1.008,0,"[Ga trade] Cross-border trade-cost row generated from Ga topology: Wafer manufacturing KR -> wafer_market_mix US; tariff set to 0 in baseline; verify HS/country treatment if scenario requires; confidence=suspect, Medium conf; CI=0.60-0.75; source_urls=https://pubs.usgs.gov/periodicals/mcs2026/mcs2026-gallium.pdf; https://pubs.usgs.gov/myb/vol1/2022/myb1-2022-gallium.pdf"
2,Wafer manufacturing,KR,Ga_manufacturing_scrap,,,0.105,0.045,0,"[Ga proc] Domestic/incremental processing-cost row generated from Ga topology; planning-grade placeholder in USD/kg material; confidence=suspect, Medium conf; CI=0.60-0.75; source_urls=https://pubs.usgs.gov/periodicals/mcs2025/mcs2025-gallium.pdf; https://pubs.usgs.gov/myb/vol1/2022/myb1-2022-gallium.pdf; https://www.neomaterials.com/rare-metals/gallium/"
2,Wafer manufacturing,KR,Ga_manufacturing_scrap,New manufacturing scrap recovery,CA,0,0.3603,0,"[Ga trade] Cross-border trade-cost row generated from Ga topology: Wafer manufacturing KR -> New manufacturing scrap recovery CA; tariff set to 0 in baseline; verify HS/country treatment if scenario requires; confidence=suspect, Medium conf; CI=0.60-0.75; source_urls=https://pubs.usgs.gov/periodicals/mcs2025/mcs2025-gallium.pdf; https://pubs.usgs.gov/myb/vol1/2022/myb1-2022-gallium.pdf; https://www.neomaterials.com/rare-metals/gallium/"
2,Wafer manufacturing,KR,Ga_manufacturing_scrap,New manufacturing scrap recovery,CN,0,0.1341,0,"[Ga trade] Cross-border trade-cost row generated from Ga topology: Wafer manufacturing KR -> New manufacturing scrap recovery CN; tariff set to 0 in baseline; verify HS/country treatment if scenario requires; confidence=suspect, Medium conf; CI=0.60-0.75; source_urls=https://pubs.usgs.gov/periodicals/mcs2025/mcs2025-gallium.pdf; https://pubs.usgs.gov/myb/vol1/2022/myb1-2022-gallium.pdf"
2,Wafer manufacturing,KR,Ga_manufacturing_scrap,New manufacturing scrap recovery,JP,0,0.093,0,"[Ga trade] Cross-border trade-cost row generated from Ga topology: Wafer manufacturing KR -> New manufacturing scrap recovery JP; tariff set to 0 in baseline; verify HS/country treatment if scenario requires; confidence=suspect, Medium conf; CI=0.60-0.75; source_urls=https://pubs.usgs.gov/periodicals/mcs2025/mcs2025-gallium.pdf; https://pubs.usgs.gov/myb/vol1/2022/myb1-2022-gallium.pdf"
2,Wafer manufacturing,KR,Ga_manufacturing_scrap,New manufacturing scrap recovery,US,0,0.4223,0,"[Ga trade] Cross-border trade-cost row generated from Ga topology: Wafer manufacturing KR -> New manufacturing scrap recovery US; tariff set to 0 in baseline; verify HS/country treatment if scenario requires; confidence=suspect, Medium conf; CI=0.60-0.75; source_urls=https://pubs.usgs.gov/periodicals/mcs2026/mcs2026-gallium.pdf; https://pubs.usgs.gov/myb/vol1/2022/myb1-2022-gallium.pdf"
2,Wafer manufacturing,US,GaAs_wafer,,,3500,0.11,0,"[Ga proc] Domestic/incremental processing-cost row generated from Ga topology; planning-grade placeholder in USD/kg material; confidence=ok, High conf; CI=0.85-0.97; source_urls=https://pubs.usgs.gov/periodicals/mcs2026/mcs2026-gallium.pdf | Jacob Cordell expert review 2026-05-28: reviewed_planning processing-cost update reflects expert-updated wafer manufacturing cost assumptions and is high-impact for downstream cost and labor-hour proxy calculations; period-0 reviewed value propagated to all modeled time periods for temporal consistency."
2,Wafer manufacturing,US,GaN_wafer,,,48000,0.11,0,"[Ga proc] Domestic/incremental processing-cost row generated from Ga topology; planning-grade placeholder in USD/kg material; confidence=ok, High conf; CI=0.85-0.97; source_urls=https://pubs.usgs.gov/periodicals/mcs2026/mcs2026-gallium.pdf | Jacob Cordell expert review 2026-05-28: reviewed_planning processing-cost update reflects expert-updated wafer manufacturing cost assumptions and is high-impact for downstream cost and labor-hour proxy calculations; period-0 reviewed value propagated to all modeled time periods for temporal consistency."
2,Wafer manufacturing,US,Ga_manufacturing_scrap,,,0.12,0.055,0,"[Ga proc] Domestic/incremental processing-cost row generated from Ga topology; planning-grade placeholder in USD/kg material; confidence=suspect, Medium conf; CI=0.60-0.75; source_urls=https://pubs.usgs.gov/periodicals/mcs2025/mcs2025-gallium.pdf; https://pubs.usgs.gov/myb/vol1/2022/myb1-2022-gallium.pdf; https://www.neomaterials.com/rare-metals/gallium/"
2,Wafer manufacturing,US,Ga_manufacturing_scrap,New manufacturing scrap recovery,CA,0,0.1265,0,"[Ga trade] Cross-border trade-cost row generated from Ga topology: Wafer manufacturing US -> New manufacturing scrap recovery CA; tariff set to 0 in baseline; verify HS/country treatment if scenario requires; confidence=suspect, Medium conf; CI=0.60-0.75; source_urls=https://pubs.usgs.gov/periodicals/mcs2025/mcs2025-gallium.pdf; https://pubs.usgs.gov/myb/vol1/2022/myb1-2022-gallium.pdf; https://www.neomaterials.com/rare-metals/gallium/"
2,Wafer manufacturing,US,Ga_manufacturing_scrap,New manufacturing scrap recovery,CN,0,0.4549,0,"[Ga trade] Cross-border trade-cost row generated from Ga topology: Wafer manufacturing US -> New manufacturing scrap recovery CN; tariff set to 0 in baseline; verify HS/country treatment if scenario requires; confidence=suspect, Medium conf; CI=0.60-0.75; source_urls=https://pubs.usgs.gov/periodicals/mcs2025/mcs2025-gallium.pdf; https://pubs.usgs.gov/myb/vol1/2022/myb1-2022-gallium.pdf"
2,Wafer manufacturing,US,Ga_manufacturing_scrap,New manufacturing scrap recovery,JP,0,0.4015,0,"[Ga trade] Cross-border trade-cost row generated from Ga topology: Wafer manufacturing US -> New manufacturing scrap recovery JP; tariff set to 0 in baseline; verify HS/country treatment if scenario requires; confidence=suspect, Medium conf; CI=0.60-0.75; source_urls=https://pubs.usgs.gov/periodicals/mcs2025/mcs2025-gallium.pdf; https://pubs.usgs.gov/myb/vol1/2022/myb1-2022-gallium.pdf"
2,ZLR refining,CN,4N_Ga,,,280,0.08,0,"[Ga proc] Domestic/incremental processing-cost row generated from Ga topology; planning-grade placeholder in USD/kg material; confidence=ok, Medium-high conf; CI=0.75-0.88; source_urls=https://pubs.usgs.gov/myb/vol1/2022/myb1-2022-gallium.pdf; https://pubs.usgs.gov/periodicals/mcs2026/mcs2026-gallium.pdf; https://pubs.usgs.gov/periodicals/mcs2025/mcs2025-gallium.pdf | Jacob Cordell expert review 2026-05-28: reviewed_planning processing-cost update reflects expert-updated planning assumptions for Ga recovery from zinc leach residue / zinc-route recovery; period-0 reviewed value propagated to all modeled time periods for temporal consistency."
2,ZLR refining,CN,4N_Ga,High-purity gallium refining,CA,0,0.777,0,"[Ga trade] Cross-border trade-cost row generated from Ga topology: ZLR refining CN -> High-purity gallium refining CA; tariff set to 0 in baseline; verify HS/country treatment if scenario requires; confidence=ok, Medium-high conf; CI=0.75-0.88; source_urls=https://pubs.usgs.gov/myb/vol1/2022/myb1-2022-gallium.pdf; https://pubs.usgs.gov/periodicals/mcs2026/mcs2026-gallium.pdf; https://pubs.usgs.gov/periodicals/mcs2025/mcs2025-gallium.pdf"
2,ZLR refining,CN,4N_Ga,High-purity gallium refining,JP,0,0.3333,0,"[Ga trade] Cross-border trade-cost row generated from Ga topology: ZLR refining CN -> High-purity gallium refining JP; tariff set to 0 in baseline; verify HS/country treatment if scenario requires; confidence=ok, Medium-high conf; CI=0.75-0.88; source_urls=https://pubs.usgs.gov/myb/vol1/2022/myb1-2022-gallium.pdf; https://pubs.usgs.gov/periodicals/mcs2026/mcs2026-gallium.pdf; https://pubs.usgs.gov/periodicals/mcs2025/mcs2025-gallium.pdf"
2,ZLR refining,CN,4N_Ga,High-purity gallium refining,US,0,0.9097,0,"[Ga trade] Cross-border trade-cost row generated from Ga topology: ZLR refining CN -> High-purity gallium refining US; US gallium-metal proxy tariff applied; confidence=ok, Medium-high conf; CI=0.75-0.88; source_urls=https://pubs.usgs.gov/myb/vol1/2022/myb1-2022-gallium.pdf; https://pubs.usgs.gov/periodicals/mcs2026/mcs2026-gallium.pdf; https://pubs.usgs.gov/periodicals/mcs2025/mcs2025-gallium.pdf | Jacob Cordell expert review 2026-05-28: reviewed_planning tariff assumptions were propagated consistently across all modeled time periods."
2,ZLR refining,JP,4N_Ga,,,340,0.076,0,"[Ga proc] Domestic/incremental processing-cost row generated from Ga topology; planning-grade placeholder in USD/kg material; confidence=ok, High conf; CI=0.85-0.97; source_urls=https://hd.dowa.co.jp/en/ir/library/materials/main/0/teaserItems3/0/linkList/00/link/presentation_fy2023_fullyear_script-e.pdf; https://pubs.usgs.gov/periodicals/mcs2026/mcs2026-gallium.pdf; https://pubs.usgs.gov/periodicals/mcs2025/mcs2025-gallium.pdf | Jacob Cordell expert review 2026-05-28: reviewed_planning processing-cost update reflects expert-updated planning assumptions for Ga recovery from zinc leach residue / zinc-route recovery; period-0 reviewed value propagated to all modeled time periods for temporal consistency."
2,ZLR refining,JP,4N_Ga,High-purity gallium refining,CA,0,0.6858,0,"[Ga trade] Cross-border trade-cost row generated from Ga topology: ZLR refining JP -> High-purity gallium refining CA; tariff set to 0 in baseline; verify HS/country treatment if scenario requires; confidence=ok, High conf; CI=0.85-0.97; source_urls=https://hd.dowa.co.jp/en/ir/library/materials/main/0/teaserItems3/0/linkList/00/link/presentation_fy2023_fullyear_script-e.pdf; https://pubs.usgs.gov/periodicals/mcs2026/mcs2026-gallium.pdf; https://pubs.usgs.gov/periodicals/mcs2025/mcs2025-gallium.pdf"
2,ZLR refining,JP,4N_Ga,High-purity gallium refining,CN,0,0.3333,0,"[Ga trade] Cross-border trade-cost row generated from Ga topology: ZLR refining JP -> High-purity gallium refining CN; tariff set to 0 in baseline; verify HS/country treatment if scenario requires; confidence=ok, High conf; CI=0.85-0.97; source_urls=https://hd.dowa.co.jp/en/ir/library/materials/main/0/teaserItems3/0/linkList/00/link/presentation_fy2023_fullyear_script-e.pdf; https://pubs.usgs.gov/periodicals/mcs2026/mcs2026-gallium.pdf; https://pubs.usgs.gov/periodicals/mcs2025/mcs2025-gallium.pdf"
2,ZLR refining,JP,4N_Ga,High-purity gallium refining,US,0,0.803,0,"[Ga trade] Cross-border trade-cost row generated from Ga topology: ZLR refining JP -> High-purity gallium refining US; US gallium-metal proxy tariff applied; confidence=ok, High conf; CI=0.85-0.97; source_urls=https://hd.dowa.co.jp/en/ir/library/materials/main/0/teaserItems3/0/linkList/00/link/presentation_fy2023_fullyear_script-e.pdf; https://pubs.usgs.gov/periodicals/mcs2026/mcs2026-gallium.pdf; https://pubs.usgs.gov/periodicals/mcs2025/mcs2025-gallium.pdf | Jacob Cordell expert review 2026-05-28: reviewed_planning tariff assumptions were propagated consistently across all modeled time periods."
2,ZLR refining,KR,4N_Ga,,,320,0.072,0,"[Ga proc] Domestic/incremental processing-cost row generated from Ga topology; planning-grade placeholder in USD/kg material; confidence=suspect, Medium conf; CI=0.60-0.75; source_urls=https://www.korea-certification.com/en/korea-zinc-launches-gallium-facility-to-reduce-reliance-on-chinese-supply/; https://pubs.usgs.gov/periodicals/mcs2025/mcs2025-gallium.pdf; https://pubs.usgs.gov/periodicals/mcs2025/mcs2025-gallium.pdf | Jacob Cordell expert review 2026-05-28: reviewed_planning processing-cost update reflects expert-updated planning assumptions for Ga recovery from zinc leach residue / zinc-route recovery; period-0 reviewed value propagated to all modeled time periods for temporal consistency."
2,ZLR refining,KR,4N_Ga,High-purity gallium refining,CA,0,0.7205,0,"[Ga trade] Cross-border trade-cost row generated from Ga topology: ZLR refining KR -> High-purity gallium refining CA; tariff set to 0 in baseline; verify HS/country treatment if scenario requires; confidence=suspect, Medium conf; CI=0.60-0.75; source_urls=https://www.korea-certification.com/en/korea-zinc-launches-gallium-facility-to-reduce-reliance-on-chinese-supply/; https://pubs.usgs.gov/periodicals/mcs2025/mcs2025-gallium.pdf; https://pubs.usgs.gov/periodicals/mcs2025/mcs2025-gallium.pdf"
2,ZLR refining,KR,4N_Ga,High-purity gallium refining,CN,0,0.2683,0,"[Ga trade] Cross-border trade-cost row generated from Ga topology: ZLR refining KR -> High-purity gallium refining CN; tariff set to 0 in baseline; verify HS/country treatment if scenario requires; confidence=suspect, Medium conf; CI=0.60-0.75; source_urls=https://www.korea-certification.com/en/korea-zinc-launches-gallium-facility-to-reduce-reliance-on-chinese-supply/; https://pubs.usgs.gov/periodicals/mcs2025/mcs2025-gallium.pdf; https://pubs.usgs.gov/periodicals/mcs2025/mcs2025-gallium.pdf"
2,ZLR refining,KR,4N_Ga,High-purity gallium refining,JP,0,0.186,0,"[Ga trade] Cross-border trade-cost row generated from Ga topology: ZLR refining KR -> High-purity gallium refining JP; tariff set to 0 in baseline; verify HS/country treatment if scenario requires; confidence=suspect, Medium conf; CI=0.60-0.75; source_urls=https://www.korea-certification.com/en/korea-zinc-launches-gallium-facility-to-reduce-reliance-on-chinese-supply/; https://pubs.usgs.gov/periodicals/mcs2025/mcs2025-gallium.pdf; https://pubs.usgs.gov/periodicals/mcs2025/mcs2025-gallium.pdf"
2,ZLR refining,KR,4N_Ga,High-purity gallium refining,US,0,0.8445,0,"[Ga trade] Cross-border trade-cost row generated from Ga topology: ZLR refining KR -> High-purity gallium refining US; tariff set to 0 in baseline; verify HS/country treatment if scenario requires; confidence=suspect, Medium conf; CI=0.60-0.75; source_urls=https://www.korea-certification.com/en/korea-zinc-launches-gallium-facility-to-reduce-reliance-on-chinese-supply/; https://pubs.usgs.gov/periodicals/mcs2025/mcs2025-gallium.pdf; https://pubs.usgs.gov/periodicals/mcs2025/mcs2025-gallium.pdf"
2,ZLR refining,US,4N_Ga,,,509,0.088,0,"[Ga proc] Domestic/incremental processing-cost row generated from Ga topology; planning-grade placeholder in USD/kg material; confidence=suspect, Medium-low conf; CI=0.45-0.60; source_urls=https://www.energy.gov/cmei/articles/does-office-critical-minerals-and-energy-innovation-selects-five-organizations; https://pubs.usgs.gov/periodicals/mcs2026/mcs2026-gallium.pdf; https://pubs.usgs.gov/periodicals/mcs2025/mcs2025-gallium.pdf | Jacob Cordell expert review 2026-05-28: reviewed_planning processing-cost update reflects expert-updated planning assumptions for Ga recovery from zinc leach residue / zinc-route recovery; period-0 reviewed value propagated to all modeled time periods for temporal consistency."
2,ZLR refining,US,4N_Ga,High-purity gallium refining,CA,0,0.253,0,"[Ga trade] Cross-border trade-cost row generated from Ga topology: ZLR refining US -> High-purity gallium refining CA; tariff set to 0 in baseline; verify HS/country treatment if scenario requires; confidence=suspect, Medium-low conf; CI=0.45-0.60; source_urls=https://www.energy.gov/cmei/articles/does-office-critical-minerals-and-energy-innovation-selects-five-organizations; https://pubs.usgs.gov/periodicals/mcs2026/mcs2026-gallium.pdf; https://pubs.usgs.gov/periodicals/mcs2025/mcs2025-gallium.pdf"
2,ZLR refining,US,4N_Ga,High-purity gallium refining,CN,0,0.9097,0,"[Ga trade] Cross-border trade-cost row generated from Ga topology: ZLR refining US -> High-purity gallium refining CN; tariff set to 0 in baseline; verify HS/country treatment if scenario requires; confidence=suspect, Medium-low conf; CI=0.45-0.60; source_urls=https://www.energy.gov/cmei/articles/does-office-critical-minerals-and-energy-innovation-selects-five-organizations; https://pubs.usgs.gov/periodicals/mcs2026/mcs2026-gallium.pdf; https://pubs.usgs.gov/periodicals/mcs2025/mcs2025-gallium.pdf"
2,ZLR refining,US,4N_Ga,High-purity gallium refining,JP,0,0.803,0,"[Ga trade] Cross-border trade-cost row generated from Ga topology: ZLR refining US -> High-purity gallium refining JP; tariff set to 0 in baseline; verify HS/country treatment if scenario requires; confidence=suspect, Medium-low conf; CI=0.45-0.60; source_urls=https://www.energy.gov/cmei/articles/does-office-critical-minerals-and-energy-innovation-selects-five-organizations; https://pubs.usgs.gov/periodicals/mcs2026/mcs2026-gallium.pdf; https://pubs.usgs.gov/periodicals/mcs2025/mcs2025-gallium.pdf"
2,ZS mining,AU,Zn_sphalerite_concentrate,,,0.0805,0.096,0,"[Ga proc] Domestic/incremental processing-cost row generated from Ga topology; planning-grade placeholder in USD/kg material; confidence=ok, Medium-high conf; CI=0.75-0.88; source_urls=https://pubs.usgs.gov/periodicals/mcs2026/mcs2026-gallium.pdf"
2,ZS mining,CA,Zn_sphalerite_concentrate,,,0.0805,0.088,0,"[Ga proc] Domestic/incremental processing-cost row generated from Ga topology; planning-grade placeholder in USD/kg material; confidence=ok, Medium-high conf; CI=0.75-0.88; source_urls=https://pubs.usgs.gov/periodicals/mcs2026/mcs2026-gallium.pdf"
2,ZS mining,CN,Zn_sphalerite_concentrate,,,0.0595,0.08,0,"[Ga proc] Domestic/incremental processing-cost row generated from Ga topology; planning-grade placeholder in USD/kg material; confidence=ok, Medium-high conf; CI=0.75-0.88; source_urls=https://pubs.usgs.gov/periodicals/mcs2026/mcs2026-gallium.pdf"
2,ZS mining,KZ,Zn_sphalerite_concentrate,,,0.0665,0.092,0,"[Ga proc] Domestic/incremental processing-cost row generated from Ga topology; planning-grade placeholder in USD/kg material; confidence=ok, Medium-high conf; CI=0.75-0.88; source_urls=https://pubs.usgs.gov/periodicals/mcs2026/mcs2026-gallium.pdf"
2,ZS mining,US,Zn_sphalerite_concentrate,,,0.084,0.088,0,"[Ga proc] Domestic/incremental processing-cost row generated from Ga topology; planning-grade placeholder in USD/kg material; confidence=ok, Medium-high conf; CI=0.75-0.88; source_urls=https://pubs.usgs.gov/periodicals/mcs2026/mcs2026-gallium.pdf"
2,Zinc concentration,AU,Zn_sphalerite_concentrate,,,0.207,0.096,0,"[Ga proc] Domestic/incremental processing-cost row generated from Ga topology; planning-grade placeholder in USD/kg material; confidence=suspect, Medium conf; CI=0.60-0.75; source_urls=https://pubs.usgs.gov/periodicals/mcs2026/mcs2026-gallium.pdf; https://pubs.usgs.gov/periodicals/mcs2025/mcs2025-gallium.pdf"
2,Zinc concentration,AU,Zn_sphalerite_concentrate,Zinc smelting/refining,CN,0,0.3216,0,"[Ga trade] Cross-border trade-cost row generated from Ga topology: Zinc concentration AU -> Zinc smelting/refining CN; tariff set to 0 in baseline; verify HS/country treatment if scenario requires; confidence=suspect, Medium conf; CI=0.60-0.75; source_urls=https://pubs.usgs.gov/periodicals/mcs2026/mcs2026-gallium.pdf; https://pubs.usgs.gov/periodicals/mcs2025/mcs2025-gallium.pdf"
2,Zinc concentration,AU,Zn_sphalerite_concentrate,Zinc smelting/refining,JP,0,0.2998,0,"[Ga trade] Cross-border trade-cost row generated from Ga topology: Zinc concentration AU -> Zinc smelting/refining JP; tariff set to 0 in baseline; verify HS/country treatment if scenario requires; confidence=suspect, Medium conf; CI=0.60-0.75; source_urls=https://pubs.usgs.gov/periodicals/mcs2026/mcs2026-gallium.pdf; https://pubs.usgs.gov/periodicals/mcs2025/mcs2025-gallium.pdf"
2,Zinc concentration,AU,Zn_sphalerite_concentrate,Zinc smelting/refining,KR,0,0.2991,0,"[Ga trade] Cross-border trade-cost row generated from Ga topology: Zinc concentration AU -> Zinc smelting/refining KR; tariff set to 0 in baseline; verify HS/country treatment if scenario requires; confidence=suspect, Medium conf; CI=0.60-0.75; source_urls=https://pubs.usgs.gov/periodicals/mcs2026/mcs2026-gallium.pdf; https://pubs.usgs.gov/periodicals/mcs2025/mcs2025-gallium.pdf"
2,Zinc concentration,CA,Zn_sphalerite_concentrate,,,0.207,0.088,0,"[Ga proc] Domestic/incremental processing-cost row generated from Ga topology; planning-grade placeholder in USD/kg material; confidence=suspect, Medium conf; CI=0.60-0.75; source_urls=https://pubs.usgs.gov/periodicals/mcs2026/mcs2026-gallium.pdf; https://pubs.usgs.gov/periodicals/mcs2025/mcs2025-gallium.pdf"
2,Zinc concentration,CA,Zn_sphalerite_concentrate,Zinc smelting/refining,JP,0,0.3429,0,"[Ga trade] Cross-border trade-cost row generated from Ga topology: Zinc concentration CA -> Zinc smelting/refining JP; tariff set to 0 in baseline; verify HS/country treatment if scenario requires; confidence=suspect, Medium conf; CI=0.60-0.75; source_urls=https://pubs.usgs.gov/periodicals/mcs2026/mcs2026-gallium.pdf; https://pubs.usgs.gov/periodicals/mcs2025/mcs2025-gallium.pdf"
2,Zinc concentration,CA,Zn_sphalerite_concentrate,Zinc smelting/refining,KR,0,0.3603,0,"[Ga trade] Cross-border trade-cost row generated from Ga topology: Zinc concentration CA -> Zinc smelting/refining KR; tariff set to 0 in baseline; verify HS/country treatment if scenario requires; confidence=suspect, Medium conf; CI=0.60-0.75; source_urls=https://pubs.usgs.gov/periodicals/mcs2026/mcs2026-gallium.pdf; https://pubs.usgs.gov/periodicals/mcs2025/mcs2025-gallium.pdf"
2,Zinc concentration,CA,Zn_sphalerite_concentrate,Zinc smelting/refining,US,0,0.1265,0,"[Ga trade] Cross-border trade-cost row generated from Ga topology: Zinc concentration CA -> Zinc smelting/refining US; tariff set to 0 in baseline; verify HS/country treatment if scenario requires; confidence=suspect, Medium conf; CI=0.60-0.75; source_urls=https://pubs.usgs.gov/periodicals/mcs2026/mcs2026-gallium.pdf; https://pubs.usgs.gov/periodicals/mcs2025/mcs2025-gallium.pdf"
2,Zinc concentration,CN,Zn_sphalerite_concentrate,,,0.153,0.08,0,"[Ga proc] Domestic/incremental processing-cost row generated from Ga topology; planning-grade placeholder in USD/kg material; confidence=ok, High conf; CI=0.85-0.97; source_urls=https://pubs.usgs.gov/periodicals/mcs2026/mcs2026-gallium.pdf; https://pubs.usgs.gov/periodicals/mcs2025/mcs2025-gallium.pdf"
2,Zinc concentration,JP,Zn_sphalerite_concentrate,,,0.207,0.076,0,"[Ga proc] Domestic/incremental processing-cost row generated from Ga topology; planning-grade placeholder in USD/kg material; confidence=ok, Medium-high conf; CI=0.75-0.88; source_urls=https://pubs.usgs.gov/periodicals/mcs2026/mcs2026-gallium.pdf; https://pubs.usgs.gov/periodicals/mcs2025/mcs2025-gallium.pdf"
2,Zinc concentration,KR,Zn_sphalerite_concentrate,,,0.189,0.072,0,"[Ga proc] Domestic/incremental processing-cost row generated from Ga topology; planning-grade placeholder in USD/kg material; confidence=ok, Medium-high conf; CI=0.75-0.88; source_urls=https://pubs.usgs.gov/periodicals/mcs2026/mcs2026-gallium.pdf; https://pubs.usgs.gov/periodicals/mcs2025/mcs2025-gallium.pdf"
2,Zinc concentration,KZ,Zn_sphalerite_concentrate,,,0.171,0.092,0,"[Ga proc] Domestic/incremental processing-cost row generated from Ga topology; planning-grade placeholder in USD/kg material; confidence=suspect, Medium conf; CI=0.60-0.75; source_urls=https://pubs.usgs.gov/periodicals/mcs2026/mcs2026-gallium.pdf; https://pubs.usgs.gov/periodicals/mcs2025/mcs2025-gallium.pdf"
2,Zinc concentration,KZ,Zn_sphalerite_concentrate,Zinc smelting/refining,CN,0,0.1764,0,"[Ga trade] Cross-border trade-cost row generated from Ga topology: Zinc concentration KZ -> Zinc smelting/refining CN; tariff set to 0 in baseline; verify HS/country treatment if scenario requires; confidence=suspect, Medium conf; CI=0.60-0.75; source_urls=https://pubs.usgs.gov/periodicals/mcs2026/mcs2026-gallium.pdf; https://pubs.usgs.gov/periodicals/mcs2025/mcs2025-gallium.pdf"
2,Zinc concentration,US,Zn_sphalerite_concentrate,,,0.216,0.088,0,"[Ga proc] Domestic/incremental processing-cost row generated from Ga topology; planning-grade placeholder in USD/kg material; confidence=ok, Medium-high conf; CI=0.75-0.88; source_urls=https://pubs.usgs.gov/periodicals/mcs2026/mcs2026-gallium.pdf; https://pubs.usgs.gov/periodicals/mcs2025/mcs2025-gallium.pdf"
2,Zinc smelting/refining,CN,ZLR_Zn_residue,,,0.2975,0.05,0,"[Ga proc] Domestic/incremental processing-cost row generated from Ga topology; planning-grade placeholder in USD/kg material; confidence=ok, High conf; CI=0.85-0.97; source_urls=https://pubs.usgs.gov/myb/vol1/2022/myb1-2022-gallium.pdf; https://pubs.usgs.gov/periodicals/mcs2026/mcs2026-gallium.pdf"
2,Zinc smelting/refining,JP,ZLR_Zn_residue,,,0.4025,0.0475,0,"[Ga proc] Domestic/incremental processing-cost row generated from Ga topology; planning-grade placeholder in USD/kg material; confidence=ok, High conf; CI=0.85-0.97; source_urls=https://hd.dowa.co.jp/en/ir/library/materials/main/0/teaserItems3/0/linkList/00/link/presentation_fy2023_fullyear_script-e.pdf; https://pubs.usgs.gov/periodicals/mcs2026/mcs2026-gallium.pdf; https://pubs.usgs.gov/periodicals/mcs2025/mcs2025-gallium.pdf"
2,Zinc smelting/refining,KR,ZLR_Zn_residue,,,0.3675,0.045,0,"[Ga proc] Domestic/incremental processing-cost row generated from Ga topology; planning-grade placeholder in USD/kg material; confidence=suspect, Medium conf; CI=0.60-0.75; source_urls=https://www.korea-certification.com/en/korea-zinc-launches-gallium-facility-to-reduce-reliance-on-chinese-supply/; https://pubs.usgs.gov/periodicals/mcs2025/mcs2025-gallium.pdf; https://pubs.usgs.gov/periodicals/mcs2026/mcs2026-gallium.pdf"
2,Zinc smelting/refining,US,ZLR_Zn_residue,,,0.42,0.055,0,"[Ga proc] Domestic/incremental processing-cost row generated from Ga topology; planning-grade placeholder in USD/kg material; confidence=suspect, Medium-low conf; CI=0.45-0.60; source_urls=https://www.energy.gov/cmei/articles/does-office-critical-minerals-and-energy-innovation-selects-five-organizations; https://pubs.usgs.gov/periodicals/mcs2026/mcs2026-gallium.pdf"
2,wafer_market_mix,US,GaAs_wafer,,,0,0.11,0,"[Ga proc] Domestic/incremental processing-cost row generated from Ga topology; planning-grade placeholder in USD/kg material; confidence=ok, High conf; CI=0.85-0.97; source_urls=https://pubs.usgs.gov/periodicals/mcs2026/mcs2026-gallium.pdf"
2,wafer_market_mix,US,GaN_wafer,,,0,0.11,0,"[Ga proc] Domestic/incremental processing-cost row generated from Ga topology; planning-grade placeholder in USD/kg material; confidence=ok, High conf; CI=0.85-0.97; source_urls=https://pubs.usgs.gov/periodicals/mcs2026/mcs2026-gallium.pdf"
3,Bauxite mining,AU,bauxite,,,0.0517,0.06,0,"[Ga proc] Domestic/incremental processing-cost row generated from Ga topology; planning-grade placeholder in USD/kg material; confidence=suspect, Medium conf; CI=0.60-0.75; source_urls=https://news.alcoa.com/press-releases/press-release-details/2025/GOVERNMENTS-ANNOUNCE-SUPPORT-FOR-ALCOAS-GALLIUM-CRITICAL-MINERAL-DEVELOPMENT-PROJECT-IN-WESTERN-AUSTRALIA/default.aspx; https://www.sojitz.com/en/news/article/20250804.html; https://pubs.usgs.gov/periodicals/mcs2026/mcs2026-gallium.pdf"
3,Bauxite mining,CN,bauxite,,,0.0382,0.05,0,"[Ga proc] Domestic/incremental processing-cost row generated from Ga topology; planning-grade placeholder in USD/kg material; confidence=ok, High conf; CI=0.85-0.97; source_urls=https://pubs.usgs.gov/periodicals/mcs2026/mcs2026-gallium.pdf; https://pubs.usgs.gov/myb/vol1/2022/myb1-2022-gallium.pdf"
3,Bauxite mining,GR,bauxite,,,0.0473,0.05,0,"[Ga proc] Domestic/incremental processing-cost row generated from Ga topology; planning-grade placeholder in USD/kg material; confidence=suspect, Medium conf; CI=0.60-0.75; source_urls=https://www.eib.org/en/press/all/2026-011-eib-backs-europe-s-first-gallium-production-investment-with-eur90-million-financing-to-metlen-in-greece; https://pubs.usgs.gov/periodicals/mcs2026/mcs2026-gallium.pdf"
3,Bauxite mining,KZ,bauxite,,,0.0427,0.0575,0,"[Ga proc] Domestic/incremental processing-cost row generated from Ga topology; planning-grade placeholder in USD/kg material; confidence=suspect, Medium conf; CI=0.60-0.75; source_urls=https://www.eurasianresources.lu/en/news/Shukhrat%20Ibragimov%20confirms%20that%20Eurasian%20Resources%20Group%20t.html; https://pubs.usgs.gov/periodicals/mcs2026/mcs2026-gallium.pdf"
3,Bayer liquor refining,AU,4N_Ga,,,97.75,0.096,0,"[Ga proc] Domestic/incremental processing-cost row generated from Ga topology; planning-grade placeholder in USD/kg material; confidence=suspect, Medium conf; CI=0.60-0.75; source_urls=https://news.alcoa.com/press-releases/press-release-details/2025/GOVERNMENTS-ANNOUNCE-SUPPORT-FOR-ALCOAS-GALLIUM-CRITICAL-MINERAL-DEVELOPMENT-PROJECT-IN-WESTERN-AUSTRALIA/default.aspx; https://www.sojitz.com/en/news/article/20250804.html; https://pubs.usgs.gov/periodicals/mcs2026/mcs2026-gallium.pdf"
3,Bayer liquor refining,AU,4N_Ga,High-purity gallium refining,CA,0,1.111,0,"[Ga trade] Cross-border trade-cost row generated from Ga topology: Bayer liquor refining AU -> High-purity gallium refining CA; tariff set to 0 in baseline; verify HS/country treatment if scenario requires; confidence=suspect, Medium conf; CI=0.60-0.75; source_urls=https://news.alcoa.com/press-releases/press-release-details/2025/GOVERNMENTS-ANNOUNCE-SUPPORT-FOR-ALCOAS-GALLIUM-CRITICAL-MINERAL-DEVELOPMENT-PROJECT-IN-WESTERN-AUSTRALIA/default.aspx; https://www.sojitz.com/en/news/article/20250804.html; https://pubs.usgs.gov/periodicals/mcs2026/mcs2026-gallium.pdf"
3,Bayer liquor refining,AU,4N_Ga,High-purity gallium refining,CN,0,0.6432,0,"[Ga trade] Cross-border trade-cost row generated from Ga topology: Bayer liquor refining AU -> High-purity gallium refining CN; tariff set to 0 in baseline; verify HS/country treatment if scenario requires; confidence=suspect, Medium conf; CI=0.60-0.75; source_urls=https://news.alcoa.com/press-releases/press-release-details/2025/GOVERNMENTS-ANNOUNCE-SUPPORT-FOR-ALCOAS-GALLIUM-CRITICAL-MINERAL-DEVELOPMENT-PROJECT-IN-WESTERN-AUSTRALIA/default.aspx; https://www.sojitz.com/en/news/article/20250804.html; https://pubs.usgs.gov/periodicals/mcs2026/mcs2026-gallium.pdf"
3,Bayer liquor refining,AU,4N_Ga,High-purity gallium refining,JP,0,0.5997,0,"[Ga trade] Cross-border trade-cost row generated from Ga topology: Bayer liquor refining AU -> High-purity gallium refining JP; tariff set to 0 in baseline; verify HS/country treatment if scenario requires; confidence=suspect, Medium conf; CI=0.60-0.75; source_urls=https://news.alcoa.com/press-releases/press-release-details/2025/GOVERNMENTS-ANNOUNCE-SUPPORT-FOR-ALCOAS-GALLIUM-CRITICAL-MINERAL-DEVELOPMENT-PROJECT-IN-WESTERN-AUSTRALIA/default.aspx; https://www.sojitz.com/en/news/article/20250804.html; https://pubs.usgs.gov/periodicals/mcs2026/mcs2026-gallium.pdf"
3,Bayer liquor refining,AU,4N_Ga,High-purity gallium refining,US,0,1.165,0,"[Ga trade] Cross-border trade-cost row generated from Ga topology: Bayer liquor refining AU -> High-purity gallium refining US; tariff set to 0 in baseline; verify HS/country treatment if scenario requires; confidence=suspect, Medium conf; CI=0.60-0.75; source_urls=https://news.alcoa.com/press-releases/press-release-details/2025/GOVERNMENTS-ANNOUNCE-SUPPORT-FOR-ALCOAS-GALLIUM-CRITICAL-MINERAL-DEVELOPMENT-PROJECT-IN-WESTERN-AUSTRALIA/default.aspx; https://www.sojitz.com/en/news/article/20250804.html; https://pubs.usgs.gov/periodicals/mcs2026/mcs2026-gallium.pdf"
3,Bayer liquor refining,CA,4N_Ga,,,300,0.088,0,"[Ga proc] Domestic/incremental processing-cost row generated from Ga topology; planning-grade placeholder in USD/kg material; confidence=suspect, Medium conf; CI=0.60-0.75; source_urls=https://www.riotinto.com/en/news/releases/2026/rio-tinto-advances-gallium-metal-rd-project-in-partnership-with-the-government-of-canada; https://pubs.usgs.gov/periodicals/mcs2026/mcs2026-gallium.pdf; https://pubs.usgs.gov/periodicals/mcs2025/mcs2025-gallium.pdf | Jacob Cordell expert review 2026-05-28: reviewed_planning processing-cost update reflects expert-updated planning assumptions for Ga recovery from Bayer liquor; period-0 reviewed value propagated to all modeled time periods for temporal consistency."
3,Bayer liquor refining,CA,4N_Ga,High-purity gallium refining,CN,0,0.777,0,"[Ga trade] Cross-border trade-cost row generated from Ga topology: Bayer liquor refining CA -> High-purity gallium refining CN; tariff set to 0 in baseline; verify HS/country treatment if scenario requires; confidence=suspect, Medium conf; CI=0.60-0.75; source_urls=https://www.riotinto.com/en/news/releases/2026/rio-tinto-advances-gallium-metal-rd-project-in-partnership-with-the-government-of-canada; https://pubs.usgs.gov/periodicals/mcs2026/mcs2026-gallium.pdf; https://pubs.usgs.gov/periodicals/mcs2025/mcs2025-gallium.pdf"
3,Bayer liquor refining,CA,4N_Ga,High-purity gallium refining,JP,0,0.6858,0,"[Ga trade] Cross-border trade-cost row generated from Ga topology: Bayer liquor refining CA -> High-purity gallium refining JP; tariff set to 0 in baseline; verify HS/country treatment if scenario requires; confidence=suspect, Medium conf; CI=0.60-0.75; source_urls=https://www.riotinto.com/en/news/releases/2026/rio-tinto-advances-gallium-metal-rd-project-in-partnership-with-the-government-of-canada; https://pubs.usgs.gov/periodicals/mcs2026/mcs2026-gallium.pdf; https://pubs.usgs.gov/periodicals/mcs2025/mcs2025-gallium.pdf"
3,Bayer liquor refining,CA,4N_Ga,High-purity gallium refining,US,0,0.253,0,"[Ga trade] Cross-border trade-cost row generated from Ga topology: Bayer liquor refining CA -> High-purity gallium refining US; tariff set to 0 in baseline; verify HS/country treatment if scenario requires; confidence=suspect, Medium conf; CI=0.60-0.75; source_urls=https://www.riotinto.com/en/news/releases/2026/rio-tinto-advances-gallium-metal-rd-project-in-partnership-with-the-government-of-canada; https://pubs.usgs.gov/periodicals/mcs2026/mcs2026-gallium.pdf; https://pubs.usgs.gov/periodicals/mcs2025/mcs2025-gallium.pdf"
3,Bayer liquor refining,CN,4N_Ga,,,280,0.08,0,"[Ga proc] Domestic/incremental processing-cost row generated from Ga topology; planning-grade placeholder in USD/kg material; confidence=ok, High conf; CI=0.85-0.97; source_urls=https://pubs.usgs.gov/periodicals/mcs2026/mcs2026-gallium.pdf; https://pubs.usgs.gov/myb/vol1/2022/myb1-2022-gallium.pdf; https://pubs.usgs.gov/periodicals/mcs2025/mcs2025-gallium.pdf | Jacob Cordell expert review 2026-05-28: reviewed_planning processing-cost update reflects expert-updated planning assumptions for Ga recovery from Bayer liquor; period-0 reviewed value propagated to all modeled time periods for temporal consistency."
3,Bayer liquor refining,CN,4N_Ga,High-purity gallium refining,CA,0,0.777,0,"[Ga trade] Cross-border trade-cost row generated from Ga topology: Bayer liquor refining CN -> High-purity gallium refining CA; tariff set to 0 in baseline; verify HS/country treatment if scenario requires; confidence=ok, High conf; CI=0.85-0.97; source_urls=https://pubs.usgs.gov/periodicals/mcs2026/mcs2026-gallium.pdf; https://pubs.usgs.gov/myb/vol1/2022/myb1-2022-gallium.pdf; https://pubs.usgs.gov/periodicals/mcs2025/mcs2025-gallium.pdf"
3,Bayer liquor refining,CN,4N_Ga,High-purity gallium refining,JP,0,0.3333,0,"[Ga trade] Cross-border trade-cost row generated from Ga topology: Bayer liquor refining CN -> High-purity gallium refining JP; tariff set to 0 in baseline; verify HS/country treatment if scenario requires; confidence=ok, High conf; CI=0.85-0.97; source_urls=https://pubs.usgs.gov/periodicals/mcs2026/mcs2026-gallium.pdf; https://pubs.usgs.gov/myb/vol1/2022/myb1-2022-gallium.pdf; https://pubs.usgs.gov/periodicals/mcs2025/mcs2025-gallium.pdf"
3,Bayer liquor refining,CN,4N_Ga,High-purity gallium refining,US,0,0.9097,0,"[Ga trade] Cross-border trade-cost row generated from Ga topology: Bayer liquor refining CN -> High-purity gallium refining US; US gallium-metal proxy tariff applied; confidence=ok, High conf; CI=0.85-0.97; source_urls=https://pubs.usgs.gov/periodicals/mcs2026/mcs2026-gallium.pdf; https://pubs.usgs.gov/myb/vol1/2022/myb1-2022-gallium.pdf; https://pubs.usgs.gov/periodicals/mcs2025/mcs2025-gallium.pdf | Jacob Cordell expert review 2026-05-28: reviewed_planning tariff assumptions were propagated consistently across all modeled time periods."
3,Bayer liquor refining,GR,4N_Ga,,,330,0.08,0,"[Ga proc] Domestic/incremental processing-cost row generated from Ga topology; planning-grade placeholder in USD/kg material; confidence=suspect, Medium conf; CI=0.60-0.75; source_urls=https://www.eib.org/en/press/all/2026-011-eib-backs-europe-s-first-gallium-production-investment-with-eur90-million-financing-to-metlen-in-greece; https://pubs.usgs.gov/periodicals/mcs2026/mcs2026-gallium.pdf; https://pubs.usgs.gov/periodicals/mcs2025/mcs2025-gallium.pdf | Jacob Cordell expert review 2026-05-28: reviewed_planning processing-cost update reflects expert-updated planning assumptions for Ga recovery from Bayer liquor; period-0 reviewed value propagated to all modeled time periods for temporal consistency."
3,Bayer liquor refining,GR,4N_Ga,High-purity gallium refining,CA,0,0.7051,0,"[Ga trade] Cross-border trade-cost row generated from Ga topology: Bayer liquor refining GR -> High-purity gallium refining CA; tariff set to 0 in baseline; verify HS/country treatment if scenario requires; confidence=suspect, Medium conf; CI=0.60-0.75; source_urls=https://www.eib.org/en/press/all/2026-011-eib-backs-europe-s-first-gallium-production-investment-with-eur90-million-financing-to-metlen-in-greece; https://pubs.usgs.gov/periodicals/mcs2026/mcs2026-gallium.pdf; https://pubs.usgs.gov/periodicals/mcs2025/mcs2025-gallium.pdf"
3,Bayer liquor refining,GR,4N_Ga,High-purity gallium refining,CN,0,0.611,0,"[Ga trade] Cross-border trade-cost row generated from Ga topology: Bayer liquor refining GR -> High-purity gallium refining CN; tariff set to 0 in baseline; verify HS/country treatment if scenario requires; confidence=suspect, Medium conf; CI=0.60-0.75; source_urls=https://www.eib.org/en/press/all/2026-011-eib-backs-europe-s-first-gallium-production-investment-with-eur90-million-financing-to-metlen-in-greece; https://pubs.usgs.gov/periodicals/mcs2026/mcs2026-gallium.pdf; https://pubs.usgs.gov/periodicals/mcs2025/mcs2025-gallium.pdf"
3,Bayer liquor refining,GR,4N_Ga,High-purity gallium refining,JP,0,0.7788,0,"[Ga trade] Cross-border trade-cost row generated from Ga topology: Bayer liquor refining GR -> High-purity gallium refining JP; tariff set to 0 in baseline; verify HS/country treatment if scenario requires; confidence=suspect, Medium conf; CI=0.60-0.75; source_urls=https://www.eib.org/en/press/all/2026-011-eib-backs-europe-s-first-gallium-production-investment-with-eur90-million-financing-to-metlen-in-greece; https://pubs.usgs.gov/periodicals/mcs2026/mcs2026-gallium.pdf; https://pubs.usgs.gov/periodicals/mcs2025/mcs2025-gallium.pdf"
3,Bayer liquor refining,GR,4N_Ga,High-purity gallium refining,US,0,0.775,0,"[Ga trade] Cross-border trade-cost row generated from Ga topology: Bayer liquor refining GR -> High-purity gallium refining US; US gallium-metal proxy tariff applied; confidence=suspect, Medium conf; CI=0.60-0.75; source_urls=https://www.eib.org/en/press/all/2026-011-eib-backs-europe-s-first-gallium-production-investment-with-eur90-million-financing-to-metlen-in-greece; https://pubs.usgs.gov/periodicals/mcs2026/mcs2026-gallium.pdf; https://pubs.usgs.gov/periodicals/mcs2025/mcs2025-gallium.pdf | Jacob Cordell expert review 2026-05-28: reviewed_planning tariff assumptions were propagated consistently across all modeled time periods."
3,Bayer liquor refining,KZ,4N_Ga,,,332,0.092,0,"[Ga proc] Domestic/incremental processing-cost row generated from Ga topology; planning-grade placeholder in USD/kg material; confidence=suspect, Medium conf; CI=0.60-0.75; source_urls=https://www.eurasianresources.lu/en/news/Shukhrat%20Ibragimov%20confirms%20that%20Eurasian%20Resources%20Group%20t.html; https://pubs.usgs.gov/periodicals/mcs2026/mcs2026-gallium.pdf; https://pubs.usgs.gov/periodicals/mcs2025/mcs2025-gallium.pdf | Jacob Cordell expert review 2026-05-28: reviewed_planning processing-cost update reflects expert-updated planning assumptions for Ga recovery from Bayer liquor; period-0 reviewed value propagated to all modeled time periods for temporal consistency."
3,Bayer liquor refining,KZ,4N_Ga,High-purity gallium refining,CA,0,0.7092,0,"[Ga trade] Cross-border trade-cost row generated from Ga topology: Bayer liquor refining KZ -> High-purity gallium refining CA; tariff set to 0 in baseline; verify HS/country treatment if scenario requires; confidence=suspect, Medium conf; CI=0.60-0.75; source_urls=https://www.eurasianresources.lu/en/news/Shukhrat%20Ibragimov%20confirms%20that%20Eurasian%20Resources%20Group%20t.html; https://pubs.usgs.gov/periodicals/mcs2026/mcs2026-gallium.pdf; https://pubs.usgs.gov/periodicals/mcs2025/mcs2025-gallium.pdf"
3,Bayer liquor refining,KZ,4N_Ga,High-purity gallium refining,CN,0,0.3528,0,"[Ga trade] Cross-border trade-cost row generated from Ga topology: Bayer liquor refining KZ -> High-purity gallium refining CN; tariff set to 0 in baseline; verify HS/country treatment if scenario requires; confidence=suspect, Medium conf; CI=0.60-0.75; source_urls=https://www.eurasianresources.lu/en/news/Shukhrat%20Ibragimov%20confirms%20that%20Eurasian%20Resources%20Group%20t.html; https://pubs.usgs.gov/periodicals/mcs2026/mcs2026-gallium.pdf; https://pubs.usgs.gov/periodicals/mcs2025/mcs2025-gallium.pdf"
3,Bayer liquor refining,KZ,4N_Ga,High-purity gallium refining,JP,0,0.5269,0,"[Ga trade] Cross-border trade-cost row generated from Ga topology: Bayer liquor refining KZ -> High-purity gallium refining JP; tariff set to 0 in baseline; verify HS/country treatment if scenario requires; confidence=suspect, Medium conf; CI=0.60-0.75; source_urls=https://www.eurasianresources.lu/en/news/Shukhrat%20Ibragimov%20confirms%20that%20Eurasian%20Resources%20Group%20t.html; https://pubs.usgs.gov/periodicals/mcs2026/mcs2026-gallium.pdf; https://pubs.usgs.gov/periodicals/mcs2025/mcs2025-gallium.pdf"
3,Bayer liquor refining,KZ,4N_Ga,High-purity gallium refining,US,0,0.83,0,"[Ga trade] Cross-border trade-cost row generated from Ga topology: Bayer liquor refining KZ -> High-purity gallium refining US; US gallium-metal proxy tariff applied; confidence=suspect, Medium conf; CI=0.60-0.75; source_urls=https://www.eurasianresources.lu/en/news/Shukhrat%20Ibragimov%20confirms%20that%20Eurasian%20Resources%20Group%20t.html; https://pubs.usgs.gov/periodicals/mcs2026/mcs2026-gallium.pdf; https://pubs.usgs.gov/periodicals/mcs2025/mcs2025-gallium.pdf | Jacob Cordell expert review 2026-05-28: reviewed_planning tariff assumptions were propagated consistently across all modeled time periods."
3,Bayer liquor refining,US,4N_Ga,,,422,0.088,0,"[Ga proc] Domestic/incremental processing-cost row generated from Ga topology; planning-grade placeholder in USD/kg material; confidence=suspect, Medium-low conf; CI=0.45-0.60; source_urls=https://www.energy.gov/cmei/articles/does-office-critical-minerals-and-energy-innovation-selects-five-organizations; https://pubs.usgs.gov/periodicals/mcs2026/mcs2026-gallium.pdf; https://pubs.usgs.gov/periodicals/mcs2025/mcs2025-gallium.pdf | Jacob Cordell expert review 2026-05-28: reviewed_planning processing-cost update reflects expert-updated planning assumptions for Ga recovery from Bayer liquor; period-0 reviewed value propagated to all modeled time periods for temporal consistency."
3,Bayer liquor refining,US,4N_Ga,High-purity gallium refining,CA,0,0.253,0,"[Ga trade] Cross-border trade-cost row generated from Ga topology: Bayer liquor refining US -> High-purity gallium refining CA; tariff set to 0 in baseline; verify HS/country treatment if scenario requires; confidence=suspect, Medium-low conf; CI=0.45-0.60; source_urls=https://www.energy.gov/cmei/articles/does-office-critical-minerals-and-energy-innovation-selects-five-organizations; https://pubs.usgs.gov/periodicals/mcs2026/mcs2026-gallium.pdf; https://pubs.usgs.gov/periodicals/mcs2025/mcs2025-gallium.pdf"
3,Bayer liquor refining,US,4N_Ga,High-purity gallium refining,CN,0,0.9097,0,"[Ga trade] Cross-border trade-cost row generated from Ga topology: Bayer liquor refining US -> High-purity gallium refining CN; tariff set to 0 in baseline; verify HS/country treatment if scenario requires; confidence=suspect, Medium-low conf; CI=0.45-0.60; source_urls=https://www.energy.gov/cmei/articles/does-office-critical-minerals-and-energy-innovation-selects-five-organizations; https://pubs.usgs.gov/periodicals/mcs2026/mcs2026-gallium.pdf; https://pubs.usgs.gov/periodicals/mcs2025/mcs2025-gallium.pdf"
3,Bayer liquor refining,US,4N_Ga,High-purity gallium refining,JP,0,0.803,0,"[Ga trade] Cross-border trade-cost row generated from Ga topology: Bayer liquor refining US -> High-purity gallium refining JP; tariff set to 0 in baseline; verify HS/country treatment if scenario requires; confidence=suspect, Medium-low conf; CI=0.45-0.60; source_urls=https://www.energy.gov/cmei/articles/does-office-critical-minerals-and-energy-innovation-selects-five-organizations; https://pubs.usgs.gov/periodicals/mcs2026/mcs2026-gallium.pdf; https://pubs.usgs.gov/periodicals/mcs2025/mcs2025-gallium.pdf"
3,Bayer process / alumina refining,AU,Bayer_liquor,,,0.0345,0.024,0,"[Ga proc] Domestic/incremental processing-cost row generated from Ga topology; planning-grade placeholder in USD/kg material; confidence=suspect, Medium conf; CI=0.60-0.75; source_urls=https://news.alcoa.com/press-releases/press-release-details/2025/GOVERNMENTS-ANNOUNCE-SUPPORT-FOR-ALCOAS-GALLIUM-CRITICAL-MINERAL-DEVELOPMENT-PROJECT-IN-WESTERN-AUSTRALIA/default.aspx; https://www.sojitz.com/en/news/article/20250804.html; https://pubs.usgs.gov/periodicals/mcs2026/mcs2026-gallium.pdf"
3,Bayer process / alumina refining,CA,Bayer_liquor,,,0.0345,0.022,0,"[Ga proc] Domestic/incremental processing-cost row generated from Ga topology; planning-grade placeholder in USD/kg material; confidence=suspect, Medium conf; CI=0.60-0.75; source_urls=https://www.riotinto.com/en/news/releases/2026/rio-tinto-advances-gallium-metal-rd-project-in-partnership-with-the-government-of-canada; https://pubs.usgs.gov/periodicals/mcs2026/mcs2026-gallium.pdf"
3,Bayer process / alumina refining,CN,Bayer_liquor,,,0.0255,0.02,0,"[Ga proc] Domestic/incremental processing-cost row generated from Ga topology; planning-grade placeholder in USD/kg material; confidence=ok, High conf; CI=0.85-0.97; source_urls=https://pubs.usgs.gov/periodicals/mcs2026/mcs2026-gallium.pdf; https://pubs.usgs.gov/myb/vol1/2022/myb1-2022-gallium.pdf"
3,Bayer process / alumina refining,GR,Bayer_liquor,,,0.0315,0.02,0,"[Ga proc] Domestic/incremental processing-cost row generated from Ga topology; planning-grade placeholder in USD/kg material; confidence=suspect, Medium conf; CI=0.60-0.75; source_urls=https://www.eib.org/en/press/all/2026-011-eib-backs-europe-s-first-gallium-production-investment-with-eur90-million-financing-to-metlen-in-greece; https://pubs.usgs.gov/periodicals/mcs2026/mcs2026-gallium.pdf"
3,Bayer process / alumina refining,KZ,Bayer_liquor,,,0.0285,0.023,0,"[Ga proc] Domestic/incremental processing-cost row generated from Ga topology; planning-grade placeholder in USD/kg material; confidence=suspect, Medium conf; CI=0.60-0.75; source_urls=https://www.eurasianresources.lu/en/news/Shukhrat%20Ibragimov%20confirms%20that%20Eurasian%20Resources%20Group%20t.html; https://pubs.usgs.gov/periodicals/mcs2026/mcs2026-gallium.pdf"
3,Bayer process / alumina refining,US,Bayer_liquor,,,0.036,0.022,0,"[Ga proc] Domestic/incremental processing-cost row generated from Ga topology; planning-grade placeholder in USD/kg material; confidence=suspect, Medium-low conf; CI=0.45-0.60; source_urls=https://www.energy.gov/cmei/articles/does-office-critical-minerals-and-energy-innovation-selects-five-organizations; https://pubs.usgs.gov/periodicals/mcs2026/mcs2026-gallium.pdf"
3,High-purity gallium refining,CA,6N_Ga,,,420,0.088,0,"[Ga proc] Domestic/incremental processing-cost row generated from Ga topology; planning-grade placeholder in USD/kg material; confidence=ok, Medium-high conf; CI=0.75-0.88; source_urls=https://pubs.usgs.gov/periodicals/mcs2025/mcs2025-gallium.pdf; https://pubs.usgs.gov/myb/vol1/2022/myb1-2022-gallium.pdf; https://www.neomaterials.com/rare-metals/gallium/ | Jacob Cordell expert review 2026-05-28: reviewed_planning processing-cost update reflects expert-updated purification cost assumptions for 6N gallium; period-0 reviewed value propagated to all modeled time periods for temporal consistency."
3,High-purity gallium refining,CA,6N_Ga,TMG synthesis,CN,0,0.777,0,"[Ga trade] Cross-border trade-cost row generated from Ga topology: High-purity gallium refining CA -> TMG synthesis CN; tariff set to 0 in baseline; verify HS/country treatment if scenario requires; confidence=ok, Medium-high conf; CI=0.75-0.88; source_urls=https://pubs.usgs.gov/periodicals/mcs2025/mcs2025-gallium.pdf; https://pubs.usgs.gov/myb/vol1/2022/myb1-2022-gallium.pdf; https://www.neomaterials.com/rare-metals/gallium/"
3,High-purity gallium refining,CA,6N_Ga,TMG synthesis,JP,0,0.6858,0,"[Ga trade] Cross-border trade-cost row generated from Ga topology: High-purity gallium refining CA -> TMG synthesis JP; tariff set to 0 in baseline; verify HS/country treatment if scenario requires; confidence=ok, Medium-high conf; CI=0.75-0.88; source_urls=https://pubs.usgs.gov/periodicals/mcs2025/mcs2025-gallium.pdf; https://pubs.usgs.gov/myb/vol1/2022/myb1-2022-gallium.pdf; https://www.neomaterials.com/rare-metals/gallium/"
3,High-purity gallium refining,CA,6N_Ga,TMG synthesis,KR,0,0.7205,0,"[Ga trade] Cross-border trade-cost row generated from Ga topology: High-purity gallium refining CA -> TMG synthesis KR; tariff set to 0 in baseline; verify HS/country treatment if scenario requires; confidence=ok, Medium conf; CI=0.60-0.75; source_urls=https://pubs.usgs.gov/periodicals/mcs2025/mcs2025-gallium.pdf; https://pubs.usgs.gov/myb/vol1/2022/myb1-2022-gallium.pdf; https://www.neomaterials.com/rare-metals/gallium/"
3,High-purity gallium refining,CA,6N_Ga,TMG synthesis,US,0,0.253,0,"[Ga trade] Cross-border trade-cost row generated from Ga topology: High-purity gallium refining CA -> TMG synthesis US; tariff set to 0 in baseline; verify HS/country treatment if scenario requires; confidence=ok, Medium conf; CI=0.60-0.75; source_urls=https://pubs.usgs.gov/periodicals/mcs2025/mcs2025-gallium.pdf; https://pubs.usgs.gov/myb/vol1/2022/myb1-2022-gallium.pdf; https://www.neomaterials.com/rare-metals/gallium/"
3,High-purity gallium refining,CA,6N_Ga,Wafer manufacturing,CN,0,0.777,0,"[Ga trade] Cross-border trade-cost row generated from Ga topology: High-purity gallium refining CA -> Wafer manufacturing CN; tariff set to 0 in baseline; verify HS/country treatment if scenario requires; confidence=ok, Medium-high conf; CI=0.75-0.88; source_urls=https://pubs.usgs.gov/periodicals/mcs2025/mcs2025-gallium.pdf; https://pubs.usgs.gov/myb/vol1/2022/myb1-2022-gallium.pdf; https://www.neomaterials.com/rare-metals/gallium/"
3,High-purity gallium refining,CA,6N_Ga,Wafer manufacturing,JP,0,0.6858,0,"[Ga trade] Cross-border trade-cost row generated from Ga topology: High-purity gallium refining CA -> Wafer manufacturing JP; tariff set to 0 in baseline; verify HS/country treatment if scenario requires; confidence=ok, High conf; CI=0.85-0.97; source_urls=https://pubs.usgs.gov/periodicals/mcs2025/mcs2025-gallium.pdf; https://pubs.usgs.gov/myb/vol1/2022/myb1-2022-gallium.pdf; https://www.neomaterials.com/rare-metals/gallium/"
3,High-purity gallium refining,CA,6N_Ga,Wafer manufacturing,KR,0,0.7205,0,"[Ga trade] Cross-border trade-cost row generated from Ga topology: High-purity gallium refining CA -> Wafer manufacturing KR; tariff set to 0 in baseline; verify HS/country treatment if scenario requires; confidence=ok, Medium conf; CI=0.60-0.75; source_urls=https://pubs.usgs.gov/periodicals/mcs2025/mcs2025-gallium.pdf; https://pubs.usgs.gov/myb/vol1/2022/myb1-2022-gallium.pdf; https://www.neomaterials.com/rare-metals/gallium/"
3,High-purity gallium refining,CA,6N_Ga,Wafer manufacturing,US,0,0.253,0,"[Ga trade] Cross-border trade-cost row generated from Ga topology: High-purity gallium refining CA -> Wafer manufacturing US; tariff set to 0 in baseline; verify HS/country treatment if scenario requires; confidence=ok, High conf; CI=0.85-0.97; source_urls=https://pubs.usgs.gov/periodicals/mcs2025/mcs2025-gallium.pdf; https://pubs.usgs.gov/myb/vol1/2022/myb1-2022-gallium.pdf; https://www.neomaterials.com/rare-metals/gallium/"
3,High-purity gallium refining,CN,6N_Ga,,,350,0.08,0,"[Ga proc] Domestic/incremental processing-cost row generated from Ga topology; planning-grade placeholder in USD/kg material; confidence=ok, Medium-high conf; CI=0.75-0.88; source_urls=https://pubs.usgs.gov/myb/vol1/2022/myb1-2022-gallium.pdf; https://pubs.usgs.gov/periodicals/mcs2025/mcs2025-gallium.pdf; https://www.nouryon.com/product/tmga-ssg-trimethylgallium-cas-1445-79-0 | Jacob Cordell expert review 2026-05-28: reviewed_planning processing-cost update reflects expert-updated purification cost assumptions for 6N gallium; period-0 reviewed value propagated to all modeled time periods for temporal consistency."
3,High-purity gallium refining,CN,6N_Ga,TMG synthesis,JP,0,0.3333,0,"[Ga trade] Cross-border trade-cost row generated from Ga topology: High-purity gallium refining CN -> TMG synthesis JP; tariff set to 0 in baseline; verify HS/country treatment if scenario requires; confidence=ok, Medium-high conf; CI=0.75-0.88; source_urls=https://pubs.usgs.gov/myb/vol1/2022/myb1-2022-gallium.pdf; https://pubs.usgs.gov/periodicals/mcs2025/mcs2025-gallium.pdf; https://www.nouryon.com/product/tmga-ssg-trimethylgallium-cas-1445-79-0"
3,High-purity gallium refining,CN,6N_Ga,TMG synthesis,KR,0,0.2683,0,"[Ga trade] Cross-border trade-cost row generated from Ga topology: High-purity gallium refining CN -> TMG synthesis KR; tariff set to 0 in baseline; verify HS/country treatment if scenario requires; confidence=ok, Medium conf; CI=0.60-0.75; source_urls=https://pubs.usgs.gov/myb/vol1/2022/myb1-2022-gallium.pdf; https://pubs.usgs.gov/periodicals/mcs2025/mcs2025-gallium.pdf; https://www.nouryon.com/product/tmga-ssg-trimethylgallium-cas-1445-79-0"
3,High-purity gallium refining,CN,6N_Ga,TMG synthesis,US,0,0.9097,0,"[Ga trade] Cross-border trade-cost row generated from Ga topology: High-purity gallium refining CN -> TMG synthesis US; US gallium-metal proxy tariff applied; confidence=ok, Medium conf; CI=0.60-0.75; source_urls=https://pubs.usgs.gov/myb/vol1/2022/myb1-2022-gallium.pdf; https://pubs.usgs.gov/periodicals/mcs2025/mcs2025-gallium.pdf; https://pubs.usgs.gov/periodicals/mcs2026/mcs2026-gallium.pdf | Jacob Cordell expert review 2026-05-28: reviewed_planning tariff assumptions were propagated consistently across all modeled time periods."
3,High-purity gallium refining,CN,6N_Ga,Wafer manufacturing,JP,0,0.3333,0,"[Ga trade] Cross-border trade-cost row generated from Ga topology: High-purity gallium refining CN -> Wafer manufacturing JP; tariff set to 0 in baseline; verify HS/country treatment if scenario requires; confidence=ok, High conf; CI=0.85-0.97; source_urls=https://pubs.usgs.gov/myb/vol1/2022/myb1-2022-gallium.pdf; https://pubs.usgs.gov/periodicals/mcs2025/mcs2025-gallium.pdf"
3,High-purity gallium refining,CN,6N_Ga,Wafer manufacturing,KR,0,0.2683,0,"[Ga trade] Cross-border trade-cost row generated from Ga topology: High-purity gallium refining CN -> Wafer manufacturing KR; tariff set to 0 in baseline; verify HS/country treatment if scenario requires; confidence=ok, Medium conf; CI=0.60-0.75; source_urls=https://pubs.usgs.gov/myb/vol1/2022/myb1-2022-gallium.pdf; https://pubs.usgs.gov/periodicals/mcs2025/mcs2025-gallium.pdf"
3,High-purity gallium refining,CN,6N_Ga,Wafer manufacturing,US,0,0.9097,0,"[Ga trade] Cross-border trade-cost row generated from Ga topology: High-purity gallium refining CN -> Wafer manufacturing US; US gallium-metal proxy tariff applied; confidence=ok, High conf; CI=0.85-0.97; source_urls=https://pubs.usgs.gov/myb/vol1/2022/myb1-2022-gallium.pdf; https://pubs.usgs.gov/periodicals/mcs2025/mcs2025-gallium.pdf; https://pubs.usgs.gov/periodicals/mcs2026/mcs2026-gallium.pdf | Jacob Cordell expert review 2026-05-28: reviewed_planning tariff assumptions were propagated consistently across all modeled time periods."
3,High-purity gallium refining,JP,6N_Ga,,,440,0.076,0,"[Ga proc] Domestic/incremental processing-cost row generated from Ga topology; planning-grade placeholder in USD/kg material; confidence=ok, Medium-high conf; CI=0.75-0.88; source_urls=https://pubs.usgs.gov/myb/vol1/2022/myb1-2022-gallium.pdf; https://pubs.usgs.gov/periodicals/mcs2025/mcs2025-gallium.pdf; https://www.nouryon.com/product/tmga-ssg-trimethylgallium-cas-1445-79-0 | Jacob Cordell expert review 2026-05-28: reviewed_planning processing-cost update reflects expert-updated purification cost assumptions for 6N gallium; period-0 reviewed value propagated to all modeled time periods for temporal consistency."
3,High-purity gallium refining,JP,6N_Ga,TMG synthesis,CN,0,0.3333,0,"[Ga trade] Cross-border trade-cost row generated from Ga topology: High-purity gallium refining JP -> TMG synthesis CN; tariff set to 0 in baseline; verify HS/country treatment if scenario requires; confidence=ok, Medium-high conf; CI=0.75-0.88; source_urls=https://pubs.usgs.gov/myb/vol1/2022/myb1-2022-gallium.pdf; https://pubs.usgs.gov/periodicals/mcs2025/mcs2025-gallium.pdf; https://www.nouryon.com/product/tmga-ssg-trimethylgallium-cas-1445-79-0"
3,High-purity gallium refining,JP,6N_Ga,TMG synthesis,KR,0,0.186,0,"[Ga trade] Cross-border trade-cost row generated from Ga topology: High-purity gallium refining JP -> TMG synthesis KR; tariff set to 0 in baseline; verify HS/country treatment if scenario requires; confidence=ok, Medium conf; CI=0.60-0.75; source_urls=https://pubs.usgs.gov/myb/vol1/2022/myb1-2022-gallium.pdf; https://pubs.usgs.gov/periodicals/mcs2025/mcs2025-gallium.pdf; https://www.nouryon.com/product/tmga-ssg-trimethylgallium-cas-1445-79-0"
3,High-purity gallium refining,JP,6N_Ga,TMG synthesis,US,0,0.803,0,"[Ga trade] Cross-border trade-cost row generated from Ga topology: High-purity gallium refining JP -> TMG synthesis US; US gallium-metal proxy tariff applied; confidence=ok, Medium conf; CI=0.60-0.75; source_urls=https://pubs.usgs.gov/myb/vol1/2022/myb1-2022-gallium.pdf; https://pubs.usgs.gov/periodicals/mcs2025/mcs2025-gallium.pdf; https://pubs.usgs.gov/periodicals/mcs2026/mcs2026-gallium.pdf | Jacob Cordell expert review 2026-05-28: reviewed_planning tariff assumptions were propagated consistently across all modeled time periods."
3,High-purity gallium refining,JP,6N_Ga,Wafer manufacturing,CN,0,0.3333,0,"[Ga trade] Cross-border trade-cost row generated from Ga topology: High-purity gallium refining JP -> Wafer manufacturing CN; tariff set to 0 in baseline; verify HS/country treatment if scenario requires; confidence=ok, Medium-high conf; CI=0.75-0.88; source_urls=https://pubs.usgs.gov/myb/vol1/2022/myb1-2022-gallium.pdf; https://pubs.usgs.gov/periodicals/mcs2025/mcs2025-gallium.pdf; https://pubs.usgs.gov/periodicals/mcs2026/mcs2026-gallium.pdf"
3,High-purity gallium refining,JP,6N_Ga,Wafer manufacturing,KR,0,0.186,0,"[Ga trade] Cross-border trade-cost row generated from Ga topology: High-purity gallium refining JP -> Wafer manufacturing KR; tariff set to 0 in baseline; verify HS/country treatment if scenario requires; confidence=ok, Medium conf; CI=0.60-0.75; source_urls=https://pubs.usgs.gov/myb/vol1/2022/myb1-2022-gallium.pdf; https://pubs.usgs.gov/periodicals/mcs2025/mcs2025-gallium.pdf"
3,High-purity gallium refining,JP,6N_Ga,Wafer manufacturing,US,0,0.803,0,"[Ga trade] Cross-border trade-cost row generated from Ga topology: High-purity gallium refining JP -> Wafer manufacturing US; US gallium-metal proxy tariff applied; confidence=ok, High conf; CI=0.85-0.97; source_urls=https://pubs.usgs.gov/myb/vol1/2022/myb1-2022-gallium.pdf; https://pubs.usgs.gov/periodicals/mcs2025/mcs2025-gallium.pdf; https://pubs.usgs.gov/periodicals/mcs2026/mcs2026-gallium.pdf | Jacob Cordell expert review 2026-05-28: reviewed_planning tariff assumptions were propagated consistently across all modeled time periods."
3,High-purity gallium refining,US,6N_Ga,,,390,0.088,0,"[Ga proc] Domestic/incremental processing-cost row generated from Ga topology; planning-grade placeholder in USD/kg material; confidence=ok, Medium-high conf; CI=0.75-0.88; source_urls=https://pubs.usgs.gov/periodicals/mcs2026/mcs2026-gallium.pdf; https://pubs.usgs.gov/myb/vol1/2022/myb1-2022-gallium.pdf; https://www.nouryon.com/product/tmga-ssg-trimethylgallium-cas-1445-79-0 | Jacob Cordell expert review 2026-05-28: reviewed_planning processing-cost update reflects expert-updated purification cost assumptions for 6N gallium; period-0 reviewed value propagated to all modeled time periods for temporal consistency."
3,High-purity gallium refining,US,6N_Ga,TMG synthesis,CN,0,0.9097,0,"[Ga trade] Cross-border trade-cost row generated from Ga topology: High-purity gallium refining US -> TMG synthesis CN; tariff set to 0 in baseline; verify HS/country treatment if scenario requires; confidence=ok, Medium-high conf; CI=0.75-0.88; source_urls=https://pubs.usgs.gov/periodicals/mcs2026/mcs2026-gallium.pdf; https://pubs.usgs.gov/myb/vol1/2022/myb1-2022-gallium.pdf; https://www.nouryon.com/product/tmga-ssg-trimethylgallium-cas-1445-79-0"
3,High-purity gallium refining,US,6N_Ga,TMG synthesis,JP,0,0.803,0,"[Ga trade] Cross-border trade-cost row generated from Ga topology: High-purity gallium refining US -> TMG synthesis JP; tariff set to 0 in baseline; verify HS/country treatment if scenario requires; confidence=ok, Medium-high conf; CI=0.75-0.88; source_urls=https://pubs.usgs.gov/periodicals/mcs2026/mcs2026-gallium.pdf; https://pubs.usgs.gov/myb/vol1/2022/myb1-2022-gallium.pdf; https://www.nouryon.com/product/tmga-ssg-trimethylgallium-cas-1445-79-0"
3,High-purity gallium refining,US,6N_Ga,TMG synthesis,KR,0,0.8445,0,"[Ga trade] Cross-border trade-cost row generated from Ga topology: High-purity gallium refining US -> TMG synthesis KR; tariff set to 0 in baseline; verify HS/country treatment if scenario requires; confidence=ok, Medium conf; CI=0.60-0.75; source_urls=https://pubs.usgs.gov/periodicals/mcs2026/mcs2026-gallium.pdf; https://pubs.usgs.gov/myb/vol1/2022/myb1-2022-gallium.pdf; https://www.nouryon.com/product/tmga-ssg-trimethylgallium-cas-1445-79-0"
3,High-purity gallium refining,US,6N_Ga,Wafer manufacturing,CN,0,0.9097,0,"[Ga trade] Cross-border trade-cost row generated from Ga topology: High-purity gallium refining US -> Wafer manufacturing CN; tariff set to 0 in baseline; verify HS/country treatment if scenario requires; confidence=ok, Medium-high conf; CI=0.75-0.88; source_urls=https://pubs.usgs.gov/periodicals/mcs2026/mcs2026-gallium.pdf; https://pubs.usgs.gov/myb/vol1/2022/myb1-2022-gallium.pdf"
3,High-purity gallium refining,US,6N_Ga,Wafer manufacturing,JP,0,0.803,0,"[Ga trade] Cross-border trade-cost row generated from Ga topology: High-purity gallium refining US -> Wafer manufacturing JP; tariff set to 0 in baseline; verify HS/country treatment if scenario requires; confidence=ok, High conf; CI=0.85-0.97; source_urls=https://pubs.usgs.gov/periodicals/mcs2026/mcs2026-gallium.pdf; https://pubs.usgs.gov/myb/vol1/2022/myb1-2022-gallium.pdf"
3,High-purity gallium refining,US,6N_Ga,Wafer manufacturing,KR,0,0.8445,0,"[Ga trade] Cross-border trade-cost row generated from Ga topology: High-purity gallium refining US -> Wafer manufacturing KR; tariff set to 0 in baseline; verify HS/country treatment if scenario requires; confidence=ok, Medium conf; CI=0.60-0.75; source_urls=https://pubs.usgs.gov/periodicals/mcs2026/mcs2026-gallium.pdf; https://pubs.usgs.gov/myb/vol1/2022/myb1-2022-gallium.pdf; https://pubs.usgs.gov/periodicals/mcs2025/mcs2025-gallium.pdf"
3,New manufacturing scrap recovery,CA,6N_Ga,,,322,0.088,0,"[Ga proc] Domestic/incremental processing-cost row generated from Ga topology; planning-grade placeholder in USD/kg material; confidence=suspect, Medium conf; CI=0.60-0.75; source_urls=https://pubs.usgs.gov/periodicals/mcs2025/mcs2025-gallium.pdf; https://pubs.usgs.gov/myb/vol1/2022/myb1-2022-gallium.pdf; https://www.neomaterials.com/rare-metals/gallium/ | Jacob Cordell expert review 2026-05-28: reviewed_planning processing-cost update reflects expert-updated planning assumptions for recovery from new manufacturing scrap; period-0 reviewed value propagated to all modeled time periods for temporal consistency."
3,New manufacturing scrap recovery,CA,6N_Ga,TMG synthesis,CN,0,0.777,0,"[Ga trade] Cross-border trade-cost row generated from Ga topology: New manufacturing scrap recovery CA -> TMG synthesis CN; tariff set to 0 in baseline; verify HS/country treatment if scenario requires; confidence=suspect, Medium conf; CI=0.60-0.75; source_urls=https://pubs.usgs.gov/periodicals/mcs2025/mcs2025-gallium.pdf; https://pubs.usgs.gov/myb/vol1/2022/myb1-2022-gallium.pdf; https://www.neomaterials.com/rare-metals/gallium/"
3,New manufacturing scrap recovery,CA,6N_Ga,TMG synthesis,JP,0,0.6858,0,"[Ga trade] Cross-border trade-cost row generated from Ga topology: New manufacturing scrap recovery CA -> TMG synthesis JP; tariff set to 0 in baseline; verify HS/country treatment if scenario requires; confidence=suspect, Medium conf; CI=0.60-0.75; source_urls=https://pubs.usgs.gov/periodicals/mcs2025/mcs2025-gallium.pdf; https://pubs.usgs.gov/myb/vol1/2022/myb1-2022-gallium.pdf; https://www.neomaterials.com/rare-metals/gallium/"
3,New manufacturing scrap recovery,CA,6N_Ga,TMG synthesis,KR,0,0.7205,0,"[Ga trade] Cross-border trade-cost row generated from Ga topology: New manufacturing scrap recovery CA -> TMG synthesis KR; tariff set to 0 in baseline; verify HS/country treatment if scenario requires; confidence=suspect, Medium conf; CI=0.60-0.75; source_urls=https://pubs.usgs.gov/periodicals/mcs2025/mcs2025-gallium.pdf; https://pubs.usgs.gov/myb/vol1/2022/myb1-2022-gallium.pdf; https://www.neomaterials.com/rare-metals/gallium/"
3,New manufacturing scrap recovery,CA,6N_Ga,TMG synthesis,US,0,0.253,0,"[Ga trade] Cross-border trade-cost row generated from Ga topology: New manufacturing scrap recovery CA -> TMG synthesis US; tariff set to 0 in baseline; verify HS/country treatment if scenario requires; confidence=suspect, Medium conf; CI=0.60-0.75; source_urls=https://pubs.usgs.gov/periodicals/mcs2025/mcs2025-gallium.pdf; https://pubs.usgs.gov/myb/vol1/2022/myb1-2022-gallium.pdf; https://www.neomaterials.com/rare-metals/gallium/"
3,New manufacturing scrap recovery,CA,6N_Ga,Wafer manufacturing,CN,0,0.777,0,"[Ga trade] Cross-border trade-cost row generated from Ga topology: New manufacturing scrap recovery CA -> Wafer manufacturing CN; tariff set to 0 in baseline; verify HS/country treatment if scenario requires; confidence=suspect, Medium conf; CI=0.60-0.75; source_urls=https://pubs.usgs.gov/periodicals/mcs2025/mcs2025-gallium.pdf; https://pubs.usgs.gov/myb/vol1/2022/myb1-2022-gallium.pdf; https://www.neomaterials.com/rare-metals/gallium/"
3,New manufacturing scrap recovery,CA,6N_Ga,Wafer manufacturing,JP,0,0.6858,0,"[Ga trade] Cross-border trade-cost row generated from Ga topology: New manufacturing scrap recovery CA -> Wafer manufacturing JP; tariff set to 0 in baseline; verify HS/country treatment if scenario requires; confidence=suspect, Medium conf; CI=0.60-0.75; source_urls=https://pubs.usgs.gov/periodicals/mcs2025/mcs2025-gallium.pdf; https://pubs.usgs.gov/myb/vol1/2022/myb1-2022-gallium.pdf; https://www.neomaterials.com/rare-metals/gallium/"
3,New manufacturing scrap recovery,CA,6N_Ga,Wafer manufacturing,KR,0,0.7205,0,"[Ga trade] Cross-border trade-cost row generated from Ga topology: New manufacturing scrap recovery CA -> Wafer manufacturing KR; tariff set to 0 in baseline; verify HS/country treatment if scenario requires; confidence=suspect, Medium conf; CI=0.60-0.75; source_urls=https://pubs.usgs.gov/periodicals/mcs2025/mcs2025-gallium.pdf; https://pubs.usgs.gov/myb/vol1/2022/myb1-2022-gallium.pdf; https://www.neomaterials.com/rare-metals/gallium/"
3,New manufacturing scrap recovery,CA,6N_Ga,Wafer manufacturing,US,0,0.253,0,"[Ga trade] Cross-border trade-cost row generated from Ga topology: New manufacturing scrap recovery CA -> Wafer manufacturing US; tariff set to 0 in baseline; verify HS/country treatment if scenario requires; confidence=suspect, Medium conf; CI=0.60-0.75; source_urls=https://pubs.usgs.gov/periodicals/mcs2025/mcs2025-gallium.pdf; https://pubs.usgs.gov/myb/vol1/2022/myb1-2022-gallium.pdf; https://www.neomaterials.com/rare-metals/gallium/"
3,New manufacturing scrap recovery,CN,6N_Ga,,,238,0.08,0,"[Ga proc] Domestic/incremental processing-cost row generated from Ga topology; planning-grade placeholder in USD/kg material; confidence=ok, High conf; CI=0.85-0.97; source_urls=https://pubs.usgs.gov/periodicals/mcs2025/mcs2025-gallium.pdf; https://pubs.usgs.gov/myb/vol1/2022/myb1-2022-gallium.pdf; https://www.nouryon.com/product/tmga-ssg-trimethylgallium-cas-1445-79-0 | Jacob Cordell expert review 2026-05-28: reviewed_planning processing-cost update reflects expert-updated planning assumptions for recovery from new manufacturing scrap; period-0 reviewed value propagated to all modeled time periods for temporal consistency."
3,New manufacturing scrap recovery,CN,6N_Ga,TMG synthesis,JP,0,0.3333,0,"[Ga trade] Cross-border trade-cost row generated from Ga topology: New manufacturing scrap recovery CN -> TMG synthesis JP; tariff set to 0 in baseline; verify HS/country treatment if scenario requires; confidence=suspect, Medium conf; CI=0.60-0.75; source_urls=https://pubs.usgs.gov/periodicals/mcs2025/mcs2025-gallium.pdf; https://pubs.usgs.gov/myb/vol1/2022/myb1-2022-gallium.pdf; https://www.nouryon.com/product/tmga-ssg-trimethylgallium-cas-1445-79-0"
3,New manufacturing scrap recovery,CN,6N_Ga,TMG synthesis,KR,0,0.2683,0,"[Ga trade] Cross-border trade-cost row generated from Ga topology: New manufacturing scrap recovery CN -> TMG synthesis KR; tariff set to 0 in baseline; verify HS/country treatment if scenario requires; confidence=suspect, Medium conf; CI=0.60-0.75; source_urls=https://pubs.usgs.gov/periodicals/mcs2025/mcs2025-gallium.pdf; https://pubs.usgs.gov/myb/vol1/2022/myb1-2022-gallium.pdf; https://www.nouryon.com/product/tmga-ssg-trimethylgallium-cas-1445-79-0"
3,New manufacturing scrap recovery,CN,6N_Ga,TMG synthesis,US,0,0.9097,0,"[Ga trade] Cross-border trade-cost row generated from Ga topology: New manufacturing scrap recovery CN -> TMG synthesis US; US gallium-metal proxy tariff applied; confidence=suspect, Medium conf; CI=0.60-0.75; source_urls=https://pubs.usgs.gov/periodicals/mcs2025/mcs2025-gallium.pdf; https://pubs.usgs.gov/myb/vol1/2022/myb1-2022-gallium.pdf; https://www.nouryon.com/product/tmga-ssg-trimethylgallium-cas-1445-79-0 | Jacob Cordell expert review 2026-05-28: reviewed_planning tariff assumptions were propagated consistently across all modeled time periods."
3,New manufacturing scrap recovery,CN,6N_Ga,Wafer manufacturing,JP,0,0.3333,0,"[Ga trade] Cross-border trade-cost row generated from Ga topology: New manufacturing scrap recovery CN -> Wafer manufacturing JP; tariff set to 0 in baseline; verify HS/country treatment if scenario requires; confidence=suspect, Medium conf; CI=0.60-0.75; source_urls=https://pubs.usgs.gov/periodicals/mcs2025/mcs2025-gallium.pdf; https://pubs.usgs.gov/myb/vol1/2022/myb1-2022-gallium.pdf; https://pubs.usgs.gov/periodicals/mcs2026/mcs2026-gallium.pdf"
3,New manufacturing scrap recovery,CN,6N_Ga,Wafer manufacturing,KR,0,0.2683,0,"[Ga trade] Cross-border trade-cost row generated from Ga topology: New manufacturing scrap recovery CN -> Wafer manufacturing KR; tariff set to 0 in baseline; verify HS/country treatment if scenario requires; confidence=suspect, Medium conf; CI=0.60-0.75; source_urls=https://pubs.usgs.gov/periodicals/mcs2025/mcs2025-gallium.pdf; https://pubs.usgs.gov/myb/vol1/2022/myb1-2022-gallium.pdf; https://pubs.usgs.gov/periodicals/mcs2026/mcs2026-gallium.pdf"
3,New manufacturing scrap recovery,CN,6N_Ga,Wafer manufacturing,US,0,0.9097,0,"[Ga trade] Cross-border trade-cost row generated from Ga topology: New manufacturing scrap recovery CN -> Wafer manufacturing US; US gallium-metal proxy tariff applied; confidence=suspect, Medium conf; CI=0.60-0.75; source_urls=https://pubs.usgs.gov/periodicals/mcs2025/mcs2025-gallium.pdf; https://pubs.usgs.gov/myb/vol1/2022/myb1-2022-gallium.pdf; https://pubs.usgs.gov/periodicals/mcs2026/mcs2026-gallium.pdf | Jacob Cordell expert review 2026-05-28: reviewed_planning tariff assumptions were propagated consistently across all modeled time periods."
3,New manufacturing scrap recovery,JP,6N_Ga,,,322,0.076,0,"[Ga proc] Domestic/incremental processing-cost row generated from Ga topology; planning-grade placeholder in USD/kg material; confidence=suspect, Medium conf; CI=0.60-0.75; source_urls=https://pubs.usgs.gov/periodicals/mcs2025/mcs2025-gallium.pdf; https://pubs.usgs.gov/myb/vol1/2022/myb1-2022-gallium.pdf; https://www.nouryon.com/product/tmga-ssg-trimethylgallium-cas-1445-79-0 | Jacob Cordell expert review 2026-05-28: reviewed_planning processing-cost update reflects expert-updated planning assumptions for recovery from new manufacturing scrap; period-0 reviewed value propagated to all modeled time periods for temporal consistency."
3,New manufacturing scrap recovery,JP,6N_Ga,TMG synthesis,CN,0,0.3333,0,"[Ga trade] Cross-border trade-cost row generated from Ga topology: New manufacturing scrap recovery JP -> TMG synthesis CN; tariff set to 0 in baseline; verify HS/country treatment if scenario requires; confidence=suspect, Medium conf; CI=0.60-0.75; source_urls=https://pubs.usgs.gov/periodicals/mcs2025/mcs2025-gallium.pdf; https://pubs.usgs.gov/myb/vol1/2022/myb1-2022-gallium.pdf; https://www.nouryon.com/product/tmga-ssg-trimethylgallium-cas-1445-79-0"
3,New manufacturing scrap recovery,JP,6N_Ga,TMG synthesis,KR,0,0.186,0,"[Ga trade] Cross-border trade-cost row generated from Ga topology: New manufacturing scrap recovery JP -> TMG synthesis KR; tariff set to 0 in baseline; verify HS/country treatment if scenario requires; confidence=suspect, Medium conf; CI=0.60-0.75; source_urls=https://pubs.usgs.gov/periodicals/mcs2025/mcs2025-gallium.pdf; https://pubs.usgs.gov/myb/vol1/2022/myb1-2022-gallium.pdf; https://www.nouryon.com/product/tmga-ssg-trimethylgallium-cas-1445-79-0"
3,New manufacturing scrap recovery,JP,6N_Ga,TMG synthesis,US,0,0.803,0,"[Ga trade] Cross-border trade-cost row generated from Ga topology: New manufacturing scrap recovery JP -> TMG synthesis US; US gallium-metal proxy tariff applied; confidence=suspect, Medium conf; CI=0.60-0.75; source_urls=https://pubs.usgs.gov/periodicals/mcs2025/mcs2025-gallium.pdf; https://pubs.usgs.gov/myb/vol1/2022/myb1-2022-gallium.pdf; https://www.nouryon.com/product/tmga-ssg-trimethylgallium-cas-1445-79-0 | Jacob Cordell expert review 2026-05-28: reviewed_planning tariff assumptions were propagated consistently across all modeled time periods."
3,New manufacturing scrap recovery,JP,6N_Ga,Wafer manufacturing,CN,0,0.3333,0,"[Ga trade] Cross-border trade-cost row generated from Ga topology: New manufacturing scrap recovery JP -> Wafer manufacturing CN; tariff set to 0 in baseline; verify HS/country treatment if scenario requires; confidence=suspect, Medium conf; CI=0.60-0.75; source_urls=https://pubs.usgs.gov/periodicals/mcs2025/mcs2025-gallium.pdf; https://pubs.usgs.gov/myb/vol1/2022/myb1-2022-gallium.pdf; https://pubs.usgs.gov/periodicals/mcs2026/mcs2026-gallium.pdf"
3,New manufacturing scrap recovery,JP,6N_Ga,Wafer manufacturing,KR,0,0.186,0,"[Ga trade] Cross-border trade-cost row generated from Ga topology: New manufacturing scrap recovery JP -> Wafer manufacturing KR; tariff set to 0 in baseline; verify HS/country treatment if scenario requires; confidence=suspect, Medium conf; CI=0.60-0.75; source_urls=https://pubs.usgs.gov/periodicals/mcs2025/mcs2025-gallium.pdf; https://pubs.usgs.gov/myb/vol1/2022/myb1-2022-gallium.pdf; https://pubs.usgs.gov/periodicals/mcs2026/mcs2026-gallium.pdf"
3,New manufacturing scrap recovery,JP,6N_Ga,Wafer manufacturing,US,0,0.803,0,"[Ga trade] Cross-border trade-cost row generated from Ga topology: New manufacturing scrap recovery JP -> Wafer manufacturing US; US gallium-metal proxy tariff applied; confidence=suspect, Medium conf; CI=0.60-0.75; source_urls=https://pubs.usgs.gov/periodicals/mcs2025/mcs2025-gallium.pdf; https://pubs.usgs.gov/myb/vol1/2022/myb1-2022-gallium.pdf; https://pubs.usgs.gov/periodicals/mcs2026/mcs2026-gallium.pdf | Jacob Cordell expert review 2026-05-28: reviewed_planning tariff assumptions were propagated consistently across all modeled time periods."
3,New manufacturing scrap recovery,KR,6N_Ga,,,296,0.072,0,"[Ga proc] Domestic/incremental processing-cost row generated from Ga topology; planning-grade placeholder in USD/kg material; confidence=suspect, Medium conf; CI=0.60-0.75; source_urls=https://pubs.usgs.gov/myb/vol1/2022/myb1-2022-gallium.pdf; https://www.nouryon.com/product/tmga-ssg-trimethylgallium-cas-1445-79-0 | Jacob Cordell expert review 2026-05-28: reviewed_planning processing-cost update reflects expert-updated planning assumptions for recovery from new manufacturing scrap; period-0 reviewed value propagated to all modeled time periods for temporal consistency."
3,New manufacturing scrap recovery,KR,6N_Ga,TMG synthesis,CN,0,0.2683,0,"[Ga trade] Cross-border trade-cost row generated from Ga topology: New manufacturing scrap recovery KR -> TMG synthesis CN; tariff set to 0 in baseline; verify HS/country treatment if scenario requires; confidence=suspect, Medium conf; CI=0.60-0.75; source_urls=https://pubs.usgs.gov/myb/vol1/2022/myb1-2022-gallium.pdf; https://www.nouryon.com/product/tmga-ssg-trimethylgallium-cas-1445-79-0"
3,New manufacturing scrap recovery,KR,6N_Ga,TMG synthesis,JP,0,0.186,0,"[Ga trade] Cross-border trade-cost row generated from Ga topology: New manufacturing scrap recovery KR -> TMG synthesis JP; tariff set to 0 in baseline; verify HS/country treatment if scenario requires; confidence=suspect, Medium conf; CI=0.60-0.75; source_urls=https://pubs.usgs.gov/myb/vol1/2022/myb1-2022-gallium.pdf; https://www.nouryon.com/product/tmga-ssg-trimethylgallium-cas-1445-79-0"
3,New manufacturing scrap recovery,KR,6N_Ga,TMG synthesis,US,0,0.8445,0,"[Ga trade] Cross-border trade-cost row generated from Ga topology: New manufacturing scrap recovery KR -> TMG synthesis US; tariff set to 0 in baseline; verify HS/country treatment if scenario requires; confidence=suspect, Medium conf; CI=0.60-0.75; source_urls=https://pubs.usgs.gov/myb/vol1/2022/myb1-2022-gallium.pdf; https://www.nouryon.com/product/tmga-ssg-trimethylgallium-cas-1445-79-0"
3,New manufacturing scrap recovery,KR,6N_Ga,Wafer manufacturing,CN,0,0.2683,0,"[Ga trade] Cross-border trade-cost row generated from Ga topology: New manufacturing scrap recovery KR -> Wafer manufacturing CN; tariff set to 0 in baseline; verify HS/country treatment if scenario requires; confidence=suspect, Medium conf; CI=0.60-0.75; source_urls=https://pubs.usgs.gov/myb/vol1/2022/myb1-2022-gallium.pdf; https://pubs.usgs.gov/periodicals/mcs2026/mcs2026-gallium.pdf"
3,New manufacturing scrap recovery,KR,6N_Ga,Wafer manufacturing,JP,0,0.186,0,"[Ga trade] Cross-border trade-cost row generated from Ga topology: New manufacturing scrap recovery KR -> Wafer manufacturing JP; tariff set to 0 in baseline; verify HS/country treatment if scenario requires; confidence=suspect, Medium conf; CI=0.60-0.75; source_urls=https://pubs.usgs.gov/myb/vol1/2022/myb1-2022-gallium.pdf; https://pubs.usgs.gov/periodicals/mcs2026/mcs2026-gallium.pdf"
3,New manufacturing scrap recovery,KR,6N_Ga,Wafer manufacturing,US,0,0.8445,0,"[Ga trade] Cross-border trade-cost row generated from Ga topology: New manufacturing scrap recovery KR -> Wafer manufacturing US; tariff set to 0 in baseline; verify HS/country treatment if scenario requires; confidence=suspect, Medium conf; CI=0.60-0.75; source_urls=https://pubs.usgs.gov/myb/vol1/2022/myb1-2022-gallium.pdf; https://pubs.usgs.gov/periodicals/mcs2026/mcs2026-gallium.pdf"
3,New manufacturing scrap recovery,US,6N_Ga,,,336,0.088,0,"[Ga proc] Domestic/incremental processing-cost row generated from Ga topology; planning-grade placeholder in USD/kg material; confidence=suspect, Medium conf; CI=0.60-0.75; source_urls=https://pubs.usgs.gov/periodicals/mcs2026/mcs2026-gallium.pdf; https://pubs.usgs.gov/myb/vol1/2022/myb1-2022-gallium.pdf; https://www.nouryon.com/product/tmga-ssg-trimethylgallium-cas-1445-79-0 | Jacob Cordell expert review 2026-05-28: reviewed_planning processing-cost update reflects expert-updated planning assumptions for recovery from new manufacturing scrap; period-0 reviewed value propagated to all modeled time periods for temporal consistency."
3,New manufacturing scrap recovery,US,6N_Ga,TMG synthesis,CN,0,0.9097,0,"[Ga trade] Cross-border trade-cost row generated from Ga topology: New manufacturing scrap recovery US -> TMG synthesis CN; tariff set to 0 in baseline; verify HS/country treatment if scenario requires; confidence=suspect, Medium conf; CI=0.60-0.75; source_urls=https://pubs.usgs.gov/periodicals/mcs2026/mcs2026-gallium.pdf; https://pubs.usgs.gov/myb/vol1/2022/myb1-2022-gallium.pdf; https://www.nouryon.com/product/tmga-ssg-trimethylgallium-cas-1445-79-0"
3,New manufacturing scrap recovery,US,6N_Ga,TMG synthesis,JP,0,0.803,0,"[Ga trade] Cross-border trade-cost row generated from Ga topology: New manufacturing scrap recovery US -> TMG synthesis JP; tariff set to 0 in baseline; verify HS/country treatment if scenario requires; confidence=suspect, Medium conf; CI=0.60-0.75; source_urls=https://pubs.usgs.gov/periodicals/mcs2026/mcs2026-gallium.pdf; https://pubs.usgs.gov/myb/vol1/2022/myb1-2022-gallium.pdf; https://www.nouryon.com/product/tmga-ssg-trimethylgallium-cas-1445-79-0"
3,New manufacturing scrap recovery,US,6N_Ga,TMG synthesis,KR,0,0.8445,0,"[Ga trade] Cross-border trade-cost row generated from Ga topology: New manufacturing scrap recovery US -> TMG synthesis KR; tariff set to 0 in baseline; verify HS/country treatment if scenario requires; confidence=suspect, Medium conf; CI=0.60-0.75; source_urls=https://pubs.usgs.gov/periodicals/mcs2026/mcs2026-gallium.pdf; https://pubs.usgs.gov/myb/vol1/2022/myb1-2022-gallium.pdf; https://www.nouryon.com/product/tmga-ssg-trimethylgallium-cas-1445-79-0"
3,New manufacturing scrap recovery,US,6N_Ga,Wafer manufacturing,CN,0,0.9097,0,"[Ga trade] Cross-border trade-cost row generated from Ga topology: New manufacturing scrap recovery US -> Wafer manufacturing CN; tariff set to 0 in baseline; verify HS/country treatment if scenario requires; confidence=suspect, Medium conf; CI=0.60-0.75; source_urls=https://pubs.usgs.gov/periodicals/mcs2026/mcs2026-gallium.pdf; https://pubs.usgs.gov/myb/vol1/2022/myb1-2022-gallium.pdf; https://pubs.usgs.gov/periodicals/mcs2026/mcs2026-gallium.pdf"
3,New manufacturing scrap recovery,US,6N_Ga,Wafer manufacturing,JP,0,0.803,0,"[Ga trade] Cross-border trade-cost row generated from Ga topology: New manufacturing scrap recovery US -> Wafer manufacturing JP; tariff set to 0 in baseline; verify HS/country treatment if scenario requires; confidence=suspect, Medium conf; CI=0.60-0.75; source_urls=https://pubs.usgs.gov/periodicals/mcs2026/mcs2026-gallium.pdf; https://pubs.usgs.gov/myb/vol1/2022/myb1-2022-gallium.pdf; https://pubs.usgs.gov/periodicals/mcs2026/mcs2026-gallium.pdf"
3,New manufacturing scrap recovery,US,6N_Ga,Wafer manufacturing,KR,0,0.8445,0,"[Ga trade] Cross-border trade-cost row generated from Ga topology: New manufacturing scrap recovery US -> Wafer manufacturing KR; tariff set to 0 in baseline; verify HS/country treatment if scenario requires; confidence=suspect, Medium conf; CI=0.60-0.75; source_urls=https://pubs.usgs.gov/periodicals/mcs2026/mcs2026-gallium.pdf; https://pubs.usgs.gov/myb/vol1/2022/myb1-2022-gallium.pdf; https://pubs.usgs.gov/periodicals/mcs2026/mcs2026-gallium.pdf"
3,TMG synthesis,CN,TMG,,,467.5,0.12,0,"[Ga proc] Domestic/incremental processing-cost row generated from Ga topology; planning-grade placeholder in USD/kg material; confidence=ok, Medium-high conf; CI=0.75-0.88; source_urls=https://pubs.usgs.gov/myb/vol1/2022/myb1-2022-gallium.pdf; https://www.nouryon.com/product/tmga-ssg-trimethylgallium-cas-1445-79-0; https://pubs.usgs.gov/periodicals/mcs2026/mcs2026-gallium.pdf"
3,TMG synthesis,CN,TMG,Wafer manufacturing,JP,0,0.4237,0,"[Ga trade] Cross-border trade-cost row generated from Ga topology: TMG synthesis CN -> Wafer manufacturing JP; tariff set to 0 in baseline; verify HS/country treatment if scenario requires; confidence=ok, Medium-high conf; CI=0.75-0.88; source_urls=https://pubs.usgs.gov/myb/vol1/2022/myb1-2022-gallium.pdf; https://www.nouryon.com/product/tmga-ssg-trimethylgallium-cas-1445-79-0"
3,TMG synthesis,CN,TMG,Wafer manufacturing,KR,0,0.3495,0,"[Ga trade] Cross-border trade-cost row generated from Ga topology: TMG synthesis CN -> Wafer manufacturing KR; tariff set to 0 in baseline; verify HS/country treatment if scenario requires; confidence=ok, Medium conf; CI=0.60-0.75; source_urls=https://pubs.usgs.gov/myb/vol1/2022/myb1-2022-gallium.pdf; https://www.nouryon.com/product/tmga-ssg-trimethylgallium-cas-1445-79-0; https://pubs.usgs.gov/periodicals/mcs2025/mcs2025-gallium.pdf"
3,TMG synthesis,CN,TMG,Wafer manufacturing,US,0,1.083,0,"[Ga trade] Cross-border trade-cost row generated from Ga topology: TMG synthesis CN -> Wafer manufacturing US; tariff set to 0 in baseline; verify HS/country treatment if scenario requires; confidence=ok, Medium-high conf; CI=0.75-0.88; source_urls=https://pubs.usgs.gov/myb/vol1/2022/myb1-2022-gallium.pdf; https://www.nouryon.com/product/tmga-ssg-trimethylgallium-cas-1445-79-0; https://pubs.usgs.gov/periodicals/mcs2026/mcs2026-gallium.pdf"
3,TMG synthesis,JP,TMG,,,632.5,0.114,0,"[Ga proc] Domestic/incremental processing-cost row generated from Ga topology; planning-grade placeholder in USD/kg material; confidence=ok, Medium-high conf; CI=0.75-0.88; source_urls=https://pubs.usgs.gov/myb/vol1/2022/myb1-2022-gallium.pdf; https://www.nouryon.com/product/tmga-ssg-trimethylgallium-cas-1445-79-0; https://pubs.usgs.gov/periodicals/mcs2026/mcs2026-gallium.pdf"
3,TMG synthesis,JP,TMG,Wafer manufacturing,CN,0,0.4237,0,"[Ga trade] Cross-border trade-cost row generated from Ga topology: TMG synthesis JP -> Wafer manufacturing CN; tariff set to 0 in baseline; verify HS/country treatment if scenario requires; confidence=ok, Medium-high conf; CI=0.75-0.88; source_urls=https://pubs.usgs.gov/myb/vol1/2022/myb1-2022-gallium.pdf; https://www.nouryon.com/product/tmga-ssg-trimethylgallium-cas-1445-79-0; https://pubs.usgs.gov/periodicals/mcs2026/mcs2026-gallium.pdf"
3,TMG synthesis,JP,TMG,Wafer manufacturing,KR,0,0.2554,0,"[Ga trade] Cross-border trade-cost row generated from Ga topology: TMG synthesis JP -> Wafer manufacturing KR; tariff set to 0 in baseline; verify HS/country treatment if scenario requires; confidence=ok, Medium conf; CI=0.60-0.75; source_urls=https://pubs.usgs.gov/myb/vol1/2022/myb1-2022-gallium.pdf; https://www.nouryon.com/product/tmga-ssg-trimethylgallium-cas-1445-79-0; https://pubs.usgs.gov/periodicals/mcs2025/mcs2025-gallium.pdf"
3,TMG synthesis,JP,TMG,Wafer manufacturing,US,0,0.9606,0,"[Ga trade] Cross-border trade-cost row generated from Ga topology: TMG synthesis JP -> Wafer manufacturing US; tariff set to 0 in baseline; verify HS/country treatment if scenario requires; confidence=ok, Medium-high conf; CI=0.75-0.88; source_urls=https://pubs.usgs.gov/myb/vol1/2022/myb1-2022-gallium.pdf; https://www.nouryon.com/product/tmga-ssg-trimethylgallium-cas-1445-79-0; https://pubs.usgs.gov/periodicals/mcs2026/mcs2026-gallium.pdf"
3,TMG synthesis,KR,TMG,,,577.5,0.108,0,"[Ga proc] Domestic/incremental processing-cost row generated from Ga topology; planning-grade placeholder in USD/kg material; confidence=ok, Medium conf; CI=0.60-0.75; source_urls=https://pubs.usgs.gov/myb/vol1/2022/myb1-2022-gallium.pdf; https://www.nouryon.com/product/tmga-ssg-trimethylgallium-cas-1445-79-0; https://pubs.usgs.gov/periodicals/mcs2026/mcs2026-gallium.pdf"
3,TMG synthesis,KR,TMG,Wafer manufacturing,CN,0,0.3495,0,"[Ga trade] Cross-border trade-cost row generated from Ga topology: TMG synthesis KR -> Wafer manufacturing CN; tariff set to 0 in baseline; verify HS/country treatment if scenario requires; confidence=ok, Medium conf; CI=0.60-0.75; source_urls=https://pubs.usgs.gov/myb/vol1/2022/myb1-2022-gallium.pdf; https://www.nouryon.com/product/tmga-ssg-trimethylgallium-cas-1445-79-0; https://pubs.usgs.gov/periodicals/mcs2026/mcs2026-gallium.pdf"
3,TMG synthesis,KR,TMG,Wafer manufacturing,JP,0,0.2554,0,"[Ga trade] Cross-border trade-cost row generated from Ga topology: TMG synthesis KR -> Wafer manufacturing JP; tariff set to 0 in baseline; verify HS/country treatment if scenario requires; confidence=ok, Medium conf; CI=0.60-0.75; source_urls=https://pubs.usgs.gov/myb/vol1/2022/myb1-2022-gallium.pdf; https://www.nouryon.com/product/tmga-ssg-trimethylgallium-cas-1445-79-0"
3,TMG synthesis,KR,TMG,Wafer manufacturing,US,0,1.008,0,"[Ga trade] Cross-border trade-cost row generated from Ga topology: TMG synthesis KR -> Wafer manufacturing US; tariff set to 0 in baseline; verify HS/country treatment if scenario requires; confidence=ok, Medium conf; CI=0.60-0.75; source_urls=https://pubs.usgs.gov/myb/vol1/2022/myb1-2022-gallium.pdf; https://www.nouryon.com/product/tmga-ssg-trimethylgallium-cas-1445-79-0; https://pubs.usgs.gov/periodicals/mcs2026/mcs2026-gallium.pdf"
3,TMG synthesis,US,TMG,,,660,0.132,0,"[Ga proc] Domestic/incremental processing-cost row generated from Ga topology; planning-grade placeholder in USD/kg material; confidence=ok, Medium conf; CI=0.60-0.75; source_urls=https://pubs.usgs.gov/periodicals/mcs2026/mcs2026-gallium.pdf; https://www.nouryon.com/product/tmga-ssg-trimethylgallium-cas-1445-79-0; https://www.neomaterials.com/neo-announces-the-completion-of-the-sale-of-its-quapaw-oklahoma-rare-metals-facility/"
3,TMG synthesis,US,TMG,Wafer manufacturing,CN,0,1.083,0,"[Ga trade] Cross-border trade-cost row generated from Ga topology: TMG synthesis US -> Wafer manufacturing CN; tariff set to 0 in baseline; verify HS/country treatment if scenario requires; confidence=ok, Medium conf; CI=0.60-0.75; source_urls=https://pubs.usgs.gov/periodicals/mcs2026/mcs2026-gallium.pdf; https://www.nouryon.com/product/tmga-ssg-trimethylgallium-cas-1445-79-0; https://www.neomaterials.com/neo-announces-the-completion-of-the-sale-of-its-quapaw-oklahoma-rare-metals-facility/"
3,TMG synthesis,US,TMG,Wafer manufacturing,JP,0,0.9606,0,"[Ga trade] Cross-border trade-cost row generated from Ga topology: TMG synthesis US -> Wafer manufacturing JP; tariff set to 0 in baseline; verify HS/country treatment if scenario requires; confidence=ok, Medium conf; CI=0.60-0.75; source_urls=https://pubs.usgs.gov/periodicals/mcs2026/mcs2026-gallium.pdf; https://www.nouryon.com/product/tmga-ssg-trimethylgallium-cas-1445-79-0; https://www.neomaterials.com/neo-announces-the-completion-of-the-sale-of-its-quapaw-oklahoma-rare-metals-facility/"
3,TMG synthesis,US,TMG,Wafer manufacturing,KR,0,1.008,0,"[Ga trade] Cross-border trade-cost row generated from Ga topology: TMG synthesis US -> Wafer manufacturing KR; tariff set to 0 in baseline; verify HS/country treatment if scenario requires; confidence=ok, Medium conf; CI=0.60-0.75; source_urls=https://pubs.usgs.gov/periodicals/mcs2026/mcs2026-gallium.pdf; https://www.nouryon.com/product/tmga-ssg-trimethylgallium-cas-1445-79-0; https://www.neomaterials.com/neo-announces-the-completion-of-the-sale-of-its-quapaw-oklahoma-rare-metals-facility/"
3,Wafer manufacturing,CN,GaAs_wafer,,,3000,0.1,0,"[Ga proc] Domestic/incremental processing-cost row generated from Ga topology; planning-grade placeholder in USD/kg material; confidence=ok, High conf; CI=0.85-0.97; source_urls=https://pubs.usgs.gov/myb/vol1/2022/myb1-2022-gallium.pdf; https://pubs.usgs.gov/periodicals/mcs2026/mcs2026-gallium.pdf | Jacob Cordell expert review 2026-05-28: reviewed_planning processing-cost update reflects expert-updated wafer manufacturing cost assumptions and is high-impact for downstream cost and labor-hour proxy calculations; period-0 reviewed value propagated to all modeled time periods for temporal consistency."
3,Wafer manufacturing,CN,GaAs_wafer,wafer_market_mix,US,0,1.083,0,"[Ga trade] Cross-border trade-cost row generated from Ga topology: Wafer manufacturing CN -> wafer_market_mix US; tariff set to 0 in baseline; verify HS/country treatment if scenario requires; confidence=ok, High conf; CI=0.85-0.97; source_urls=https://pubs.usgs.gov/myb/vol1/2022/myb1-2022-gallium.pdf; https://pubs.usgs.gov/periodicals/mcs2026/mcs2026-gallium.pdf"
3,Wafer manufacturing,CN,GaN_wafer,,,24000,0.1,0,"[Ga proc] Domestic/incremental processing-cost row generated from Ga topology; planning-grade placeholder in USD/kg material; confidence=suspect, Medium conf; CI=0.60-0.75; source_urls=https://pubs.usgs.gov/periodicals/mcs2026/mcs2026-gallium.pdf; https://pubs.usgs.gov/myb/vol1/2022/myb1-2022-gallium.pdf | Jacob Cordell expert review 2026-05-28: reviewed_planning processing-cost update reflects expert-updated wafer manufacturing cost assumptions and is high-impact for downstream cost and labor-hour proxy calculations; period-0 reviewed value propagated to all modeled time periods for temporal consistency."
3,Wafer manufacturing,CN,GaN_wafer,wafer_market_mix,US,0,1.083,0,"[Ga trade] Cross-border trade-cost row generated from Ga topology: Wafer manufacturing CN -> wafer_market_mix US; tariff set to 0 in baseline; verify HS/country treatment if scenario requires; confidence=suspect, Medium conf; CI=0.60-0.75; source_urls=https://pubs.usgs.gov/periodicals/mcs2026/mcs2026-gallium.pdf; https://pubs.usgs.gov/myb/vol1/2022/myb1-2022-gallium.pdf"
3,Wafer manufacturing,CN,Ga_manufacturing_scrap,,,0.085,0.05,0,"[Ga proc] Domestic/incremental processing-cost row generated from Ga topology; planning-grade placeholder in USD/kg material; confidence=suspect, Medium conf; CI=0.60-0.75; source_urls=https://pubs.usgs.gov/periodicals/mcs2025/mcs2025-gallium.pdf; https://pubs.usgs.gov/myb/vol1/2022/myb1-2022-gallium.pdf; https://www.neomaterials.com/rare-metals/gallium/"
3,Wafer manufacturing,CN,Ga_manufacturing_scrap,New manufacturing scrap recovery,CA,0,0.3885,0,"[Ga trade] Cross-border trade-cost row generated from Ga topology: Wafer manufacturing CN -> New manufacturing scrap recovery CA; tariff set to 0 in baseline; verify HS/country treatment if scenario requires; confidence=suspect, Medium conf; CI=0.60-0.75; source_urls=https://pubs.usgs.gov/periodicals/mcs2025/mcs2025-gallium.pdf; https://pubs.usgs.gov/myb/vol1/2022/myb1-2022-gallium.pdf; https://www.neomaterials.com/rare-metals/gallium/"
3,Wafer manufacturing,CN,Ga_manufacturing_scrap,New manufacturing scrap recovery,JP,0,0.1666,0,"[Ga trade] Cross-border trade-cost row generated from Ga topology: Wafer manufacturing CN -> New manufacturing scrap recovery JP; tariff set to 0 in baseline; verify HS/country treatment if scenario requires; confidence=suspect, Medium conf; CI=0.60-0.75; source_urls=https://pubs.usgs.gov/periodicals/mcs2025/mcs2025-gallium.pdf; https://pubs.usgs.gov/myb/vol1/2022/myb1-2022-gallium.pdf"
3,Wafer manufacturing,CN,Ga_manufacturing_scrap,New manufacturing scrap recovery,US,0,0.4549,0,"[Ga trade] Cross-border trade-cost row generated from Ga topology: Wafer manufacturing CN -> New manufacturing scrap recovery US; tariff set to 0 in baseline; verify HS/country treatment if scenario requires; confidence=suspect, Medium conf; CI=0.60-0.75; source_urls=https://pubs.usgs.gov/periodicals/mcs2026/mcs2026-gallium.pdf; https://pubs.usgs.gov/myb/vol1/2022/myb1-2022-gallium.pdf"
3,Wafer manufacturing,JP,GaAs_wafer,,,3500,0.095,0,"[Ga proc] Domestic/incremental processing-cost row generated from Ga topology; planning-grade placeholder in USD/kg material; confidence=suspect, Medium conf; CI=0.60-0.75; source_urls=https://pubs.usgs.gov/periodicals/mcs2026/mcs2026-gallium.pdf; https://pubs.usgs.gov/myb/vol1/2022/myb1-2022-gallium.pdf | Jacob Cordell expert review 2026-05-28: reviewed_planning processing-cost update reflects expert-updated wafer manufacturing cost assumptions and is high-impact for downstream cost and labor-hour proxy calculations; period-0 reviewed value propagated to all modeled time periods for temporal consistency."
3,Wafer manufacturing,JP,GaAs_wafer,wafer_market_mix,US,0,0.9606,0,"[Ga trade] Cross-border trade-cost row generated from Ga topology: Wafer manufacturing JP -> wafer_market_mix US; tariff set to 0 in baseline; verify HS/country treatment if scenario requires; confidence=suspect, Medium conf; CI=0.60-0.75; source_urls=https://pubs.usgs.gov/periodicals/mcs2026/mcs2026-gallium.pdf; https://pubs.usgs.gov/myb/vol1/2022/myb1-2022-gallium.pdf"
3,Wafer manufacturing,JP,GaN_wafer,,,48000,0.095,0,"[Ga proc] Domestic/incremental processing-cost row generated from Ga topology; planning-grade placeholder in USD/kg material; confidence=ok, High conf; CI=0.85-0.97; source_urls=https://pubs.usgs.gov/myb/vol1/2022/myb1-2022-gallium.pdf; https://pubs.usgs.gov/periodicals/mcs2026/mcs2026-gallium.pdf | Jacob Cordell expert review 2026-05-28: reviewed_planning processing-cost update reflects expert-updated wafer manufacturing cost assumptions and is high-impact for downstream cost and labor-hour proxy calculations; period-0 reviewed value propagated to all modeled time periods for temporal consistency."
3,Wafer manufacturing,JP,GaN_wafer,wafer_market_mix,US,0,0.9606,0,"[Ga trade] Cross-border trade-cost row generated from Ga topology: Wafer manufacturing JP -> wafer_market_mix US; tariff set to 0 in baseline; verify HS/country treatment if scenario requires; confidence=ok, High conf; CI=0.85-0.97; source_urls=https://pubs.usgs.gov/myb/vol1/2022/myb1-2022-gallium.pdf; https://pubs.usgs.gov/periodicals/mcs2026/mcs2026-gallium.pdf"
3,Wafer manufacturing,JP,Ga_manufacturing_scrap,,,0.115,0.0475,0,"[Ga proc] Domestic/incremental processing-cost row generated from Ga topology; planning-grade placeholder in USD/kg material; confidence=suspect, Medium conf; CI=0.60-0.75; source_urls=https://pubs.usgs.gov/periodicals/mcs2025/mcs2025-gallium.pdf; https://pubs.usgs.gov/myb/vol1/2022/myb1-2022-gallium.pdf; https://www.neomaterials.com/rare-metals/gallium/"
3,Wafer manufacturing,JP,Ga_manufacturing_scrap,New manufacturing scrap recovery,CA,0,0.3429,0,"[Ga trade] Cross-border trade-cost row generated from Ga topology: Wafer manufacturing JP -> New manufacturing scrap recovery CA; tariff set to 0 in baseline; verify HS/country treatment if scenario requires; confidence=suspect, Medium conf; CI=0.60-0.75; source_urls=https://pubs.usgs.gov/periodicals/mcs2025/mcs2025-gallium.pdf; https://pubs.usgs.gov/myb/vol1/2022/myb1-2022-gallium.pdf; https://www.neomaterials.com/rare-metals/gallium/"
3,Wafer manufacturing,JP,Ga_manufacturing_scrap,New manufacturing scrap recovery,CN,0,0.1666,0,"[Ga trade] Cross-border trade-cost row generated from Ga topology: Wafer manufacturing JP -> New manufacturing scrap recovery CN; tariff set to 0 in baseline; verify HS/country treatment if scenario requires; confidence=suspect, Medium conf; CI=0.60-0.75; source_urls=https://pubs.usgs.gov/periodicals/mcs2025/mcs2025-gallium.pdf; https://pubs.usgs.gov/myb/vol1/2022/myb1-2022-gallium.pdf"
3,Wafer manufacturing,JP,Ga_manufacturing_scrap,New manufacturing scrap recovery,US,0,0.4015,0,"[Ga trade] Cross-border trade-cost row generated from Ga topology: Wafer manufacturing JP -> New manufacturing scrap recovery US; tariff set to 0 in baseline; verify HS/country treatment if scenario requires; confidence=suspect, Medium conf; CI=0.60-0.75; source_urls=https://pubs.usgs.gov/periodicals/mcs2026/mcs2026-gallium.pdf; https://pubs.usgs.gov/myb/vol1/2022/myb1-2022-gallium.pdf"
3,Wafer manufacturing,KR,GaAs_wafer,,,3500,0.09,0,"[Ga proc] Domestic/incremental processing-cost row generated from Ga topology; planning-grade placeholder in USD/kg material; confidence=suspect, Medium conf; CI=0.60-0.75; source_urls=https://pubs.usgs.gov/periodicals/mcs2026/mcs2026-gallium.pdf; https://pubs.usgs.gov/myb/vol1/2022/myb1-2022-gallium.pdf | Jacob Cordell expert review 2026-05-28: reviewed_planning processing-cost update reflects expert-updated wafer manufacturing cost assumptions and is high-impact for downstream cost and labor-hour proxy calculations; period-0 reviewed value propagated to all modeled time periods for temporal consistency."
3,Wafer manufacturing,KR,GaAs_wafer,wafer_market_mix,US,0,1.008,0,"[Ga trade] Cross-border trade-cost row generated from Ga topology: Wafer manufacturing KR -> wafer_market_mix US; tariff set to 0 in baseline; verify HS/country treatment if scenario requires; confidence=suspect, Medium conf; CI=0.60-0.75; source_urls=https://pubs.usgs.gov/periodicals/mcs2026/mcs2026-gallium.pdf; https://pubs.usgs.gov/myb/vol1/2022/myb1-2022-gallium.pdf"
3,Wafer manufacturing,KR,GaN_wafer,,,48000,0.09,0,"[Ga proc] Domestic/incremental processing-cost row generated from Ga topology; planning-grade placeholder in USD/kg material; confidence=suspect, Medium conf; CI=0.60-0.75; source_urls=https://pubs.usgs.gov/periodicals/mcs2026/mcs2026-gallium.pdf; https://pubs.usgs.gov/myb/vol1/2022/myb1-2022-gallium.pdf | Jacob Cordell expert review 2026-05-28: reviewed_planning processing-cost update reflects expert-updated wafer manufacturing cost assumptions and is high-impact for downstream cost and labor-hour proxy calculations; period-0 reviewed value propagated to all modeled time periods for temporal consistency."
3,Wafer manufacturing,KR,GaN_wafer,wafer_market_mix,US,0,1.008,0,"[Ga trade] Cross-border trade-cost row generated from Ga topology: Wafer manufacturing KR -> wafer_market_mix US; tariff set to 0 in baseline; verify HS/country treatment if scenario requires; confidence=suspect, Medium conf; CI=0.60-0.75; source_urls=https://pubs.usgs.gov/periodicals/mcs2026/mcs2026-gallium.pdf; https://pubs.usgs.gov/myb/vol1/2022/myb1-2022-gallium.pdf"
3,Wafer manufacturing,KR,Ga_manufacturing_scrap,,,0.105,0.045,0,"[Ga proc] Domestic/incremental processing-cost row generated from Ga topology; planning-grade placeholder in USD/kg material; confidence=suspect, Medium conf; CI=0.60-0.75; source_urls=https://pubs.usgs.gov/periodicals/mcs2025/mcs2025-gallium.pdf; https://pubs.usgs.gov/myb/vol1/2022/myb1-2022-gallium.pdf; https://www.neomaterials.com/rare-metals/gallium/"
3,Wafer manufacturing,KR,Ga_manufacturing_scrap,New manufacturing scrap recovery,CA,0,0.3603,0,"[Ga trade] Cross-border trade-cost row generated from Ga topology: Wafer manufacturing KR -> New manufacturing scrap recovery CA; tariff set to 0 in baseline; verify HS/country treatment if scenario requires; confidence=suspect, Medium conf; CI=0.60-0.75; source_urls=https://pubs.usgs.gov/periodicals/mcs2025/mcs2025-gallium.pdf; https://pubs.usgs.gov/myb/vol1/2022/myb1-2022-gallium.pdf; https://www.neomaterials.com/rare-metals/gallium/"
3,Wafer manufacturing,KR,Ga_manufacturing_scrap,New manufacturing scrap recovery,CN,0,0.1341,0,"[Ga trade] Cross-border trade-cost row generated from Ga topology: Wafer manufacturing KR -> New manufacturing scrap recovery CN; tariff set to 0 in baseline; verify HS/country treatment if scenario requires; confidence=suspect, Medium conf; CI=0.60-0.75; source_urls=https://pubs.usgs.gov/periodicals/mcs2025/mcs2025-gallium.pdf; https://pubs.usgs.gov/myb/vol1/2022/myb1-2022-gallium.pdf"
3,Wafer manufacturing,KR,Ga_manufacturing_scrap,New manufacturing scrap recovery,JP,0,0.093,0,"[Ga trade] Cross-border trade-cost row generated from Ga topology: Wafer manufacturing KR -> New manufacturing scrap recovery JP; tariff set to 0 in baseline; verify HS/country treatment if scenario requires; confidence=suspect, Medium conf; CI=0.60-0.75; source_urls=https://pubs.usgs.gov/periodicals/mcs2025/mcs2025-gallium.pdf; https://pubs.usgs.gov/myb/vol1/2022/myb1-2022-gallium.pdf"
3,Wafer manufacturing,KR,Ga_manufacturing_scrap,New manufacturing scrap recovery,US,0,0.4223,0,"[Ga trade] Cross-border trade-cost row generated from Ga topology: Wafer manufacturing KR -> New manufacturing scrap recovery US; tariff set to 0 in baseline; verify HS/country treatment if scenario requires; confidence=suspect, Medium conf; CI=0.60-0.75; source_urls=https://pubs.usgs.gov/periodicals/mcs2026/mcs2026-gallium.pdf; https://pubs.usgs.gov/myb/vol1/2022/myb1-2022-gallium.pdf"
3,Wafer manufacturing,US,GaAs_wafer,,,3500,0.11,0,"[Ga proc] Domestic/incremental processing-cost row generated from Ga topology; planning-grade placeholder in USD/kg material; confidence=ok, High conf; CI=0.85-0.97; source_urls=https://pubs.usgs.gov/periodicals/mcs2026/mcs2026-gallium.pdf | Jacob Cordell expert review 2026-05-28: reviewed_planning processing-cost update reflects expert-updated wafer manufacturing cost assumptions and is high-impact for downstream cost and labor-hour proxy calculations; period-0 reviewed value propagated to all modeled time periods for temporal consistency."
3,Wafer manufacturing,US,GaN_wafer,,,48000,0.11,0,"[Ga proc] Domestic/incremental processing-cost row generated from Ga topology; planning-grade placeholder in USD/kg material; confidence=ok, High conf; CI=0.85-0.97; source_urls=https://pubs.usgs.gov/periodicals/mcs2026/mcs2026-gallium.pdf | Jacob Cordell expert review 2026-05-28: reviewed_planning processing-cost update reflects expert-updated wafer manufacturing cost assumptions and is high-impact for downstream cost and labor-hour proxy calculations; period-0 reviewed value propagated to all modeled time periods for temporal consistency."
3,Wafer manufacturing,US,Ga_manufacturing_scrap,,,0.12,0.055,0,"[Ga proc] Domestic/incremental processing-cost row generated from Ga topology; planning-grade placeholder in USD/kg material; confidence=suspect, Medium conf; CI=0.60-0.75; source_urls=https://pubs.usgs.gov/periodicals/mcs2025/mcs2025-gallium.pdf; https://pubs.usgs.gov/myb/vol1/2022/myb1-2022-gallium.pdf; https://www.neomaterials.com/rare-metals/gallium/"
3,Wafer manufacturing,US,Ga_manufacturing_scrap,New manufacturing scrap recovery,CA,0,0.1265,0,"[Ga trade] Cross-border trade-cost row generated from Ga topology: Wafer manufacturing US -> New manufacturing scrap recovery CA; tariff set to 0 in baseline; verify HS/country treatment if scenario requires; confidence=suspect, Medium conf; CI=0.60-0.75; source_urls=https://pubs.usgs.gov/periodicals/mcs2025/mcs2025-gallium.pdf; https://pubs.usgs.gov/myb/vol1/2022/myb1-2022-gallium.pdf; https://www.neomaterials.com/rare-metals/gallium/"
3,Wafer manufacturing,US,Ga_manufacturing_scrap,New manufacturing scrap recovery,CN,0,0.4549,0,"[Ga trade] Cross-border trade-cost row generated from Ga topology: Wafer manufacturing US -> New manufacturing scrap recovery CN; tariff set to 0 in baseline; verify HS/country treatment if scenario requires; confidence=suspect, Medium conf; CI=0.60-0.75; source_urls=https://pubs.usgs.gov/periodicals/mcs2025/mcs2025-gallium.pdf; https://pubs.usgs.gov/myb/vol1/2022/myb1-2022-gallium.pdf"
3,Wafer manufacturing,US,Ga_manufacturing_scrap,New manufacturing scrap recovery,JP,0,0.4015,0,"[Ga trade] Cross-border trade-cost row generated from Ga topology: Wafer manufacturing US -> New manufacturing scrap recovery JP; tariff set to 0 in baseline; verify HS/country treatment if scenario requires; confidence=suspect, Medium conf; CI=0.60-0.75; source_urls=https://pubs.usgs.gov/periodicals/mcs2025/mcs2025-gallium.pdf; https://pubs.usgs.gov/myb/vol1/2022/myb1-2022-gallium.pdf"
3,ZLR refining,CN,4N_Ga,,,280,0.08,0,"[Ga proc] Domestic/incremental processing-cost row generated from Ga topology; planning-grade placeholder in USD/kg material; confidence=ok, Medium-high conf; CI=0.75-0.88; source_urls=https://pubs.usgs.gov/myb/vol1/2022/myb1-2022-gallium.pdf; https://pubs.usgs.gov/periodicals/mcs2026/mcs2026-gallium.pdf; https://pubs.usgs.gov/periodicals/mcs2025/mcs2025-gallium.pdf | Jacob Cordell expert review 2026-05-28: reviewed_planning processing-cost update reflects expert-updated planning assumptions for Ga recovery from zinc leach residue / zinc-route recovery; period-0 reviewed value propagated to all modeled time periods for temporal consistency."
3,ZLR refining,CN,4N_Ga,High-purity gallium refining,CA,0,0.777,0,"[Ga trade] Cross-border trade-cost row generated from Ga topology: ZLR refining CN -> High-purity gallium refining CA; tariff set to 0 in baseline; verify HS/country treatment if scenario requires; confidence=ok, Medium-high conf; CI=0.75-0.88; source_urls=https://pubs.usgs.gov/myb/vol1/2022/myb1-2022-gallium.pdf; https://pubs.usgs.gov/periodicals/mcs2026/mcs2026-gallium.pdf; https://pubs.usgs.gov/periodicals/mcs2025/mcs2025-gallium.pdf"
3,ZLR refining,CN,4N_Ga,High-purity gallium refining,JP,0,0.3333,0,"[Ga trade] Cross-border trade-cost row generated from Ga topology: ZLR refining CN -> High-purity gallium refining JP; tariff set to 0 in baseline; verify HS/country treatment if scenario requires; confidence=ok, Medium-high conf; CI=0.75-0.88; source_urls=https://pubs.usgs.gov/myb/vol1/2022/myb1-2022-gallium.pdf; https://pubs.usgs.gov/periodicals/mcs2026/mcs2026-gallium.pdf; https://pubs.usgs.gov/periodicals/mcs2025/mcs2025-gallium.pdf"
3,ZLR refining,CN,4N_Ga,High-purity gallium refining,US,0,0.9097,0,"[Ga trade] Cross-border trade-cost row generated from Ga topology: ZLR refining CN -> High-purity gallium refining US; US gallium-metal proxy tariff applied; confidence=ok, Medium-high conf; CI=0.75-0.88; source_urls=https://pubs.usgs.gov/myb/vol1/2022/myb1-2022-gallium.pdf; https://pubs.usgs.gov/periodicals/mcs2026/mcs2026-gallium.pdf; https://pubs.usgs.gov/periodicals/mcs2025/mcs2025-gallium.pdf | Jacob Cordell expert review 2026-05-28: reviewed_planning tariff assumptions were propagated consistently across all modeled time periods."
3,ZLR refining,JP,4N_Ga,,,340,0.076,0,"[Ga proc] Domestic/incremental processing-cost row generated from Ga topology; planning-grade placeholder in USD/kg material; confidence=ok, High conf; CI=0.85-0.97; source_urls=https://hd.dowa.co.jp/en/ir/library/materials/main/0/teaserItems3/0/linkList/00/link/presentation_fy2023_fullyear_script-e.pdf; https://pubs.usgs.gov/periodicals/mcs2026/mcs2026-gallium.pdf; https://pubs.usgs.gov/periodicals/mcs2025/mcs2025-gallium.pdf | Jacob Cordell expert review 2026-05-28: reviewed_planning processing-cost update reflects expert-updated planning assumptions for Ga recovery from zinc leach residue / zinc-route recovery; period-0 reviewed value propagated to all modeled time periods for temporal consistency."
3,ZLR refining,JP,4N_Ga,High-purity gallium refining,CA,0,0.6858,0,"[Ga trade] Cross-border trade-cost row generated from Ga topology: ZLR refining JP -> High-purity gallium refining CA; tariff set to 0 in baseline; verify HS/country treatment if scenario requires; confidence=ok, High conf; CI=0.85-0.97; source_urls=https://hd.dowa.co.jp/en/ir/library/materials/main/0/teaserItems3/0/linkList/00/link/presentation_fy2023_fullyear_script-e.pdf; https://pubs.usgs.gov/periodicals/mcs2026/mcs2026-gallium.pdf; https://pubs.usgs.gov/periodicals/mcs2025/mcs2025-gallium.pdf"
3,ZLR refining,JP,4N_Ga,High-purity gallium refining,CN,0,0.3333,0,"[Ga trade] Cross-border trade-cost row generated from Ga topology: ZLR refining JP -> High-purity gallium refining CN; tariff set to 0 in baseline; verify HS/country treatment if scenario requires; confidence=ok, High conf; CI=0.85-0.97; source_urls=https://hd.dowa.co.jp/en/ir/library/materials/main/0/teaserItems3/0/linkList/00/link/presentation_fy2023_fullyear_script-e.pdf; https://pubs.usgs.gov/periodicals/mcs2026/mcs2026-gallium.pdf; https://pubs.usgs.gov/periodicals/mcs2025/mcs2025-gallium.pdf"
3,ZLR refining,JP,4N_Ga,High-purity gallium refining,US,0,0.803,0,"[Ga trade] Cross-border trade-cost row generated from Ga topology: ZLR refining JP -> High-purity gallium refining US; US gallium-metal proxy tariff applied; confidence=ok, High conf; CI=0.85-0.97; source_urls=https://hd.dowa.co.jp/en/ir/library/materials/main/0/teaserItems3/0/linkList/00/link/presentation_fy2023_fullyear_script-e.pdf; https://pubs.usgs.gov/periodicals/mcs2026/mcs2026-gallium.pdf; https://pubs.usgs.gov/periodicals/mcs2025/mcs2025-gallium.pdf | Jacob Cordell expert review 2026-05-28: reviewed_planning tariff assumptions were propagated consistently across all modeled time periods."
3,ZLR refining,KR,4N_Ga,,,320,0.072,0,"[Ga proc] Domestic/incremental processing-cost row generated from Ga topology; planning-grade placeholder in USD/kg material; confidence=suspect, Medium conf; CI=0.60-0.75; source_urls=https://www.korea-certification.com/en/korea-zinc-launches-gallium-facility-to-reduce-reliance-on-chinese-supply/; https://pubs.usgs.gov/periodicals/mcs2025/mcs2025-gallium.pdf; https://pubs.usgs.gov/periodicals/mcs2025/mcs2025-gallium.pdf | Jacob Cordell expert review 2026-05-28: reviewed_planning processing-cost update reflects expert-updated planning assumptions for Ga recovery from zinc leach residue / zinc-route recovery; period-0 reviewed value propagated to all modeled time periods for temporal consistency."
3,ZLR refining,KR,4N_Ga,High-purity gallium refining,CA,0,0.7205,0,"[Ga trade] Cross-border trade-cost row generated from Ga topology: ZLR refining KR -> High-purity gallium refining CA; tariff set to 0 in baseline; verify HS/country treatment if scenario requires; confidence=suspect, Medium conf; CI=0.60-0.75; source_urls=https://www.korea-certification.com/en/korea-zinc-launches-gallium-facility-to-reduce-reliance-on-chinese-supply/; https://pubs.usgs.gov/periodicals/mcs2025/mcs2025-gallium.pdf; https://pubs.usgs.gov/periodicals/mcs2025/mcs2025-gallium.pdf"
3,ZLR refining,KR,4N_Ga,High-purity gallium refining,CN,0,0.2683,0,"[Ga trade] Cross-border trade-cost row generated from Ga topology: ZLR refining KR -> High-purity gallium refining CN; tariff set to 0 in baseline; verify HS/country treatment if scenario requires; confidence=suspect, Medium conf; CI=0.60-0.75; source_urls=https://www.korea-certification.com/en/korea-zinc-launches-gallium-facility-to-reduce-reliance-on-chinese-supply/; https://pubs.usgs.gov/periodicals/mcs2025/mcs2025-gallium.pdf; https://pubs.usgs.gov/periodicals/mcs2025/mcs2025-gallium.pdf"
3,ZLR refining,KR,4N_Ga,High-purity gallium refining,JP,0,0.186,0,"[Ga trade] Cross-border trade-cost row generated from Ga topology: ZLR refining KR -> High-purity gallium refining JP; tariff set to 0 in baseline; verify HS/country treatment if scenario requires; confidence=suspect, Medium conf; CI=0.60-0.75; source_urls=https://www.korea-certification.com/en/korea-zinc-launches-gallium-facility-to-reduce-reliance-on-chinese-supply/; https://pubs.usgs.gov/periodicals/mcs2025/mcs2025-gallium.pdf; https://pubs.usgs.gov/periodicals/mcs2025/mcs2025-gallium.pdf"
3,ZLR refining,KR,4N_Ga,High-purity gallium refining,US,0,0.8445,0,"[Ga trade] Cross-border trade-cost row generated from Ga topology: ZLR refining KR -> High-purity gallium refining US; tariff set to 0 in baseline; verify HS/country treatment if scenario requires; confidence=suspect, Medium conf; CI=0.60-0.75; source_urls=https://www.korea-certification.com/en/korea-zinc-launches-gallium-facility-to-reduce-reliance-on-chinese-supply/; https://pubs.usgs.gov/periodicals/mcs2025/mcs2025-gallium.pdf; https://pubs.usgs.gov/periodicals/mcs2025/mcs2025-gallium.pdf"
3,ZLR refining,US,4N_Ga,,,509,0.088,0,"[Ga proc] Domestic/incremental processing-cost row generated from Ga topology; planning-grade placeholder in USD/kg material; confidence=suspect, Medium-low conf; CI=0.45-0.60; source_urls=https://www.energy.gov/cmei/articles/does-office-critical-minerals-and-energy-innovation-selects-five-organizations; https://pubs.usgs.gov/periodicals/mcs2026/mcs2026-gallium.pdf; https://pubs.usgs.gov/periodicals/mcs2025/mcs2025-gallium.pdf | Jacob Cordell expert review 2026-05-28: reviewed_planning processing-cost update reflects expert-updated planning assumptions for Ga recovery from zinc leach residue / zinc-route recovery; period-0 reviewed value propagated to all modeled time periods for temporal consistency."
3,ZLR refining,US,4N_Ga,High-purity gallium refining,CA,0,0.253,0,"[Ga trade] Cross-border trade-cost row generated from Ga topology: ZLR refining US -> High-purity gallium refining CA; tariff set to 0 in baseline; verify HS/country treatment if scenario requires; confidence=suspect, Medium-low conf; CI=0.45-0.60; source_urls=https://www.energy.gov/cmei/articles/does-office-critical-minerals-and-energy-innovation-selects-five-organizations; https://pubs.usgs.gov/periodicals/mcs2026/mcs2026-gallium.pdf; https://pubs.usgs.gov/periodicals/mcs2025/mcs2025-gallium.pdf"
3,ZLR refining,US,4N_Ga,High-purity gallium refining,CN,0,0.9097,0,"[Ga trade] Cross-border trade-cost row generated from Ga topology: ZLR refining US -> High-purity gallium refining CN; tariff set to 0 in baseline; verify HS/country treatment if scenario requires; confidence=suspect, Medium-low conf; CI=0.45-0.60; source_urls=https://www.energy.gov/cmei/articles/does-office-critical-minerals-and-energy-innovation-selects-five-organizations; https://pubs.usgs.gov/periodicals/mcs2026/mcs2026-gallium.pdf; https://pubs.usgs.gov/periodicals/mcs2025/mcs2025-gallium.pdf"
3,ZLR refining,US,4N_Ga,High-purity gallium refining,JP,0,0.803,0,"[Ga trade] Cross-border trade-cost row generated from Ga topology: ZLR refining US -> High-purity gallium refining JP; tariff set to 0 in baseline; verify HS/country treatment if scenario requires; confidence=suspect, Medium-low conf; CI=0.45-0.60; source_urls=https://www.energy.gov/cmei/articles/does-office-critical-minerals-and-energy-innovation-selects-five-organizations; https://pubs.usgs.gov/periodicals/mcs2026/mcs2026-gallium.pdf; https://pubs.usgs.gov/periodicals/mcs2025/mcs2025-gallium.pdf"
3,ZS mining,AU,Zn_sphalerite_concentrate,,,0.0805,0.096,0,"[Ga proc] Domestic/incremental processing-cost row generated from Ga topology; planning-grade placeholder in USD/kg material; confidence=ok, Medium-high conf; CI=0.75-0.88; source_urls=https://pubs.usgs.gov/periodicals/mcs2026/mcs2026-gallium.pdf"
3,ZS mining,CA,Zn_sphalerite_concentrate,,,0.0805,0.088,0,"[Ga proc] Domestic/incremental processing-cost row generated from Ga topology; planning-grade placeholder in USD/kg material; confidence=ok, Medium-high conf; CI=0.75-0.88; source_urls=https://pubs.usgs.gov/periodicals/mcs2026/mcs2026-gallium.pdf"
3,ZS mining,CN,Zn_sphalerite_concentrate,,,0.0595,0.08,0,"[Ga proc] Domestic/incremental processing-cost row generated from Ga topology; planning-grade placeholder in USD/kg material; confidence=ok, Medium-high conf; CI=0.75-0.88; source_urls=https://pubs.usgs.gov/periodicals/mcs2026/mcs2026-gallium.pdf"
3,ZS mining,KZ,Zn_sphalerite_concentrate,,,0.0665,0.092,0,"[Ga proc] Domestic/incremental processing-cost row generated from Ga topology; planning-grade placeholder in USD/kg material; confidence=ok, Medium-high conf; CI=0.75-0.88; source_urls=https://pubs.usgs.gov/periodicals/mcs2026/mcs2026-gallium.pdf"
3,ZS mining,US,Zn_sphalerite_concentrate,,,0.084,0.088,0,"[Ga proc] Domestic/incremental processing-cost row generated from Ga topology; planning-grade placeholder in USD/kg material; confidence=ok, Medium-high conf; CI=0.75-0.88; source_urls=https://pubs.usgs.gov/periodicals/mcs2026/mcs2026-gallium.pdf"
3,Zinc concentration,AU,Zn_sphalerite_concentrate,,,0.207,0.096,0,"[Ga proc] Domestic/incremental processing-cost row generated from Ga topology; planning-grade placeholder in USD/kg material; confidence=suspect, Medium conf; CI=0.60-0.75; source_urls=https://pubs.usgs.gov/periodicals/mcs2026/mcs2026-gallium.pdf; https://pubs.usgs.gov/periodicals/mcs2025/mcs2025-gallium.pdf"
3,Zinc concentration,AU,Zn_sphalerite_concentrate,Zinc smelting/refining,CN,0,0.3216,0,"[Ga trade] Cross-border trade-cost row generated from Ga topology: Zinc concentration AU -> Zinc smelting/refining CN; tariff set to 0 in baseline; verify HS/country treatment if scenario requires; confidence=suspect, Medium conf; CI=0.60-0.75; source_urls=https://pubs.usgs.gov/periodicals/mcs2026/mcs2026-gallium.pdf; https://pubs.usgs.gov/periodicals/mcs2025/mcs2025-gallium.pdf"
3,Zinc concentration,AU,Zn_sphalerite_concentrate,Zinc smelting/refining,JP,0,0.2998,0,"[Ga trade] Cross-border trade-cost row generated from Ga topology: Zinc concentration AU -> Zinc smelting/refining JP; tariff set to 0 in baseline; verify HS/country treatment if scenario requires; confidence=suspect, Medium conf; CI=0.60-0.75; source_urls=https://pubs.usgs.gov/periodicals/mcs2026/mcs2026-gallium.pdf; https://pubs.usgs.gov/periodicals/mcs2025/mcs2025-gallium.pdf"
3,Zinc concentration,AU,Zn_sphalerite_concentrate,Zinc smelting/refining,KR,0,0.2991,0,"[Ga trade] Cross-border trade-cost row generated from Ga topology: Zinc concentration AU -> Zinc smelting/refining KR; tariff set to 0 in baseline; verify HS/country treatment if scenario requires; confidence=suspect, Medium conf; CI=0.60-0.75; source_urls=https://pubs.usgs.gov/periodicals/mcs2026/mcs2026-gallium.pdf; https://pubs.usgs.gov/periodicals/mcs2025/mcs2025-gallium.pdf"
3,Zinc concentration,CA,Zn_sphalerite_concentrate,,,0.207,0.088,0,"[Ga proc] Domestic/incremental processing-cost row generated from Ga topology; planning-grade placeholder in USD/kg material; confidence=suspect, Medium conf; CI=0.60-0.75; source_urls=https://pubs.usgs.gov/periodicals/mcs2026/mcs2026-gallium.pdf; https://pubs.usgs.gov/periodicals/mcs2025/mcs2025-gallium.pdf"
3,Zinc concentration,CA,Zn_sphalerite_concentrate,Zinc smelting/refining,JP,0,0.3429,0,"[Ga trade] Cross-border trade-cost row generated from Ga topology: Zinc concentration CA -> Zinc smelting/refining JP; tariff set to 0 in baseline; verify HS/country treatment if scenario requires; confidence=suspect, Medium conf; CI=0.60-0.75; source_urls=https://pubs.usgs.gov/periodicals/mcs2026/mcs2026-gallium.pdf; https://pubs.usgs.gov/periodicals/mcs2025/mcs2025-gallium.pdf"
3,Zinc concentration,CA,Zn_sphalerite_concentrate,Zinc smelting/refining,KR,0,0.3603,0,"[Ga trade] Cross-border trade-cost row generated from Ga topology: Zinc concentration CA -> Zinc smelting/refining KR; tariff set to 0 in baseline; verify HS/country treatment if scenario requires; confidence=suspect, Medium conf; CI=0.60-0.75; source_urls=https://pubs.usgs.gov/periodicals/mcs2026/mcs2026-gallium.pdf; https://pubs.usgs.gov/periodicals/mcs2025/mcs2025-gallium.pdf"
3,Zinc concentration,CA,Zn_sphalerite_concentrate,Zinc smelting/refining,US,0,0.1265,0,"[Ga trade] Cross-border trade-cost row generated from Ga topology: Zinc concentration CA -> Zinc smelting/refining US; tariff set to 0 in baseline; verify HS/country treatment if scenario requires; confidence=suspect, Medium conf; CI=0.60-0.75; source_urls=https://pubs.usgs.gov/periodicals/mcs2026/mcs2026-gallium.pdf; https://pubs.usgs.gov/periodicals/mcs2025/mcs2025-gallium.pdf"
3,Zinc concentration,CN,Zn_sphalerite_concentrate,,,0.153,0.08,0,"[Ga proc] Domestic/incremental processing-cost row generated from Ga topology; planning-grade placeholder in USD/kg material; confidence=ok, High conf; CI=0.85-0.97; source_urls=https://pubs.usgs.gov/periodicals/mcs2026/mcs2026-gallium.pdf; https://pubs.usgs.gov/periodicals/mcs2025/mcs2025-gallium.pdf"
3,Zinc concentration,JP,Zn_sphalerite_concentrate,,,0.207,0.076,0,"[Ga proc] Domestic/incremental processing-cost row generated from Ga topology; planning-grade placeholder in USD/kg material; confidence=ok, Medium-high conf; CI=0.75-0.88; source_urls=https://pubs.usgs.gov/periodicals/mcs2026/mcs2026-gallium.pdf; https://pubs.usgs.gov/periodicals/mcs2025/mcs2025-gallium.pdf"
3,Zinc concentration,KR,Zn_sphalerite_concentrate,,,0.189,0.072,0,"[Ga proc] Domestic/incremental processing-cost row generated from Ga topology; planning-grade placeholder in USD/kg material; confidence=ok, Medium-high conf; CI=0.75-0.88; source_urls=https://pubs.usgs.gov/periodicals/mcs2026/mcs2026-gallium.pdf; https://pubs.usgs.gov/periodicals/mcs2025/mcs2025-gallium.pdf"
3,Zinc concentration,KZ,Zn_sphalerite_concentrate,,,0.171,0.092,0,"[Ga proc] Domestic/incremental processing-cost row generated from Ga topology; planning-grade placeholder in USD/kg material; confidence=suspect, Medium conf; CI=0.60-0.75; source_urls=https://pubs.usgs.gov/periodicals/mcs2026/mcs2026-gallium.pdf; https://pubs.usgs.gov/periodicals/mcs2025/mcs2025-gallium.pdf"
3,Zinc concentration,KZ,Zn_sphalerite_concentrate,Zinc smelting/refining,CN,0,0.1764,0,"[Ga trade] Cross-border trade-cost row generated from Ga topology: Zinc concentration KZ -> Zinc smelting/refining CN; tariff set to 0 in baseline; verify HS/country treatment if scenario requires; confidence=suspect, Medium conf; CI=0.60-0.75; source_urls=https://pubs.usgs.gov/periodicals/mcs2026/mcs2026-gallium.pdf; https://pubs.usgs.gov/periodicals/mcs2025/mcs2025-gallium.pdf"
3,Zinc concentration,US,Zn_sphalerite_concentrate,,,0.216,0.088,0,"[Ga proc] Domestic/incremental processing-cost row generated from Ga topology; planning-grade placeholder in USD/kg material; confidence=ok, Medium-high conf; CI=0.75-0.88; source_urls=https://pubs.usgs.gov/periodicals/mcs2026/mcs2026-gallium.pdf; https://pubs.usgs.gov/periodicals/mcs2025/mcs2025-gallium.pdf"
3,Zinc smelting/refining,CN,ZLR_Zn_residue,,,0.2975,0.05,0,"[Ga proc] Domestic/incremental processing-cost row generated from Ga topology; planning-grade placeholder in USD/kg material; confidence=ok, High conf; CI=0.85-0.97; source_urls=https://pubs.usgs.gov/myb/vol1/2022/myb1-2022-gallium.pdf; https://pubs.usgs.gov/periodicals/mcs2026/mcs2026-gallium.pdf"
3,Zinc smelting/refining,JP,ZLR_Zn_residue,,,0.4025,0.0475,0,"[Ga proc] Domestic/incremental processing-cost row generated from Ga topology; planning-grade placeholder in USD/kg material; confidence=ok, High conf; CI=0.85-0.97; source_urls=https://hd.dowa.co.jp/en/ir/library/materials/main/0/teaserItems3/0/linkList/00/link/presentation_fy2023_fullyear_script-e.pdf; https://pubs.usgs.gov/periodicals/mcs2026/mcs2026-gallium.pdf; https://pubs.usgs.gov/periodicals/mcs2025/mcs2025-gallium.pdf"
3,Zinc smelting/refining,KR,ZLR_Zn_residue,,,0.3675,0.045,0,"[Ga proc] Domestic/incremental processing-cost row generated from Ga topology; planning-grade placeholder in USD/kg material; confidence=suspect, Medium conf; CI=0.60-0.75; source_urls=https://www.korea-certification.com/en/korea-zinc-launches-gallium-facility-to-reduce-reliance-on-chinese-supply/; https://pubs.usgs.gov/periodicals/mcs2025/mcs2025-gallium.pdf; https://pubs.usgs.gov/periodicals/mcs2026/mcs2026-gallium.pdf"
3,Zinc smelting/refining,US,ZLR_Zn_residue,,,0.42,0.055,0,"[Ga proc] Domestic/incremental processing-cost row generated from Ga topology; planning-grade placeholder in USD/kg material; confidence=suspect, Medium-low conf; CI=0.45-0.60; source_urls=https://www.energy.gov/cmei/articles/does-office-critical-minerals-and-energy-innovation-selects-five-organizations; https://pubs.usgs.gov/periodicals/mcs2026/mcs2026-gallium.pdf"
3,wafer_market_mix,US,GaAs_wafer,,,0,0.11,0,"[Ga proc] Domestic/incremental processing-cost row generated from Ga topology; planning-grade placeholder in USD/kg material; confidence=ok, High conf; CI=0.85-0.97; source_urls=https://pubs.usgs.gov/periodicals/mcs2026/mcs2026-gallium.pdf"
3,wafer_market_mix,US,GaN_wafer,,,0,0.11,0,"[Ga proc] Domestic/incremental processing-cost row generated from Ga topology; planning-grade placeholder in USD/kg material; confidence=ok, High conf; CI=0.85-0.97; source_urls=https://pubs.usgs.gov/periodicals/mcs2026/mcs2026-gallium.pdf"
4,Bauxite mining,AU,bauxite,,,0.0517,0.06,0,"[Ga proc] Domestic/incremental processing-cost row generated from Ga topology; planning-grade placeholder in USD/kg material; confidence=suspect, Medium conf; CI=0.60-0.75; source_urls=https://news.alcoa.com/press-releases/press-release-details/2025/GOVERNMENTS-ANNOUNCE-SUPPORT-FOR-ALCOAS-GALLIUM-CRITICAL-MINERAL-DEVELOPMENT-PROJECT-IN-WESTERN-AUSTRALIA/default.aspx; https://www.sojitz.com/en/news/article/20250804.html; https://pubs.usgs.gov/periodicals/mcs2026/mcs2026-gallium.pdf"
4,Bauxite mining,CN,bauxite,,,0.0382,0.05,0,"[Ga proc] Domestic/incremental processing-cost row generated from Ga topology; planning-grade placeholder in USD/kg material; confidence=ok, High conf; CI=0.85-0.97; source_urls=https://pubs.usgs.gov/periodicals/mcs2026/mcs2026-gallium.pdf; https://pubs.usgs.gov/myb/vol1/2022/myb1-2022-gallium.pdf"
4,Bauxite mining,GR,bauxite,,,0.0473,0.05,0,"[Ga proc] Domestic/incremental processing-cost row generated from Ga topology; planning-grade placeholder in USD/kg material; confidence=suspect, Medium conf; CI=0.60-0.75; source_urls=https://www.eib.org/en/press/all/2026-011-eib-backs-europe-s-first-gallium-production-investment-with-eur90-million-financing-to-metlen-in-greece; https://pubs.usgs.gov/periodicals/mcs2026/mcs2026-gallium.pdf"
4,Bauxite mining,KZ,bauxite,,,0.0427,0.0575,0,"[Ga proc] Domestic/incremental processing-cost row generated from Ga topology; planning-grade placeholder in USD/kg material; confidence=suspect, Medium conf; CI=0.60-0.75; source_urls=https://www.eurasianresources.lu/en/news/Shukhrat%20Ibragimov%20confirms%20that%20Eurasian%20Resources%20Group%20t.html; https://pubs.usgs.gov/periodicals/mcs2026/mcs2026-gallium.pdf"
4,Bayer liquor refining,AU,4N_Ga,,,97.75,0.096,0,"[Ga proc] Domestic/incremental processing-cost row generated from Ga topology; planning-grade placeholder in USD/kg material; confidence=suspect, Medium conf; CI=0.60-0.75; source_urls=https://news.alcoa.com/press-releases/press-release-details/2025/GOVERNMENTS-ANNOUNCE-SUPPORT-FOR-ALCOAS-GALLIUM-CRITICAL-MINERAL-DEVELOPMENT-PROJECT-IN-WESTERN-AUSTRALIA/default.aspx; https://www.sojitz.com/en/news/article/20250804.html; https://pubs.usgs.gov/periodicals/mcs2026/mcs2026-gallium.pdf"
4,Bayer liquor refining,AU,4N_Ga,High-purity gallium refining,CA,0,1.111,0,"[Ga trade] Cross-border trade-cost row generated from Ga topology: Bayer liquor refining AU -> High-purity gallium refining CA; tariff set to 0 in baseline; verify HS/country treatment if scenario requires; confidence=suspect, Medium conf; CI=0.60-0.75; source_urls=https://news.alcoa.com/press-releases/press-release-details/2025/GOVERNMENTS-ANNOUNCE-SUPPORT-FOR-ALCOAS-GALLIUM-CRITICAL-MINERAL-DEVELOPMENT-PROJECT-IN-WESTERN-AUSTRALIA/default.aspx; https://www.sojitz.com/en/news/article/20250804.html; https://pubs.usgs.gov/periodicals/mcs2026/mcs2026-gallium.pdf"
4,Bayer liquor refining,AU,4N_Ga,High-purity gallium refining,CN,0,0.6432,0,"[Ga trade] Cross-border trade-cost row generated from Ga topology: Bayer liquor refining AU -> High-purity gallium refining CN; tariff set to 0 in baseline; verify HS/country treatment if scenario requires; confidence=suspect, Medium conf; CI=0.60-0.75; source_urls=https://news.alcoa.com/press-releases/press-release-details/2025/GOVERNMENTS-ANNOUNCE-SUPPORT-FOR-ALCOAS-GALLIUM-CRITICAL-MINERAL-DEVELOPMENT-PROJECT-IN-WESTERN-AUSTRALIA/default.aspx; https://www.sojitz.com/en/news/article/20250804.html; https://pubs.usgs.gov/periodicals/mcs2026/mcs2026-gallium.pdf"
4,Bayer liquor refining,AU,4N_Ga,High-purity gallium refining,JP,0,0.5997,0,"[Ga trade] Cross-border trade-cost row generated from Ga topology: Bayer liquor refining AU -> High-purity gallium refining JP; tariff set to 0 in baseline; verify HS/country treatment if scenario requires; confidence=suspect, Medium conf; CI=0.60-0.75; source_urls=https://news.alcoa.com/press-releases/press-release-details/2025/GOVERNMENTS-ANNOUNCE-SUPPORT-FOR-ALCOAS-GALLIUM-CRITICAL-MINERAL-DEVELOPMENT-PROJECT-IN-WESTERN-AUSTRALIA/default.aspx; https://www.sojitz.com/en/news/article/20250804.html; https://pubs.usgs.gov/periodicals/mcs2026/mcs2026-gallium.pdf"
4,Bayer liquor refining,AU,4N_Ga,High-purity gallium refining,US,0,1.165,0,"[Ga trade] Cross-border trade-cost row generated from Ga topology: Bayer liquor refining AU -> High-purity gallium refining US; tariff set to 0 in baseline; verify HS/country treatment if scenario requires; confidence=suspect, Medium conf; CI=0.60-0.75; source_urls=https://news.alcoa.com/press-releases/press-release-details/2025/GOVERNMENTS-ANNOUNCE-SUPPORT-FOR-ALCOAS-GALLIUM-CRITICAL-MINERAL-DEVELOPMENT-PROJECT-IN-WESTERN-AUSTRALIA/default.aspx; https://www.sojitz.com/en/news/article/20250804.html; https://pubs.usgs.gov/periodicals/mcs2026/mcs2026-gallium.pdf"
4,Bayer liquor refining,CA,4N_Ga,,,300,0.088,0,"[Ga proc] Domestic/incremental processing-cost row generated from Ga topology; planning-grade placeholder in USD/kg material; confidence=suspect, Medium conf; CI=0.60-0.75; source_urls=https://www.riotinto.com/en/news/releases/2026/rio-tinto-advances-gallium-metal-rd-project-in-partnership-with-the-government-of-canada; https://pubs.usgs.gov/periodicals/mcs2026/mcs2026-gallium.pdf; https://pubs.usgs.gov/periodicals/mcs2025/mcs2025-gallium.pdf | Jacob Cordell expert review 2026-05-28: reviewed_planning processing-cost update reflects expert-updated planning assumptions for Ga recovery from Bayer liquor; period-0 reviewed value propagated to all modeled time periods for temporal consistency."
4,Bayer liquor refining,CA,4N_Ga,High-purity gallium refining,CN,0,0.777,0,"[Ga trade] Cross-border trade-cost row generated from Ga topology: Bayer liquor refining CA -> High-purity gallium refining CN; tariff set to 0 in baseline; verify HS/country treatment if scenario requires; confidence=suspect, Medium conf; CI=0.60-0.75; source_urls=https://www.riotinto.com/en/news/releases/2026/rio-tinto-advances-gallium-metal-rd-project-in-partnership-with-the-government-of-canada; https://pubs.usgs.gov/periodicals/mcs2026/mcs2026-gallium.pdf; https://pubs.usgs.gov/periodicals/mcs2025/mcs2025-gallium.pdf"
4,Bayer liquor refining,CA,4N_Ga,High-purity gallium refining,JP,0,0.6858,0,"[Ga trade] Cross-border trade-cost row generated from Ga topology: Bayer liquor refining CA -> High-purity gallium refining JP; tariff set to 0 in baseline; verify HS/country treatment if scenario requires; confidence=suspect, Medium conf; CI=0.60-0.75; source_urls=https://www.riotinto.com/en/news/releases/2026/rio-tinto-advances-gallium-metal-rd-project-in-partnership-with-the-government-of-canada; https://pubs.usgs.gov/periodicals/mcs2026/mcs2026-gallium.pdf; https://pubs.usgs.gov/periodicals/mcs2025/mcs2025-gallium.pdf"
4,Bayer liquor refining,CA,4N_Ga,High-purity gallium refining,US,0,0.253,0,"[Ga trade] Cross-border trade-cost row generated from Ga topology: Bayer liquor refining CA -> High-purity gallium refining US; tariff set to 0 in baseline; verify HS/country treatment if scenario requires; confidence=suspect, Medium conf; CI=0.60-0.75; source_urls=https://www.riotinto.com/en/news/releases/2026/rio-tinto-advances-gallium-metal-rd-project-in-partnership-with-the-government-of-canada; https://pubs.usgs.gov/periodicals/mcs2026/mcs2026-gallium.pdf; https://pubs.usgs.gov/periodicals/mcs2025/mcs2025-gallium.pdf"
4,Bayer liquor refining,CN,4N_Ga,,,280,0.08,0,"[Ga proc] Domestic/incremental processing-cost row generated from Ga topology; planning-grade placeholder in USD/kg material; confidence=ok, High conf; CI=0.85-0.97; source_urls=https://pubs.usgs.gov/periodicals/mcs2026/mcs2026-gallium.pdf; https://pubs.usgs.gov/myb/vol1/2022/myb1-2022-gallium.pdf; https://pubs.usgs.gov/periodicals/mcs2025/mcs2025-gallium.pdf | Jacob Cordell expert review 2026-05-28: reviewed_planning processing-cost update reflects expert-updated planning assumptions for Ga recovery from Bayer liquor; period-0 reviewed value propagated to all modeled time periods for temporal consistency."
4,Bayer liquor refining,CN,4N_Ga,High-purity gallium refining,CA,0,0.777,0,"[Ga trade] Cross-border trade-cost row generated from Ga topology: Bayer liquor refining CN -> High-purity gallium refining CA; tariff set to 0 in baseline; verify HS/country treatment if scenario requires; confidence=ok, High conf; CI=0.85-0.97; source_urls=https://pubs.usgs.gov/periodicals/mcs2026/mcs2026-gallium.pdf; https://pubs.usgs.gov/myb/vol1/2022/myb1-2022-gallium.pdf; https://pubs.usgs.gov/periodicals/mcs2025/mcs2025-gallium.pdf"
4,Bayer liquor refining,CN,4N_Ga,High-purity gallium refining,JP,0,0.3333,0,"[Ga trade] Cross-border trade-cost row generated from Ga topology: Bayer liquor refining CN -> High-purity gallium refining JP; tariff set to 0 in baseline; verify HS/country treatment if scenario requires; confidence=ok, High conf; CI=0.85-0.97; source_urls=https://pubs.usgs.gov/periodicals/mcs2026/mcs2026-gallium.pdf; https://pubs.usgs.gov/myb/vol1/2022/myb1-2022-gallium.pdf; https://pubs.usgs.gov/periodicals/mcs2025/mcs2025-gallium.pdf"
4,Bayer liquor refining,CN,4N_Ga,High-purity gallium refining,US,0,0.9097,0,"[Ga trade] Cross-border trade-cost row generated from Ga topology: Bayer liquor refining CN -> High-purity gallium refining US; US gallium-metal proxy tariff applied; confidence=ok, High conf; CI=0.85-0.97; source_urls=https://pubs.usgs.gov/periodicals/mcs2026/mcs2026-gallium.pdf; https://pubs.usgs.gov/myb/vol1/2022/myb1-2022-gallium.pdf; https://pubs.usgs.gov/periodicals/mcs2025/mcs2025-gallium.pdf | Jacob Cordell expert review 2026-05-28: reviewed_planning tariff assumptions were propagated consistently across all modeled time periods."
4,Bayer liquor refining,GR,4N_Ga,,,330,0.08,0,"[Ga proc] Domestic/incremental processing-cost row generated from Ga topology; planning-grade placeholder in USD/kg material; confidence=suspect, Medium conf; CI=0.60-0.75; source_urls=https://www.eib.org/en/press/all/2026-011-eib-backs-europe-s-first-gallium-production-investment-with-eur90-million-financing-to-metlen-in-greece; https://pubs.usgs.gov/periodicals/mcs2026/mcs2026-gallium.pdf; https://pubs.usgs.gov/periodicals/mcs2025/mcs2025-gallium.pdf | Jacob Cordell expert review 2026-05-28: reviewed_planning processing-cost update reflects expert-updated planning assumptions for Ga recovery from Bayer liquor; period-0 reviewed value propagated to all modeled time periods for temporal consistency."
4,Bayer liquor refining,GR,4N_Ga,High-purity gallium refining,CA,0,0.7051,0,"[Ga trade] Cross-border trade-cost row generated from Ga topology: Bayer liquor refining GR -> High-purity gallium refining CA; tariff set to 0 in baseline; verify HS/country treatment if scenario requires; confidence=suspect, Medium conf; CI=0.60-0.75; source_urls=https://www.eib.org/en/press/all/2026-011-eib-backs-europe-s-first-gallium-production-investment-with-eur90-million-financing-to-metlen-in-greece; https://pubs.usgs.gov/periodicals/mcs2026/mcs2026-gallium.pdf; https://pubs.usgs.gov/periodicals/mcs2025/mcs2025-gallium.pdf"
4,Bayer liquor refining,GR,4N_Ga,High-purity gallium refining,CN,0,0.611,0,"[Ga trade] Cross-border trade-cost row generated from Ga topology: Bayer liquor refining GR -> High-purity gallium refining CN; tariff set to 0 in baseline; verify HS/country treatment if scenario requires; confidence=suspect, Medium conf; CI=0.60-0.75; source_urls=https://www.eib.org/en/press/all/2026-011-eib-backs-europe-s-first-gallium-production-investment-with-eur90-million-financing-to-metlen-in-greece; https://pubs.usgs.gov/periodicals/mcs2026/mcs2026-gallium.pdf; https://pubs.usgs.gov/periodicals/mcs2025/mcs2025-gallium.pdf"
4,Bayer liquor refining,GR,4N_Ga,High-purity gallium refining,JP,0,0.7788,0,"[Ga trade] Cross-border trade-cost row generated from Ga topology: Bayer liquor refining GR -> High-purity gallium refining JP; tariff set to 0 in baseline; verify HS/country treatment if scenario requires; confidence=suspect, Medium conf; CI=0.60-0.75; source_urls=https://www.eib.org/en/press/all/2026-011-eib-backs-europe-s-first-gallium-production-investment-with-eur90-million-financing-to-metlen-in-greece; https://pubs.usgs.gov/periodicals/mcs2026/mcs2026-gallium.pdf; https://pubs.usgs.gov/periodicals/mcs2025/mcs2025-gallium.pdf"
4,Bayer liquor refining,GR,4N_Ga,High-purity gallium refining,US,0,0.775,0,"[Ga trade] Cross-border trade-cost row generated from Ga topology: Bayer liquor refining GR -> High-purity gallium refining US; US gallium-metal proxy tariff applied; confidence=suspect, Medium conf; CI=0.60-0.75; source_urls=https://www.eib.org/en/press/all/2026-011-eib-backs-europe-s-first-gallium-production-investment-with-eur90-million-financing-to-metlen-in-greece; https://pubs.usgs.gov/periodicals/mcs2026/mcs2026-gallium.pdf; https://pubs.usgs.gov/periodicals/mcs2025/mcs2025-gallium.pdf | Jacob Cordell expert review 2026-05-28: reviewed_planning tariff assumptions were propagated consistently across all modeled time periods."
4,Bayer liquor refining,KZ,4N_Ga,,,332,0.092,0,"[Ga proc] Domestic/incremental processing-cost row generated from Ga topology; planning-grade placeholder in USD/kg material; confidence=suspect, Medium conf; CI=0.60-0.75; source_urls=https://www.eurasianresources.lu/en/news/Shukhrat%20Ibragimov%20confirms%20that%20Eurasian%20Resources%20Group%20t.html; https://pubs.usgs.gov/periodicals/mcs2026/mcs2026-gallium.pdf; https://pubs.usgs.gov/periodicals/mcs2025/mcs2025-gallium.pdf | Jacob Cordell expert review 2026-05-28: reviewed_planning processing-cost update reflects expert-updated planning assumptions for Ga recovery from Bayer liquor; period-0 reviewed value propagated to all modeled time periods for temporal consistency."
4,Bayer liquor refining,KZ,4N_Ga,High-purity gallium refining,CA,0,0.7092,0,"[Ga trade] Cross-border trade-cost row generated from Ga topology: Bayer liquor refining KZ -> High-purity gallium refining CA; tariff set to 0 in baseline; verify HS/country treatment if scenario requires; confidence=suspect, Medium conf; CI=0.60-0.75; source_urls=https://www.eurasianresources.lu/en/news/Shukhrat%20Ibragimov%20confirms%20that%20Eurasian%20Resources%20Group%20t.html; https://pubs.usgs.gov/periodicals/mcs2026/mcs2026-gallium.pdf; https://pubs.usgs.gov/periodicals/mcs2025/mcs2025-gallium.pdf"
4,Bayer liquor refining,KZ,4N_Ga,High-purity gallium refining,CN,0,0.3528,0,"[Ga trade] Cross-border trade-cost row generated from Ga topology: Bayer liquor refining KZ -> High-purity gallium refining CN; tariff set to 0 in baseline; verify HS/country treatment if scenario requires; confidence=suspect, Medium conf; CI=0.60-0.75; source_urls=https://www.eurasianresources.lu/en/news/Shukhrat%20Ibragimov%20confirms%20that%20Eurasian%20Resources%20Group%20t.html; https://pubs.usgs.gov/periodicals/mcs2026/mcs2026-gallium.pdf; https://pubs.usgs.gov/periodicals/mcs2025/mcs2025-gallium.pdf"
4,Bayer liquor refining,KZ,4N_Ga,High-purity gallium refining,JP,0,0.5269,0,"[Ga trade] Cross-border trade-cost row generated from Ga topology: Bayer liquor refining KZ -> High-purity gallium refining JP; tariff set to 0 in baseline; verify HS/country treatment if scenario requires; confidence=suspect, Medium conf; CI=0.60-0.75; source_urls=https://www.eurasianresources.lu/en/news/Shukhrat%20Ibragimov%20confirms%20that%20Eurasian%20Resources%20Group%20t.html; https://pubs.usgs.gov/periodicals/mcs2026/mcs2026-gallium.pdf; https://pubs.usgs.gov/periodicals/mcs2025/mcs2025-gallium.pdf"
4,Bayer liquor refining,KZ,4N_Ga,High-purity gallium refining,US,0,0.83,0,"[Ga trade] Cross-border trade-cost row generated from Ga topology: Bayer liquor refining KZ -> High-purity gallium refining US; US gallium-metal proxy tariff applied; confidence=suspect, Medium conf; CI=0.60-0.75; source_urls=https://www.eurasianresources.lu/en/news/Shukhrat%20Ibragimov%20confirms%20that%20Eurasian%20Resources%20Group%20t.html; https://pubs.usgs.gov/periodicals/mcs2026/mcs2026-gallium.pdf; https://pubs.usgs.gov/periodicals/mcs2025/mcs2025-gallium.pdf | Jacob Cordell expert review 2026-05-28: reviewed_planning tariff assumptions were propagated consistently across all modeled time periods."
4,Bayer liquor refining,US,4N_Ga,,,422,0.088,0,"[Ga proc] Domestic/incremental processing-cost row generated from Ga topology; planning-grade placeholder in USD/kg material; confidence=suspect, Medium-low conf; CI=0.45-0.60; source_urls=https://www.energy.gov/cmei/articles/does-office-critical-minerals-and-energy-innovation-selects-five-organizations; https://pubs.usgs.gov/periodicals/mcs2026/mcs2026-gallium.pdf; https://pubs.usgs.gov/periodicals/mcs2025/mcs2025-gallium.pdf | Jacob Cordell expert review 2026-05-28: reviewed_planning processing-cost update reflects expert-updated planning assumptions for Ga recovery from Bayer liquor; period-0 reviewed value propagated to all modeled time periods for temporal consistency."
4,Bayer liquor refining,US,4N_Ga,High-purity gallium refining,CA,0,0.253,0,"[Ga trade] Cross-border trade-cost row generated from Ga topology: Bayer liquor refining US -> High-purity gallium refining CA; tariff set to 0 in baseline; verify HS/country treatment if scenario requires; confidence=suspect, Medium-low conf; CI=0.45-0.60; source_urls=https://www.energy.gov/cmei/articles/does-office-critical-minerals-and-energy-innovation-selects-five-organizations; https://pubs.usgs.gov/periodicals/mcs2026/mcs2026-gallium.pdf; https://pubs.usgs.gov/periodicals/mcs2025/mcs2025-gallium.pdf"
4,Bayer liquor refining,US,4N_Ga,High-purity gallium refining,CN,0,0.9097,0,"[Ga trade] Cross-border trade-cost row generated from Ga topology: Bayer liquor refining US -> High-purity gallium refining CN; tariff set to 0 in baseline; verify HS/country treatment if scenario requires; confidence=suspect, Medium-low conf; CI=0.45-0.60; source_urls=https://www.energy.gov/cmei/articles/does-office-critical-minerals-and-energy-innovation-selects-five-organizations; https://pubs.usgs.gov/periodicals/mcs2026/mcs2026-gallium.pdf; https://pubs.usgs.gov/periodicals/mcs2025/mcs2025-gallium.pdf"
4,Bayer liquor refining,US,4N_Ga,High-purity gallium refining,JP,0,0.803,0,"[Ga trade] Cross-border trade-cost row generated from Ga topology: Bayer liquor refining US -> High-purity gallium refining JP; tariff set to 0 in baseline; verify HS/country treatment if scenario requires; confidence=suspect, Medium-low conf; CI=0.45-0.60; source_urls=https://www.energy.gov/cmei/articles/does-office-critical-minerals-and-energy-innovation-selects-five-organizations; https://pubs.usgs.gov/periodicals/mcs2026/mcs2026-gallium.pdf; https://pubs.usgs.gov/periodicals/mcs2025/mcs2025-gallium.pdf"
4,Bayer process / alumina refining,AU,Bayer_liquor,,,0.0345,0.024,0,"[Ga proc] Domestic/incremental processing-cost row generated from Ga topology; planning-grade placeholder in USD/kg material; confidence=suspect, Medium conf; CI=0.60-0.75; source_urls=https://news.alcoa.com/press-releases/press-release-details/2025/GOVERNMENTS-ANNOUNCE-SUPPORT-FOR-ALCOAS-GALLIUM-CRITICAL-MINERAL-DEVELOPMENT-PROJECT-IN-WESTERN-AUSTRALIA/default.aspx; https://www.sojitz.com/en/news/article/20250804.html; https://pubs.usgs.gov/periodicals/mcs2026/mcs2026-gallium.pdf"
4,Bayer process / alumina refining,CA,Bayer_liquor,,,0.0345,0.022,0,"[Ga proc] Domestic/incremental processing-cost row generated from Ga topology; planning-grade placeholder in USD/kg material; confidence=suspect, Medium conf; CI=0.60-0.75; source_urls=https://www.riotinto.com/en/news/releases/2026/rio-tinto-advances-gallium-metal-rd-project-in-partnership-with-the-government-of-canada; https://pubs.usgs.gov/periodicals/mcs2026/mcs2026-gallium.pdf"
4,Bayer process / alumina refining,CN,Bayer_liquor,,,0.0255,0.02,0,"[Ga proc] Domestic/incremental processing-cost row generated from Ga topology; planning-grade placeholder in USD/kg material; confidence=ok, High conf; CI=0.85-0.97; source_urls=https://pubs.usgs.gov/periodicals/mcs2026/mcs2026-gallium.pdf; https://pubs.usgs.gov/myb/vol1/2022/myb1-2022-gallium.pdf"
4,Bayer process / alumina refining,GR,Bayer_liquor,,,0.0315,0.02,0,"[Ga proc] Domestic/incremental processing-cost row generated from Ga topology; planning-grade placeholder in USD/kg material; confidence=suspect, Medium conf; CI=0.60-0.75; source_urls=https://www.eib.org/en/press/all/2026-011-eib-backs-europe-s-first-gallium-production-investment-with-eur90-million-financing-to-metlen-in-greece; https://pubs.usgs.gov/periodicals/mcs2026/mcs2026-gallium.pdf"
4,Bayer process / alumina refining,KZ,Bayer_liquor,,,0.0285,0.023,0,"[Ga proc] Domestic/incremental processing-cost row generated from Ga topology; planning-grade placeholder in USD/kg material; confidence=suspect, Medium conf; CI=0.60-0.75; source_urls=https://www.eurasianresources.lu/en/news/Shukhrat%20Ibragimov%20confirms%20that%20Eurasian%20Resources%20Group%20t.html; https://pubs.usgs.gov/periodicals/mcs2026/mcs2026-gallium.pdf"
4,Bayer process / alumina refining,US,Bayer_liquor,,,0.036,0.022,0,"[Ga proc] Domestic/incremental processing-cost row generated from Ga topology; planning-grade placeholder in USD/kg material; confidence=suspect, Medium-low conf; CI=0.45-0.60; source_urls=https://www.energy.gov/cmei/articles/does-office-critical-minerals-and-energy-innovation-selects-five-organizations; https://pubs.usgs.gov/periodicals/mcs2026/mcs2026-gallium.pdf"
4,High-purity gallium refining,CA,6N_Ga,,,420,0.088,0,"[Ga proc] Domestic/incremental processing-cost row generated from Ga topology; planning-grade placeholder in USD/kg material; confidence=ok, Medium-high conf; CI=0.75-0.88; source_urls=https://pubs.usgs.gov/periodicals/mcs2025/mcs2025-gallium.pdf; https://pubs.usgs.gov/myb/vol1/2022/myb1-2022-gallium.pdf; https://www.neomaterials.com/rare-metals/gallium/ | Jacob Cordell expert review 2026-05-28: reviewed_planning processing-cost update reflects expert-updated purification cost assumptions for 6N gallium; period-0 reviewed value propagated to all modeled time periods for temporal consistency."
4,High-purity gallium refining,CA,6N_Ga,TMG synthesis,CN,0,0.777,0,"[Ga trade] Cross-border trade-cost row generated from Ga topology: High-purity gallium refining CA -> TMG synthesis CN; tariff set to 0 in baseline; verify HS/country treatment if scenario requires; confidence=ok, Medium-high conf; CI=0.75-0.88; source_urls=https://pubs.usgs.gov/periodicals/mcs2025/mcs2025-gallium.pdf; https://pubs.usgs.gov/myb/vol1/2022/myb1-2022-gallium.pdf; https://www.neomaterials.com/rare-metals/gallium/"
4,High-purity gallium refining,CA,6N_Ga,TMG synthesis,JP,0,0.6858,0,"[Ga trade] Cross-border trade-cost row generated from Ga topology: High-purity gallium refining CA -> TMG synthesis JP; tariff set to 0 in baseline; verify HS/country treatment if scenario requires; confidence=ok, Medium-high conf; CI=0.75-0.88; source_urls=https://pubs.usgs.gov/periodicals/mcs2025/mcs2025-gallium.pdf; https://pubs.usgs.gov/myb/vol1/2022/myb1-2022-gallium.pdf; https://www.neomaterials.com/rare-metals/gallium/"
4,High-purity gallium refining,CA,6N_Ga,TMG synthesis,KR,0,0.7205,0,"[Ga trade] Cross-border trade-cost row generated from Ga topology: High-purity gallium refining CA -> TMG synthesis KR; tariff set to 0 in baseline; verify HS/country treatment if scenario requires; confidence=ok, Medium conf; CI=0.60-0.75; source_urls=https://pubs.usgs.gov/periodicals/mcs2025/mcs2025-gallium.pdf; https://pubs.usgs.gov/myb/vol1/2022/myb1-2022-gallium.pdf; https://www.neomaterials.com/rare-metals/gallium/"
4,High-purity gallium refining,CA,6N_Ga,TMG synthesis,US,0,0.253,0,"[Ga trade] Cross-border trade-cost row generated from Ga topology: High-purity gallium refining CA -> TMG synthesis US; tariff set to 0 in baseline; verify HS/country treatment if scenario requires; confidence=ok, Medium conf; CI=0.60-0.75; source_urls=https://pubs.usgs.gov/periodicals/mcs2025/mcs2025-gallium.pdf; https://pubs.usgs.gov/myb/vol1/2022/myb1-2022-gallium.pdf; https://www.neomaterials.com/rare-metals/gallium/"
4,High-purity gallium refining,CA,6N_Ga,Wafer manufacturing,CN,0,0.777,0,"[Ga trade] Cross-border trade-cost row generated from Ga topology: High-purity gallium refining CA -> Wafer manufacturing CN; tariff set to 0 in baseline; verify HS/country treatment if scenario requires; confidence=ok, Medium-high conf; CI=0.75-0.88; source_urls=https://pubs.usgs.gov/periodicals/mcs2025/mcs2025-gallium.pdf; https://pubs.usgs.gov/myb/vol1/2022/myb1-2022-gallium.pdf; https://www.neomaterials.com/rare-metals/gallium/"
4,High-purity gallium refining,CA,6N_Ga,Wafer manufacturing,JP,0,0.6858,0,"[Ga trade] Cross-border trade-cost row generated from Ga topology: High-purity gallium refining CA -> Wafer manufacturing JP; tariff set to 0 in baseline; verify HS/country treatment if scenario requires; confidence=ok, High conf; CI=0.85-0.97; source_urls=https://pubs.usgs.gov/periodicals/mcs2025/mcs2025-gallium.pdf; https://pubs.usgs.gov/myb/vol1/2022/myb1-2022-gallium.pdf; https://www.neomaterials.com/rare-metals/gallium/"
4,High-purity gallium refining,CA,6N_Ga,Wafer manufacturing,KR,0,0.7205,0,"[Ga trade] Cross-border trade-cost row generated from Ga topology: High-purity gallium refining CA -> Wafer manufacturing KR; tariff set to 0 in baseline; verify HS/country treatment if scenario requires; confidence=ok, Medium conf; CI=0.60-0.75; source_urls=https://pubs.usgs.gov/periodicals/mcs2025/mcs2025-gallium.pdf; https://pubs.usgs.gov/myb/vol1/2022/myb1-2022-gallium.pdf; https://www.neomaterials.com/rare-metals/gallium/"
4,High-purity gallium refining,CA,6N_Ga,Wafer manufacturing,US,0,0.253,0,"[Ga trade] Cross-border trade-cost row generated from Ga topology: High-purity gallium refining CA -> Wafer manufacturing US; tariff set to 0 in baseline; verify HS/country treatment if scenario requires; confidence=ok, High conf; CI=0.85-0.97; source_urls=https://pubs.usgs.gov/periodicals/mcs2025/mcs2025-gallium.pdf; https://pubs.usgs.gov/myb/vol1/2022/myb1-2022-gallium.pdf; https://www.neomaterials.com/rare-metals/gallium/"
4,High-purity gallium refining,CN,6N_Ga,,,350,0.08,0,"[Ga proc] Domestic/incremental processing-cost row generated from Ga topology; planning-grade placeholder in USD/kg material; confidence=ok, Medium-high conf; CI=0.75-0.88; source_urls=https://pubs.usgs.gov/myb/vol1/2022/myb1-2022-gallium.pdf; https://pubs.usgs.gov/periodicals/mcs2025/mcs2025-gallium.pdf; https://www.nouryon.com/product/tmga-ssg-trimethylgallium-cas-1445-79-0 | Jacob Cordell expert review 2026-05-28: reviewed_planning processing-cost update reflects expert-updated purification cost assumptions for 6N gallium; period-0 reviewed value propagated to all modeled time periods for temporal consistency."
4,High-purity gallium refining,CN,6N_Ga,TMG synthesis,JP,0,0.3333,0,"[Ga trade] Cross-border trade-cost row generated from Ga topology: High-purity gallium refining CN -> TMG synthesis JP; tariff set to 0 in baseline; verify HS/country treatment if scenario requires; confidence=ok, Medium-high conf; CI=0.75-0.88; source_urls=https://pubs.usgs.gov/myb/vol1/2022/myb1-2022-gallium.pdf; https://pubs.usgs.gov/periodicals/mcs2025/mcs2025-gallium.pdf; https://www.nouryon.com/product/tmga-ssg-trimethylgallium-cas-1445-79-0"
4,High-purity gallium refining,CN,6N_Ga,TMG synthesis,KR,0,0.2683,0,"[Ga trade] Cross-border trade-cost row generated from Ga topology: High-purity gallium refining CN -> TMG synthesis KR; tariff set to 0 in baseline; verify HS/country treatment if scenario requires; confidence=ok, Medium conf; CI=0.60-0.75; source_urls=https://pubs.usgs.gov/myb/vol1/2022/myb1-2022-gallium.pdf; https://pubs.usgs.gov/periodicals/mcs2025/mcs2025-gallium.pdf; https://www.nouryon.com/product/tmga-ssg-trimethylgallium-cas-1445-79-0"
4,High-purity gallium refining,CN,6N_Ga,TMG synthesis,US,0,0.9097,0,"[Ga trade] Cross-border trade-cost row generated from Ga topology: High-purity gallium refining CN -> TMG synthesis US; US gallium-metal proxy tariff applied; confidence=ok, Medium conf; CI=0.60-0.75; source_urls=https://pubs.usgs.gov/myb/vol1/2022/myb1-2022-gallium.pdf; https://pubs.usgs.gov/periodicals/mcs2025/mcs2025-gallium.pdf; https://pubs.usgs.gov/periodicals/mcs2026/mcs2026-gallium.pdf | Jacob Cordell expert review 2026-05-28: reviewed_planning tariff assumptions were propagated consistently across all modeled time periods."
4,High-purity gallium refining,CN,6N_Ga,Wafer manufacturing,JP,0,0.3333,0,"[Ga trade] Cross-border trade-cost row generated from Ga topology: High-purity gallium refining CN -> Wafer manufacturing JP; tariff set to 0 in baseline; verify HS/country treatment if scenario requires; confidence=ok, High conf; CI=0.85-0.97; source_urls=https://pubs.usgs.gov/myb/vol1/2022/myb1-2022-gallium.pdf; https://pubs.usgs.gov/periodicals/mcs2025/mcs2025-gallium.pdf"
4,High-purity gallium refining,CN,6N_Ga,Wafer manufacturing,KR,0,0.2683,0,"[Ga trade] Cross-border trade-cost row generated from Ga topology: High-purity gallium refining CN -> Wafer manufacturing KR; tariff set to 0 in baseline; verify HS/country treatment if scenario requires; confidence=ok, Medium conf; CI=0.60-0.75; source_urls=https://pubs.usgs.gov/myb/vol1/2022/myb1-2022-gallium.pdf; https://pubs.usgs.gov/periodicals/mcs2025/mcs2025-gallium.pdf"
4,High-purity gallium refining,CN,6N_Ga,Wafer manufacturing,US,0,0.9097,0,"[Ga trade] Cross-border trade-cost row generated from Ga topology: High-purity gallium refining CN -> Wafer manufacturing US; US gallium-metal proxy tariff applied; confidence=ok, High conf; CI=0.85-0.97; source_urls=https://pubs.usgs.gov/myb/vol1/2022/myb1-2022-gallium.pdf; https://pubs.usgs.gov/periodicals/mcs2025/mcs2025-gallium.pdf; https://pubs.usgs.gov/periodicals/mcs2026/mcs2026-gallium.pdf | Jacob Cordell expert review 2026-05-28: reviewed_planning tariff assumptions were propagated consistently across all modeled time periods."
4,High-purity gallium refining,JP,6N_Ga,,,440,0.076,0,"[Ga proc] Domestic/incremental processing-cost row generated from Ga topology; planning-grade placeholder in USD/kg material; confidence=ok, Medium-high conf; CI=0.75-0.88; source_urls=https://pubs.usgs.gov/myb/vol1/2022/myb1-2022-gallium.pdf; https://pubs.usgs.gov/periodicals/mcs2025/mcs2025-gallium.pdf; https://www.nouryon.com/product/tmga-ssg-trimethylgallium-cas-1445-79-0 | Jacob Cordell expert review 2026-05-28: reviewed_planning processing-cost update reflects expert-updated purification cost assumptions for 6N gallium; period-0 reviewed value propagated to all modeled time periods for temporal consistency."
4,High-purity gallium refining,JP,6N_Ga,TMG synthesis,CN,0,0.3333,0,"[Ga trade] Cross-border trade-cost row generated from Ga topology: High-purity gallium refining JP -> TMG synthesis CN; tariff set to 0 in baseline; verify HS/country treatment if scenario requires; confidence=ok, Medium-high conf; CI=0.75-0.88; source_urls=https://pubs.usgs.gov/myb/vol1/2022/myb1-2022-gallium.pdf; https://pubs.usgs.gov/periodicals/mcs2025/mcs2025-gallium.pdf; https://www.nouryon.com/product/tmga-ssg-trimethylgallium-cas-1445-79-0"
4,High-purity gallium refining,JP,6N_Ga,TMG synthesis,KR,0,0.186,0,"[Ga trade] Cross-border trade-cost row generated from Ga topology: High-purity gallium refining JP -> TMG synthesis KR; tariff set to 0 in baseline; verify HS/country treatment if scenario requires; confidence=ok, Medium conf; CI=0.60-0.75; source_urls=https://pubs.usgs.gov/myb/vol1/2022/myb1-2022-gallium.pdf; https://pubs.usgs.gov/periodicals/mcs2025/mcs2025-gallium.pdf; https://www.nouryon.com/product/tmga-ssg-trimethylgallium-cas-1445-79-0"
4,High-purity gallium refining,JP,6N_Ga,TMG synthesis,US,0,0.803,0,"[Ga trade] Cross-border trade-cost row generated from Ga topology: High-purity gallium refining JP -> TMG synthesis US; US gallium-metal proxy tariff applied; confidence=ok, Medium conf; CI=0.60-0.75; source_urls=https://pubs.usgs.gov/myb/vol1/2022/myb1-2022-gallium.pdf; https://pubs.usgs.gov/periodicals/mcs2025/mcs2025-gallium.pdf; https://pubs.usgs.gov/periodicals/mcs2026/mcs2026-gallium.pdf | Jacob Cordell expert review 2026-05-28: reviewed_planning tariff assumptions were propagated consistently across all modeled time periods."
4,High-purity gallium refining,JP,6N_Ga,Wafer manufacturing,CN,0,0.3333,0,"[Ga trade] Cross-border trade-cost row generated from Ga topology: High-purity gallium refining JP -> Wafer manufacturing CN; tariff set to 0 in baseline; verify HS/country treatment if scenario requires; confidence=ok, Medium-high conf; CI=0.75-0.88; source_urls=https://pubs.usgs.gov/myb/vol1/2022/myb1-2022-gallium.pdf; https://pubs.usgs.gov/periodicals/mcs2025/mcs2025-gallium.pdf; https://pubs.usgs.gov/periodicals/mcs2026/mcs2026-gallium.pdf"
4,High-purity gallium refining,JP,6N_Ga,Wafer manufacturing,KR,0,0.186,0,"[Ga trade] Cross-border trade-cost row generated from Ga topology: High-purity gallium refining JP -> Wafer manufacturing KR; tariff set to 0 in baseline; verify HS/country treatment if scenario requires; confidence=ok, Medium conf; CI=0.60-0.75; source_urls=https://pubs.usgs.gov/myb/vol1/2022/myb1-2022-gallium.pdf; https://pubs.usgs.gov/periodicals/mcs2025/mcs2025-gallium.pdf"
4,High-purity gallium refining,JP,6N_Ga,Wafer manufacturing,US,0,0.803,0,"[Ga trade] Cross-border trade-cost row generated from Ga topology: High-purity gallium refining JP -> Wafer manufacturing US; US gallium-metal proxy tariff applied; confidence=ok, High conf; CI=0.85-0.97; source_urls=https://pubs.usgs.gov/myb/vol1/2022/myb1-2022-gallium.pdf; https://pubs.usgs.gov/periodicals/mcs2025/mcs2025-gallium.pdf; https://pubs.usgs.gov/periodicals/mcs2026/mcs2026-gallium.pdf | Jacob Cordell expert review 2026-05-28: reviewed_planning tariff assumptions were propagated consistently across all modeled time periods."
4,High-purity gallium refining,US,6N_Ga,,,390,0.088,0,"[Ga proc] Domestic/incremental processing-cost row generated from Ga topology; planning-grade placeholder in USD/kg material; confidence=ok, Medium-high conf; CI=0.75-0.88; source_urls=https://pubs.usgs.gov/periodicals/mcs2026/mcs2026-gallium.pdf; https://pubs.usgs.gov/myb/vol1/2022/myb1-2022-gallium.pdf; https://www.nouryon.com/product/tmga-ssg-trimethylgallium-cas-1445-79-0 | Jacob Cordell expert review 2026-05-28: reviewed_planning processing-cost update reflects expert-updated purification cost assumptions for 6N gallium; period-0 reviewed value propagated to all modeled time periods for temporal consistency."
4,High-purity gallium refining,US,6N_Ga,TMG synthesis,CN,0,0.9097,0,"[Ga trade] Cross-border trade-cost row generated from Ga topology: High-purity gallium refining US -> TMG synthesis CN; tariff set to 0 in baseline; verify HS/country treatment if scenario requires; confidence=ok, Medium-high conf; CI=0.75-0.88; source_urls=https://pubs.usgs.gov/periodicals/mcs2026/mcs2026-gallium.pdf; https://pubs.usgs.gov/myb/vol1/2022/myb1-2022-gallium.pdf; https://www.nouryon.com/product/tmga-ssg-trimethylgallium-cas-1445-79-0"
4,High-purity gallium refining,US,6N_Ga,TMG synthesis,JP,0,0.803,0,"[Ga trade] Cross-border trade-cost row generated from Ga topology: High-purity gallium refining US -> TMG synthesis JP; tariff set to 0 in baseline; verify HS/country treatment if scenario requires; confidence=ok, Medium-high conf; CI=0.75-0.88; source_urls=https://pubs.usgs.gov/periodicals/mcs2026/mcs2026-gallium.pdf; https://pubs.usgs.gov/myb/vol1/2022/myb1-2022-gallium.pdf; https://www.nouryon.com/product/tmga-ssg-trimethylgallium-cas-1445-79-0"
4,High-purity gallium refining,US,6N_Ga,TMG synthesis,KR,0,0.8445,0,"[Ga trade] Cross-border trade-cost row generated from Ga topology: High-purity gallium refining US -> TMG synthesis KR; tariff set to 0 in baseline; verify HS/country treatment if scenario requires; confidence=ok, Medium conf; CI=0.60-0.75; source_urls=https://pubs.usgs.gov/periodicals/mcs2026/mcs2026-gallium.pdf; https://pubs.usgs.gov/myb/vol1/2022/myb1-2022-gallium.pdf; https://www.nouryon.com/product/tmga-ssg-trimethylgallium-cas-1445-79-0"
4,High-purity gallium refining,US,6N_Ga,Wafer manufacturing,CN,0,0.9097,0,"[Ga trade] Cross-border trade-cost row generated from Ga topology: High-purity gallium refining US -> Wafer manufacturing CN; tariff set to 0 in baseline; verify HS/country treatment if scenario requires; confidence=ok, Medium-high conf; CI=0.75-0.88; source_urls=https://pubs.usgs.gov/periodicals/mcs2026/mcs2026-gallium.pdf; https://pubs.usgs.gov/myb/vol1/2022/myb1-2022-gallium.pdf"
4,High-purity gallium refining,US,6N_Ga,Wafer manufacturing,JP,0,0.803,0,"[Ga trade] Cross-border trade-cost row generated from Ga topology: High-purity gallium refining US -> Wafer manufacturing JP; tariff set to 0 in baseline; verify HS/country treatment if scenario requires; confidence=ok, High conf; CI=0.85-0.97; source_urls=https://pubs.usgs.gov/periodicals/mcs2026/mcs2026-gallium.pdf; https://pubs.usgs.gov/myb/vol1/2022/myb1-2022-gallium.pdf"
4,High-purity gallium refining,US,6N_Ga,Wafer manufacturing,KR,0,0.8445,0,"[Ga trade] Cross-border trade-cost row generated from Ga topology: High-purity gallium refining US -> Wafer manufacturing KR; tariff set to 0 in baseline; verify HS/country treatment if scenario requires; confidence=ok, Medium conf; CI=0.60-0.75; source_urls=https://pubs.usgs.gov/periodicals/mcs2026/mcs2026-gallium.pdf; https://pubs.usgs.gov/myb/vol1/2022/myb1-2022-gallium.pdf; https://pubs.usgs.gov/periodicals/mcs2025/mcs2025-gallium.pdf"
4,New manufacturing scrap recovery,CA,6N_Ga,,,322,0.088,0,"[Ga proc] Domestic/incremental processing-cost row generated from Ga topology; planning-grade placeholder in USD/kg material; confidence=suspect, Medium conf; CI=0.60-0.75; source_urls=https://pubs.usgs.gov/periodicals/mcs2025/mcs2025-gallium.pdf; https://pubs.usgs.gov/myb/vol1/2022/myb1-2022-gallium.pdf; https://www.neomaterials.com/rare-metals/gallium/ | Jacob Cordell expert review 2026-05-28: reviewed_planning processing-cost update reflects expert-updated planning assumptions for recovery from new manufacturing scrap; period-0 reviewed value propagated to all modeled time periods for temporal consistency."
4,New manufacturing scrap recovery,CA,6N_Ga,TMG synthesis,CN,0,0.777,0,"[Ga trade] Cross-border trade-cost row generated from Ga topology: New manufacturing scrap recovery CA -> TMG synthesis CN; tariff set to 0 in baseline; verify HS/country treatment if scenario requires; confidence=suspect, Medium conf; CI=0.60-0.75; source_urls=https://pubs.usgs.gov/periodicals/mcs2025/mcs2025-gallium.pdf; https://pubs.usgs.gov/myb/vol1/2022/myb1-2022-gallium.pdf; https://www.neomaterials.com/rare-metals/gallium/"
4,New manufacturing scrap recovery,CA,6N_Ga,TMG synthesis,JP,0,0.6858,0,"[Ga trade] Cross-border trade-cost row generated from Ga topology: New manufacturing scrap recovery CA -> TMG synthesis JP; tariff set to 0 in baseline; verify HS/country treatment if scenario requires; confidence=suspect, Medium conf; CI=0.60-0.75; source_urls=https://pubs.usgs.gov/periodicals/mcs2025/mcs2025-gallium.pdf; https://pubs.usgs.gov/myb/vol1/2022/myb1-2022-gallium.pdf; https://www.neomaterials.com/rare-metals/gallium/"
4,New manufacturing scrap recovery,CA,6N_Ga,TMG synthesis,KR,0,0.7205,0,"[Ga trade] Cross-border trade-cost row generated from Ga topology: New manufacturing scrap recovery CA -> TMG synthesis KR; tariff set to 0 in baseline; verify HS/country treatment if scenario requires; confidence=suspect, Medium conf; CI=0.60-0.75; source_urls=https://pubs.usgs.gov/periodicals/mcs2025/mcs2025-gallium.pdf; https://pubs.usgs.gov/myb/vol1/2022/myb1-2022-gallium.pdf; https://www.neomaterials.com/rare-metals/gallium/"
4,New manufacturing scrap recovery,CA,6N_Ga,TMG synthesis,US,0,0.253,0,"[Ga trade] Cross-border trade-cost row generated from Ga topology: New manufacturing scrap recovery CA -> TMG synthesis US; tariff set to 0 in baseline; verify HS/country treatment if scenario requires; confidence=suspect, Medium conf; CI=0.60-0.75; source_urls=https://pubs.usgs.gov/periodicals/mcs2025/mcs2025-gallium.pdf; https://pubs.usgs.gov/myb/vol1/2022/myb1-2022-gallium.pdf; https://www.neomaterials.com/rare-metals/gallium/"
4,New manufacturing scrap recovery,CA,6N_Ga,Wafer manufacturing,CN,0,0.777,0,"[Ga trade] Cross-border trade-cost row generated from Ga topology: New manufacturing scrap recovery CA -> Wafer manufacturing CN; tariff set to 0 in baseline; verify HS/country treatment if scenario requires; confidence=suspect, Medium conf; CI=0.60-0.75; source_urls=https://pubs.usgs.gov/periodicals/mcs2025/mcs2025-gallium.pdf; https://pubs.usgs.gov/myb/vol1/2022/myb1-2022-gallium.pdf; https://www.neomaterials.com/rare-metals/gallium/"
4,New manufacturing scrap recovery,CA,6N_Ga,Wafer manufacturing,JP,0,0.6858,0,"[Ga trade] Cross-border trade-cost row generated from Ga topology: New manufacturing scrap recovery CA -> Wafer manufacturing JP; tariff set to 0 in baseline; verify HS/country treatment if scenario requires; confidence=suspect, Medium conf; CI=0.60-0.75; source_urls=https://pubs.usgs.gov/periodicals/mcs2025/mcs2025-gallium.pdf; https://pubs.usgs.gov/myb/vol1/2022/myb1-2022-gallium.pdf; https://www.neomaterials.com/rare-metals/gallium/"
4,New manufacturing scrap recovery,CA,6N_Ga,Wafer manufacturing,KR,0,0.7205,0,"[Ga trade] Cross-border trade-cost row generated from Ga topology: New manufacturing scrap recovery CA -> Wafer manufacturing KR; tariff set to 0 in baseline; verify HS/country treatment if scenario requires; confidence=suspect, Medium conf; CI=0.60-0.75; source_urls=https://pubs.usgs.gov/periodicals/mcs2025/mcs2025-gallium.pdf; https://pubs.usgs.gov/myb/vol1/2022/myb1-2022-gallium.pdf; https://www.neomaterials.com/rare-metals/gallium/"
4,New manufacturing scrap recovery,CA,6N_Ga,Wafer manufacturing,US,0,0.253,0,"[Ga trade] Cross-border trade-cost row generated from Ga topology: New manufacturing scrap recovery CA -> Wafer manufacturing US; tariff set to 0 in baseline; verify HS/country treatment if scenario requires; confidence=suspect, Medium conf; CI=0.60-0.75; source_urls=https://pubs.usgs.gov/periodicals/mcs2025/mcs2025-gallium.pdf; https://pubs.usgs.gov/myb/vol1/2022/myb1-2022-gallium.pdf; https://www.neomaterials.com/rare-metals/gallium/"
4,New manufacturing scrap recovery,CN,6N_Ga,,,238,0.08,0,"[Ga proc] Domestic/incremental processing-cost row generated from Ga topology; planning-grade placeholder in USD/kg material; confidence=ok, High conf; CI=0.85-0.97; source_urls=https://pubs.usgs.gov/periodicals/mcs2025/mcs2025-gallium.pdf; https://pubs.usgs.gov/myb/vol1/2022/myb1-2022-gallium.pdf; https://www.nouryon.com/product/tmga-ssg-trimethylgallium-cas-1445-79-0 | Jacob Cordell expert review 2026-05-28: reviewed_planning processing-cost update reflects expert-updated planning assumptions for recovery from new manufacturing scrap; period-0 reviewed value propagated to all modeled time periods for temporal consistency."
4,New manufacturing scrap recovery,CN,6N_Ga,TMG synthesis,JP,0,0.3333,0,"[Ga trade] Cross-border trade-cost row generated from Ga topology: New manufacturing scrap recovery CN -> TMG synthesis JP; tariff set to 0 in baseline; verify HS/country treatment if scenario requires; confidence=suspect, Medium conf; CI=0.60-0.75; source_urls=https://pubs.usgs.gov/periodicals/mcs2025/mcs2025-gallium.pdf; https://pubs.usgs.gov/myb/vol1/2022/myb1-2022-gallium.pdf; https://www.nouryon.com/product/tmga-ssg-trimethylgallium-cas-1445-79-0"
4,New manufacturing scrap recovery,CN,6N_Ga,TMG synthesis,KR,0,0.2683,0,"[Ga trade] Cross-border trade-cost row generated from Ga topology: New manufacturing scrap recovery CN -> TMG synthesis KR; tariff set to 0 in baseline; verify HS/country treatment if scenario requires; confidence=suspect, Medium conf; CI=0.60-0.75; source_urls=https://pubs.usgs.gov/periodicals/mcs2025/mcs2025-gallium.pdf; https://pubs.usgs.gov/myb/vol1/2022/myb1-2022-gallium.pdf; https://www.nouryon.com/product/tmga-ssg-trimethylgallium-cas-1445-79-0"
4,New manufacturing scrap recovery,CN,6N_Ga,TMG synthesis,US,0,0.9097,0,"[Ga trade] Cross-border trade-cost row generated from Ga topology: New manufacturing scrap recovery CN -> TMG synthesis US; US gallium-metal proxy tariff applied; confidence=suspect, Medium conf; CI=0.60-0.75; source_urls=https://pubs.usgs.gov/periodicals/mcs2025/mcs2025-gallium.pdf; https://pubs.usgs.gov/myb/vol1/2022/myb1-2022-gallium.pdf; https://www.nouryon.com/product/tmga-ssg-trimethylgallium-cas-1445-79-0 | Jacob Cordell expert review 2026-05-28: reviewed_planning tariff assumptions were propagated consistently across all modeled time periods."
4,New manufacturing scrap recovery,CN,6N_Ga,Wafer manufacturing,JP,0,0.3333,0,"[Ga trade] Cross-border trade-cost row generated from Ga topology: New manufacturing scrap recovery CN -> Wafer manufacturing JP; tariff set to 0 in baseline; verify HS/country treatment if scenario requires; confidence=suspect, Medium conf; CI=0.60-0.75; source_urls=https://pubs.usgs.gov/periodicals/mcs2025/mcs2025-gallium.pdf; https://pubs.usgs.gov/myb/vol1/2022/myb1-2022-gallium.pdf; https://pubs.usgs.gov/periodicals/mcs2026/mcs2026-gallium.pdf"
4,New manufacturing scrap recovery,CN,6N_Ga,Wafer manufacturing,KR,0,0.2683,0,"[Ga trade] Cross-border trade-cost row generated from Ga topology: New manufacturing scrap recovery CN -> Wafer manufacturing KR; tariff set to 0 in baseline; verify HS/country treatment if scenario requires; confidence=suspect, Medium conf; CI=0.60-0.75; source_urls=https://pubs.usgs.gov/periodicals/mcs2025/mcs2025-gallium.pdf; https://pubs.usgs.gov/myb/vol1/2022/myb1-2022-gallium.pdf; https://pubs.usgs.gov/periodicals/mcs2026/mcs2026-gallium.pdf"
4,New manufacturing scrap recovery,CN,6N_Ga,Wafer manufacturing,US,0,0.9097,0,"[Ga trade] Cross-border trade-cost row generated from Ga topology: New manufacturing scrap recovery CN -> Wafer manufacturing US; US gallium-metal proxy tariff applied; confidence=suspect, Medium conf; CI=0.60-0.75; source_urls=https://pubs.usgs.gov/periodicals/mcs2025/mcs2025-gallium.pdf; https://pubs.usgs.gov/myb/vol1/2022/myb1-2022-gallium.pdf; https://pubs.usgs.gov/periodicals/mcs2026/mcs2026-gallium.pdf | Jacob Cordell expert review 2026-05-28: reviewed_planning tariff assumptions were propagated consistently across all modeled time periods."
4,New manufacturing scrap recovery,JP,6N_Ga,,,322,0.076,0,"[Ga proc] Domestic/incremental processing-cost row generated from Ga topology; planning-grade placeholder in USD/kg material; confidence=suspect, Medium conf; CI=0.60-0.75; source_urls=https://pubs.usgs.gov/periodicals/mcs2025/mcs2025-gallium.pdf; https://pubs.usgs.gov/myb/vol1/2022/myb1-2022-gallium.pdf; https://www.nouryon.com/product/tmga-ssg-trimethylgallium-cas-1445-79-0 | Jacob Cordell expert review 2026-05-28: reviewed_planning processing-cost update reflects expert-updated planning assumptions for recovery from new manufacturing scrap; period-0 reviewed value propagated to all modeled time periods for temporal consistency."
4,New manufacturing scrap recovery,JP,6N_Ga,TMG synthesis,CN,0,0.3333,0,"[Ga trade] Cross-border trade-cost row generated from Ga topology: New manufacturing scrap recovery JP -> TMG synthesis CN; tariff set to 0 in baseline; verify HS/country treatment if scenario requires; confidence=suspect, Medium conf; CI=0.60-0.75; source_urls=https://pubs.usgs.gov/periodicals/mcs2025/mcs2025-gallium.pdf; https://pubs.usgs.gov/myb/vol1/2022/myb1-2022-gallium.pdf; https://www.nouryon.com/product/tmga-ssg-trimethylgallium-cas-1445-79-0"
4,New manufacturing scrap recovery,JP,6N_Ga,TMG synthesis,KR,0,0.186,0,"[Ga trade] Cross-border trade-cost row generated from Ga topology: New manufacturing scrap recovery JP -> TMG synthesis KR; tariff set to 0 in baseline; verify HS/country treatment if scenario requires; confidence=suspect, Medium conf; CI=0.60-0.75; source_urls=https://pubs.usgs.gov/periodicals/mcs2025/mcs2025-gallium.pdf; https://pubs.usgs.gov/myb/vol1/2022/myb1-2022-gallium.pdf; https://www.nouryon.com/product/tmga-ssg-trimethylgallium-cas-1445-79-0"
4,New manufacturing scrap recovery,JP,6N_Ga,TMG synthesis,US,0,0.803,0,"[Ga trade] Cross-border trade-cost row generated from Ga topology: New manufacturing scrap recovery JP -> TMG synthesis US; US gallium-metal proxy tariff applied; confidence=suspect, Medium conf; CI=0.60-0.75; source_urls=https://pubs.usgs.gov/periodicals/mcs2025/mcs2025-gallium.pdf; https://pubs.usgs.gov/myb/vol1/2022/myb1-2022-gallium.pdf; https://www.nouryon.com/product/tmga-ssg-trimethylgallium-cas-1445-79-0 | Jacob Cordell expert review 2026-05-28: reviewed_planning tariff assumptions were propagated consistently across all modeled time periods."
4,New manufacturing scrap recovery,JP,6N_Ga,Wafer manufacturing,CN,0,0.3333,0,"[Ga trade] Cross-border trade-cost row generated from Ga topology: New manufacturing scrap recovery JP -> Wafer manufacturing CN; tariff set to 0 in baseline; verify HS/country treatment if scenario requires; confidence=suspect, Medium conf; CI=0.60-0.75; source_urls=https://pubs.usgs.gov/periodicals/mcs2025/mcs2025-gallium.pdf; https://pubs.usgs.gov/myb/vol1/2022/myb1-2022-gallium.pdf; https://pubs.usgs.gov/periodicals/mcs2026/mcs2026-gallium.pdf"
4,New manufacturing scrap recovery,JP,6N_Ga,Wafer manufacturing,KR,0,0.186,0,"[Ga trade] Cross-border trade-cost row generated from Ga topology: New manufacturing scrap recovery JP -> Wafer manufacturing KR; tariff set to 0 in baseline; verify HS/country treatment if scenario requires; confidence=suspect, Medium conf; CI=0.60-0.75; source_urls=https://pubs.usgs.gov/periodicals/mcs2025/mcs2025-gallium.pdf; https://pubs.usgs.gov/myb/vol1/2022/myb1-2022-gallium.pdf; https://pubs.usgs.gov/periodicals/mcs2026/mcs2026-gallium.pdf"
4,New manufacturing scrap recovery,JP,6N_Ga,Wafer manufacturing,US,0,0.803,0,"[Ga trade] Cross-border trade-cost row generated from Ga topology: New manufacturing scrap recovery JP -> Wafer manufacturing US; US gallium-metal proxy tariff applied; confidence=suspect, Medium conf; CI=0.60-0.75; source_urls=https://pubs.usgs.gov/periodicals/mcs2025/mcs2025-gallium.pdf; https://pubs.usgs.gov/myb/vol1/2022/myb1-2022-gallium.pdf; https://pubs.usgs.gov/periodicals/mcs2026/mcs2026-gallium.pdf | Jacob Cordell expert review 2026-05-28: reviewed_planning tariff assumptions were propagated consistently across all modeled time periods."
4,New manufacturing scrap recovery,KR,6N_Ga,,,296,0.072,0,"[Ga proc] Domestic/incremental processing-cost row generated from Ga topology; planning-grade placeholder in USD/kg material; confidence=suspect, Medium conf; CI=0.60-0.75; source_urls=https://pubs.usgs.gov/myb/vol1/2022/myb1-2022-gallium.pdf; https://www.nouryon.com/product/tmga-ssg-trimethylgallium-cas-1445-79-0 | Jacob Cordell expert review 2026-05-28: reviewed_planning processing-cost update reflects expert-updated planning assumptions for recovery from new manufacturing scrap; period-0 reviewed value propagated to all modeled time periods for temporal consistency."
4,New manufacturing scrap recovery,KR,6N_Ga,TMG synthesis,CN,0,0.2683,0,"[Ga trade] Cross-border trade-cost row generated from Ga topology: New manufacturing scrap recovery KR -> TMG synthesis CN; tariff set to 0 in baseline; verify HS/country treatment if scenario requires; confidence=suspect, Medium conf; CI=0.60-0.75; source_urls=https://pubs.usgs.gov/myb/vol1/2022/myb1-2022-gallium.pdf; https://www.nouryon.com/product/tmga-ssg-trimethylgallium-cas-1445-79-0"
4,New manufacturing scrap recovery,KR,6N_Ga,TMG synthesis,JP,0,0.186,0,"[Ga trade] Cross-border trade-cost row generated from Ga topology: New manufacturing scrap recovery KR -> TMG synthesis JP; tariff set to 0 in baseline; verify HS/country treatment if scenario requires; confidence=suspect, Medium conf; CI=0.60-0.75; source_urls=https://pubs.usgs.gov/myb/vol1/2022/myb1-2022-gallium.pdf; https://www.nouryon.com/product/tmga-ssg-trimethylgallium-cas-1445-79-0"
4,New manufacturing scrap recovery,KR,6N_Ga,TMG synthesis,US,0,0.8445,0,"[Ga trade] Cross-border trade-cost row generated from Ga topology: New manufacturing scrap recovery KR -> TMG synthesis US; tariff set to 0 in baseline; verify HS/country treatment if scenario requires; confidence=suspect, Medium conf; CI=0.60-0.75; source_urls=https://pubs.usgs.gov/myb/vol1/2022/myb1-2022-gallium.pdf; https://www.nouryon.com/product/tmga-ssg-trimethylgallium-cas-1445-79-0"
4,New manufacturing scrap recovery,KR,6N_Ga,Wafer manufacturing,CN,0,0.2683,0,"[Ga trade] Cross-border trade-cost row generated from Ga topology: New manufacturing scrap recovery KR -> Wafer manufacturing CN; tariff set to 0 in baseline; verify HS/country treatment if scenario requires; confidence=suspect, Medium conf; CI=0.60-0.75; source_urls=https://pubs.usgs.gov/myb/vol1/2022/myb1-2022-gallium.pdf; https://pubs.usgs.gov/periodicals/mcs2026/mcs2026-gallium.pdf"
4,New manufacturing scrap recovery,KR,6N_Ga,Wafer manufacturing,JP,0,0.186,0,"[Ga trade] Cross-border trade-cost row generated from Ga topology: New manufacturing scrap recovery KR -> Wafer manufacturing JP; tariff set to 0 in baseline; verify HS/country treatment if scenario requires; confidence=suspect, Medium conf; CI=0.60-0.75; source_urls=https://pubs.usgs.gov/myb/vol1/2022/myb1-2022-gallium.pdf; https://pubs.usgs.gov/periodicals/mcs2026/mcs2026-gallium.pdf"
4,New manufacturing scrap recovery,KR,6N_Ga,Wafer manufacturing,US,0,0.8445,0,"[Ga trade] Cross-border trade-cost row generated from Ga topology: New manufacturing scrap recovery KR -> Wafer manufacturing US; tariff set to 0 in baseline; verify HS/country treatment if scenario requires; confidence=suspect, Medium conf; CI=0.60-0.75; source_urls=https://pubs.usgs.gov/myb/vol1/2022/myb1-2022-gallium.pdf; https://pubs.usgs.gov/periodicals/mcs2026/mcs2026-gallium.pdf"
4,New manufacturing scrap recovery,US,6N_Ga,,,336,0.088,0,"[Ga proc] Domestic/incremental processing-cost row generated from Ga topology; planning-grade placeholder in USD/kg material; confidence=suspect, Medium conf; CI=0.60-0.75; source_urls=https://pubs.usgs.gov/periodicals/mcs2026/mcs2026-gallium.pdf; https://pubs.usgs.gov/myb/vol1/2022/myb1-2022-gallium.pdf; https://www.nouryon.com/product/tmga-ssg-trimethylgallium-cas-1445-79-0 | Jacob Cordell expert review 2026-05-28: reviewed_planning processing-cost update reflects expert-updated planning assumptions for recovery from new manufacturing scrap; period-0 reviewed value propagated to all modeled time periods for temporal consistency."
4,New manufacturing scrap recovery,US,6N_Ga,TMG synthesis,CN,0,0.9097,0,"[Ga trade] Cross-border trade-cost row generated from Ga topology: New manufacturing scrap recovery US -> TMG synthesis CN; tariff set to 0 in baseline; verify HS/country treatment if scenario requires; confidence=suspect, Medium conf; CI=0.60-0.75; source_urls=https://pubs.usgs.gov/periodicals/mcs2026/mcs2026-gallium.pdf; https://pubs.usgs.gov/myb/vol1/2022/myb1-2022-gallium.pdf; https://www.nouryon.com/product/tmga-ssg-trimethylgallium-cas-1445-79-0"
4,New manufacturing scrap recovery,US,6N_Ga,TMG synthesis,JP,0,0.803,0,"[Ga trade] Cross-border trade-cost row generated from Ga topology: New manufacturing scrap recovery US -> TMG synthesis JP; tariff set to 0 in baseline; verify HS/country treatment if scenario requires; confidence=suspect, Medium conf; CI=0.60-0.75; source_urls=https://pubs.usgs.gov/periodicals/mcs2026/mcs2026-gallium.pdf; https://pubs.usgs.gov/myb/vol1/2022/myb1-2022-gallium.pdf; https://www.nouryon.com/product/tmga-ssg-trimethylgallium-cas-1445-79-0"
4,New manufacturing scrap recovery,US,6N_Ga,TMG synthesis,KR,0,0.8445,0,"[Ga trade] Cross-border trade-cost row generated from Ga topology: New manufacturing scrap recovery US -> TMG synthesis KR; tariff set to 0 in baseline; verify HS/country treatment if scenario requires; confidence=suspect, Medium conf; CI=0.60-0.75; source_urls=https://pubs.usgs.gov/periodicals/mcs2026/mcs2026-gallium.pdf; https://pubs.usgs.gov/myb/vol1/2022/myb1-2022-gallium.pdf; https://www.nouryon.com/product/tmga-ssg-trimethylgallium-cas-1445-79-0"
4,New manufacturing scrap recovery,US,6N_Ga,Wafer manufacturing,CN,0,0.9097,0,"[Ga trade] Cross-border trade-cost row generated from Ga topology: New manufacturing scrap recovery US -> Wafer manufacturing CN; tariff set to 0 in baseline; verify HS/country treatment if scenario requires; confidence=suspect, Medium conf; CI=0.60-0.75; source_urls=https://pubs.usgs.gov/periodicals/mcs2026/mcs2026-gallium.pdf; https://pubs.usgs.gov/myb/vol1/2022/myb1-2022-gallium.pdf; https://pubs.usgs.gov/periodicals/mcs2026/mcs2026-gallium.pdf"
4,New manufacturing scrap recovery,US,6N_Ga,Wafer manufacturing,JP,0,0.803,0,"[Ga trade] Cross-border trade-cost row generated from Ga topology: New manufacturing scrap recovery US -> Wafer manufacturing JP; tariff set to 0 in baseline; verify HS/country treatment if scenario requires; confidence=suspect, Medium conf; CI=0.60-0.75; source_urls=https://pubs.usgs.gov/periodicals/mcs2026/mcs2026-gallium.pdf; https://pubs.usgs.gov/myb/vol1/2022/myb1-2022-gallium.pdf; https://pubs.usgs.gov/periodicals/mcs2026/mcs2026-gallium.pdf"
4,New manufacturing scrap recovery,US,6N_Ga,Wafer manufacturing,KR,0,0.8445,0,"[Ga trade] Cross-border trade-cost row generated from Ga topology: New manufacturing scrap recovery US -> Wafer manufacturing KR; tariff set to 0 in baseline; verify HS/country treatment if scenario requires; confidence=suspect, Medium conf; CI=0.60-0.75; source_urls=https://pubs.usgs.gov/periodicals/mcs2026/mcs2026-gallium.pdf; https://pubs.usgs.gov/myb/vol1/2022/myb1-2022-gallium.pdf; https://pubs.usgs.gov/periodicals/mcs2026/mcs2026-gallium.pdf"
4,TMG synthesis,CN,TMG,,,467.5,0.12,0,"[Ga proc] Domestic/incremental processing-cost row generated from Ga topology; planning-grade placeholder in USD/kg material; confidence=ok, Medium-high conf; CI=0.75-0.88; source_urls=https://pubs.usgs.gov/myb/vol1/2022/myb1-2022-gallium.pdf; https://www.nouryon.com/product/tmga-ssg-trimethylgallium-cas-1445-79-0; https://pubs.usgs.gov/periodicals/mcs2026/mcs2026-gallium.pdf"
4,TMG synthesis,CN,TMG,Wafer manufacturing,JP,0,0.4237,0,"[Ga trade] Cross-border trade-cost row generated from Ga topology: TMG synthesis CN -> Wafer manufacturing JP; tariff set to 0 in baseline; verify HS/country treatment if scenario requires; confidence=ok, Medium-high conf; CI=0.75-0.88; source_urls=https://pubs.usgs.gov/myb/vol1/2022/myb1-2022-gallium.pdf; https://www.nouryon.com/product/tmga-ssg-trimethylgallium-cas-1445-79-0"
4,TMG synthesis,CN,TMG,Wafer manufacturing,KR,0,0.3495,0,"[Ga trade] Cross-border trade-cost row generated from Ga topology: TMG synthesis CN -> Wafer manufacturing KR; tariff set to 0 in baseline; verify HS/country treatment if scenario requires; confidence=ok, Medium conf; CI=0.60-0.75; source_urls=https://pubs.usgs.gov/myb/vol1/2022/myb1-2022-gallium.pdf; https://www.nouryon.com/product/tmga-ssg-trimethylgallium-cas-1445-79-0; https://pubs.usgs.gov/periodicals/mcs2025/mcs2025-gallium.pdf"
4,TMG synthesis,CN,TMG,Wafer manufacturing,US,0,1.083,0,"[Ga trade] Cross-border trade-cost row generated from Ga topology: TMG synthesis CN -> Wafer manufacturing US; tariff set to 0 in baseline; verify HS/country treatment if scenario requires; confidence=ok, Medium-high conf; CI=0.75-0.88; source_urls=https://pubs.usgs.gov/myb/vol1/2022/myb1-2022-gallium.pdf; https://www.nouryon.com/product/tmga-ssg-trimethylgallium-cas-1445-79-0; https://pubs.usgs.gov/periodicals/mcs2026/mcs2026-gallium.pdf"
4,TMG synthesis,JP,TMG,,,632.5,0.114,0,"[Ga proc] Domestic/incremental processing-cost row generated from Ga topology; planning-grade placeholder in USD/kg material; confidence=ok, Medium-high conf; CI=0.75-0.88; source_urls=https://pubs.usgs.gov/myb/vol1/2022/myb1-2022-gallium.pdf; https://www.nouryon.com/product/tmga-ssg-trimethylgallium-cas-1445-79-0; https://pubs.usgs.gov/periodicals/mcs2026/mcs2026-gallium.pdf"
4,TMG synthesis,JP,TMG,Wafer manufacturing,CN,0,0.4237,0,"[Ga trade] Cross-border trade-cost row generated from Ga topology: TMG synthesis JP -> Wafer manufacturing CN; tariff set to 0 in baseline; verify HS/country treatment if scenario requires; confidence=ok, Medium-high conf; CI=0.75-0.88; source_urls=https://pubs.usgs.gov/myb/vol1/2022/myb1-2022-gallium.pdf; https://www.nouryon.com/product/tmga-ssg-trimethylgallium-cas-1445-79-0; https://pubs.usgs.gov/periodicals/mcs2026/mcs2026-gallium.pdf"
4,TMG synthesis,JP,TMG,Wafer manufacturing,KR,0,0.2554,0,"[Ga trade] Cross-border trade-cost row generated from Ga topology: TMG synthesis JP -> Wafer manufacturing KR; tariff set to 0 in baseline; verify HS/country treatment if scenario requires; confidence=ok, Medium conf; CI=0.60-0.75; source_urls=https://pubs.usgs.gov/myb/vol1/2022/myb1-2022-gallium.pdf; https://www.nouryon.com/product/tmga-ssg-trimethylgallium-cas-1445-79-0; https://pubs.usgs.gov/periodicals/mcs2025/mcs2025-gallium.pdf"
4,TMG synthesis,JP,TMG,Wafer manufacturing,US,0,0.9606,0,"[Ga trade] Cross-border trade-cost row generated from Ga topology: TMG synthesis JP -> Wafer manufacturing US; tariff set to 0 in baseline; verify HS/country treatment if scenario requires; confidence=ok, Medium-high conf; CI=0.75-0.88; source_urls=https://pubs.usgs.gov/myb/vol1/2022/myb1-2022-gallium.pdf; https://www.nouryon.com/product/tmga-ssg-trimethylgallium-cas-1445-79-0; https://pubs.usgs.gov/periodicals/mcs2026/mcs2026-gallium.pdf"
4,TMG synthesis,KR,TMG,,,577.5,0.108,0,"[Ga proc] Domestic/incremental processing-cost row generated from Ga topology; planning-grade placeholder in USD/kg material; confidence=ok, Medium conf; CI=0.60-0.75; source_urls=https://pubs.usgs.gov/myb/vol1/2022/myb1-2022-gallium.pdf; https://www.nouryon.com/product/tmga-ssg-trimethylgallium-cas-1445-79-0; https://pubs.usgs.gov/periodicals/mcs2026/mcs2026-gallium.pdf"
4,TMG synthesis,KR,TMG,Wafer manufacturing,CN,0,0.3495,0,"[Ga trade] Cross-border trade-cost row generated from Ga topology: TMG synthesis KR -> Wafer manufacturing CN; tariff set to 0 in baseline; verify HS/country treatment if scenario requires; confidence=ok, Medium conf; CI=0.60-0.75; source_urls=https://pubs.usgs.gov/myb/vol1/2022/myb1-2022-gallium.pdf; https://www.nouryon.com/product/tmga-ssg-trimethylgallium-cas-1445-79-0; https://pubs.usgs.gov/periodicals/mcs2026/mcs2026-gallium.pdf"
4,TMG synthesis,KR,TMG,Wafer manufacturing,JP,0,0.2554,0,"[Ga trade] Cross-border trade-cost row generated from Ga topology: TMG synthesis KR -> Wafer manufacturing JP; tariff set to 0 in baseline; verify HS/country treatment if scenario requires; confidence=ok, Medium conf; CI=0.60-0.75; source_urls=https://pubs.usgs.gov/myb/vol1/2022/myb1-2022-gallium.pdf; https://www.nouryon.com/product/tmga-ssg-trimethylgallium-cas-1445-79-0"
4,TMG synthesis,KR,TMG,Wafer manufacturing,US,0,1.008,0,"[Ga trade] Cross-border trade-cost row generated from Ga topology: TMG synthesis KR -> Wafer manufacturing US; tariff set to 0 in baseline; verify HS/country treatment if scenario requires; confidence=ok, Medium conf; CI=0.60-0.75; source_urls=https://pubs.usgs.gov/myb/vol1/2022/myb1-2022-gallium.pdf; https://www.nouryon.com/product/tmga-ssg-trimethylgallium-cas-1445-79-0; https://pubs.usgs.gov/periodicals/mcs2026/mcs2026-gallium.pdf"
4,TMG synthesis,US,TMG,,,660,0.132,0,"[Ga proc] Domestic/incremental processing-cost row generated from Ga topology; planning-grade placeholder in USD/kg material; confidence=ok, Medium conf; CI=0.60-0.75; source_urls=https://pubs.usgs.gov/periodicals/mcs2026/mcs2026-gallium.pdf; https://www.nouryon.com/product/tmga-ssg-trimethylgallium-cas-1445-79-0; https://www.neomaterials.com/neo-announces-the-completion-of-the-sale-of-its-quapaw-oklahoma-rare-metals-facility/"
4,TMG synthesis,US,TMG,Wafer manufacturing,CN,0,1.083,0,"[Ga trade] Cross-border trade-cost row generated from Ga topology: TMG synthesis US -> Wafer manufacturing CN; tariff set to 0 in baseline; verify HS/country treatment if scenario requires; confidence=ok, Medium conf; CI=0.60-0.75; source_urls=https://pubs.usgs.gov/periodicals/mcs2026/mcs2026-gallium.pdf; https://www.nouryon.com/product/tmga-ssg-trimethylgallium-cas-1445-79-0; https://www.neomaterials.com/neo-announces-the-completion-of-the-sale-of-its-quapaw-oklahoma-rare-metals-facility/"
4,TMG synthesis,US,TMG,Wafer manufacturing,JP,0,0.9606,0,"[Ga trade] Cross-border trade-cost row generated from Ga topology: TMG synthesis US -> Wafer manufacturing JP; tariff set to 0 in baseline; verify HS/country treatment if scenario requires; confidence=ok, Medium conf; CI=0.60-0.75; source_urls=https://pubs.usgs.gov/periodicals/mcs2026/mcs2026-gallium.pdf; https://www.nouryon.com/product/tmga-ssg-trimethylgallium-cas-1445-79-0; https://www.neomaterials.com/neo-announces-the-completion-of-the-sale-of-its-quapaw-oklahoma-rare-metals-facility/"
4,TMG synthesis,US,TMG,Wafer manufacturing,KR,0,1.008,0,"[Ga trade] Cross-border trade-cost row generated from Ga topology: TMG synthesis US -> Wafer manufacturing KR; tariff set to 0 in baseline; verify HS/country treatment if scenario requires; confidence=ok, Medium conf; CI=0.60-0.75; source_urls=https://pubs.usgs.gov/periodicals/mcs2026/mcs2026-gallium.pdf; https://www.nouryon.com/product/tmga-ssg-trimethylgallium-cas-1445-79-0; https://www.neomaterials.com/neo-announces-the-completion-of-the-sale-of-its-quapaw-oklahoma-rare-metals-facility/"
4,Wafer manufacturing,CN,GaAs_wafer,,,3000,0.1,0,"[Ga proc] Domestic/incremental processing-cost row generated from Ga topology; planning-grade placeholder in USD/kg material; confidence=ok, High conf; CI=0.85-0.97; source_urls=https://pubs.usgs.gov/myb/vol1/2022/myb1-2022-gallium.pdf; https://pubs.usgs.gov/periodicals/mcs2026/mcs2026-gallium.pdf | Jacob Cordell expert review 2026-05-28: reviewed_planning processing-cost update reflects expert-updated wafer manufacturing cost assumptions and is high-impact for downstream cost and labor-hour proxy calculations; period-0 reviewed value propagated to all modeled time periods for temporal consistency."
4,Wafer manufacturing,CN,GaAs_wafer,wafer_market_mix,US,0,1.083,0,"[Ga trade] Cross-border trade-cost row generated from Ga topology: Wafer manufacturing CN -> wafer_market_mix US; tariff set to 0 in baseline; verify HS/country treatment if scenario requires; confidence=ok, High conf; CI=0.85-0.97; source_urls=https://pubs.usgs.gov/myb/vol1/2022/myb1-2022-gallium.pdf; https://pubs.usgs.gov/periodicals/mcs2026/mcs2026-gallium.pdf"
4,Wafer manufacturing,CN,GaN_wafer,,,24000,0.1,0,"[Ga proc] Domestic/incremental processing-cost row generated from Ga topology; planning-grade placeholder in USD/kg material; confidence=suspect, Medium conf; CI=0.60-0.75; source_urls=https://pubs.usgs.gov/periodicals/mcs2026/mcs2026-gallium.pdf; https://pubs.usgs.gov/myb/vol1/2022/myb1-2022-gallium.pdf | Jacob Cordell expert review 2026-05-28: reviewed_planning processing-cost update reflects expert-updated wafer manufacturing cost assumptions and is high-impact for downstream cost and labor-hour proxy calculations; period-0 reviewed value propagated to all modeled time periods for temporal consistency."
4,Wafer manufacturing,CN,GaN_wafer,wafer_market_mix,US,0,1.083,0,"[Ga trade] Cross-border trade-cost row generated from Ga topology: Wafer manufacturing CN -> wafer_market_mix US; tariff set to 0 in baseline; verify HS/country treatment if scenario requires; confidence=suspect, Medium conf; CI=0.60-0.75; source_urls=https://pubs.usgs.gov/periodicals/mcs2026/mcs2026-gallium.pdf; https://pubs.usgs.gov/myb/vol1/2022/myb1-2022-gallium.pdf"
4,Wafer manufacturing,CN,Ga_manufacturing_scrap,,,0.085,0.05,0,"[Ga proc] Domestic/incremental processing-cost row generated from Ga topology; planning-grade placeholder in USD/kg material; confidence=suspect, Medium conf; CI=0.60-0.75; source_urls=https://pubs.usgs.gov/periodicals/mcs2025/mcs2025-gallium.pdf; https://pubs.usgs.gov/myb/vol1/2022/myb1-2022-gallium.pdf; https://www.neomaterials.com/rare-metals/gallium/"
4,Wafer manufacturing,CN,Ga_manufacturing_scrap,New manufacturing scrap recovery,CA,0,0.3885,0,"[Ga trade] Cross-border trade-cost row generated from Ga topology: Wafer manufacturing CN -> New manufacturing scrap recovery CA; tariff set to 0 in baseline; verify HS/country treatment if scenario requires; confidence=suspect, Medium conf; CI=0.60-0.75; source_urls=https://pubs.usgs.gov/periodicals/mcs2025/mcs2025-gallium.pdf; https://pubs.usgs.gov/myb/vol1/2022/myb1-2022-gallium.pdf; https://www.neomaterials.com/rare-metals/gallium/"
4,Wafer manufacturing,CN,Ga_manufacturing_scrap,New manufacturing scrap recovery,JP,0,0.1666,0,"[Ga trade] Cross-border trade-cost row generated from Ga topology: Wafer manufacturing CN -> New manufacturing scrap recovery JP; tariff set to 0 in baseline; verify HS/country treatment if scenario requires; confidence=suspect, Medium conf; CI=0.60-0.75; source_urls=https://pubs.usgs.gov/periodicals/mcs2025/mcs2025-gallium.pdf; https://pubs.usgs.gov/myb/vol1/2022/myb1-2022-gallium.pdf"
4,Wafer manufacturing,CN,Ga_manufacturing_scrap,New manufacturing scrap recovery,US,0,0.4549,0,"[Ga trade] Cross-border trade-cost row generated from Ga topology: Wafer manufacturing CN -> New manufacturing scrap recovery US; tariff set to 0 in baseline; verify HS/country treatment if scenario requires; confidence=suspect, Medium conf; CI=0.60-0.75; source_urls=https://pubs.usgs.gov/periodicals/mcs2026/mcs2026-gallium.pdf; https://pubs.usgs.gov/myb/vol1/2022/myb1-2022-gallium.pdf"
4,Wafer manufacturing,JP,GaAs_wafer,,,3500,0.095,0,"[Ga proc] Domestic/incremental processing-cost row generated from Ga topology; planning-grade placeholder in USD/kg material; confidence=suspect, Medium conf; CI=0.60-0.75; source_urls=https://pubs.usgs.gov/periodicals/mcs2026/mcs2026-gallium.pdf; https://pubs.usgs.gov/myb/vol1/2022/myb1-2022-gallium.pdf | Jacob Cordell expert review 2026-05-28: reviewed_planning processing-cost update reflects expert-updated wafer manufacturing cost assumptions and is high-impact for downstream cost and labor-hour proxy calculations; period-0 reviewed value propagated to all modeled time periods for temporal consistency."
4,Wafer manufacturing,JP,GaAs_wafer,wafer_market_mix,US,0,0.9606,0,"[Ga trade] Cross-border trade-cost row generated from Ga topology: Wafer manufacturing JP -> wafer_market_mix US; tariff set to 0 in baseline; verify HS/country treatment if scenario requires; confidence=suspect, Medium conf; CI=0.60-0.75; source_urls=https://pubs.usgs.gov/periodicals/mcs2026/mcs2026-gallium.pdf; https://pubs.usgs.gov/myb/vol1/2022/myb1-2022-gallium.pdf"
4,Wafer manufacturing,JP,GaN_wafer,,,48000,0.095,0,"[Ga proc] Domestic/incremental processing-cost row generated from Ga topology; planning-grade placeholder in USD/kg material; confidence=ok, High conf; CI=0.85-0.97; source_urls=https://pubs.usgs.gov/myb/vol1/2022/myb1-2022-gallium.pdf; https://pubs.usgs.gov/periodicals/mcs2026/mcs2026-gallium.pdf | Jacob Cordell expert review 2026-05-28: reviewed_planning processing-cost update reflects expert-updated wafer manufacturing cost assumptions and is high-impact for downstream cost and labor-hour proxy calculations; period-0 reviewed value propagated to all modeled time periods for temporal consistency."
4,Wafer manufacturing,JP,GaN_wafer,wafer_market_mix,US,0,0.9606,0,"[Ga trade] Cross-border trade-cost row generated from Ga topology: Wafer manufacturing JP -> wafer_market_mix US; tariff set to 0 in baseline; verify HS/country treatment if scenario requires; confidence=ok, High conf; CI=0.85-0.97; source_urls=https://pubs.usgs.gov/myb/vol1/2022/myb1-2022-gallium.pdf; https://pubs.usgs.gov/periodicals/mcs2026/mcs2026-gallium.pdf"
4,Wafer manufacturing,JP,Ga_manufacturing_scrap,,,0.115,0.0475,0,"[Ga proc] Domestic/incremental processing-cost row generated from Ga topology; planning-grade placeholder in USD/kg material; confidence=suspect, Medium conf; CI=0.60-0.75; source_urls=https://pubs.usgs.gov/periodicals/mcs2025/mcs2025-gallium.pdf; https://pubs.usgs.gov/myb/vol1/2022/myb1-2022-gallium.pdf; https://www.neomaterials.com/rare-metals/gallium/"
4,Wafer manufacturing,JP,Ga_manufacturing_scrap,New manufacturing scrap recovery,CA,0,0.3429,0,"[Ga trade] Cross-border trade-cost row generated from Ga topology: Wafer manufacturing JP -> New manufacturing scrap recovery CA; tariff set to 0 in baseline; verify HS/country treatment if scenario requires; confidence=suspect, Medium conf; CI=0.60-0.75; source_urls=https://pubs.usgs.gov/periodicals/mcs2025/mcs2025-gallium.pdf; https://pubs.usgs.gov/myb/vol1/2022/myb1-2022-gallium.pdf; https://www.neomaterials.com/rare-metals/gallium/"
4,Wafer manufacturing,JP,Ga_manufacturing_scrap,New manufacturing scrap recovery,CN,0,0.1666,0,"[Ga trade] Cross-border trade-cost row generated from Ga topology: Wafer manufacturing JP -> New manufacturing scrap recovery CN; tariff set to 0 in baseline; verify HS/country treatment if scenario requires; confidence=suspect, Medium conf; CI=0.60-0.75; source_urls=https://pubs.usgs.gov/periodicals/mcs2025/mcs2025-gallium.pdf; https://pubs.usgs.gov/myb/vol1/2022/myb1-2022-gallium.pdf"
4,Wafer manufacturing,JP,Ga_manufacturing_scrap,New manufacturing scrap recovery,US,0,0.4015,0,"[Ga trade] Cross-border trade-cost row generated from Ga topology: Wafer manufacturing JP -> New manufacturing scrap recovery US; tariff set to 0 in baseline; verify HS/country treatment if scenario requires; confidence=suspect, Medium conf; CI=0.60-0.75; source_urls=https://pubs.usgs.gov/periodicals/mcs2026/mcs2026-gallium.pdf; https://pubs.usgs.gov/myb/vol1/2022/myb1-2022-gallium.pdf"
4,Wafer manufacturing,KR,GaAs_wafer,,,3500,0.09,0,"[Ga proc] Domestic/incremental processing-cost row generated from Ga topology; planning-grade placeholder in USD/kg material; confidence=suspect, Medium conf; CI=0.60-0.75; source_urls=https://pubs.usgs.gov/periodicals/mcs2026/mcs2026-gallium.pdf; https://pubs.usgs.gov/myb/vol1/2022/myb1-2022-gallium.pdf | Jacob Cordell expert review 2026-05-28: reviewed_planning processing-cost update reflects expert-updated wafer manufacturing cost assumptions and is high-impact for downstream cost and labor-hour proxy calculations; period-0 reviewed value propagated to all modeled time periods for temporal consistency."
4,Wafer manufacturing,KR,GaAs_wafer,wafer_market_mix,US,0,1.008,0,"[Ga trade] Cross-border trade-cost row generated from Ga topology: Wafer manufacturing KR -> wafer_market_mix US; tariff set to 0 in baseline; verify HS/country treatment if scenario requires; confidence=suspect, Medium conf; CI=0.60-0.75; source_urls=https://pubs.usgs.gov/periodicals/mcs2026/mcs2026-gallium.pdf; https://pubs.usgs.gov/myb/vol1/2022/myb1-2022-gallium.pdf"
4,Wafer manufacturing,KR,GaN_wafer,,,48000,0.09,0,"[Ga proc] Domestic/incremental processing-cost row generated from Ga topology; planning-grade placeholder in USD/kg material; confidence=suspect, Medium conf; CI=0.60-0.75; source_urls=https://pubs.usgs.gov/periodicals/mcs2026/mcs2026-gallium.pdf; https://pubs.usgs.gov/myb/vol1/2022/myb1-2022-gallium.pdf | Jacob Cordell expert review 2026-05-28: reviewed_planning processing-cost update reflects expert-updated wafer manufacturing cost assumptions and is high-impact for downstream cost and labor-hour proxy calculations; period-0 reviewed value propagated to all modeled time periods for temporal consistency."
4,Wafer manufacturing,KR,GaN_wafer,wafer_market_mix,US,0,1.008,0,"[Ga trade] Cross-border trade-cost row generated from Ga topology: Wafer manufacturing KR -> wafer_market_mix US; tariff set to 0 in baseline; verify HS/country treatment if scenario requires; confidence=suspect, Medium conf; CI=0.60-0.75; source_urls=https://pubs.usgs.gov/periodicals/mcs2026/mcs2026-gallium.pdf; https://pubs.usgs.gov/myb/vol1/2022/myb1-2022-gallium.pdf"
4,Wafer manufacturing,KR,Ga_manufacturing_scrap,,,0.105,0.045,0,"[Ga proc] Domestic/incremental processing-cost row generated from Ga topology; planning-grade placeholder in USD/kg material; confidence=suspect, Medium conf; CI=0.60-0.75; source_urls=https://pubs.usgs.gov/periodicals/mcs2025/mcs2025-gallium.pdf; https://pubs.usgs.gov/myb/vol1/2022/myb1-2022-gallium.pdf; https://www.neomaterials.com/rare-metals/gallium/"
4,Wafer manufacturing,KR,Ga_manufacturing_scrap,New manufacturing scrap recovery,CA,0,0.3603,0,"[Ga trade] Cross-border trade-cost row generated from Ga topology: Wafer manufacturing KR -> New manufacturing scrap recovery CA; tariff set to 0 in baseline; verify HS/country treatment if scenario requires; confidence=suspect, Medium conf; CI=0.60-0.75; source_urls=https://pubs.usgs.gov/periodicals/mcs2025/mcs2025-gallium.pdf; https://pubs.usgs.gov/myb/vol1/2022/myb1-2022-gallium.pdf; https://www.neomaterials.com/rare-metals/gallium/"
4,Wafer manufacturing,KR,Ga_manufacturing_scrap,New manufacturing scrap recovery,CN,0,0.1341,0,"[Ga trade] Cross-border trade-cost row generated from Ga topology: Wafer manufacturing KR -> New manufacturing scrap recovery CN; tariff set to 0 in baseline; verify HS/country treatment if scenario requires; confidence=suspect, Medium conf; CI=0.60-0.75; source_urls=https://pubs.usgs.gov/periodicals/mcs2025/mcs2025-gallium.pdf; https://pubs.usgs.gov/myb/vol1/2022/myb1-2022-gallium.pdf"
4,Wafer manufacturing,KR,Ga_manufacturing_scrap,New manufacturing scrap recovery,JP,0,0.093,0,"[Ga trade] Cross-border trade-cost row generated from Ga topology: Wafer manufacturing KR -> New manufacturing scrap recovery JP; tariff set to 0 in baseline; verify HS/country treatment if scenario requires; confidence=suspect, Medium conf; CI=0.60-0.75; source_urls=https://pubs.usgs.gov/periodicals/mcs2025/mcs2025-gallium.pdf; https://pubs.usgs.gov/myb/vol1/2022/myb1-2022-gallium.pdf"
4,Wafer manufacturing,KR,Ga_manufacturing_scrap,New manufacturing scrap recovery,US,0,0.4223,0,"[Ga trade] Cross-border trade-cost row generated from Ga topology: Wafer manufacturing KR -> New manufacturing scrap recovery US; tariff set to 0 in baseline; verify HS/country treatment if scenario requires; confidence=suspect, Medium conf; CI=0.60-0.75; source_urls=https://pubs.usgs.gov/periodicals/mcs2026/mcs2026-gallium.pdf; https://pubs.usgs.gov/myb/vol1/2022/myb1-2022-gallium.pdf"
4,Wafer manufacturing,US,GaAs_wafer,,,3500,0.11,0,"[Ga proc] Domestic/incremental processing-cost row generated from Ga topology; planning-grade placeholder in USD/kg material; confidence=ok, High conf; CI=0.85-0.97; source_urls=https://pubs.usgs.gov/periodicals/mcs2026/mcs2026-gallium.pdf | Jacob Cordell expert review 2026-05-28: reviewed_planning processing-cost update reflects expert-updated wafer manufacturing cost assumptions and is high-impact for downstream cost and labor-hour proxy calculations; period-0 reviewed value propagated to all modeled time periods for temporal consistency."
4,Wafer manufacturing,US,GaN_wafer,,,48000,0.11,0,"[Ga proc] Domestic/incremental processing-cost row generated from Ga topology; planning-grade placeholder in USD/kg material; confidence=ok, High conf; CI=0.85-0.97; source_urls=https://pubs.usgs.gov/periodicals/mcs2026/mcs2026-gallium.pdf | Jacob Cordell expert review 2026-05-28: reviewed_planning processing-cost update reflects expert-updated wafer manufacturing cost assumptions and is high-impact for downstream cost and labor-hour proxy calculations; period-0 reviewed value propagated to all modeled time periods for temporal consistency."
4,Wafer manufacturing,US,Ga_manufacturing_scrap,,,0.12,0.055,0,"[Ga proc] Domestic/incremental processing-cost row generated from Ga topology; planning-grade placeholder in USD/kg material; confidence=suspect, Medium conf; CI=0.60-0.75; source_urls=https://pubs.usgs.gov/periodicals/mcs2025/mcs2025-gallium.pdf; https://pubs.usgs.gov/myb/vol1/2022/myb1-2022-gallium.pdf; https://www.neomaterials.com/rare-metals/gallium/"
4,Wafer manufacturing,US,Ga_manufacturing_scrap,New manufacturing scrap recovery,CA,0,0.1265,0,"[Ga trade] Cross-border trade-cost row generated from Ga topology: Wafer manufacturing US -> New manufacturing scrap recovery CA; tariff set to 0 in baseline; verify HS/country treatment if scenario requires; confidence=suspect, Medium conf; CI=0.60-0.75; source_urls=https://pubs.usgs.gov/periodicals/mcs2025/mcs2025-gallium.pdf; https://pubs.usgs.gov/myb/vol1/2022/myb1-2022-gallium.pdf; https://www.neomaterials.com/rare-metals/gallium/"
4,Wafer manufacturing,US,Ga_manufacturing_scrap,New manufacturing scrap recovery,CN,0,0.4549,0,"[Ga trade] Cross-border trade-cost row generated from Ga topology: Wafer manufacturing US -> New manufacturing scrap recovery CN; tariff set to 0 in baseline; verify HS/country treatment if scenario requires; confidence=suspect, Medium conf; CI=0.60-0.75; source_urls=https://pubs.usgs.gov/periodicals/mcs2025/mcs2025-gallium.pdf; https://pubs.usgs.gov/myb/vol1/2022/myb1-2022-gallium.pdf"
4,Wafer manufacturing,US,Ga_manufacturing_scrap,New manufacturing scrap recovery,JP,0,0.4015,0,"[Ga trade] Cross-border trade-cost row generated from Ga topology: Wafer manufacturing US -> New manufacturing scrap recovery JP; tariff set to 0 in baseline; verify HS/country treatment if scenario requires; confidence=suspect, Medium conf; CI=0.60-0.75; source_urls=https://pubs.usgs.gov/periodicals/mcs2025/mcs2025-gallium.pdf; https://pubs.usgs.gov/myb/vol1/2022/myb1-2022-gallium.pdf"
4,ZLR refining,CN,4N_Ga,,,280,0.08,0,"[Ga proc] Domestic/incremental processing-cost row generated from Ga topology; planning-grade placeholder in USD/kg material; confidence=ok, Medium-high conf; CI=0.75-0.88; source_urls=https://pubs.usgs.gov/myb/vol1/2022/myb1-2022-gallium.pdf; https://pubs.usgs.gov/periodicals/mcs2026/mcs2026-gallium.pdf; https://pubs.usgs.gov/periodicals/mcs2025/mcs2025-gallium.pdf | Jacob Cordell expert review 2026-05-28: reviewed_planning processing-cost update reflects expert-updated planning assumptions for Ga recovery from zinc leach residue / zinc-route recovery; period-0 reviewed value propagated to all modeled time periods for temporal consistency."
4,ZLR refining,CN,4N_Ga,High-purity gallium refining,CA,0,0.777,0,"[Ga trade] Cross-border trade-cost row generated from Ga topology: ZLR refining CN -> High-purity gallium refining CA; tariff set to 0 in baseline; verify HS/country treatment if scenario requires; confidence=ok, Medium-high conf; CI=0.75-0.88; source_urls=https://pubs.usgs.gov/myb/vol1/2022/myb1-2022-gallium.pdf; https://pubs.usgs.gov/periodicals/mcs2026/mcs2026-gallium.pdf; https://pubs.usgs.gov/periodicals/mcs2025/mcs2025-gallium.pdf"
4,ZLR refining,CN,4N_Ga,High-purity gallium refining,JP,0,0.3333,0,"[Ga trade] Cross-border trade-cost row generated from Ga topology: ZLR refining CN -> High-purity gallium refining JP; tariff set to 0 in baseline; verify HS/country treatment if scenario requires; confidence=ok, Medium-high conf; CI=0.75-0.88; source_urls=https://pubs.usgs.gov/myb/vol1/2022/myb1-2022-gallium.pdf; https://pubs.usgs.gov/periodicals/mcs2026/mcs2026-gallium.pdf; https://pubs.usgs.gov/periodicals/mcs2025/mcs2025-gallium.pdf"
4,ZLR refining,CN,4N_Ga,High-purity gallium refining,US,0,0.9097,0,"[Ga trade] Cross-border trade-cost row generated from Ga topology: ZLR refining CN -> High-purity gallium refining US; US gallium-metal proxy tariff applied; confidence=ok, Medium-high conf; CI=0.75-0.88; source_urls=https://pubs.usgs.gov/myb/vol1/2022/myb1-2022-gallium.pdf; https://pubs.usgs.gov/periodicals/mcs2026/mcs2026-gallium.pdf; https://pubs.usgs.gov/periodicals/mcs2025/mcs2025-gallium.pdf | Jacob Cordell expert review 2026-05-28: reviewed_planning tariff assumptions were propagated consistently across all modeled time periods."
4,ZLR refining,JP,4N_Ga,,,340,0.076,0,"[Ga proc] Domestic/incremental processing-cost row generated from Ga topology; planning-grade placeholder in USD/kg material; confidence=ok, High conf; CI=0.85-0.97; source_urls=https://hd.dowa.co.jp/en/ir/library/materials/main/0/teaserItems3/0/linkList/00/link/presentation_fy2023_fullyear_script-e.pdf; https://pubs.usgs.gov/periodicals/mcs2026/mcs2026-gallium.pdf; https://pubs.usgs.gov/periodicals/mcs2025/mcs2025-gallium.pdf | Jacob Cordell expert review 2026-05-28: reviewed_planning processing-cost update reflects expert-updated planning assumptions for Ga recovery from zinc leach residue / zinc-route recovery; period-0 reviewed value propagated to all modeled time periods for temporal consistency."
4,ZLR refining,JP,4N_Ga,High-purity gallium refining,CA,0,0.6858,0,"[Ga trade] Cross-border trade-cost row generated from Ga topology: ZLR refining JP -> High-purity gallium refining CA; tariff set to 0 in baseline; verify HS/country treatment if scenario requires; confidence=ok, High conf; CI=0.85-0.97; source_urls=https://hd.dowa.co.jp/en/ir/library/materials/main/0/teaserItems3/0/linkList/00/link/presentation_fy2023_fullyear_script-e.pdf; https://pubs.usgs.gov/periodicals/mcs2026/mcs2026-gallium.pdf; https://pubs.usgs.gov/periodicals/mcs2025/mcs2025-gallium.pdf"
4,ZLR refining,JP,4N_Ga,High-purity gallium refining,CN,0,0.3333,0,"[Ga trade] Cross-border trade-cost row generated from Ga topology: ZLR refining JP -> High-purity gallium refining CN; tariff set to 0 in baseline; verify HS/country treatment if scenario requires; confidence=ok, High conf; CI=0.85-0.97; source_urls=https://hd.dowa.co.jp/en/ir/library/materials/main/0/teaserItems3/0/linkList/00/link/presentation_fy2023_fullyear_script-e.pdf; https://pubs.usgs.gov/periodicals/mcs2026/mcs2026-gallium.pdf; https://pubs.usgs.gov/periodicals/mcs2025/mcs2025-gallium.pdf"
4,ZLR refining,JP,4N_Ga,High-purity gallium refining,US,0,0.803,0,"[Ga trade] Cross-border trade-cost row generated from Ga topology: ZLR refining JP -> High-purity gallium refining US; US gallium-metal proxy tariff applied; confidence=ok, High conf; CI=0.85-0.97; source_urls=https://hd.dowa.co.jp/en/ir/library/materials/main/0/teaserItems3/0/linkList/00/link/presentation_fy2023_fullyear_script-e.pdf; https://pubs.usgs.gov/periodicals/mcs2026/mcs2026-gallium.pdf; https://pubs.usgs.gov/periodicals/mcs2025/mcs2025-gallium.pdf | Jacob Cordell expert review 2026-05-28: reviewed_planning tariff assumptions were propagated consistently across all modeled time periods."
4,ZLR refining,KR,4N_Ga,,,320,0.072,0,"[Ga proc] Domestic/incremental processing-cost row generated from Ga topology; planning-grade placeholder in USD/kg material; confidence=suspect, Medium conf; CI=0.60-0.75; source_urls=https://www.korea-certification.com/en/korea-zinc-launches-gallium-facility-to-reduce-reliance-on-chinese-supply/; https://pubs.usgs.gov/periodicals/mcs2025/mcs2025-gallium.pdf; https://pubs.usgs.gov/periodicals/mcs2025/mcs2025-gallium.pdf | Jacob Cordell expert review 2026-05-28: reviewed_planning processing-cost update reflects expert-updated planning assumptions for Ga recovery from zinc leach residue / zinc-route recovery; period-0 reviewed value propagated to all modeled time periods for temporal consistency."
4,ZLR refining,KR,4N_Ga,High-purity gallium refining,CA,0,0.7205,0,"[Ga trade] Cross-border trade-cost row generated from Ga topology: ZLR refining KR -> High-purity gallium refining CA; tariff set to 0 in baseline; verify HS/country treatment if scenario requires; confidence=suspect, Medium conf; CI=0.60-0.75; source_urls=https://www.korea-certification.com/en/korea-zinc-launches-gallium-facility-to-reduce-reliance-on-chinese-supply/; https://pubs.usgs.gov/periodicals/mcs2025/mcs2025-gallium.pdf; https://pubs.usgs.gov/periodicals/mcs2025/mcs2025-gallium.pdf"
4,ZLR refining,KR,4N_Ga,High-purity gallium refining,CN,0,0.2683,0,"[Ga trade] Cross-border trade-cost row generated from Ga topology: ZLR refining KR -> High-purity gallium refining CN; tariff set to 0 in baseline; verify HS/country treatment if scenario requires; confidence=suspect, Medium conf; CI=0.60-0.75; source_urls=https://www.korea-certification.com/en/korea-zinc-launches-gallium-facility-to-reduce-reliance-on-chinese-supply/; https://pubs.usgs.gov/periodicals/mcs2025/mcs2025-gallium.pdf; https://pubs.usgs.gov/periodicals/mcs2025/mcs2025-gallium.pdf"
4,ZLR refining,KR,4N_Ga,High-purity gallium refining,JP,0,0.186,0,"[Ga trade] Cross-border trade-cost row generated from Ga topology: ZLR refining KR -> High-purity gallium refining JP; tariff set to 0 in baseline; verify HS/country treatment if scenario requires; confidence=suspect, Medium conf; CI=0.60-0.75; source_urls=https://www.korea-certification.com/en/korea-zinc-launches-gallium-facility-to-reduce-reliance-on-chinese-supply/; https://pubs.usgs.gov/periodicals/mcs2025/mcs2025-gallium.pdf; https://pubs.usgs.gov/periodicals/mcs2025/mcs2025-gallium.pdf"
4,ZLR refining,KR,4N_Ga,High-purity gallium refining,US,0,0.8445,0,"[Ga trade] Cross-border trade-cost row generated from Ga topology: ZLR refining KR -> High-purity gallium refining US; tariff set to 0 in baseline; verify HS/country treatment if scenario requires; confidence=suspect, Medium conf; CI=0.60-0.75; source_urls=https://www.korea-certification.com/en/korea-zinc-launches-gallium-facility-to-reduce-reliance-on-chinese-supply/; https://pubs.usgs.gov/periodicals/mcs2025/mcs2025-gallium.pdf; https://pubs.usgs.gov/periodicals/mcs2025/mcs2025-gallium.pdf"
4,ZLR refining,US,4N_Ga,,,509,0.088,0,"[Ga proc] Domestic/incremental processing-cost row generated from Ga topology; planning-grade placeholder in USD/kg material; confidence=suspect, Medium-low conf; CI=0.45-0.60; source_urls=https://www.energy.gov/cmei/articles/does-office-critical-minerals-and-energy-innovation-selects-five-organizations; https://pubs.usgs.gov/periodicals/mcs2026/mcs2026-gallium.pdf; https://pubs.usgs.gov/periodicals/mcs2025/mcs2025-gallium.pdf | Jacob Cordell expert review 2026-05-28: reviewed_planning processing-cost update reflects expert-updated planning assumptions for Ga recovery from zinc leach residue / zinc-route recovery; period-0 reviewed value propagated to all modeled time periods for temporal consistency."
4,ZLR refining,US,4N_Ga,High-purity gallium refining,CA,0,0.253,0,"[Ga trade] Cross-border trade-cost row generated from Ga topology: ZLR refining US -> High-purity gallium refining CA; tariff set to 0 in baseline; verify HS/country treatment if scenario requires; confidence=suspect, Medium-low conf; CI=0.45-0.60; source_urls=https://www.energy.gov/cmei/articles/does-office-critical-minerals-and-energy-innovation-selects-five-organizations; https://pubs.usgs.gov/periodicals/mcs2026/mcs2026-gallium.pdf; https://pubs.usgs.gov/periodicals/mcs2025/mcs2025-gallium.pdf"
4,ZLR refining,US,4N_Ga,High-purity gallium refining,CN,0,0.9097,0,"[Ga trade] Cross-border trade-cost row generated from Ga topology: ZLR refining US -> High-purity gallium refining CN; tariff set to 0 in baseline; verify HS/country treatment if scenario requires; confidence=suspect, Medium-low conf; CI=0.45-0.60; source_urls=https://www.energy.gov/cmei/articles/does-office-critical-minerals-and-energy-innovation-selects-five-organizations; https://pubs.usgs.gov/periodicals/mcs2026/mcs2026-gallium.pdf; https://pubs.usgs.gov/periodicals/mcs2025/mcs2025-gallium.pdf"
4,ZLR refining,US,4N_Ga,High-purity gallium refining,JP,0,0.803,0,"[Ga trade] Cross-border trade-cost row generated from Ga topology: ZLR refining US -> High-purity gallium refining JP; tariff set to 0 in baseline; verify HS/country treatment if scenario requires; confidence=suspect, Medium-low conf; CI=0.45-0.60; source_urls=https://www.energy.gov/cmei/articles/does-office-critical-minerals-and-energy-innovation-selects-five-organizations; https://pubs.usgs.gov/periodicals/mcs2026/mcs2026-gallium.pdf; https://pubs.usgs.gov/periodicals/mcs2025/mcs2025-gallium.pdf"
4,ZS mining,AU,Zn_sphalerite_concentrate,,,0.0805,0.096,0,"[Ga proc] Domestic/incremental processing-cost row generated from Ga topology; planning-grade placeholder in USD/kg material; confidence=ok, Medium-high conf; CI=0.75-0.88; source_urls=https://pubs.usgs.gov/periodicals/mcs2026/mcs2026-gallium.pdf"
4,ZS mining,CA,Zn_sphalerite_concentrate,,,0.0805,0.088,0,"[Ga proc] Domestic/incremental processing-cost row generated from Ga topology; planning-grade placeholder in USD/kg material; confidence=ok, Medium-high conf; CI=0.75-0.88; source_urls=https://pubs.usgs.gov/periodicals/mcs2026/mcs2026-gallium.pdf"
4,ZS mining,CN,Zn_sphalerite_concentrate,,,0.0595,0.08,0,"[Ga proc] Domestic/incremental processing-cost row generated from Ga topology; planning-grade placeholder in USD/kg material; confidence=ok, Medium-high conf; CI=0.75-0.88; source_urls=https://pubs.usgs.gov/periodicals/mcs2026/mcs2026-gallium.pdf"
4,ZS mining,KZ,Zn_sphalerite_concentrate,,,0.0665,0.092,0,"[Ga proc] Domestic/incremental processing-cost row generated from Ga topology; planning-grade placeholder in USD/kg material; confidence=ok, Medium-high conf; CI=0.75-0.88; source_urls=https://pubs.usgs.gov/periodicals/mcs2026/mcs2026-gallium.pdf"
4,ZS mining,US,Zn_sphalerite_concentrate,,,0.084,0.088,0,"[Ga proc] Domestic/incremental processing-cost row generated from Ga topology; planning-grade placeholder in USD/kg material; confidence=ok, Medium-high conf; CI=0.75-0.88; source_urls=https://pubs.usgs.gov/periodicals/mcs2026/mcs2026-gallium.pdf"
4,Zinc concentration,AU,Zn_sphalerite_concentrate,,,0.207,0.096,0,"[Ga proc] Domestic/incremental processing-cost row generated from Ga topology; planning-grade placeholder in USD/kg material; confidence=suspect, Medium conf; CI=0.60-0.75; source_urls=https://pubs.usgs.gov/periodicals/mcs2026/mcs2026-gallium.pdf; https://pubs.usgs.gov/periodicals/mcs2025/mcs2025-gallium.pdf"
4,Zinc concentration,AU,Zn_sphalerite_concentrate,Zinc smelting/refining,CN,0,0.3216,0,"[Ga trade] Cross-border trade-cost row generated from Ga topology: Zinc concentration AU -> Zinc smelting/refining CN; tariff set to 0 in baseline; verify HS/country treatment if scenario requires; confidence=suspect, Medium conf; CI=0.60-0.75; source_urls=https://pubs.usgs.gov/periodicals/mcs2026/mcs2026-gallium.pdf; https://pubs.usgs.gov/periodicals/mcs2025/mcs2025-gallium.pdf"
4,Zinc concentration,AU,Zn_sphalerite_concentrate,Zinc smelting/refining,JP,0,0.2998,0,"[Ga trade] Cross-border trade-cost row generated from Ga topology: Zinc concentration AU -> Zinc smelting/refining JP; tariff set to 0 in baseline; verify HS/country treatment if scenario requires; confidence=suspect, Medium conf; CI=0.60-0.75; source_urls=https://pubs.usgs.gov/periodicals/mcs2026/mcs2026-gallium.pdf; https://pubs.usgs.gov/periodicals/mcs2025/mcs2025-gallium.pdf"
4,Zinc concentration,AU,Zn_sphalerite_concentrate,Zinc smelting/refining,KR,0,0.2991,0,"[Ga trade] Cross-border trade-cost row generated from Ga topology: Zinc concentration AU -> Zinc smelting/refining KR; tariff set to 0 in baseline; verify HS/country treatment if scenario requires; confidence=suspect, Medium conf; CI=0.60-0.75; source_urls=https://pubs.usgs.gov/periodicals/mcs2026/mcs2026-gallium.pdf; https://pubs.usgs.gov/periodicals/mcs2025/mcs2025-gallium.pdf"
4,Zinc concentration,CA,Zn_sphalerite_concentrate,,,0.207,0.088,0,"[Ga proc] Domestic/incremental processing-cost row generated from Ga topology; planning-grade placeholder in USD/kg material; confidence=suspect, Medium conf; CI=0.60-0.75; source_urls=https://pubs.usgs.gov/periodicals/mcs2026/mcs2026-gallium.pdf; https://pubs.usgs.gov/periodicals/mcs2025/mcs2025-gallium.pdf"
4,Zinc concentration,CA,Zn_sphalerite_concentrate,Zinc smelting/refining,JP,0,0.3429,0,"[Ga trade] Cross-border trade-cost row generated from Ga topology: Zinc concentration CA -> Zinc smelting/refining JP; tariff set to 0 in baseline; verify HS/country treatment if scenario requires; confidence=suspect, Medium conf; CI=0.60-0.75; source_urls=https://pubs.usgs.gov/periodicals/mcs2026/mcs2026-gallium.pdf; https://pubs.usgs.gov/periodicals/mcs2025/mcs2025-gallium.pdf"
4,Zinc concentration,CA,Zn_sphalerite_concentrate,Zinc smelting/refining,KR,0,0.3603,0,"[Ga trade] Cross-border trade-cost row generated from Ga topology: Zinc concentration CA -> Zinc smelting/refining KR; tariff set to 0 in baseline; verify HS/country treatment if scenario requires; confidence=suspect, Medium conf; CI=0.60-0.75; source_urls=https://pubs.usgs.gov/periodicals/mcs2026/mcs2026-gallium.pdf; https://pubs.usgs.gov/periodicals/mcs2025/mcs2025-gallium.pdf"
4,Zinc concentration,CA,Zn_sphalerite_concentrate,Zinc smelting/refining,US,0,0.1265,0,"[Ga trade] Cross-border trade-cost row generated from Ga topology: Zinc concentration CA -> Zinc smelting/refining US; tariff set to 0 in baseline; verify HS/country treatment if scenario requires; confidence=suspect, Medium conf; CI=0.60-0.75; source_urls=https://pubs.usgs.gov/periodicals/mcs2026/mcs2026-gallium.pdf; https://pubs.usgs.gov/periodicals/mcs2025/mcs2025-gallium.pdf"
4,Zinc concentration,CN,Zn_sphalerite_concentrate,,,0.153,0.08,0,"[Ga proc] Domestic/incremental processing-cost row generated from Ga topology; planning-grade placeholder in USD/kg material; confidence=ok, High conf; CI=0.85-0.97; source_urls=https://pubs.usgs.gov/periodicals/mcs2026/mcs2026-gallium.pdf; https://pubs.usgs.gov/periodicals/mcs2025/mcs2025-gallium.pdf"
4,Zinc concentration,JP,Zn_sphalerite_concentrate,,,0.207,0.076,0,"[Ga proc] Domestic/incremental processing-cost row generated from Ga topology; planning-grade placeholder in USD/kg material; confidence=ok, Medium-high conf; CI=0.75-0.88; source_urls=https://pubs.usgs.gov/periodicals/mcs2026/mcs2026-gallium.pdf; https://pubs.usgs.gov/periodicals/mcs2025/mcs2025-gallium.pdf"
4,Zinc concentration,KR,Zn_sphalerite_concentrate,,,0.189,0.072,0,"[Ga proc] Domestic/incremental processing-cost row generated from Ga topology; planning-grade placeholder in USD/kg material; confidence=ok, Medium-high conf; CI=0.75-0.88; source_urls=https://pubs.usgs.gov/periodicals/mcs2026/mcs2026-gallium.pdf; https://pubs.usgs.gov/periodicals/mcs2025/mcs2025-gallium.pdf"
4,Zinc concentration,KZ,Zn_sphalerite_concentrate,,,0.171,0.092,0,"[Ga proc] Domestic/incremental processing-cost row generated from Ga topology; planning-grade placeholder in USD/kg material; confidence=suspect, Medium conf; CI=0.60-0.75; source_urls=https://pubs.usgs.gov/periodicals/mcs2026/mcs2026-gallium.pdf; https://pubs.usgs.gov/periodicals/mcs2025/mcs2025-gallium.pdf"
4,Zinc concentration,KZ,Zn_sphalerite_concentrate,Zinc smelting/refining,CN,0,0.1764,0,"[Ga trade] Cross-border trade-cost row generated from Ga topology: Zinc concentration KZ -> Zinc smelting/refining CN; tariff set to 0 in baseline; verify HS/country treatment if scenario requires; confidence=suspect, Medium conf; CI=0.60-0.75; source_urls=https://pubs.usgs.gov/periodicals/mcs2026/mcs2026-gallium.pdf; https://pubs.usgs.gov/periodicals/mcs2025/mcs2025-gallium.pdf"
4,Zinc concentration,US,Zn_sphalerite_concentrate,,,0.216,0.088,0,"[Ga proc] Domestic/incremental processing-cost row generated from Ga topology; planning-grade placeholder in USD/kg material; confidence=ok, Medium-high conf; CI=0.75-0.88; source_urls=https://pubs.usgs.gov/periodicals/mcs2026/mcs2026-gallium.pdf; https://pubs.usgs.gov/periodicals/mcs2025/mcs2025-gallium.pdf"
4,Zinc smelting/refining,CN,ZLR_Zn_residue,,,0.2975,0.05,0,"[Ga proc] Domestic/incremental processing-cost row generated from Ga topology; planning-grade placeholder in USD/kg material; confidence=ok, High conf; CI=0.85-0.97; source_urls=https://pubs.usgs.gov/myb/vol1/2022/myb1-2022-gallium.pdf; https://pubs.usgs.gov/periodicals/mcs2026/mcs2026-gallium.pdf"
4,Zinc smelting/refining,JP,ZLR_Zn_residue,,,0.4025,0.0475,0,"[Ga proc] Domestic/incremental processing-cost row generated from Ga topology; planning-grade placeholder in USD/kg material; confidence=ok, High conf; CI=0.85-0.97; source_urls=https://hd.dowa.co.jp/en/ir/library/materials/main/0/teaserItems3/0/linkList/00/link/presentation_fy2023_fullyear_script-e.pdf; https://pubs.usgs.gov/periodicals/mcs2026/mcs2026-gallium.pdf; https://pubs.usgs.gov/periodicals/mcs2025/mcs2025-gallium.pdf"
4,Zinc smelting/refining,KR,ZLR_Zn_residue,,,0.3675,0.045,0,"[Ga proc] Domestic/incremental processing-cost row generated from Ga topology; planning-grade placeholder in USD/kg material; confidence=suspect, Medium conf; CI=0.60-0.75; source_urls=https://www.korea-certification.com/en/korea-zinc-launches-gallium-facility-to-reduce-reliance-on-chinese-supply/; https://pubs.usgs.gov/periodicals/mcs2025/mcs2025-gallium.pdf; https://pubs.usgs.gov/periodicals/mcs2026/mcs2026-gallium.pdf"
4,Zinc smelting/refining,US,ZLR_Zn_residue,,,0.42,0.055,0,"[Ga proc] Domestic/incremental processing-cost row generated from Ga topology; planning-grade placeholder in USD/kg material; confidence=suspect, Medium-low conf; CI=0.45-0.60; source_urls=https://www.energy.gov/cmei/articles/does-office-critical-minerals-and-energy-innovation-selects-five-organizations; https://pubs.usgs.gov/periodicals/mcs2026/mcs2026-gallium.pdf"
4,wafer_market_mix,US,GaAs_wafer,,,0,0.11,0,"[Ga proc] Domestic/incremental processing-cost row generated from Ga topology; planning-grade placeholder in USD/kg material; confidence=ok, High conf; CI=0.85-0.97; source_urls=https://pubs.usgs.gov/periodicals/mcs2026/mcs2026-gallium.pdf"
4,wafer_market_mix,US,GaN_wafer,,,0,0.11,0,"[Ga proc] Domestic/incremental processing-cost row generated from Ga topology; planning-grade placeholder in USD/kg material; confidence=ok, High conf; CI=0.85-0.97; source_urls=https://pubs.usgs.gov/periodicals/mcs2026/mcs2026-gallium.pdf"
0,wafer_market_mix,US,GaAs_wafer,wafer_demand,US,0,0,0,"Terminal demand sink; structural zero-cost accounting arc, not empirical cost data."
1,wafer_market_mix,US,GaAs_wafer,wafer_demand,US,0,0,0,"Terminal demand sink; structural zero-cost accounting arc, not empirical cost data."
2,wafer_market_mix,US,GaAs_wafer,wafer_demand,US,0,0,0,"Terminal demand sink; structural zero-cost accounting arc, not empirical cost data."
3,wafer_market_mix,US,GaAs_wafer,wafer_demand,US,0,0,0,"Terminal demand sink; structural zero-cost accounting arc, not empirical cost data."
4,wafer_market_mix,US,GaAs_wafer,wafer_demand,US,0,0,0,"Terminal demand sink; structural zero-cost accounting arc, not empirical cost data."
0,wafer_market_mix,US,GaN_wafer,wafer_demand,US,0,0,0,"Terminal demand sink; structural zero-cost accounting arc, not empirical cost data."
1,wafer_market_mix,US,GaN_wafer,wafer_demand,US,0,0,0,"Terminal demand sink; structural zero-cost accounting arc, not empirical cost data."
2,wafer_market_mix,US,GaN_wafer,wafer_demand,US,0,0,0,"Terminal demand sink; structural zero-cost accounting arc, not empirical cost data."
3,wafer_market_mix,US,GaN_wafer,wafer_demand,US,0,0,0,"Terminal demand sink; structural zero-cost accounting arc, not empirical cost data."
4,wafer_market_mix,US,GaN_wafer,wafer_demand,US,0,0,0,"Terminal demand sink; structural zero-cost accounting arc, not empirical cost data."
