process_from,loc_from,process_to,loc_to,material,notes
Bauxite mining,AU,Bayer process / alumina refining,AU,bauxite,Australia bauxite/alumina host route with Alcoa/JAGA gallium project inside 4-year operational space; gallium plant supported but still development/JV stage. Sources: ALCOA_2025=https://news.alcoa.com/press-releases/press-release-details/2025/GOVERNMENTS-ANNOUNCE-SUPPORT-FOR-ALCOAS-GALLIUM-CRITICAL-MINERAL-DEVELOPMENT-PROJECT-IN-WESTERN-AUSTRALIA/default.aspx; SOJITZ_2025=https://www.sojitz.com/en/news/article/20250804.html; USGS_MCS_2026_Ga=https://pubs.usgs.gov/periodicals/mcs2026/mcs2026-gallium.pdf
Bauxite mining,CN,Bayer process / alumina refining,CN,bauxite,Commercial China bauxite/alumina host route; primary gallium mostly byproduct of bauxite alumina production; China is dominant low-purity Ga producer. Sources: USGS_MCS_2026_Ga=https://pubs.usgs.gov/periodicals/mcs2026/mcs2026-gallium.pdf; USGS_MYB_2022_Ga=https://pubs.usgs.gov/myb/vol1/2022/myb1-2022-gallium.pdf
Bauxite mining,GR,Bayer process / alumina refining,GR,bauxite,Greece bauxite/alumina host route with METLEN gallium facility under EIB-backed investment; include as 4-year project arc. Sources: EIB_METLEN_2026=https://www.eib.org/en/press/all/2026-011-eib-backs-europe-s-first-gallium-production-investment-with-eur90-million-financing-to-metlen-in-greece; USGS_MCS_2026_Ga=https://pubs.usgs.gov/periodicals/mcs2026/mcs2026-gallium.pdf
Bauxite mining,KZ,Bayer process / alumina refining,KZ,bauxite,Kazakhstan bauxite/alumina host route; ERG plans Ga from bauxite/alumina processing starting 2026 up to 15 t/y. Sources: ERG_2025=https://www.eurasianresources.lu/en/news/Shukhrat%20Ibragimov%20confirms%20that%20Eurasian%20Resources%20Group%20t.html; USGS_MCS_2026_Ga=https://pubs.usgs.gov/periodicals/mcs2026/mcs2026-gallium.pdf
Bayer liquor refining,AU,High-purity gallium refining,CA,4N_Ga,Australia 4N/low-purity Ga from Bayer liquor project at Alcoa/JAGA; 100 t/y target but not yet mature commercial production. 4N_Ga is a traded gallium metal intermediate; this arc enables metal trade to high-purity refiners. Sources: ALCOA_2025=https://news.alcoa.com/press-releases/press-release-details/2025/GOVERNMENTS-ANNOUNCE-SUPPORT-FOR-ALCOAS-GALLIUM-CRITICAL-MINERAL-DEVELOPMENT-PROJECT-IN-WESTERN-AUSTRALIA/default.aspx; SOJITZ_2025=https://www.sojitz.com/en/news/article/20250804.html; USGS_MCS_2026_Ga=https://pubs.usgs.gov/periodicals/mcs2026/mcs2026-gallium.pdf; USGS_MCS_2025_Ga=https://pubs.usgs.gov/periodicals/mcs2025/mcs2025-gallium.pdf
Bayer liquor refining,AU,High-purity gallium refining,CN,4N_Ga,Australia 4N/low-purity Ga from Bayer liquor project at Alcoa/JAGA; 100 t/y target but not yet mature commercial production. 4N_Ga is a traded gallium metal intermediate; this arc enables metal trade to high-purity refiners. Sources: ALCOA_2025=https://news.alcoa.com/press-releases/press-release-details/2025/GOVERNMENTS-ANNOUNCE-SUPPORT-FOR-ALCOAS-GALLIUM-CRITICAL-MINERAL-DEVELOPMENT-PROJECT-IN-WESTERN-AUSTRALIA/default.aspx; SOJITZ_2025=https://www.sojitz.com/en/news/article/20250804.html; USGS_MCS_2026_Ga=https://pubs.usgs.gov/periodicals/mcs2026/mcs2026-gallium.pdf; USGS_MCS_2025_Ga=https://pubs.usgs.gov/periodicals/mcs2025/mcs2025-gallium.pdf
Bayer liquor refining,AU,High-purity gallium refining,JP,4N_Ga,Australia 4N/low-purity Ga from Bayer liquor project at Alcoa/JAGA; 100 t/y target but not yet mature commercial production. 4N_Ga is a traded gallium metal intermediate; this arc enables metal trade to high-purity refiners. Sources: ALCOA_2025=https://news.alcoa.com/press-releases/press-release-details/2025/GOVERNMENTS-ANNOUNCE-SUPPORT-FOR-ALCOAS-GALLIUM-CRITICAL-MINERAL-DEVELOPMENT-PROJECT-IN-WESTERN-AUSTRALIA/default.aspx; SOJITZ_2025=https://www.sojitz.com/en/news/article/20250804.html; USGS_MCS_2026_Ga=https://pubs.usgs.gov/periodicals/mcs2026/mcs2026-gallium.pdf; USGS_MCS_2025_Ga=https://pubs.usgs.gov/periodicals/mcs2025/mcs2025-gallium.pdf
Bayer liquor refining,AU,High-purity gallium refining,US,4N_Ga,Australia 4N/low-purity Ga from Bayer liquor project at Alcoa/JAGA; 100 t/y target but not yet mature commercial production. 4N_Ga is a traded gallium metal intermediate; this arc enables metal trade to high-purity refiners. Sources: ALCOA_2025=https://news.alcoa.com/press-releases/press-release-details/2025/GOVERNMENTS-ANNOUNCE-SUPPORT-FOR-ALCOAS-GALLIUM-CRITICAL-MINERAL-DEVELOPMENT-PROJECT-IN-WESTERN-AUSTRALIA/default.aspx; SOJITZ_2025=https://www.sojitz.com/en/news/article/20250804.html; USGS_MCS_2026_Ga=https://pubs.usgs.gov/periodicals/mcs2026/mcs2026-gallium.pdf; USGS_MCS_2025_Ga=https://pubs.usgs.gov/periodicals/mcs2025/mcs2025-gallium.pdf
Bayer liquor refining,CA,High-purity gallium refining,CA,4N_Ga,Canada 4N/low-purity Ga from alumina process stream at Rio Tinto Vaudreuil is pilot/demonstration; commercial scale conditional. 4N_Ga is a traded gallium metal intermediate; this arc enables metal trade to high-purity refiners. Sources: RIO_TINTO_2026=https://www.riotinto.com/en/news/releases/2026/rio-tinto-advances-gallium-metal-rd-project-in-partnership-with-the-government-of-canada; USGS_MCS_2026_Ga=https://pubs.usgs.gov/periodicals/mcs2026/mcs2026-gallium.pdf; USGS_MCS_2025_Ga=https://pubs.usgs.gov/periodicals/mcs2025/mcs2025-gallium.pdf
Bayer liquor refining,CA,High-purity gallium refining,CN,4N_Ga,Canada 4N/low-purity Ga from alumina process stream at Rio Tinto Vaudreuil is pilot/demonstration; commercial scale conditional. 4N_Ga is a traded gallium metal intermediate; this arc enables metal trade to high-purity refiners. Sources: RIO_TINTO_2026=https://www.riotinto.com/en/news/releases/2026/rio-tinto-advances-gallium-metal-rd-project-in-partnership-with-the-government-of-canada; USGS_MCS_2026_Ga=https://pubs.usgs.gov/periodicals/mcs2026/mcs2026-gallium.pdf; USGS_MCS_2025_Ga=https://pubs.usgs.gov/periodicals/mcs2025/mcs2025-gallium.pdf
Bayer liquor refining,CA,High-purity gallium refining,JP,4N_Ga,Canada 4N/low-purity Ga from alumina process stream at Rio Tinto Vaudreuil is pilot/demonstration; commercial scale conditional. 4N_Ga is a traded gallium metal intermediate; this arc enables metal trade to high-purity refiners. Sources: RIO_TINTO_2026=https://www.riotinto.com/en/news/releases/2026/rio-tinto-advances-gallium-metal-rd-project-in-partnership-with-the-government-of-canada; USGS_MCS_2026_Ga=https://pubs.usgs.gov/periodicals/mcs2026/mcs2026-gallium.pdf; USGS_MCS_2025_Ga=https://pubs.usgs.gov/periodicals/mcs2025/mcs2025-gallium.pdf
Bayer liquor refining,CA,High-purity gallium refining,US,4N_Ga,Canada 4N/low-purity Ga from alumina process stream at Rio Tinto Vaudreuil is pilot/demonstration; commercial scale conditional. 4N_Ga is a traded gallium metal intermediate; this arc enables metal trade to high-purity refiners. Sources: RIO_TINTO_2026=https://www.riotinto.com/en/news/releases/2026/rio-tinto-advances-gallium-metal-rd-project-in-partnership-with-the-government-of-canada; USGS_MCS_2026_Ga=https://pubs.usgs.gov/periodicals/mcs2026/mcs2026-gallium.pdf; USGS_MCS_2025_Ga=https://pubs.usgs.gov/periodicals/mcs2025/mcs2025-gallium.pdf
Bayer liquor refining,CN,High-purity gallium refining,CA,4N_Ga,Commercial 4N/low-purity Ga from Bayer liquor; China accounts for nearly all primary low-purity Ga production. 4N_Ga is a traded gallium metal intermediate; this arc enables metal trade to high-purity refiners. Sources: USGS_MCS_2026_Ga=https://pubs.usgs.gov/periodicals/mcs2026/mcs2026-gallium.pdf; USGS_MYB_2022_Ga=https://pubs.usgs.gov/myb/vol1/2022/myb1-2022-gallium.pdf; USGS_MCS_2025_Ga=https://pubs.usgs.gov/periodicals/mcs2025/mcs2025-gallium.pdf
Bayer liquor refining,CN,High-purity gallium refining,CN,4N_Ga,Commercial 4N/low-purity Ga from Bayer liquor; China accounts for nearly all primary low-purity Ga production. 4N_Ga is a traded gallium metal intermediate; this arc enables metal trade to high-purity refiners. Sources: USGS_MCS_2026_Ga=https://pubs.usgs.gov/periodicals/mcs2026/mcs2026-gallium.pdf; USGS_MYB_2022_Ga=https://pubs.usgs.gov/myb/vol1/2022/myb1-2022-gallium.pdf; USGS_MCS_2025_Ga=https://pubs.usgs.gov/periodicals/mcs2025/mcs2025-gallium.pdf
Bayer liquor refining,CN,High-purity gallium refining,JP,4N_Ga,Commercial 4N/low-purity Ga from Bayer liquor; China accounts for nearly all primary low-purity Ga production. 4N_Ga is a traded gallium metal intermediate; this arc enables metal trade to high-purity refiners. Sources: USGS_MCS_2026_Ga=https://pubs.usgs.gov/periodicals/mcs2026/mcs2026-gallium.pdf; USGS_MYB_2022_Ga=https://pubs.usgs.gov/myb/vol1/2022/myb1-2022-gallium.pdf; USGS_MCS_2025_Ga=https://pubs.usgs.gov/periodicals/mcs2025/mcs2025-gallium.pdf
Bayer liquor refining,CN,High-purity gallium refining,US,4N_Ga,Commercial 4N/low-purity Ga from Bayer liquor; China accounts for nearly all primary low-purity Ga production. 4N_Ga is a traded gallium metal intermediate; this arc enables metal trade to high-purity refiners. Sources: USGS_MCS_2026_Ga=https://pubs.usgs.gov/periodicals/mcs2026/mcs2026-gallium.pdf; USGS_MYB_2022_Ga=https://pubs.usgs.gov/myb/vol1/2022/myb1-2022-gallium.pdf; USGS_MCS_2025_Ga=https://pubs.usgs.gov/periodicals/mcs2025/mcs2025-gallium.pdf
Bayer liquor refining,GR,High-purity gallium refining,CA,4N_Ga,Greece 4N/low-purity Ga from Bayer liquor project at METLEN/Aluminium of Greece; financed project inside 4-year horizon. 4N_Ga is a traded gallium metal intermediate; this arc enables metal trade to high-purity refiners. Sources: EIB_METLEN_2026=https://www.eib.org/en/press/all/2026-011-eib-backs-europe-s-first-gallium-production-investment-with-eur90-million-financing-to-metlen-in-greece; USGS_MCS_2026_Ga=https://pubs.usgs.gov/periodicals/mcs2026/mcs2026-gallium.pdf; USGS_MCS_2025_Ga=https://pubs.usgs.gov/periodicals/mcs2025/mcs2025-gallium.pdf
Bayer liquor refining,GR,High-purity gallium refining,CN,4N_Ga,Greece 4N/low-purity Ga from Bayer liquor project at METLEN/Aluminium of Greece; financed project inside 4-year horizon. 4N_Ga is a traded gallium metal intermediate; this arc enables metal trade to high-purity refiners. Sources: EIB_METLEN_2026=https://www.eib.org/en/press/all/2026-011-eib-backs-europe-s-first-gallium-production-investment-with-eur90-million-financing-to-metlen-in-greece; USGS_MCS_2026_Ga=https://pubs.usgs.gov/periodicals/mcs2026/mcs2026-gallium.pdf; USGS_MCS_2025_Ga=https://pubs.usgs.gov/periodicals/mcs2025/mcs2025-gallium.pdf
Bayer liquor refining,GR,High-purity gallium refining,JP,4N_Ga,Greece 4N/low-purity Ga from Bayer liquor project at METLEN/Aluminium of Greece; financed project inside 4-year horizon. 4N_Ga is a traded gallium metal intermediate; this arc enables metal trade to high-purity refiners. Sources: EIB_METLEN_2026=https://www.eib.org/en/press/all/2026-011-eib-backs-europe-s-first-gallium-production-investment-with-eur90-million-financing-to-metlen-in-greece; USGS_MCS_2026_Ga=https://pubs.usgs.gov/periodicals/mcs2026/mcs2026-gallium.pdf; USGS_MCS_2025_Ga=https://pubs.usgs.gov/periodicals/mcs2025/mcs2025-gallium.pdf
Bayer liquor refining,GR,High-purity gallium refining,US,4N_Ga,Greece 4N/low-purity Ga from Bayer liquor project at METLEN/Aluminium of Greece; financed project inside 4-year horizon. 4N_Ga is a traded gallium metal intermediate; this arc enables metal trade to high-purity refiners. Sources: EIB_METLEN_2026=https://www.eib.org/en/press/all/2026-011-eib-backs-europe-s-first-gallium-production-investment-with-eur90-million-financing-to-metlen-in-greece; USGS_MCS_2026_Ga=https://pubs.usgs.gov/periodicals/mcs2026/mcs2026-gallium.pdf; USGS_MCS_2025_Ga=https://pubs.usgs.gov/periodicals/mcs2025/mcs2025-gallium.pdf
Bayer liquor refining,KZ,High-purity gallium refining,CA,4N_Ga,Kazakhstan 4N/low-purity Ga from bauxite/alumina processing planned by ERG starting 2026; project/offtake evidence. 4N_Ga is a traded gallium metal intermediate; this arc enables metal trade to high-purity refiners. Sources: ERG_2025=https://www.eurasianresources.lu/en/news/Shukhrat%20Ibragimov%20confirms%20that%20Eurasian%20Resources%20Group%20t.html; USGS_MCS_2026_Ga=https://pubs.usgs.gov/periodicals/mcs2026/mcs2026-gallium.pdf; USGS_MCS_2025_Ga=https://pubs.usgs.gov/periodicals/mcs2025/mcs2025-gallium.pdf
Bayer liquor refining,KZ,High-purity gallium refining,CN,4N_Ga,Kazakhstan 4N/low-purity Ga from bauxite/alumina processing planned by ERG starting 2026; project/offtake evidence. 4N_Ga is a traded gallium metal intermediate; this arc enables metal trade to high-purity refiners. Sources: ERG_2025=https://www.eurasianresources.lu/en/news/Shukhrat%20Ibragimov%20confirms%20that%20Eurasian%20Resources%20Group%20t.html; USGS_MCS_2026_Ga=https://pubs.usgs.gov/periodicals/mcs2026/mcs2026-gallium.pdf; USGS_MCS_2025_Ga=https://pubs.usgs.gov/periodicals/mcs2025/mcs2025-gallium.pdf
Bayer liquor refining,KZ,High-purity gallium refining,JP,4N_Ga,Kazakhstan 4N/low-purity Ga from bauxite/alumina processing planned by ERG starting 2026; project/offtake evidence. 4N_Ga is a traded gallium metal intermediate; this arc enables metal trade to high-purity refiners. Sources: ERG_2025=https://www.eurasianresources.lu/en/news/Shukhrat%20Ibragimov%20confirms%20that%20Eurasian%20Resources%20Group%20t.html; USGS_MCS_2026_Ga=https://pubs.usgs.gov/periodicals/mcs2026/mcs2026-gallium.pdf; USGS_MCS_2025_Ga=https://pubs.usgs.gov/periodicals/mcs2025/mcs2025-gallium.pdf
Bayer liquor refining,KZ,High-purity gallium refining,US,4N_Ga,Kazakhstan 4N/low-purity Ga from bauxite/alumina processing planned by ERG starting 2026; project/offtake evidence. 4N_Ga is a traded gallium metal intermediate; this arc enables metal trade to high-purity refiners. Sources: ERG_2025=https://www.eurasianresources.lu/en/news/Shukhrat%20Ibragimov%20confirms%20that%20Eurasian%20Resources%20Group%20t.html; USGS_MCS_2026_Ga=https://pubs.usgs.gov/periodicals/mcs2026/mcs2026-gallium.pdf; USGS_MCS_2025_Ga=https://pubs.usgs.gov/periodicals/mcs2025/mcs2025-gallium.pdf
Bayer liquor refining,US,High-purity gallium refining,CA,4N_Ga,U.S. primary Ga recovery from alumina feedstocks is TRACE-Ga project/R&D; not current commercial production. 4N_Ga is a traded gallium metal intermediate; this arc enables metal trade to high-purity refiners. Sources: DOE_TRACE_GA_2026=https://www.energy.gov/cmei/articles/does-office-critical-minerals-and-energy-innovation-selects-five-organizations; USGS_MCS_2026_Ga=https://pubs.usgs.gov/periodicals/mcs2026/mcs2026-gallium.pdf; USGS_MCS_2025_Ga=https://pubs.usgs.gov/periodicals/mcs2025/mcs2025-gallium.pdf
Bayer liquor refining,US,High-purity gallium refining,CN,4N_Ga,U.S. primary Ga recovery from alumina feedstocks is TRACE-Ga project/R&D; not current commercial production. 4N_Ga is a traded gallium metal intermediate; this arc enables metal trade to high-purity refiners. Sources: DOE_TRACE_GA_2026=https://www.energy.gov/cmei/articles/does-office-critical-minerals-and-energy-innovation-selects-five-organizations; USGS_MCS_2026_Ga=https://pubs.usgs.gov/periodicals/mcs2026/mcs2026-gallium.pdf; USGS_MCS_2025_Ga=https://pubs.usgs.gov/periodicals/mcs2025/mcs2025-gallium.pdf
Bayer liquor refining,US,High-purity gallium refining,JP,4N_Ga,U.S. primary Ga recovery from alumina feedstocks is TRACE-Ga project/R&D; not current commercial production. 4N_Ga is a traded gallium metal intermediate; this arc enables metal trade to high-purity refiners. Sources: DOE_TRACE_GA_2026=https://www.energy.gov/cmei/articles/does-office-critical-minerals-and-energy-innovation-selects-five-organizations; USGS_MCS_2026_Ga=https://pubs.usgs.gov/periodicals/mcs2026/mcs2026-gallium.pdf; USGS_MCS_2025_Ga=https://pubs.usgs.gov/periodicals/mcs2025/mcs2025-gallium.pdf
Bayer liquor refining,US,High-purity gallium refining,US,4N_Ga,U.S. primary Ga recovery from alumina feedstocks is TRACE-Ga project/R&D; not current commercial production. 4N_Ga is a traded gallium metal intermediate; this arc enables metal trade to high-purity refiners. Sources: DOE_TRACE_GA_2026=https://www.energy.gov/cmei/articles/does-office-critical-minerals-and-energy-innovation-selects-five-organizations; USGS_MCS_2026_Ga=https://pubs.usgs.gov/periodicals/mcs2026/mcs2026-gallium.pdf; USGS_MCS_2025_Ga=https://pubs.usgs.gov/periodicals/mcs2025/mcs2025-gallium.pdf
Bayer process / alumina refining,AU,Bayer liquor refining,AU,Bayer_liquor,"Australia bauxite/alumina host route with Alcoa/JAGA gallium project inside 4-year operational space; gallium plant supported but still development/JV stage. Bayer_liquor is treated as an internal refinery stream, not a normally traded cross-border commodity. Sources: ALCOA_2025=https://news.alcoa.com/press-releases/press-release-details/2025/GOVERNMENTS-ANNOUNCE-SUPPORT-FOR-ALCOAS-GALLIUM-CRITICAL-MINERAL-DEVELOPMENT-PROJECT-IN-WESTERN-AUSTRALIA/default.aspx; SOJITZ_2025=https://www.sojitz.com/en/news/article/20250804.html; USGS_MCS_2026_Ga=https://pubs.usgs.gov/periodicals/mcs2026/mcs2026-gallium.pdf"
Bayer process / alumina refining,CA,Bayer liquor refining,CA,Bayer_liquor,"Canada Vaudreuil alumina process stream; Rio Tinto/Indium successfully extracted first Ga and plans 2027 demonstration plant. Bayer_liquor is treated as an internal refinery stream, not a normally traded cross-border commodity. Sources: RIO_TINTO_2026=https://www.riotinto.com/en/news/releases/2026/rio-tinto-advances-gallium-metal-rd-project-in-partnership-with-the-government-of-canada; USGS_MCS_2026_Ga=https://pubs.usgs.gov/periodicals/mcs2026/mcs2026-gallium.pdf"
Bayer process / alumina refining,CN,Bayer liquor refining,CN,Bayer_liquor,"Commercial China bauxite/alumina host route; primary gallium mostly byproduct of bauxite alumina production; China is dominant low-purity Ga producer. Bayer_liquor is treated as an internal refinery stream, not a normally traded cross-border commodity. Sources: USGS_MCS_2026_Ga=https://pubs.usgs.gov/periodicals/mcs2026/mcs2026-gallium.pdf; USGS_MYB_2022_Ga=https://pubs.usgs.gov/myb/vol1/2022/myb1-2022-gallium.pdf"
Bayer process / alumina refining,GR,Bayer liquor refining,GR,Bayer_liquor,"Greece bauxite/alumina host route with METLEN gallium facility under EIB-backed investment; include as 4-year project arc. Bayer_liquor is treated as an internal refinery stream, not a normally traded cross-border commodity. Sources: EIB_METLEN_2026=https://www.eib.org/en/press/all/2026-011-eib-backs-europe-s-first-gallium-production-investment-with-eur90-million-financing-to-metlen-in-greece; USGS_MCS_2026_Ga=https://pubs.usgs.gov/periodicals/mcs2026/mcs2026-gallium.pdf"
Bayer process / alumina refining,KZ,Bayer liquor refining,KZ,Bayer_liquor,"Kazakhstan bauxite/alumina host route; ERG plans Ga from bauxite/alumina processing starting 2026 up to 15 t/y. Bayer_liquor is treated as an internal refinery stream, not a normally traded cross-border commodity. Sources: ERG_2025=https://www.eurasianresources.lu/en/news/Shukhrat%20Ibragimov%20confirms%20that%20Eurasian%20Resources%20Group%20t.html; USGS_MCS_2026_Ga=https://pubs.usgs.gov/periodicals/mcs2026/mcs2026-gallium.pdf"
Bayer process / alumina refining,US,Bayer liquor refining,US,Bayer_liquor,"U.S. alumina/zinc processing feedstocks targeted by TRACE-Ga; current commercial primary recovery absent, so this is project/R&D operational-space only. Bayer_liquor is treated as an internal refinery stream, not a normally traded cross-border commodity. Sources: DOE_TRACE_GA_2026=https://www.energy.gov/cmei/articles/does-office-critical-minerals-and-energy-innovation-selects-five-organizations; USGS_MCS_2026_Ga=https://pubs.usgs.gov/periodicals/mcs2026/mcs2026-gallium.pdf"
High-purity gallium refining,CA,TMG synthesis,CN,6N_Ga,Commercial Canada high-purity refined Ga/new scrap recovery; USGS lists Canada as principal high-purity refined producer. TMG/organogallium precursor route commercially plausible in China; China has high-purity Ga and semiconductor precursor demand. 6N_Ga is treated as the high-purity metal feedstock to semiconductor-grade TMG synthesis. Sources: USGS_MCS_2025_Ga=https://pubs.usgs.gov/periodicals/mcs2025/mcs2025-gallium.pdf; USGS_MYB_2022_Ga=https://pubs.usgs.gov/myb/vol1/2022/myb1-2022-gallium.pdf; NEO_GALLIUM=https://www.neomaterials.com/rare-metals/gallium/; NOURYON_TMG=https://www.nouryon.com/product/tmga-ssg-trimethylgallium-cas-1445-79-0
High-purity gallium refining,CA,TMG synthesis,JP,6N_Ga,Commercial Canada high-purity refined Ga/new scrap recovery; USGS lists Canada as principal high-purity refined producer. TMG/organogallium precursor route commercially plausible in Japan; high-purity/refined Ga and compound semiconductor industry present. 6N_Ga is treated as the high-purity metal feedstock to semiconductor-grade TMG synthesis. Sources: USGS_MCS_2025_Ga=https://pubs.usgs.gov/periodicals/mcs2025/mcs2025-gallium.pdf; USGS_MYB_2022_Ga=https://pubs.usgs.gov/myb/vol1/2022/myb1-2022-gallium.pdf; NEO_GALLIUM=https://www.neomaterials.com/rare-metals/gallium/; NOURYON_TMG=https://www.nouryon.com/product/tmga-ssg-trimethylgallium-cas-1445-79-0
High-purity gallium refining,CA,TMG synthesis,KR,6N_Ga,Commercial Canada high-purity refined Ga/new scrap recovery; USGS lists Canada as principal high-purity refined producer. South Korea gallium precursor route supported by Neo Hyeongok gallium trichloride facility; TMG-specific evidence treated as medium confidence. 6N_Ga is treated as the high-purity metal feedstock to semiconductor-grade TMG synthesis. Sources: USGS_MCS_2025_Ga=https://pubs.usgs.gov/periodicals/mcs2025/mcs2025-gallium.pdf; USGS_MYB_2022_Ga=https://pubs.usgs.gov/myb/vol1/2022/myb1-2022-gallium.pdf; NEO_GALLIUM=https://www.neomaterials.com/rare-metals/gallium/; NOURYON_TMG=https://www.nouryon.com/product/tmga-ssg-trimethylgallium-cas-1445-79-0
High-purity gallium refining,CA,TMG synthesis,US,6N_Ga,Commercial Canada high-purity refined Ga/new scrap recovery; USGS lists Canada as principal high-purity refined producer. U.S. TMG/precursor route included for semiconductor-grade precursor demand; direct location-specific TMG production evidence is weaker than for GaCl3/high-purity Ga. 6N_Ga is treated as the high-purity metal feedstock to semiconductor-grade TMG synthesis. Sources: USGS_MCS_2025_Ga=https://pubs.usgs.gov/periodicals/mcs2025/mcs2025-gallium.pdf; USGS_MYB_2022_Ga=https://pubs.usgs.gov/myb/vol1/2022/myb1-2022-gallium.pdf; NEO_GALLIUM=https://www.neomaterials.com/rare-metals/gallium/; USGS_MCS_2026_Ga=https://pubs.usgs.gov/periodicals/mcs2026/mcs2026-gallium.pdf; NOURYON_TMG=https://www.nouryon.com/product/tmga-ssg-trimethylgallium-cas-1445-79-0; NEO_QUAPAW_2024=https://www.neomaterials.com/neo-announces-the-completion-of-the-sale-of-its-quapaw-oklahoma-rare-metals-facility/
High-purity gallium refining,CA,Wafer manufacturing,CN,6N_Ga,"Commercial Canada high-purity refined Ga/new scrap recovery; USGS lists Canada as principal high-purity refined producer. China compound semiconductor/GaN/GaAs wafer demand/manufacturing node; strong semiconductor and Ga consumption base, but wafer-flow specificity is less direct. 6N_Ga imports/domestic output can feed wafer manufacturing. Sources: USGS_MCS_2025_Ga=https://pubs.usgs.gov/periodicals/mcs2025/mcs2025-gallium.pdf; USGS_MYB_2022_Ga=https://pubs.usgs.gov/myb/vol1/2022/myb1-2022-gallium.pdf; NEO_GALLIUM=https://www.neomaterials.com/rare-metals/gallium/; USGS_MCS_2026_Ga=https://pubs.usgs.gov/periodicals/mcs2026/mcs2026-gallium.pdf"
High-purity gallium refining,CA,Wafer manufacturing,JP,6N_Ga,Commercial Canada high-purity refined Ga/new scrap recovery; USGS lists Canada as principal high-purity refined producer. Japan GaN wafer production concentration; more than 85% of sales held by three Japan-based companies in cited MYB source. 6N_Ga imports/domestic output can feed wafer manufacturing. Sources: USGS_MCS_2025_Ga=https://pubs.usgs.gov/periodicals/mcs2025/mcs2025-gallium.pdf; USGS_MYB_2022_Ga=https://pubs.usgs.gov/myb/vol1/2022/myb1-2022-gallium.pdf; NEO_GALLIUM=https://www.neomaterials.com/rare-metals/gallium/
High-purity gallium refining,CA,Wafer manufacturing,KR,6N_Ga,Commercial Canada high-purity refined Ga/new scrap recovery; USGS lists Canada as principal high-purity refined producer. South Korea semiconductor wafer node included for GaN/GaAs operational space; compound semiconductor specificity less directly quantified in USGS. 6N_Ga imports/domestic output can feed wafer manufacturing. Sources: USGS_MCS_2025_Ga=https://pubs.usgs.gov/periodicals/mcs2025/mcs2025-gallium.pdf; USGS_MYB_2022_Ga=https://pubs.usgs.gov/myb/vol1/2022/myb1-2022-gallium.pdf; NEO_GALLIUM=https://www.neomaterials.com/rare-metals/gallium/
High-purity gallium refining,CA,Wafer manufacturing,US,6N_Ga,Commercial Canada high-purity refined Ga/new scrap recovery; USGS lists Canada as principal high-purity refined producer. U.S. domestic GaAs and GaN wafer production accounts for consumption alongside imports. 6N_Ga imports/domestic output can feed wafer manufacturing. Sources: USGS_MCS_2025_Ga=https://pubs.usgs.gov/periodicals/mcs2025/mcs2025-gallium.pdf; USGS_MYB_2022_Ga=https://pubs.usgs.gov/myb/vol1/2022/myb1-2022-gallium.pdf; NEO_GALLIUM=https://www.neomaterials.com/rare-metals/gallium/; USGS_MCS_2026_Ga=https://pubs.usgs.gov/periodicals/mcs2026/mcs2026-gallium.pdf
High-purity gallium refining,CN,TMG synthesis,CN,6N_Ga,Commercial high-purity Ga refining; USGS MYB lists China high-grade refined Ga producers. TMG/organogallium precursor route commercially plausible in China; China has high-purity Ga and semiconductor precursor demand. 6N_Ga is treated as the high-purity metal feedstock to semiconductor-grade TMG synthesis. Sources: USGS_MYB_2022_Ga=https://pubs.usgs.gov/myb/vol1/2022/myb1-2022-gallium.pdf; USGS_MCS_2025_Ga=https://pubs.usgs.gov/periodicals/mcs2025/mcs2025-gallium.pdf; NOURYON_TMG=https://www.nouryon.com/product/tmga-ssg-trimethylgallium-cas-1445-79-0
High-purity gallium refining,CN,TMG synthesis,JP,6N_Ga,Commercial high-purity Ga refining; USGS MYB lists China high-grade refined Ga producers. TMG/organogallium precursor route commercially plausible in Japan; high-purity/refined Ga and compound semiconductor industry present. 6N_Ga is treated as the high-purity metal feedstock to semiconductor-grade TMG synthesis. Sources: USGS_MYB_2022_Ga=https://pubs.usgs.gov/myb/vol1/2022/myb1-2022-gallium.pdf; USGS_MCS_2025_Ga=https://pubs.usgs.gov/periodicals/mcs2025/mcs2025-gallium.pdf; NOURYON_TMG=https://www.nouryon.com/product/tmga-ssg-trimethylgallium-cas-1445-79-0
High-purity gallium refining,CN,TMG synthesis,KR,6N_Ga,Commercial high-purity Ga refining; USGS MYB lists China high-grade refined Ga producers. South Korea gallium precursor route supported by Neo Hyeongok gallium trichloride facility; TMG-specific evidence treated as medium confidence. 6N_Ga is treated as the high-purity metal feedstock to semiconductor-grade TMG synthesis. Sources: USGS_MYB_2022_Ga=https://pubs.usgs.gov/myb/vol1/2022/myb1-2022-gallium.pdf; USGS_MCS_2025_Ga=https://pubs.usgs.gov/periodicals/mcs2025/mcs2025-gallium.pdf; NOURYON_TMG=https://www.nouryon.com/product/tmga-ssg-trimethylgallium-cas-1445-79-0
High-purity gallium refining,CN,TMG synthesis,US,6N_Ga,Commercial high-purity Ga refining; USGS MYB lists China high-grade refined Ga producers. U.S. TMG/precursor route included for semiconductor-grade precursor demand; direct location-specific TMG production evidence is weaker than for GaCl3/high-purity Ga. 6N_Ga is treated as the high-purity metal feedstock to semiconductor-grade TMG synthesis. Sources: USGS_MYB_2022_Ga=https://pubs.usgs.gov/myb/vol1/2022/myb1-2022-gallium.pdf; USGS_MCS_2025_Ga=https://pubs.usgs.gov/periodicals/mcs2025/mcs2025-gallium.pdf; USGS_MCS_2026_Ga=https://pubs.usgs.gov/periodicals/mcs2026/mcs2026-gallium.pdf; NOURYON_TMG=https://www.nouryon.com/product/tmga-ssg-trimethylgallium-cas-1445-79-0; NEO_QUAPAW_2024=https://www.neomaterials.com/neo-announces-the-completion-of-the-sale-of-its-quapaw-oklahoma-rare-metals-facility/
High-purity gallium refining,CN,Wafer manufacturing,CN,6N_Ga,"Commercial high-purity Ga refining; USGS MYB lists China high-grade refined Ga producers. China compound semiconductor/GaN/GaAs wafer demand/manufacturing node; strong semiconductor and Ga consumption base, but wafer-flow specificity is less direct. 6N_Ga imports/domestic output can feed wafer manufacturing. Sources: USGS_MYB_2022_Ga=https://pubs.usgs.gov/myb/vol1/2022/myb1-2022-gallium.pdf; USGS_MCS_2025_Ga=https://pubs.usgs.gov/periodicals/mcs2025/mcs2025-gallium.pdf; USGS_MCS_2026_Ga=https://pubs.usgs.gov/periodicals/mcs2026/mcs2026-gallium.pdf"
High-purity gallium refining,CN,Wafer manufacturing,JP,6N_Ga,Commercial high-purity Ga refining; USGS MYB lists China high-grade refined Ga producers. Japan GaN wafer production concentration; more than 85% of sales held by three Japan-based companies in cited MYB source. 6N_Ga imports/domestic output can feed wafer manufacturing. Sources: USGS_MYB_2022_Ga=https://pubs.usgs.gov/myb/vol1/2022/myb1-2022-gallium.pdf; USGS_MCS_2025_Ga=https://pubs.usgs.gov/periodicals/mcs2025/mcs2025-gallium.pdf
High-purity gallium refining,CN,Wafer manufacturing,KR,6N_Ga,Commercial high-purity Ga refining; USGS MYB lists China high-grade refined Ga producers. South Korea semiconductor wafer node included for GaN/GaAs operational space; compound semiconductor specificity less directly quantified in USGS. 6N_Ga imports/domestic output can feed wafer manufacturing. Sources: USGS_MYB_2022_Ga=https://pubs.usgs.gov/myb/vol1/2022/myb1-2022-gallium.pdf; USGS_MCS_2025_Ga=https://pubs.usgs.gov/periodicals/mcs2025/mcs2025-gallium.pdf
High-purity gallium refining,CN,Wafer manufacturing,US,6N_Ga,Commercial high-purity Ga refining; USGS MYB lists China high-grade refined Ga producers. U.S. domestic GaAs and GaN wafer production accounts for consumption alongside imports. 6N_Ga imports/domestic output can feed wafer manufacturing. Sources: USGS_MYB_2022_Ga=https://pubs.usgs.gov/myb/vol1/2022/myb1-2022-gallium.pdf; USGS_MCS_2025_Ga=https://pubs.usgs.gov/periodicals/mcs2025/mcs2025-gallium.pdf; USGS_MCS_2026_Ga=https://pubs.usgs.gov/periodicals/mcs2026/mcs2026-gallium.pdf
High-purity gallium refining,JP,TMG synthesis,CN,6N_Ga,Commercial Japan high-purity/refined Ga; USGS lists Japan high-grade primary and secondary refined producers. TMG/organogallium precursor route commercially plausible in China; China has high-purity Ga and semiconductor precursor demand. 6N_Ga is treated as the high-purity metal feedstock to semiconductor-grade TMG synthesis. Sources: USGS_MYB_2022_Ga=https://pubs.usgs.gov/myb/vol1/2022/myb1-2022-gallium.pdf; USGS_MCS_2025_Ga=https://pubs.usgs.gov/periodicals/mcs2025/mcs2025-gallium.pdf; NOURYON_TMG=https://www.nouryon.com/product/tmga-ssg-trimethylgallium-cas-1445-79-0
High-purity gallium refining,JP,TMG synthesis,JP,6N_Ga,Commercial Japan high-purity/refined Ga; USGS lists Japan high-grade primary and secondary refined producers. TMG/organogallium precursor route commercially plausible in Japan; high-purity/refined Ga and compound semiconductor industry present. 6N_Ga is treated as the high-purity metal feedstock to semiconductor-grade TMG synthesis. Sources: USGS_MYB_2022_Ga=https://pubs.usgs.gov/myb/vol1/2022/myb1-2022-gallium.pdf; USGS_MCS_2025_Ga=https://pubs.usgs.gov/periodicals/mcs2025/mcs2025-gallium.pdf; NOURYON_TMG=https://www.nouryon.com/product/tmga-ssg-trimethylgallium-cas-1445-79-0
High-purity gallium refining,JP,TMG synthesis,KR,6N_Ga,Commercial Japan high-purity/refined Ga; USGS lists Japan high-grade primary and secondary refined producers. South Korea gallium precursor route supported by Neo Hyeongok gallium trichloride facility; TMG-specific evidence treated as medium confidence. 6N_Ga is treated as the high-purity metal feedstock to semiconductor-grade TMG synthesis. Sources: USGS_MYB_2022_Ga=https://pubs.usgs.gov/myb/vol1/2022/myb1-2022-gallium.pdf; USGS_MCS_2025_Ga=https://pubs.usgs.gov/periodicals/mcs2025/mcs2025-gallium.pdf; NOURYON_TMG=https://www.nouryon.com/product/tmga-ssg-trimethylgallium-cas-1445-79-0
High-purity gallium refining,JP,TMG synthesis,US,6N_Ga,Commercial Japan high-purity/refined Ga; USGS lists Japan high-grade primary and secondary refined producers. U.S. TMG/precursor route included for semiconductor-grade precursor demand; direct location-specific TMG production evidence is weaker than for GaCl3/high-purity Ga. 6N_Ga is treated as the high-purity metal feedstock to semiconductor-grade TMG synthesis. Sources: USGS_MYB_2022_Ga=https://pubs.usgs.gov/myb/vol1/2022/myb1-2022-gallium.pdf; USGS_MCS_2025_Ga=https://pubs.usgs.gov/periodicals/mcs2025/mcs2025-gallium.pdf; USGS_MCS_2026_Ga=https://pubs.usgs.gov/periodicals/mcs2026/mcs2026-gallium.pdf; NOURYON_TMG=https://www.nouryon.com/product/tmga-ssg-trimethylgallium-cas-1445-79-0; NEO_QUAPAW_2024=https://www.neomaterials.com/neo-announces-the-completion-of-the-sale-of-its-quapaw-oklahoma-rare-metals-facility/
High-purity gallium refining,JP,Wafer manufacturing,CN,6N_Ga,"Commercial Japan high-purity/refined Ga; USGS lists Japan high-grade primary and secondary refined producers. China compound semiconductor/GaN/GaAs wafer demand/manufacturing node; strong semiconductor and Ga consumption base, but wafer-flow specificity is less direct. 6N_Ga imports/domestic output can feed wafer manufacturing. Sources: USGS_MYB_2022_Ga=https://pubs.usgs.gov/myb/vol1/2022/myb1-2022-gallium.pdf; USGS_MCS_2025_Ga=https://pubs.usgs.gov/periodicals/mcs2025/mcs2025-gallium.pdf; USGS_MCS_2026_Ga=https://pubs.usgs.gov/periodicals/mcs2026/mcs2026-gallium.pdf"
High-purity gallium refining,JP,Wafer manufacturing,JP,6N_Ga,Commercial Japan high-purity/refined Ga; USGS lists Japan high-grade primary and secondary refined producers. Japan GaN wafer production concentration; more than 85% of sales held by three Japan-based companies in cited MYB source. 6N_Ga imports/domestic output can feed wafer manufacturing. Sources: USGS_MYB_2022_Ga=https://pubs.usgs.gov/myb/vol1/2022/myb1-2022-gallium.pdf; USGS_MCS_2025_Ga=https://pubs.usgs.gov/periodicals/mcs2025/mcs2025-gallium.pdf
High-purity gallium refining,JP,Wafer manufacturing,KR,6N_Ga,Commercial Japan high-purity/refined Ga; USGS lists Japan high-grade primary and secondary refined producers. South Korea semiconductor wafer node included for GaN/GaAs operational space; compound semiconductor specificity less directly quantified in USGS. 6N_Ga imports/domestic output can feed wafer manufacturing. Sources: USGS_MYB_2022_Ga=https://pubs.usgs.gov/myb/vol1/2022/myb1-2022-gallium.pdf; USGS_MCS_2025_Ga=https://pubs.usgs.gov/periodicals/mcs2025/mcs2025-gallium.pdf
High-purity gallium refining,JP,Wafer manufacturing,US,6N_Ga,Commercial Japan high-purity/refined Ga; USGS lists Japan high-grade primary and secondary refined producers. U.S. domestic GaAs and GaN wafer production accounts for consumption alongside imports. 6N_Ga imports/domestic output can feed wafer manufacturing. Sources: USGS_MYB_2022_Ga=https://pubs.usgs.gov/myb/vol1/2022/myb1-2022-gallium.pdf; USGS_MCS_2025_Ga=https://pubs.usgs.gov/periodicals/mcs2025/mcs2025-gallium.pdf; USGS_MCS_2026_Ga=https://pubs.usgs.gov/periodicals/mcs2026/mcs2026-gallium.pdf
High-purity gallium refining,US,TMG synthesis,CN,6N_Ga,Commercial U.S. high-purity refining from imported low-purity Ga and new scrap at New York facility. TMG/organogallium precursor route commercially plausible in China; China has high-purity Ga and semiconductor precursor demand. 6N_Ga is treated as the high-purity metal feedstock to semiconductor-grade TMG synthesis. Sources: USGS_MCS_2026_Ga=https://pubs.usgs.gov/periodicals/mcs2026/mcs2026-gallium.pdf; USGS_MYB_2022_Ga=https://pubs.usgs.gov/myb/vol1/2022/myb1-2022-gallium.pdf; NOURYON_TMG=https://www.nouryon.com/product/tmga-ssg-trimethylgallium-cas-1445-79-0
High-purity gallium refining,US,TMG synthesis,JP,6N_Ga,Commercial U.S. high-purity refining from imported low-purity Ga and new scrap at New York facility. TMG/organogallium precursor route commercially plausible in Japan; high-purity/refined Ga and compound semiconductor industry present. 6N_Ga is treated as the high-purity metal feedstock to semiconductor-grade TMG synthesis. Sources: USGS_MCS_2026_Ga=https://pubs.usgs.gov/periodicals/mcs2026/mcs2026-gallium.pdf; USGS_MYB_2022_Ga=https://pubs.usgs.gov/myb/vol1/2022/myb1-2022-gallium.pdf; NOURYON_TMG=https://www.nouryon.com/product/tmga-ssg-trimethylgallium-cas-1445-79-0
High-purity gallium refining,US,TMG synthesis,KR,6N_Ga,Commercial U.S. high-purity refining from imported low-purity Ga and new scrap at New York facility. South Korea gallium precursor route supported by Neo Hyeongok gallium trichloride facility; TMG-specific evidence treated as medium confidence. 6N_Ga is treated as the high-purity metal feedstock to semiconductor-grade TMG synthesis. Sources: USGS_MCS_2026_Ga=https://pubs.usgs.gov/periodicals/mcs2026/mcs2026-gallium.pdf; USGS_MYB_2022_Ga=https://pubs.usgs.gov/myb/vol1/2022/myb1-2022-gallium.pdf; NOURYON_TMG=https://www.nouryon.com/product/tmga-ssg-trimethylgallium-cas-1445-79-0
High-purity gallium refining,US,TMG synthesis,US,6N_Ga,Commercial U.S. high-purity refining from imported low-purity Ga and new scrap at New York facility. U.S. TMG/precursor route included for semiconductor-grade precursor demand; direct location-specific TMG production evidence is weaker than for GaCl3/high-purity Ga. 6N_Ga is treated as the high-purity metal feedstock to semiconductor-grade TMG synthesis. Sources: USGS_MCS_2026_Ga=https://pubs.usgs.gov/periodicals/mcs2026/mcs2026-gallium.pdf; USGS_MYB_2022_Ga=https://pubs.usgs.gov/myb/vol1/2022/myb1-2022-gallium.pdf; NOURYON_TMG=https://www.nouryon.com/product/tmga-ssg-trimethylgallium-cas-1445-79-0; NEO_QUAPAW_2024=https://www.neomaterials.com/neo-announces-the-completion-of-the-sale-of-its-quapaw-oklahoma-rare-metals-facility/
High-purity gallium refining,US,Wafer manufacturing,CN,6N_Ga,"Commercial U.S. high-purity refining from imported low-purity Ga and new scrap at New York facility. China compound semiconductor/GaN/GaAs wafer demand/manufacturing node; strong semiconductor and Ga consumption base, but wafer-flow specificity is less direct. 6N_Ga imports/domestic output can feed wafer manufacturing. Sources: USGS_MCS_2026_Ga=https://pubs.usgs.gov/periodicals/mcs2026/mcs2026-gallium.pdf; USGS_MYB_2022_Ga=https://pubs.usgs.gov/myb/vol1/2022/myb1-2022-gallium.pdf"
High-purity gallium refining,US,Wafer manufacturing,JP,6N_Ga,Commercial U.S. high-purity refining from imported low-purity Ga and new scrap at New York facility. Japan GaN wafer production concentration; more than 85% of sales held by three Japan-based companies in cited MYB source. 6N_Ga imports/domestic output can feed wafer manufacturing. Sources: USGS_MCS_2026_Ga=https://pubs.usgs.gov/periodicals/mcs2026/mcs2026-gallium.pdf; USGS_MYB_2022_Ga=https://pubs.usgs.gov/myb/vol1/2022/myb1-2022-gallium.pdf
High-purity gallium refining,US,Wafer manufacturing,KR,6N_Ga,Commercial U.S. high-purity refining from imported low-purity Ga and new scrap at New York facility. South Korea semiconductor wafer node included for GaN/GaAs operational space; compound semiconductor specificity less directly quantified in USGS. 6N_Ga imports/domestic output can feed wafer manufacturing. Sources: USGS_MCS_2026_Ga=https://pubs.usgs.gov/periodicals/mcs2026/mcs2026-gallium.pdf; USGS_MYB_2022_Ga=https://pubs.usgs.gov/myb/vol1/2022/myb1-2022-gallium.pdf; USGS_MCS_2025_Ga=https://pubs.usgs.gov/periodicals/mcs2025/mcs2025-gallium.pdf
High-purity gallium refining,US,Wafer manufacturing,US,6N_Ga,Commercial U.S. high-purity refining from imported low-purity Ga and new scrap at New York facility. U.S. domestic GaAs and GaN wafer production accounts for consumption alongside imports. 6N_Ga imports/domestic output can feed wafer manufacturing. Sources: USGS_MCS_2026_Ga=https://pubs.usgs.gov/periodicals/mcs2026/mcs2026-gallium.pdf; USGS_MYB_2022_Ga=https://pubs.usgs.gov/myb/vol1/2022/myb1-2022-gallium.pdf
New manufacturing scrap recovery,CA,TMG synthesis,CN,6N_Ga,Canada new scrap recovery/refining node; USGS lists Canada as new-scrap recovery/high-purity producer and Neo describes gallium recovery/refining in Canada. New-scrap recovery output is represented as high-purity gallium returning to TMG synthesis. Sources: USGS_MCS_2025_Ga=https://pubs.usgs.gov/periodicals/mcs2025/mcs2025-gallium.pdf; USGS_MYB_2022_Ga=https://pubs.usgs.gov/myb/vol1/2022/myb1-2022-gallium.pdf; NEO_GALLIUM=https://www.neomaterials.com/rare-metals/gallium/; NOURYON_TMG=https://www.nouryon.com/product/tmga-ssg-trimethylgallium-cas-1445-79-0
New manufacturing scrap recovery,CA,TMG synthesis,JP,6N_Ga,Canada new scrap recovery/refining node; USGS lists Canada as new-scrap recovery/high-purity producer and Neo describes gallium recovery/refining in Canada. New-scrap recovery output is represented as high-purity gallium returning to TMG synthesis. Sources: USGS_MCS_2025_Ga=https://pubs.usgs.gov/periodicals/mcs2025/mcs2025-gallium.pdf; USGS_MYB_2022_Ga=https://pubs.usgs.gov/myb/vol1/2022/myb1-2022-gallium.pdf; NEO_GALLIUM=https://www.neomaterials.com/rare-metals/gallium/; NOURYON_TMG=https://www.nouryon.com/product/tmga-ssg-trimethylgallium-cas-1445-79-0
New manufacturing scrap recovery,CA,TMG synthesis,KR,6N_Ga,Canada new scrap recovery/refining node; USGS lists Canada as new-scrap recovery/high-purity producer and Neo describes gallium recovery/refining in Canada. New-scrap recovery output is represented as high-purity gallium returning to TMG synthesis. Sources: USGS_MCS_2025_Ga=https://pubs.usgs.gov/periodicals/mcs2025/mcs2025-gallium.pdf; USGS_MYB_2022_Ga=https://pubs.usgs.gov/myb/vol1/2022/myb1-2022-gallium.pdf; NEO_GALLIUM=https://www.neomaterials.com/rare-metals/gallium/; NOURYON_TMG=https://www.nouryon.com/product/tmga-ssg-trimethylgallium-cas-1445-79-0
New manufacturing scrap recovery,CA,TMG synthesis,US,6N_Ga,Canada new scrap recovery/refining node; USGS lists Canada as new-scrap recovery/high-purity producer and Neo describes gallium recovery/refining in Canada. New-scrap recovery output is represented as high-purity gallium returning to TMG synthesis. Sources: USGS_MCS_2025_Ga=https://pubs.usgs.gov/periodicals/mcs2025/mcs2025-gallium.pdf; USGS_MYB_2022_Ga=https://pubs.usgs.gov/myb/vol1/2022/myb1-2022-gallium.pdf; NEO_GALLIUM=https://www.neomaterials.com/rare-metals/gallium/; NOURYON_TMG=https://www.nouryon.com/product/tmga-ssg-trimethylgallium-cas-1445-79-0
New manufacturing scrap recovery,CA,Wafer manufacturing,CN,6N_Ga,Canada new scrap recovery/refining node; USGS lists Canada as new-scrap recovery/high-purity producer and Neo describes gallium recovery/refining in Canada. New-scrap recovery output is represented as high-purity gallium returning to wafer manufacturing. Sources: USGS_MCS_2025_Ga=https://pubs.usgs.gov/periodicals/mcs2025/mcs2025-gallium.pdf; USGS_MYB_2022_Ga=https://pubs.usgs.gov/myb/vol1/2022/myb1-2022-gallium.pdf; NEO_GALLIUM=https://www.neomaterials.com/rare-metals/gallium/; USGS_MCS_2026_Ga=https://pubs.usgs.gov/periodicals/mcs2026/mcs2026-gallium.pdf
New manufacturing scrap recovery,CA,Wafer manufacturing,JP,6N_Ga,Canada new scrap recovery/refining node; USGS lists Canada as new-scrap recovery/high-purity producer and Neo describes gallium recovery/refining in Canada. New-scrap recovery output is represented as high-purity gallium returning to wafer manufacturing. Sources: USGS_MCS_2025_Ga=https://pubs.usgs.gov/periodicals/mcs2025/mcs2025-gallium.pdf; USGS_MYB_2022_Ga=https://pubs.usgs.gov/myb/vol1/2022/myb1-2022-gallium.pdf; NEO_GALLIUM=https://www.neomaterials.com/rare-metals/gallium/; USGS_MCS_2026_Ga=https://pubs.usgs.gov/periodicals/mcs2026/mcs2026-gallium.pdf
New manufacturing scrap recovery,CA,Wafer manufacturing,KR,6N_Ga,Canada new scrap recovery/refining node; USGS lists Canada as new-scrap recovery/high-purity producer and Neo describes gallium recovery/refining in Canada. New-scrap recovery output is represented as high-purity gallium returning to wafer manufacturing. Sources: USGS_MCS_2025_Ga=https://pubs.usgs.gov/periodicals/mcs2025/mcs2025-gallium.pdf; USGS_MYB_2022_Ga=https://pubs.usgs.gov/myb/vol1/2022/myb1-2022-gallium.pdf; NEO_GALLIUM=https://www.neomaterials.com/rare-metals/gallium/; USGS_MCS_2026_Ga=https://pubs.usgs.gov/periodicals/mcs2026/mcs2026-gallium.pdf
New manufacturing scrap recovery,CA,Wafer manufacturing,US,6N_Ga,Canada new scrap recovery/refining node; USGS lists Canada as new-scrap recovery/high-purity producer and Neo describes gallium recovery/refining in Canada. New-scrap recovery output is represented as high-purity gallium returning to wafer manufacturing. Sources: USGS_MCS_2025_Ga=https://pubs.usgs.gov/periodicals/mcs2025/mcs2025-gallium.pdf; USGS_MYB_2022_Ga=https://pubs.usgs.gov/myb/vol1/2022/myb1-2022-gallium.pdf; NEO_GALLIUM=https://www.neomaterials.com/rare-metals/gallium/; USGS_MCS_2026_Ga=https://pubs.usgs.gov/periodicals/mcs2026/mcs2026-gallium.pdf
New manufacturing scrap recovery,CN,TMG synthesis,CN,6N_Ga,China new scrap recovery/refining node; USGS lists China among new-scrap recovery and high-purity refined producers. New-scrap recovery output is represented as high-purity gallium returning to TMG synthesis. Sources: USGS_MCS_2025_Ga=https://pubs.usgs.gov/periodicals/mcs2025/mcs2025-gallium.pdf; USGS_MYB_2022_Ga=https://pubs.usgs.gov/myb/vol1/2022/myb1-2022-gallium.pdf; NOURYON_TMG=https://www.nouryon.com/product/tmga-ssg-trimethylgallium-cas-1445-79-0
New manufacturing scrap recovery,CN,TMG synthesis,JP,6N_Ga,China new scrap recovery/refining node; USGS lists China among new-scrap recovery and high-purity refined producers. New-scrap recovery output is represented as high-purity gallium returning to TMG synthesis. Sources: USGS_MCS_2025_Ga=https://pubs.usgs.gov/periodicals/mcs2025/mcs2025-gallium.pdf; USGS_MYB_2022_Ga=https://pubs.usgs.gov/myb/vol1/2022/myb1-2022-gallium.pdf; NOURYON_TMG=https://www.nouryon.com/product/tmga-ssg-trimethylgallium-cas-1445-79-0
New manufacturing scrap recovery,CN,TMG synthesis,KR,6N_Ga,China new scrap recovery/refining node; USGS lists China among new-scrap recovery and high-purity refined producers. New-scrap recovery output is represented as high-purity gallium returning to TMG synthesis. Sources: USGS_MCS_2025_Ga=https://pubs.usgs.gov/periodicals/mcs2025/mcs2025-gallium.pdf; USGS_MYB_2022_Ga=https://pubs.usgs.gov/myb/vol1/2022/myb1-2022-gallium.pdf; NOURYON_TMG=https://www.nouryon.com/product/tmga-ssg-trimethylgallium-cas-1445-79-0
New manufacturing scrap recovery,CN,TMG synthesis,US,6N_Ga,China new scrap recovery/refining node; USGS lists China among new-scrap recovery and high-purity refined producers. New-scrap recovery output is represented as high-purity gallium returning to TMG synthesis. Sources: USGS_MCS_2025_Ga=https://pubs.usgs.gov/periodicals/mcs2025/mcs2025-gallium.pdf; USGS_MYB_2022_Ga=https://pubs.usgs.gov/myb/vol1/2022/myb1-2022-gallium.pdf; NOURYON_TMG=https://www.nouryon.com/product/tmga-ssg-trimethylgallium-cas-1445-79-0
New manufacturing scrap recovery,CN,Wafer manufacturing,CN,6N_Ga,China new scrap recovery/refining node; USGS lists China among new-scrap recovery and high-purity refined producers. New-scrap recovery output is represented as high-purity gallium returning to wafer manufacturing. Sources: USGS_MCS_2025_Ga=https://pubs.usgs.gov/periodicals/mcs2025/mcs2025-gallium.pdf; USGS_MYB_2022_Ga=https://pubs.usgs.gov/myb/vol1/2022/myb1-2022-gallium.pdf; USGS_MCS_2026_Ga=https://pubs.usgs.gov/periodicals/mcs2026/mcs2026-gallium.pdf
New manufacturing scrap recovery,CN,Wafer manufacturing,JP,6N_Ga,China new scrap recovery/refining node; USGS lists China among new-scrap recovery and high-purity refined producers. New-scrap recovery output is represented as high-purity gallium returning to wafer manufacturing. Sources: USGS_MCS_2025_Ga=https://pubs.usgs.gov/periodicals/mcs2025/mcs2025-gallium.pdf; USGS_MYB_2022_Ga=https://pubs.usgs.gov/myb/vol1/2022/myb1-2022-gallium.pdf; USGS_MCS_2026_Ga=https://pubs.usgs.gov/periodicals/mcs2026/mcs2026-gallium.pdf
New manufacturing scrap recovery,CN,Wafer manufacturing,KR,6N_Ga,China new scrap recovery/refining node; USGS lists China among new-scrap recovery and high-purity refined producers. New-scrap recovery output is represented as high-purity gallium returning to wafer manufacturing. Sources: USGS_MCS_2025_Ga=https://pubs.usgs.gov/periodicals/mcs2025/mcs2025-gallium.pdf; USGS_MYB_2022_Ga=https://pubs.usgs.gov/myb/vol1/2022/myb1-2022-gallium.pdf; USGS_MCS_2026_Ga=https://pubs.usgs.gov/periodicals/mcs2026/mcs2026-gallium.pdf
New manufacturing scrap recovery,CN,Wafer manufacturing,US,6N_Ga,China new scrap recovery/refining node; USGS lists China among new-scrap recovery and high-purity refined producers. New-scrap recovery output is represented as high-purity gallium returning to wafer manufacturing. Sources: USGS_MCS_2025_Ga=https://pubs.usgs.gov/periodicals/mcs2025/mcs2025-gallium.pdf; USGS_MYB_2022_Ga=https://pubs.usgs.gov/myb/vol1/2022/myb1-2022-gallium.pdf; USGS_MCS_2026_Ga=https://pubs.usgs.gov/periodicals/mcs2026/mcs2026-gallium.pdf
New manufacturing scrap recovery,JP,TMG synthesis,CN,6N_Ga,Japan new scrap recovery/refining node; USGS lists Japan among new-scrap recovery and high-purity refined producers. New-scrap recovery output is represented as high-purity gallium returning to TMG synthesis. Sources: USGS_MCS_2025_Ga=https://pubs.usgs.gov/periodicals/mcs2025/mcs2025-gallium.pdf; USGS_MYB_2022_Ga=https://pubs.usgs.gov/myb/vol1/2022/myb1-2022-gallium.pdf; NOURYON_TMG=https://www.nouryon.com/product/tmga-ssg-trimethylgallium-cas-1445-79-0
New manufacturing scrap recovery,JP,TMG synthesis,JP,6N_Ga,Japan new scrap recovery/refining node; USGS lists Japan among new-scrap recovery and high-purity refined producers. New-scrap recovery output is represented as high-purity gallium returning to TMG synthesis. Sources: USGS_MCS_2025_Ga=https://pubs.usgs.gov/periodicals/mcs2025/mcs2025-gallium.pdf; USGS_MYB_2022_Ga=https://pubs.usgs.gov/myb/vol1/2022/myb1-2022-gallium.pdf; NOURYON_TMG=https://www.nouryon.com/product/tmga-ssg-trimethylgallium-cas-1445-79-0
New manufacturing scrap recovery,JP,TMG synthesis,KR,6N_Ga,Japan new scrap recovery/refining node; USGS lists Japan among new-scrap recovery and high-purity refined producers. New-scrap recovery output is represented as high-purity gallium returning to TMG synthesis. Sources: USGS_MCS_2025_Ga=https://pubs.usgs.gov/periodicals/mcs2025/mcs2025-gallium.pdf; USGS_MYB_2022_Ga=https://pubs.usgs.gov/myb/vol1/2022/myb1-2022-gallium.pdf; NOURYON_TMG=https://www.nouryon.com/product/tmga-ssg-trimethylgallium-cas-1445-79-0
New manufacturing scrap recovery,JP,TMG synthesis,US,6N_Ga,Japan new scrap recovery/refining node; USGS lists Japan among new-scrap recovery and high-purity refined producers. New-scrap recovery output is represented as high-purity gallium returning to TMG synthesis. Sources: USGS_MCS_2025_Ga=https://pubs.usgs.gov/periodicals/mcs2025/mcs2025-gallium.pdf; USGS_MYB_2022_Ga=https://pubs.usgs.gov/myb/vol1/2022/myb1-2022-gallium.pdf; NOURYON_TMG=https://www.nouryon.com/product/tmga-ssg-trimethylgallium-cas-1445-79-0
New manufacturing scrap recovery,JP,Wafer manufacturing,CN,6N_Ga,Japan new scrap recovery/refining node; USGS lists Japan among new-scrap recovery and high-purity refined producers. New-scrap recovery output is represented as high-purity gallium returning to wafer manufacturing. Sources: USGS_MCS_2025_Ga=https://pubs.usgs.gov/periodicals/mcs2025/mcs2025-gallium.pdf; USGS_MYB_2022_Ga=https://pubs.usgs.gov/myb/vol1/2022/myb1-2022-gallium.pdf; USGS_MCS_2026_Ga=https://pubs.usgs.gov/periodicals/mcs2026/mcs2026-gallium.pdf
New manufacturing scrap recovery,JP,Wafer manufacturing,JP,6N_Ga,Japan new scrap recovery/refining node; USGS lists Japan among new-scrap recovery and high-purity refined producers. New-scrap recovery output is represented as high-purity gallium returning to wafer manufacturing. Sources: USGS_MCS_2025_Ga=https://pubs.usgs.gov/periodicals/mcs2025/mcs2025-gallium.pdf; USGS_MYB_2022_Ga=https://pubs.usgs.gov/myb/vol1/2022/myb1-2022-gallium.pdf; USGS_MCS_2026_Ga=https://pubs.usgs.gov/periodicals/mcs2026/mcs2026-gallium.pdf
New manufacturing scrap recovery,JP,Wafer manufacturing,KR,6N_Ga,Japan new scrap recovery/refining node; USGS lists Japan among new-scrap recovery and high-purity refined producers. New-scrap recovery output is represented as high-purity gallium returning to wafer manufacturing. Sources: USGS_MCS_2025_Ga=https://pubs.usgs.gov/periodicals/mcs2025/mcs2025-gallium.pdf; USGS_MYB_2022_Ga=https://pubs.usgs.gov/myb/vol1/2022/myb1-2022-gallium.pdf; USGS_MCS_2026_Ga=https://pubs.usgs.gov/periodicals/mcs2026/mcs2026-gallium.pdf
New manufacturing scrap recovery,JP,Wafer manufacturing,US,6N_Ga,Japan new scrap recovery/refining node; USGS lists Japan among new-scrap recovery and high-purity refined producers. New-scrap recovery output is represented as high-purity gallium returning to wafer manufacturing. Sources: USGS_MCS_2025_Ga=https://pubs.usgs.gov/periodicals/mcs2025/mcs2025-gallium.pdf; USGS_MYB_2022_Ga=https://pubs.usgs.gov/myb/vol1/2022/myb1-2022-gallium.pdf; USGS_MCS_2026_Ga=https://pubs.usgs.gov/periodicals/mcs2026/mcs2026-gallium.pdf
New manufacturing scrap recovery,KR,TMG synthesis,CN,6N_Ga,South Korea manufacturing scrap/precursor node included as operational-space route; USGS documents Neo Korea gallium trichloride facility but not as a principal new-scrap recovery country. New-scrap recovery output is represented as high-purity gallium returning to TMG synthesis. Sources: USGS_MYB_2022_Ga=https://pubs.usgs.gov/myb/vol1/2022/myb1-2022-gallium.pdf; NOURYON_TMG=https://www.nouryon.com/product/tmga-ssg-trimethylgallium-cas-1445-79-0
New manufacturing scrap recovery,KR,TMG synthesis,JP,6N_Ga,South Korea manufacturing scrap/precursor node included as operational-space route; USGS documents Neo Korea gallium trichloride facility but not as a principal new-scrap recovery country. New-scrap recovery output is represented as high-purity gallium returning to TMG synthesis. Sources: USGS_MYB_2022_Ga=https://pubs.usgs.gov/myb/vol1/2022/myb1-2022-gallium.pdf; NOURYON_TMG=https://www.nouryon.com/product/tmga-ssg-trimethylgallium-cas-1445-79-0
New manufacturing scrap recovery,KR,TMG synthesis,KR,6N_Ga,South Korea manufacturing scrap/precursor node included as operational-space route; USGS documents Neo Korea gallium trichloride facility but not as a principal new-scrap recovery country. New-scrap recovery output is represented as high-purity gallium returning to TMG synthesis. Sources: USGS_MYB_2022_Ga=https://pubs.usgs.gov/myb/vol1/2022/myb1-2022-gallium.pdf; NOURYON_TMG=https://www.nouryon.com/product/tmga-ssg-trimethylgallium-cas-1445-79-0
New manufacturing scrap recovery,KR,TMG synthesis,US,6N_Ga,South Korea manufacturing scrap/precursor node included as operational-space route; USGS documents Neo Korea gallium trichloride facility but not as a principal new-scrap recovery country. New-scrap recovery output is represented as high-purity gallium returning to TMG synthesis. Sources: USGS_MYB_2022_Ga=https://pubs.usgs.gov/myb/vol1/2022/myb1-2022-gallium.pdf; NOURYON_TMG=https://www.nouryon.com/product/tmga-ssg-trimethylgallium-cas-1445-79-0
New manufacturing scrap recovery,KR,Wafer manufacturing,CN,6N_Ga,South Korea manufacturing scrap/precursor node included as operational-space route; USGS documents Neo Korea gallium trichloride facility but not as a principal new-scrap recovery country. New-scrap recovery output is represented as high-purity gallium returning to wafer manufacturing. Sources: USGS_MYB_2022_Ga=https://pubs.usgs.gov/myb/vol1/2022/myb1-2022-gallium.pdf; USGS_MCS_2026_Ga=https://pubs.usgs.gov/periodicals/mcs2026/mcs2026-gallium.pdf
New manufacturing scrap recovery,KR,Wafer manufacturing,JP,6N_Ga,South Korea manufacturing scrap/precursor node included as operational-space route; USGS documents Neo Korea gallium trichloride facility but not as a principal new-scrap recovery country. New-scrap recovery output is represented as high-purity gallium returning to wafer manufacturing. Sources: USGS_MYB_2022_Ga=https://pubs.usgs.gov/myb/vol1/2022/myb1-2022-gallium.pdf; USGS_MCS_2026_Ga=https://pubs.usgs.gov/periodicals/mcs2026/mcs2026-gallium.pdf
New manufacturing scrap recovery,KR,Wafer manufacturing,KR,6N_Ga,South Korea manufacturing scrap/precursor node included as operational-space route; USGS documents Neo Korea gallium trichloride facility but not as a principal new-scrap recovery country. New-scrap recovery output is represented as high-purity gallium returning to wafer manufacturing. Sources: USGS_MYB_2022_Ga=https://pubs.usgs.gov/myb/vol1/2022/myb1-2022-gallium.pdf; USGS_MCS_2026_Ga=https://pubs.usgs.gov/periodicals/mcs2026/mcs2026-gallium.pdf
New manufacturing scrap recovery,KR,Wafer manufacturing,US,6N_Ga,South Korea manufacturing scrap/precursor node included as operational-space route; USGS documents Neo Korea gallium trichloride facility but not as a principal new-scrap recovery country. New-scrap recovery output is represented as high-purity gallium returning to wafer manufacturing. Sources: USGS_MYB_2022_Ga=https://pubs.usgs.gov/myb/vol1/2022/myb1-2022-gallium.pdf; USGS_MCS_2026_Ga=https://pubs.usgs.gov/periodicals/mcs2026/mcs2026-gallium.pdf
New manufacturing scrap recovery,US,TMG synthesis,CN,6N_Ga,U.S. new GaAs-device manufacturing scrap reprocessed at one New York facility; old scrap explicitly none. New-scrap recovery output is represented as high-purity gallium returning to TMG synthesis. Sources: USGS_MCS_2026_Ga=https://pubs.usgs.gov/periodicals/mcs2026/mcs2026-gallium.pdf; USGS_MYB_2022_Ga=https://pubs.usgs.gov/myb/vol1/2022/myb1-2022-gallium.pdf; NOURYON_TMG=https://www.nouryon.com/product/tmga-ssg-trimethylgallium-cas-1445-79-0
New manufacturing scrap recovery,US,TMG synthesis,JP,6N_Ga,U.S. new GaAs-device manufacturing scrap reprocessed at one New York facility; old scrap explicitly none. New-scrap recovery output is represented as high-purity gallium returning to TMG synthesis. Sources: USGS_MCS_2026_Ga=https://pubs.usgs.gov/periodicals/mcs2026/mcs2026-gallium.pdf; USGS_MYB_2022_Ga=https://pubs.usgs.gov/myb/vol1/2022/myb1-2022-gallium.pdf; NOURYON_TMG=https://www.nouryon.com/product/tmga-ssg-trimethylgallium-cas-1445-79-0
New manufacturing scrap recovery,US,TMG synthesis,KR,6N_Ga,U.S. new GaAs-device manufacturing scrap reprocessed at one New York facility; old scrap explicitly none. New-scrap recovery output is represented as high-purity gallium returning to TMG synthesis. Sources: USGS_MCS_2026_Ga=https://pubs.usgs.gov/periodicals/mcs2026/mcs2026-gallium.pdf; USGS_MYB_2022_Ga=https://pubs.usgs.gov/myb/vol1/2022/myb1-2022-gallium.pdf; NOURYON_TMG=https://www.nouryon.com/product/tmga-ssg-trimethylgallium-cas-1445-79-0
New manufacturing scrap recovery,US,TMG synthesis,US,6N_Ga,U.S. new GaAs-device manufacturing scrap reprocessed at one New York facility; old scrap explicitly none. New-scrap recovery output is represented as high-purity gallium returning to TMG synthesis. Sources: USGS_MCS_2026_Ga=https://pubs.usgs.gov/periodicals/mcs2026/mcs2026-gallium.pdf; USGS_MYB_2022_Ga=https://pubs.usgs.gov/myb/vol1/2022/myb1-2022-gallium.pdf; NOURYON_TMG=https://www.nouryon.com/product/tmga-ssg-trimethylgallium-cas-1445-79-0
New manufacturing scrap recovery,US,Wafer manufacturing,CN,6N_Ga,U.S. new GaAs-device manufacturing scrap reprocessed at one New York facility; old scrap explicitly none. New-scrap recovery output is represented as high-purity gallium returning to wafer manufacturing. Sources: USGS_MCS_2026_Ga=https://pubs.usgs.gov/periodicals/mcs2026/mcs2026-gallium.pdf; USGS_MYB_2022_Ga=https://pubs.usgs.gov/myb/vol1/2022/myb1-2022-gallium.pdf; USGS_MCS_2026_Ga=https://pubs.usgs.gov/periodicals/mcs2026/mcs2026-gallium.pdf
New manufacturing scrap recovery,US,Wafer manufacturing,JP,6N_Ga,U.S. new GaAs-device manufacturing scrap reprocessed at one New York facility; old scrap explicitly none. New-scrap recovery output is represented as high-purity gallium returning to wafer manufacturing. Sources: USGS_MCS_2026_Ga=https://pubs.usgs.gov/periodicals/mcs2026/mcs2026-gallium.pdf; USGS_MYB_2022_Ga=https://pubs.usgs.gov/myb/vol1/2022/myb1-2022-gallium.pdf; USGS_MCS_2026_Ga=https://pubs.usgs.gov/periodicals/mcs2026/mcs2026-gallium.pdf
New manufacturing scrap recovery,US,Wafer manufacturing,KR,6N_Ga,U.S. new GaAs-device manufacturing scrap reprocessed at one New York facility; old scrap explicitly none. New-scrap recovery output is represented as high-purity gallium returning to wafer manufacturing. Sources: USGS_MCS_2026_Ga=https://pubs.usgs.gov/periodicals/mcs2026/mcs2026-gallium.pdf; USGS_MYB_2022_Ga=https://pubs.usgs.gov/myb/vol1/2022/myb1-2022-gallium.pdf; USGS_MCS_2026_Ga=https://pubs.usgs.gov/periodicals/mcs2026/mcs2026-gallium.pdf
New manufacturing scrap recovery,US,Wafer manufacturing,US,6N_Ga,U.S. new GaAs-device manufacturing scrap reprocessed at one New York facility; old scrap explicitly none. New-scrap recovery output is represented as high-purity gallium returning to wafer manufacturing. Sources: USGS_MCS_2026_Ga=https://pubs.usgs.gov/periodicals/mcs2026/mcs2026-gallium.pdf; USGS_MYB_2022_Ga=https://pubs.usgs.gov/myb/vol1/2022/myb1-2022-gallium.pdf; USGS_MCS_2026_Ga=https://pubs.usgs.gov/periodicals/mcs2026/mcs2026-gallium.pdf
TMG synthesis,CN,Wafer manufacturing,CN,TMG,"TMG/organogallium precursor route commercially plausible in China; China has high-purity Ga and semiconductor precursor demand. China compound semiconductor/GaN/GaAs wafer demand/manufacturing node; strong semiconductor and Ga consumption base, but wafer-flow specificity is less direct. TMG is a commercial metalorganic precursor used for deposition of III-V semiconductors. Sources: USGS_MYB_2022_Ga=https://pubs.usgs.gov/myb/vol1/2022/myb1-2022-gallium.pdf; NOURYON_TMG=https://www.nouryon.com/product/tmga-ssg-trimethylgallium-cas-1445-79-0; USGS_MCS_2026_Ga=https://pubs.usgs.gov/periodicals/mcs2026/mcs2026-gallium.pdf"
TMG synthesis,CN,Wafer manufacturing,JP,TMG,TMG/organogallium precursor route commercially plausible in China; China has high-purity Ga and semiconductor precursor demand. Japan GaN wafer production concentration; more than 85% of sales held by three Japan-based companies in cited MYB source. TMG is a commercial metalorganic precursor used for deposition of III-V semiconductors. Sources: USGS_MYB_2022_Ga=https://pubs.usgs.gov/myb/vol1/2022/myb1-2022-gallium.pdf; NOURYON_TMG=https://www.nouryon.com/product/tmga-ssg-trimethylgallium-cas-1445-79-0
TMG synthesis,CN,Wafer manufacturing,KR,TMG,TMG/organogallium precursor route commercially plausible in China; China has high-purity Ga and semiconductor precursor demand. South Korea semiconductor wafer node included for GaN/GaAs operational space; compound semiconductor specificity less directly quantified in USGS. TMG is a commercial metalorganic precursor used for deposition of III-V semiconductors. Sources: USGS_MYB_2022_Ga=https://pubs.usgs.gov/myb/vol1/2022/myb1-2022-gallium.pdf; NOURYON_TMG=https://www.nouryon.com/product/tmga-ssg-trimethylgallium-cas-1445-79-0; USGS_MCS_2025_Ga=https://pubs.usgs.gov/periodicals/mcs2025/mcs2025-gallium.pdf
TMG synthesis,CN,Wafer manufacturing,US,TMG,TMG/organogallium precursor route commercially plausible in China; China has high-purity Ga and semiconductor precursor demand. U.S. domestic GaAs and GaN wafer production accounts for consumption alongside imports. TMG is a commercial metalorganic precursor used for deposition of III-V semiconductors. Sources: USGS_MYB_2022_Ga=https://pubs.usgs.gov/myb/vol1/2022/myb1-2022-gallium.pdf; NOURYON_TMG=https://www.nouryon.com/product/tmga-ssg-trimethylgallium-cas-1445-79-0; USGS_MCS_2026_Ga=https://pubs.usgs.gov/periodicals/mcs2026/mcs2026-gallium.pdf
TMG synthesis,JP,Wafer manufacturing,CN,TMG,"TMG/organogallium precursor route commercially plausible in Japan; high-purity/refined Ga and compound semiconductor industry present. China compound semiconductor/GaN/GaAs wafer demand/manufacturing node; strong semiconductor and Ga consumption base, but wafer-flow specificity is less direct. TMG is a commercial metalorganic precursor used for deposition of III-V semiconductors. Sources: USGS_MYB_2022_Ga=https://pubs.usgs.gov/myb/vol1/2022/myb1-2022-gallium.pdf; NOURYON_TMG=https://www.nouryon.com/product/tmga-ssg-trimethylgallium-cas-1445-79-0; USGS_MCS_2026_Ga=https://pubs.usgs.gov/periodicals/mcs2026/mcs2026-gallium.pdf"
TMG synthesis,JP,Wafer manufacturing,JP,TMG,TMG/organogallium precursor route commercially plausible in Japan; high-purity/refined Ga and compound semiconductor industry present. Japan GaN wafer production concentration; more than 85% of sales held by three Japan-based companies in cited MYB source. TMG is a commercial metalorganic precursor used for deposition of III-V semiconductors. Sources: USGS_MYB_2022_Ga=https://pubs.usgs.gov/myb/vol1/2022/myb1-2022-gallium.pdf; NOURYON_TMG=https://www.nouryon.com/product/tmga-ssg-trimethylgallium-cas-1445-79-0
TMG synthesis,JP,Wafer manufacturing,KR,TMG,TMG/organogallium precursor route commercially plausible in Japan; high-purity/refined Ga and compound semiconductor industry present. South Korea semiconductor wafer node included for GaN/GaAs operational space; compound semiconductor specificity less directly quantified in USGS. TMG is a commercial metalorganic precursor used for deposition of III-V semiconductors. Sources: USGS_MYB_2022_Ga=https://pubs.usgs.gov/myb/vol1/2022/myb1-2022-gallium.pdf; NOURYON_TMG=https://www.nouryon.com/product/tmga-ssg-trimethylgallium-cas-1445-79-0; USGS_MCS_2025_Ga=https://pubs.usgs.gov/periodicals/mcs2025/mcs2025-gallium.pdf
TMG synthesis,JP,Wafer manufacturing,US,TMG,TMG/organogallium precursor route commercially plausible in Japan; high-purity/refined Ga and compound semiconductor industry present. U.S. domestic GaAs and GaN wafer production accounts for consumption alongside imports. TMG is a commercial metalorganic precursor used for deposition of III-V semiconductors. Sources: USGS_MYB_2022_Ga=https://pubs.usgs.gov/myb/vol1/2022/myb1-2022-gallium.pdf; NOURYON_TMG=https://www.nouryon.com/product/tmga-ssg-trimethylgallium-cas-1445-79-0; USGS_MCS_2026_Ga=https://pubs.usgs.gov/periodicals/mcs2026/mcs2026-gallium.pdf
TMG synthesis,KR,Wafer manufacturing,CN,TMG,"South Korea gallium precursor route supported by Neo Hyeongok gallium trichloride facility; TMG-specific evidence treated as medium confidence. China compound semiconductor/GaN/GaAs wafer demand/manufacturing node; strong semiconductor and Ga consumption base, but wafer-flow specificity is less direct. TMG is a commercial metalorganic precursor used for deposition of III-V semiconductors. Sources: USGS_MYB_2022_Ga=https://pubs.usgs.gov/myb/vol1/2022/myb1-2022-gallium.pdf; NOURYON_TMG=https://www.nouryon.com/product/tmga-ssg-trimethylgallium-cas-1445-79-0; USGS_MCS_2026_Ga=https://pubs.usgs.gov/periodicals/mcs2026/mcs2026-gallium.pdf"
TMG synthesis,KR,Wafer manufacturing,JP,TMG,South Korea gallium precursor route supported by Neo Hyeongok gallium trichloride facility; TMG-specific evidence treated as medium confidence. Japan GaN wafer production concentration; more than 85% of sales held by three Japan-based companies in cited MYB source. TMG is a commercial metalorganic precursor used for deposition of III-V semiconductors. Sources: USGS_MYB_2022_Ga=https://pubs.usgs.gov/myb/vol1/2022/myb1-2022-gallium.pdf; NOURYON_TMG=https://www.nouryon.com/product/tmga-ssg-trimethylgallium-cas-1445-79-0
TMG synthesis,KR,Wafer manufacturing,KR,TMG,South Korea gallium precursor route supported by Neo Hyeongok gallium trichloride facility; TMG-specific evidence treated as medium confidence. South Korea semiconductor wafer node included for GaN/GaAs operational space; compound semiconductor specificity less directly quantified in USGS. TMG is a commercial metalorganic precursor used for deposition of III-V semiconductors. Sources: USGS_MYB_2022_Ga=https://pubs.usgs.gov/myb/vol1/2022/myb1-2022-gallium.pdf; NOURYON_TMG=https://www.nouryon.com/product/tmga-ssg-trimethylgallium-cas-1445-79-0; USGS_MCS_2025_Ga=https://pubs.usgs.gov/periodicals/mcs2025/mcs2025-gallium.pdf
TMG synthesis,KR,Wafer manufacturing,US,TMG,South Korea gallium precursor route supported by Neo Hyeongok gallium trichloride facility; TMG-specific evidence treated as medium confidence. U.S. domestic GaAs and GaN wafer production accounts for consumption alongside imports. TMG is a commercial metalorganic precursor used for deposition of III-V semiconductors. Sources: USGS_MYB_2022_Ga=https://pubs.usgs.gov/myb/vol1/2022/myb1-2022-gallium.pdf; NOURYON_TMG=https://www.nouryon.com/product/tmga-ssg-trimethylgallium-cas-1445-79-0; USGS_MCS_2026_Ga=https://pubs.usgs.gov/periodicals/mcs2026/mcs2026-gallium.pdf
TMG synthesis,US,Wafer manufacturing,CN,TMG,"U.S. TMG/precursor route included for semiconductor-grade precursor demand; direct location-specific TMG production evidence is weaker than for GaCl3/high-purity Ga. China compound semiconductor/GaN/GaAs wafer demand/manufacturing node; strong semiconductor and Ga consumption base, but wafer-flow specificity is less direct. TMG is a commercial metalorganic precursor used for deposition of III-V semiconductors. Sources: USGS_MCS_2026_Ga=https://pubs.usgs.gov/periodicals/mcs2026/mcs2026-gallium.pdf; NOURYON_TMG=https://www.nouryon.com/product/tmga-ssg-trimethylgallium-cas-1445-79-0; NEO_QUAPAW_2024=https://www.neomaterials.com/neo-announces-the-completion-of-the-sale-of-its-quapaw-oklahoma-rare-metals-facility/; USGS_MYB_2022_Ga=https://pubs.usgs.gov/myb/vol1/2022/myb1-2022-gallium.pdf"
TMG synthesis,US,Wafer manufacturing,JP,TMG,U.S. TMG/precursor route included for semiconductor-grade precursor demand; direct location-specific TMG production evidence is weaker than for GaCl3/high-purity Ga. Japan GaN wafer production concentration; more than 85% of sales held by three Japan-based companies in cited MYB source. TMG is a commercial metalorganic precursor used for deposition of III-V semiconductors. Sources: USGS_MCS_2026_Ga=https://pubs.usgs.gov/periodicals/mcs2026/mcs2026-gallium.pdf; NOURYON_TMG=https://www.nouryon.com/product/tmga-ssg-trimethylgallium-cas-1445-79-0; NEO_QUAPAW_2024=https://www.neomaterials.com/neo-announces-the-completion-of-the-sale-of-its-quapaw-oklahoma-rare-metals-facility/; USGS_MYB_2022_Ga=https://pubs.usgs.gov/myb/vol1/2022/myb1-2022-gallium.pdf
TMG synthesis,US,Wafer manufacturing,KR,TMG,U.S. TMG/precursor route included for semiconductor-grade precursor demand; direct location-specific TMG production evidence is weaker than for GaCl3/high-purity Ga. South Korea semiconductor wafer node included for GaN/GaAs operational space; compound semiconductor specificity less directly quantified in USGS. TMG is a commercial metalorganic precursor used for deposition of III-V semiconductors. Sources: USGS_MCS_2026_Ga=https://pubs.usgs.gov/periodicals/mcs2026/mcs2026-gallium.pdf; NOURYON_TMG=https://www.nouryon.com/product/tmga-ssg-trimethylgallium-cas-1445-79-0; NEO_QUAPAW_2024=https://www.neomaterials.com/neo-announces-the-completion-of-the-sale-of-its-quapaw-oklahoma-rare-metals-facility/; USGS_MCS_2025_Ga=https://pubs.usgs.gov/periodicals/mcs2025/mcs2025-gallium.pdf; USGS_MYB_2022_Ga=https://pubs.usgs.gov/myb/vol1/2022/myb1-2022-gallium.pdf
TMG synthesis,US,Wafer manufacturing,US,TMG,U.S. TMG/precursor route included for semiconductor-grade precursor demand; direct location-specific TMG production evidence is weaker than for GaCl3/high-purity Ga. U.S. domestic GaAs and GaN wafer production accounts for consumption alongside imports. TMG is a commercial metalorganic precursor used for deposition of III-V semiconductors. Sources: USGS_MCS_2026_Ga=https://pubs.usgs.gov/periodicals/mcs2026/mcs2026-gallium.pdf; NOURYON_TMG=https://www.nouryon.com/product/tmga-ssg-trimethylgallium-cas-1445-79-0; NEO_QUAPAW_2024=https://www.neomaterials.com/neo-announces-the-completion-of-the-sale-of-its-quapaw-oklahoma-rare-metals-facility/
Wafer manufacturing,CN,New manufacturing scrap recovery,CA,Ga_manufacturing_scrap,Canada new scrap recovery/refining node; USGS lists Canada as new-scrap recovery/high-purity producer and Neo describes gallium recovery/refining in Canada. New manufacturing scrap from CN wafer manufacturing can be recovered domestically or by established recovery/refining hubs; EOL/old scrap excluded. Sources: USGS_MCS_2025_Ga=https://pubs.usgs.gov/periodicals/mcs2025/mcs2025-gallium.pdf; USGS_MYB_2022_Ga=https://pubs.usgs.gov/myb/vol1/2022/myb1-2022-gallium.pdf; NEO_GALLIUM=https://www.neomaterials.com/rare-metals/gallium/
Wafer manufacturing,CN,New manufacturing scrap recovery,CN,Ga_manufacturing_scrap,China new scrap recovery/refining node; USGS lists China among new-scrap recovery and high-purity refined producers. New manufacturing scrap from CN wafer manufacturing can be recovered domestically or by established recovery/refining hubs; EOL/old scrap excluded. Sources: USGS_MCS_2025_Ga=https://pubs.usgs.gov/periodicals/mcs2025/mcs2025-gallium.pdf; USGS_MYB_2022_Ga=https://pubs.usgs.gov/myb/vol1/2022/myb1-2022-gallium.pdf
Wafer manufacturing,CN,New manufacturing scrap recovery,JP,Ga_manufacturing_scrap,Japan new scrap recovery/refining node; USGS lists Japan among new-scrap recovery and high-purity refined producers. New manufacturing scrap from CN wafer manufacturing can be recovered domestically or by established recovery/refining hubs; EOL/old scrap excluded. Sources: USGS_MCS_2025_Ga=https://pubs.usgs.gov/periodicals/mcs2025/mcs2025-gallium.pdf; USGS_MYB_2022_Ga=https://pubs.usgs.gov/myb/vol1/2022/myb1-2022-gallium.pdf
Wafer manufacturing,CN,New manufacturing scrap recovery,US,Ga_manufacturing_scrap,U.S. new GaAs-device manufacturing scrap reprocessed at one New York facility; old scrap explicitly none. New manufacturing scrap from CN wafer manufacturing can be recovered domestically or by established recovery/refining hubs; EOL/old scrap excluded. Sources: USGS_MCS_2026_Ga=https://pubs.usgs.gov/periodicals/mcs2026/mcs2026-gallium.pdf; USGS_MYB_2022_Ga=https://pubs.usgs.gov/myb/vol1/2022/myb1-2022-gallium.pdf
Wafer manufacturing,CN,wafer_market_mix,US,GaAs_wafer,China-to-U.S. GaAs wafer import arc; USGS MYB reported China as a leading source of doped GaAs wafer imports in 2022 and MCS reports GaAs wafer imports as part of U.S. consumption. Sources: USGS_MYB_2022_Ga=https://pubs.usgs.gov/myb/vol1/2022/myb1-2022-gallium.pdf; USGS_MCS_2026_Ga=https://pubs.usgs.gov/periodicals/mcs2026/mcs2026-gallium.pdf
Wafer manufacturing,CN,wafer_market_mix,US,GaN_wafer,"CN-to-U.S. GaN_wafer wafer trade arc included for operational-space coverage; commercial compound semiconductor production exists, but direct bilateral wafer-flow evidence is weaker than for CN GaAs or JP GaN. Sources: USGS_MCS_2026_Ga=https://pubs.usgs.gov/periodicals/mcs2026/mcs2026-gallium.pdf; USGS_MYB_2022_Ga=https://pubs.usgs.gov/myb/vol1/2022/myb1-2022-gallium.pdf"
Wafer manufacturing,JP,New manufacturing scrap recovery,CA,Ga_manufacturing_scrap,Canada new scrap recovery/refining node; USGS lists Canada as new-scrap recovery/high-purity producer and Neo describes gallium recovery/refining in Canada. New manufacturing scrap from JP wafer manufacturing can be recovered domestically or by established recovery/refining hubs; EOL/old scrap excluded. Sources: USGS_MCS_2025_Ga=https://pubs.usgs.gov/periodicals/mcs2025/mcs2025-gallium.pdf; USGS_MYB_2022_Ga=https://pubs.usgs.gov/myb/vol1/2022/myb1-2022-gallium.pdf; NEO_GALLIUM=https://www.neomaterials.com/rare-metals/gallium/
Wafer manufacturing,JP,New manufacturing scrap recovery,CN,Ga_manufacturing_scrap,China new scrap recovery/refining node; USGS lists China among new-scrap recovery and high-purity refined producers. New manufacturing scrap from JP wafer manufacturing can be recovered domestically or by established recovery/refining hubs; EOL/old scrap excluded. Sources: USGS_MCS_2025_Ga=https://pubs.usgs.gov/periodicals/mcs2025/mcs2025-gallium.pdf; USGS_MYB_2022_Ga=https://pubs.usgs.gov/myb/vol1/2022/myb1-2022-gallium.pdf
Wafer manufacturing,JP,New manufacturing scrap recovery,JP,Ga_manufacturing_scrap,Japan new scrap recovery/refining node; USGS lists Japan among new-scrap recovery and high-purity refined producers. New manufacturing scrap from JP wafer manufacturing can be recovered domestically or by established recovery/refining hubs; EOL/old scrap excluded. Sources: USGS_MCS_2025_Ga=https://pubs.usgs.gov/periodicals/mcs2025/mcs2025-gallium.pdf; USGS_MYB_2022_Ga=https://pubs.usgs.gov/myb/vol1/2022/myb1-2022-gallium.pdf
Wafer manufacturing,JP,New manufacturing scrap recovery,US,Ga_manufacturing_scrap,U.S. new GaAs-device manufacturing scrap reprocessed at one New York facility; old scrap explicitly none. New manufacturing scrap from JP wafer manufacturing can be recovered domestically or by established recovery/refining hubs; EOL/old scrap excluded. Sources: USGS_MCS_2026_Ga=https://pubs.usgs.gov/periodicals/mcs2026/mcs2026-gallium.pdf; USGS_MYB_2022_Ga=https://pubs.usgs.gov/myb/vol1/2022/myb1-2022-gallium.pdf
Wafer manufacturing,JP,wafer_market_mix,US,GaAs_wafer,"JP-to-U.S. GaAs_wafer wafer trade arc included for operational-space coverage; commercial compound semiconductor production exists, but direct bilateral wafer-flow evidence is weaker than for CN GaAs or JP GaN. Sources: USGS_MCS_2026_Ga=https://pubs.usgs.gov/periodicals/mcs2026/mcs2026-gallium.pdf; USGS_MYB_2022_Ga=https://pubs.usgs.gov/myb/vol1/2022/myb1-2022-gallium.pdf"
Wafer manufacturing,JP,wafer_market_mix,US,GaN_wafer,Japan-to-U.S. GaN wafer arc; USGS MYB reports GaN wafer production concentrated in Japan; U.S. consumption includes GaN wafer production/import system. Sources: USGS_MYB_2022_Ga=https://pubs.usgs.gov/myb/vol1/2022/myb1-2022-gallium.pdf; USGS_MCS_2026_Ga=https://pubs.usgs.gov/periodicals/mcs2026/mcs2026-gallium.pdf
Wafer manufacturing,KR,New manufacturing scrap recovery,CA,Ga_manufacturing_scrap,Canada new scrap recovery/refining node; USGS lists Canada as new-scrap recovery/high-purity producer and Neo describes gallium recovery/refining in Canada. New manufacturing scrap from KR wafer manufacturing can be recovered domestically or by established recovery/refining hubs; EOL/old scrap excluded. Sources: USGS_MCS_2025_Ga=https://pubs.usgs.gov/periodicals/mcs2025/mcs2025-gallium.pdf; USGS_MYB_2022_Ga=https://pubs.usgs.gov/myb/vol1/2022/myb1-2022-gallium.pdf; NEO_GALLIUM=https://www.neomaterials.com/rare-metals/gallium/
Wafer manufacturing,KR,New manufacturing scrap recovery,CN,Ga_manufacturing_scrap,China new scrap recovery/refining node; USGS lists China among new-scrap recovery and high-purity refined producers. New manufacturing scrap from KR wafer manufacturing can be recovered domestically or by established recovery/refining hubs; EOL/old scrap excluded. Sources: USGS_MCS_2025_Ga=https://pubs.usgs.gov/periodicals/mcs2025/mcs2025-gallium.pdf; USGS_MYB_2022_Ga=https://pubs.usgs.gov/myb/vol1/2022/myb1-2022-gallium.pdf
Wafer manufacturing,KR,New manufacturing scrap recovery,JP,Ga_manufacturing_scrap,Japan new scrap recovery/refining node; USGS lists Japan among new-scrap recovery and high-purity refined producers. New manufacturing scrap from KR wafer manufacturing can be recovered domestically or by established recovery/refining hubs; EOL/old scrap excluded. Sources: USGS_MCS_2025_Ga=https://pubs.usgs.gov/periodicals/mcs2025/mcs2025-gallium.pdf; USGS_MYB_2022_Ga=https://pubs.usgs.gov/myb/vol1/2022/myb1-2022-gallium.pdf
Wafer manufacturing,KR,New manufacturing scrap recovery,KR,Ga_manufacturing_scrap,South Korea manufacturing scrap/precursor node included as operational-space route; USGS documents Neo Korea gallium trichloride facility but not as a principal new-scrap recovery country. New manufacturing scrap from KR wafer manufacturing can be recovered domestically or by established recovery/refining hubs; EOL/old scrap excluded. Sources: USGS_MYB_2022_Ga=https://pubs.usgs.gov/myb/vol1/2022/myb1-2022-gallium.pdf
Wafer manufacturing,KR,New manufacturing scrap recovery,US,Ga_manufacturing_scrap,U.S. new GaAs-device manufacturing scrap reprocessed at one New York facility; old scrap explicitly none. New manufacturing scrap from KR wafer manufacturing can be recovered domestically or by established recovery/refining hubs; EOL/old scrap excluded. Sources: USGS_MCS_2026_Ga=https://pubs.usgs.gov/periodicals/mcs2026/mcs2026-gallium.pdf; USGS_MYB_2022_Ga=https://pubs.usgs.gov/myb/vol1/2022/myb1-2022-gallium.pdf
Wafer manufacturing,KR,wafer_market_mix,US,GaAs_wafer,"KR-to-U.S. GaAs_wafer wafer trade arc included for operational-space coverage; commercial compound semiconductor production exists, but direct bilateral wafer-flow evidence is weaker than for CN GaAs or JP GaN. Sources: USGS_MCS_2026_Ga=https://pubs.usgs.gov/periodicals/mcs2026/mcs2026-gallium.pdf; USGS_MYB_2022_Ga=https://pubs.usgs.gov/myb/vol1/2022/myb1-2022-gallium.pdf"
Wafer manufacturing,KR,wafer_market_mix,US,GaN_wafer,"KR-to-U.S. GaN_wafer wafer trade arc included for operational-space coverage; commercial compound semiconductor production exists, but direct bilateral wafer-flow evidence is weaker than for CN GaAs or JP GaN. Sources: USGS_MCS_2026_Ga=https://pubs.usgs.gov/periodicals/mcs2026/mcs2026-gallium.pdf; USGS_MYB_2022_Ga=https://pubs.usgs.gov/myb/vol1/2022/myb1-2022-gallium.pdf"
Wafer manufacturing,US,New manufacturing scrap recovery,CA,Ga_manufacturing_scrap,Canada new scrap recovery/refining node; USGS lists Canada as new-scrap recovery/high-purity producer and Neo describes gallium recovery/refining in Canada. New manufacturing scrap from US wafer manufacturing can be recovered domestically or by established recovery/refining hubs; EOL/old scrap excluded. Sources: USGS_MCS_2025_Ga=https://pubs.usgs.gov/periodicals/mcs2025/mcs2025-gallium.pdf; USGS_MYB_2022_Ga=https://pubs.usgs.gov/myb/vol1/2022/myb1-2022-gallium.pdf; NEO_GALLIUM=https://www.neomaterials.com/rare-metals/gallium/
Wafer manufacturing,US,New manufacturing scrap recovery,CN,Ga_manufacturing_scrap,China new scrap recovery/refining node; USGS lists China among new-scrap recovery and high-purity refined producers. New manufacturing scrap from US wafer manufacturing can be recovered domestically or by established recovery/refining hubs; EOL/old scrap excluded. Sources: USGS_MCS_2025_Ga=https://pubs.usgs.gov/periodicals/mcs2025/mcs2025-gallium.pdf; USGS_MYB_2022_Ga=https://pubs.usgs.gov/myb/vol1/2022/myb1-2022-gallium.pdf
Wafer manufacturing,US,New manufacturing scrap recovery,JP,Ga_manufacturing_scrap,Japan new scrap recovery/refining node; USGS lists Japan among new-scrap recovery and high-purity refined producers. New manufacturing scrap from US wafer manufacturing can be recovered domestically or by established recovery/refining hubs; EOL/old scrap excluded. Sources: USGS_MCS_2025_Ga=https://pubs.usgs.gov/periodicals/mcs2025/mcs2025-gallium.pdf; USGS_MYB_2022_Ga=https://pubs.usgs.gov/myb/vol1/2022/myb1-2022-gallium.pdf
Wafer manufacturing,US,New manufacturing scrap recovery,US,Ga_manufacturing_scrap,U.S. new GaAs-device manufacturing scrap reprocessed at one New York facility; old scrap explicitly none. New manufacturing scrap from US wafer manufacturing can be recovered domestically or by established recovery/refining hubs; EOL/old scrap excluded. Sources: USGS_MCS_2026_Ga=https://pubs.usgs.gov/periodicals/mcs2026/mcs2026-gallium.pdf; USGS_MYB_2022_Ga=https://pubs.usgs.gov/myb/vol1/2022/myb1-2022-gallium.pdf
Wafer manufacturing,US,wafer_market_mix,US,GaAs_wafer,Domestic U.S. wafer production to U.S. wafer market mix; USGS explicitly cites domestic GaAs and GaN wafer production in U.S. consumption. Sources: USGS_MCS_2026_Ga=https://pubs.usgs.gov/periodicals/mcs2026/mcs2026-gallium.pdf
Wafer manufacturing,US,wafer_market_mix,US,GaN_wafer,Domestic U.S. wafer production to U.S. wafer market mix; USGS explicitly cites domestic GaAs and GaN wafer production in U.S. consumption. Sources: USGS_MCS_2026_Ga=https://pubs.usgs.gov/periodicals/mcs2026/mcs2026-gallium.pdf
ZLR refining,CN,High-purity gallium refining,CA,4N_Ga,Commercial 4N/low-purity Ga from lead/zinc residue route; minor but documented China route. 4N_Ga is a traded gallium metal intermediate; this arc enables metal trade to high-purity refiners. Sources: USGS_MYB_2022_Ga=https://pubs.usgs.gov/myb/vol1/2022/myb1-2022-gallium.pdf; USGS_MCS_2026_Ga=https://pubs.usgs.gov/periodicals/mcs2026/mcs2026-gallium.pdf; USGS_MCS_2025_Ga=https://pubs.usgs.gov/periodicals/mcs2025/mcs2025-gallium.pdf
ZLR refining,CN,High-purity gallium refining,CN,4N_Ga,Commercial 4N/low-purity Ga from lead/zinc residue route; minor but documented China route. 4N_Ga is a traded gallium metal intermediate; this arc enables metal trade to high-purity refiners. Sources: USGS_MYB_2022_Ga=https://pubs.usgs.gov/myb/vol1/2022/myb1-2022-gallium.pdf; USGS_MCS_2026_Ga=https://pubs.usgs.gov/periodicals/mcs2026/mcs2026-gallium.pdf; USGS_MCS_2025_Ga=https://pubs.usgs.gov/periodicals/mcs2025/mcs2025-gallium.pdf
ZLR refining,CN,High-purity gallium refining,JP,4N_Ga,Commercial 4N/low-purity Ga from lead/zinc residue route; minor but documented China route. 4N_Ga is a traded gallium metal intermediate; this arc enables metal trade to high-purity refiners. Sources: USGS_MYB_2022_Ga=https://pubs.usgs.gov/myb/vol1/2022/myb1-2022-gallium.pdf; USGS_MCS_2026_Ga=https://pubs.usgs.gov/periodicals/mcs2026/mcs2026-gallium.pdf; USGS_MCS_2025_Ga=https://pubs.usgs.gov/periodicals/mcs2025/mcs2025-gallium.pdf
ZLR refining,CN,High-purity gallium refining,US,4N_Ga,Commercial 4N/low-purity Ga from lead/zinc residue route; minor but documented China route. 4N_Ga is a traded gallium metal intermediate; this arc enables metal trade to high-purity refiners. Sources: USGS_MYB_2022_Ga=https://pubs.usgs.gov/myb/vol1/2022/myb1-2022-gallium.pdf; USGS_MCS_2026_Ga=https://pubs.usgs.gov/periodicals/mcs2026/mcs2026-gallium.pdf; USGS_MCS_2025_Ga=https://pubs.usgs.gov/periodicals/mcs2025/mcs2025-gallium.pdf
ZLR refining,JP,High-purity gallium refining,CA,4N_Ga,Commercial Japan zinc-related Ga recovery; DOWA resumed gallium recovery from raw material of zinc. 4N_Ga is a traded gallium metal intermediate; this arc enables metal trade to high-purity refiners. Sources: DOWA_FY2023=https://hd.dowa.co.jp/en/ir/library/materials/main/0/teaserItems3/0/linkList/00/link/presentation_fy2023_fullyear_script-e.pdf; USGS_MCS_2026_Ga=https://pubs.usgs.gov/periodicals/mcs2026/mcs2026-gallium.pdf; USGS_MCS_2025_Ga=https://pubs.usgs.gov/periodicals/mcs2025/mcs2025-gallium.pdf; USGS_MCS_2025_Ga=https://pubs.usgs.gov/periodicals/mcs2025/mcs2025-gallium.pdf
ZLR refining,JP,High-purity gallium refining,CN,4N_Ga,Commercial Japan zinc-related Ga recovery; DOWA resumed gallium recovery from raw material of zinc. 4N_Ga is a traded gallium metal intermediate; this arc enables metal trade to high-purity refiners. Sources: DOWA_FY2023=https://hd.dowa.co.jp/en/ir/library/materials/main/0/teaserItems3/0/linkList/00/link/presentation_fy2023_fullyear_script-e.pdf; USGS_MCS_2026_Ga=https://pubs.usgs.gov/periodicals/mcs2026/mcs2026-gallium.pdf; USGS_MCS_2025_Ga=https://pubs.usgs.gov/periodicals/mcs2025/mcs2025-gallium.pdf; USGS_MCS_2025_Ga=https://pubs.usgs.gov/periodicals/mcs2025/mcs2025-gallium.pdf
ZLR refining,JP,High-purity gallium refining,JP,4N_Ga,Commercial Japan zinc-related Ga recovery; DOWA resumed gallium recovery from raw material of zinc. 4N_Ga is a traded gallium metal intermediate; this arc enables metal trade to high-purity refiners. Sources: DOWA_FY2023=https://hd.dowa.co.jp/en/ir/library/materials/main/0/teaserItems3/0/linkList/00/link/presentation_fy2023_fullyear_script-e.pdf; USGS_MCS_2026_Ga=https://pubs.usgs.gov/periodicals/mcs2026/mcs2026-gallium.pdf; USGS_MCS_2025_Ga=https://pubs.usgs.gov/periodicals/mcs2025/mcs2025-gallium.pdf; USGS_MCS_2025_Ga=https://pubs.usgs.gov/periodicals/mcs2025/mcs2025-gallium.pdf
ZLR refining,JP,High-purity gallium refining,US,4N_Ga,Commercial Japan zinc-related Ga recovery; DOWA resumed gallium recovery from raw material of zinc. 4N_Ga is a traded gallium metal intermediate; this arc enables metal trade to high-purity refiners. Sources: DOWA_FY2023=https://hd.dowa.co.jp/en/ir/library/materials/main/0/teaserItems3/0/linkList/00/link/presentation_fy2023_fullyear_script-e.pdf; USGS_MCS_2026_Ga=https://pubs.usgs.gov/periodicals/mcs2026/mcs2026-gallium.pdf; USGS_MCS_2025_Ga=https://pubs.usgs.gov/periodicals/mcs2025/mcs2025-gallium.pdf; USGS_MCS_2025_Ga=https://pubs.usgs.gov/periodicals/mcs2025/mcs2025-gallium.pdf
ZLR refining,KR,High-purity gallium refining,CA,4N_Ga,South Korea ZLR recovery included as announced 2028 Korea Zinc route and recent MCS 2025 low-purity producer evidence. 4N_Ga is a traded gallium metal intermediate; this arc enables metal trade to high-purity refiners. Sources: KOREA_ZINC_2025=https://www.korea-certification.com/en/korea-zinc-launches-gallium-facility-to-reduce-reliance-on-chinese-supply/; USGS_MCS_2025_Ga=https://pubs.usgs.gov/periodicals/mcs2025/mcs2025-gallium.pdf; USGS_MCS_2025_Ga=https://pubs.usgs.gov/periodicals/mcs2025/mcs2025-gallium.pdf
ZLR refining,KR,High-purity gallium refining,CN,4N_Ga,South Korea ZLR recovery included as announced 2028 Korea Zinc route and recent MCS 2025 low-purity producer evidence. 4N_Ga is a traded gallium metal intermediate; this arc enables metal trade to high-purity refiners. Sources: KOREA_ZINC_2025=https://www.korea-certification.com/en/korea-zinc-launches-gallium-facility-to-reduce-reliance-on-chinese-supply/; USGS_MCS_2025_Ga=https://pubs.usgs.gov/periodicals/mcs2025/mcs2025-gallium.pdf; USGS_MCS_2025_Ga=https://pubs.usgs.gov/periodicals/mcs2025/mcs2025-gallium.pdf
ZLR refining,KR,High-purity gallium refining,JP,4N_Ga,South Korea ZLR recovery included as announced 2028 Korea Zinc route and recent MCS 2025 low-purity producer evidence. 4N_Ga is a traded gallium metal intermediate; this arc enables metal trade to high-purity refiners. Sources: KOREA_ZINC_2025=https://www.korea-certification.com/en/korea-zinc-launches-gallium-facility-to-reduce-reliance-on-chinese-supply/; USGS_MCS_2025_Ga=https://pubs.usgs.gov/periodicals/mcs2025/mcs2025-gallium.pdf; USGS_MCS_2025_Ga=https://pubs.usgs.gov/periodicals/mcs2025/mcs2025-gallium.pdf
ZLR refining,KR,High-purity gallium refining,US,4N_Ga,South Korea ZLR recovery included as announced 2028 Korea Zinc route and recent MCS 2025 low-purity producer evidence. 4N_Ga is a traded gallium metal intermediate; this arc enables metal trade to high-purity refiners. Sources: KOREA_ZINC_2025=https://www.korea-certification.com/en/korea-zinc-launches-gallium-facility-to-reduce-reliance-on-chinese-supply/; USGS_MCS_2025_Ga=https://pubs.usgs.gov/periodicals/mcs2025/mcs2025-gallium.pdf; USGS_MCS_2025_Ga=https://pubs.usgs.gov/periodicals/mcs2025/mcs2025-gallium.pdf
ZLR refining,US,High-purity gallium refining,CA,4N_Ga,U.S. ZLR recovery included only as TRACE-Ga operational-space project; no current domestic primary production. 4N_Ga is a traded gallium metal intermediate; this arc enables metal trade to high-purity refiners. Sources: DOE_TRACE_GA_2026=https://www.energy.gov/cmei/articles/does-office-critical-minerals-and-energy-innovation-selects-five-organizations; USGS_MCS_2026_Ga=https://pubs.usgs.gov/periodicals/mcs2026/mcs2026-gallium.pdf; USGS_MCS_2025_Ga=https://pubs.usgs.gov/periodicals/mcs2025/mcs2025-gallium.pdf
ZLR refining,US,High-purity gallium refining,CN,4N_Ga,U.S. ZLR recovery included only as TRACE-Ga operational-space project; no current domestic primary production. 4N_Ga is a traded gallium metal intermediate; this arc enables metal trade to high-purity refiners. Sources: DOE_TRACE_GA_2026=https://www.energy.gov/cmei/articles/does-office-critical-minerals-and-energy-innovation-selects-five-organizations; USGS_MCS_2026_Ga=https://pubs.usgs.gov/periodicals/mcs2026/mcs2026-gallium.pdf; USGS_MCS_2025_Ga=https://pubs.usgs.gov/periodicals/mcs2025/mcs2025-gallium.pdf
ZLR refining,US,High-purity gallium refining,JP,4N_Ga,U.S. ZLR recovery included only as TRACE-Ga operational-space project; no current domestic primary production. 4N_Ga is a traded gallium metal intermediate; this arc enables metal trade to high-purity refiners. Sources: DOE_TRACE_GA_2026=https://www.energy.gov/cmei/articles/does-office-critical-minerals-and-energy-innovation-selects-five-organizations; USGS_MCS_2026_Ga=https://pubs.usgs.gov/periodicals/mcs2026/mcs2026-gallium.pdf; USGS_MCS_2025_Ga=https://pubs.usgs.gov/periodicals/mcs2025/mcs2025-gallium.pdf
ZLR refining,US,High-purity gallium refining,US,4N_Ga,U.S. ZLR recovery included only as TRACE-Ga operational-space project; no current domestic primary production. 4N_Ga is a traded gallium metal intermediate; this arc enables metal trade to high-purity refiners. Sources: DOE_TRACE_GA_2026=https://www.energy.gov/cmei/articles/does-office-critical-minerals-and-energy-innovation-selects-five-organizations; USGS_MCS_2026_Ga=https://pubs.usgs.gov/periodicals/mcs2026/mcs2026-gallium.pdf; USGS_MCS_2025_Ga=https://pubs.usgs.gov/periodicals/mcs2025/mcs2025-gallium.pdf
ZS mining,AU,Zinc concentration,AU,Zn_sphalerite_concentrate,Commercial zinc ore/concentrate node used only to feed zinc smelting/refining and ZLR availability; Ga recovery remains validated at downstream ZLR nodes. Sources: USGS_MCS_2026_Ga=https://pubs.usgs.gov/periodicals/mcs2026/mcs2026-gallium.pdf
ZS mining,CA,Zinc concentration,CA,Zn_sphalerite_concentrate,Commercial zinc ore/concentrate node used only to feed zinc smelting/refining and ZLR availability; Ga recovery remains validated at downstream ZLR nodes. Sources: USGS_MCS_2026_Ga=https://pubs.usgs.gov/periodicals/mcs2026/mcs2026-gallium.pdf
ZS mining,CN,Zinc concentration,CN,Zn_sphalerite_concentrate,Commercial zinc ore/concentrate node used only to feed zinc smelting/refining and ZLR availability; Ga recovery remains validated at downstream ZLR nodes. Sources: USGS_MCS_2026_Ga=https://pubs.usgs.gov/periodicals/mcs2026/mcs2026-gallium.pdf
ZS mining,KZ,Zinc concentration,KZ,Zn_sphalerite_concentrate,Commercial zinc ore/concentrate node used only to feed zinc smelting/refining and ZLR availability; Ga recovery remains validated at downstream ZLR nodes. Sources: USGS_MCS_2026_Ga=https://pubs.usgs.gov/periodicals/mcs2026/mcs2026-gallium.pdf
ZS mining,US,Zinc concentration,US,Zn_sphalerite_concentrate,Commercial zinc ore/concentrate node used only to feed zinc smelting/refining and ZLR availability; Ga recovery remains validated at downstream ZLR nodes. Sources: USGS_MCS_2026_Ga=https://pubs.usgs.gov/periodicals/mcs2026/mcs2026-gallium.pdf
Zinc concentration,AU,Zinc smelting/refining,CN,Zn_sphalerite_concentrate,"Zinc concentrate/smelting feed arc included to make ZLR route physically feasible; Ga-specific confidence rests on ZLR recovery evidence, not concentrate trade alone. Sources: USGS_MCS_2026_Ga=https://pubs.usgs.gov/periodicals/mcs2026/mcs2026-gallium.pdf; USGS_MCS_2025_Ga=https://pubs.usgs.gov/periodicals/mcs2025/mcs2025-gallium.pdf"
Zinc concentration,AU,Zinc smelting/refining,JP,Zn_sphalerite_concentrate,"Zinc concentrate/smelting feed arc included to make ZLR route physically feasible; Ga-specific confidence rests on ZLR recovery evidence, not concentrate trade alone. Sources: USGS_MCS_2026_Ga=https://pubs.usgs.gov/periodicals/mcs2026/mcs2026-gallium.pdf; USGS_MCS_2025_Ga=https://pubs.usgs.gov/periodicals/mcs2025/mcs2025-gallium.pdf"
Zinc concentration,AU,Zinc smelting/refining,KR,Zn_sphalerite_concentrate,"Zinc concentrate/smelting feed arc included to make ZLR route physically feasible; Ga-specific confidence rests on ZLR recovery evidence, not concentrate trade alone. Sources: USGS_MCS_2026_Ga=https://pubs.usgs.gov/periodicals/mcs2026/mcs2026-gallium.pdf; USGS_MCS_2025_Ga=https://pubs.usgs.gov/periodicals/mcs2025/mcs2025-gallium.pdf"
Zinc concentration,CA,Zinc smelting/refining,JP,Zn_sphalerite_concentrate,"Zinc concentrate/smelting feed arc included to make ZLR route physically feasible; Ga-specific confidence rests on ZLR recovery evidence, not concentrate trade alone. Sources: USGS_MCS_2026_Ga=https://pubs.usgs.gov/periodicals/mcs2026/mcs2026-gallium.pdf; USGS_MCS_2025_Ga=https://pubs.usgs.gov/periodicals/mcs2025/mcs2025-gallium.pdf"
Zinc concentration,CA,Zinc smelting/refining,KR,Zn_sphalerite_concentrate,"Zinc concentrate/smelting feed arc included to make ZLR route physically feasible; Ga-specific confidence rests on ZLR recovery evidence, not concentrate trade alone. Sources: USGS_MCS_2026_Ga=https://pubs.usgs.gov/periodicals/mcs2026/mcs2026-gallium.pdf; USGS_MCS_2025_Ga=https://pubs.usgs.gov/periodicals/mcs2025/mcs2025-gallium.pdf"
Zinc concentration,CA,Zinc smelting/refining,US,Zn_sphalerite_concentrate,"Zinc concentrate/smelting feed arc included to make ZLR route physically feasible; Ga-specific confidence rests on ZLR recovery evidence, not concentrate trade alone. Sources: USGS_MCS_2026_Ga=https://pubs.usgs.gov/periodicals/mcs2026/mcs2026-gallium.pdf; USGS_MCS_2025_Ga=https://pubs.usgs.gov/periodicals/mcs2025/mcs2025-gallium.pdf"
Zinc concentration,CN,Zinc smelting/refining,CN,Zn_sphalerite_concentrate,"Zinc concentrate/smelting feed arc included to make ZLR route physically feasible; Ga-specific confidence rests on ZLR recovery evidence, not concentrate trade alone. Sources: USGS_MCS_2026_Ga=https://pubs.usgs.gov/periodicals/mcs2026/mcs2026-gallium.pdf; USGS_MCS_2025_Ga=https://pubs.usgs.gov/periodicals/mcs2025/mcs2025-gallium.pdf"
Zinc concentration,JP,Zinc smelting/refining,JP,Zn_sphalerite_concentrate,"Zinc concentrate/smelting feed arc included to make ZLR route physically feasible; Ga-specific confidence rests on ZLR recovery evidence, not concentrate trade alone. Sources: USGS_MCS_2026_Ga=https://pubs.usgs.gov/periodicals/mcs2026/mcs2026-gallium.pdf; USGS_MCS_2025_Ga=https://pubs.usgs.gov/periodicals/mcs2025/mcs2025-gallium.pdf"
Zinc concentration,KR,Zinc smelting/refining,KR,Zn_sphalerite_concentrate,"Zinc concentrate/smelting feed arc included to make ZLR route physically feasible; Ga-specific confidence rests on ZLR recovery evidence, not concentrate trade alone. Sources: USGS_MCS_2026_Ga=https://pubs.usgs.gov/periodicals/mcs2026/mcs2026-gallium.pdf; USGS_MCS_2025_Ga=https://pubs.usgs.gov/periodicals/mcs2025/mcs2025-gallium.pdf"
Zinc concentration,KZ,Zinc smelting/refining,CN,Zn_sphalerite_concentrate,"Zinc concentrate/smelting feed arc included to make ZLR route physically feasible; Ga-specific confidence rests on ZLR recovery evidence, not concentrate trade alone. Sources: USGS_MCS_2026_Ga=https://pubs.usgs.gov/periodicals/mcs2026/mcs2026-gallium.pdf; USGS_MCS_2025_Ga=https://pubs.usgs.gov/periodicals/mcs2025/mcs2025-gallium.pdf"
Zinc concentration,US,Zinc smelting/refining,US,Zn_sphalerite_concentrate,"Zinc concentrate/smelting feed arc included to make ZLR route physically feasible; Ga-specific confidence rests on ZLR recovery evidence, not concentrate trade alone. Sources: USGS_MCS_2026_Ga=https://pubs.usgs.gov/periodicals/mcs2026/mcs2026-gallium.pdf; USGS_MCS_2025_Ga=https://pubs.usgs.gov/periodicals/mcs2025/mcs2025-gallium.pdf"
Zinc smelting/refining,CN,ZLR refining,CN,ZLR_Zn_residue,"Commercial zinc/byproduct route; USGS MYB reports a minority of China Ga sourced from lead/zinc ores. ZLR_Zn_residue is treated as an internal smelter/refinery residue stream, not a normal international traded commodity. Sources: USGS_MYB_2022_Ga=https://pubs.usgs.gov/myb/vol1/2022/myb1-2022-gallium.pdf; USGS_MCS_2026_Ga=https://pubs.usgs.gov/periodicals/mcs2026/mcs2026-gallium.pdf"
Zinc smelting/refining,JP,ZLR refining,JP,ZLR_Zn_residue,"Commercial Japan zinc-related Ga recovery; DOWA states gallium recovery from raw material of zinc resumed in FY2023. ZLR_Zn_residue is treated as an internal smelter/refinery residue stream, not a normal international traded commodity. Sources: DOWA_FY2023=https://hd.dowa.co.jp/en/ir/library/materials/main/0/teaserItems3/0/linkList/00/link/presentation_fy2023_fullyear_script-e.pdf; USGS_MCS_2026_Ga=https://pubs.usgs.gov/periodicals/mcs2026/mcs2026-gallium.pdf; USGS_MCS_2025_Ga=https://pubs.usgs.gov/periodicals/mcs2025/mcs2025-gallium.pdf"
Zinc smelting/refining,KR,ZLR refining,KR,ZLR_Zn_residue,"South Korea ZLR route in 4-year operational space; Korea Zinc plans gallium recovery at Onsan with pilot operations in 2028; MCS 2025 listed Korea as low-purity producer. ZLR_Zn_residue is treated as an internal smelter/refinery residue stream, not a normal international traded commodity. Sources: KOREA_ZINC_2025=https://www.korea-certification.com/en/korea-zinc-launches-gallium-facility-to-reduce-reliance-on-chinese-supply/; USGS_MCS_2025_Ga=https://pubs.usgs.gov/periodicals/mcs2025/mcs2025-gallium.pdf; USGS_MCS_2026_Ga=https://pubs.usgs.gov/periodicals/mcs2026/mcs2026-gallium.pdf"
Zinc smelting/refining,US,ZLR refining,US,ZLR_Zn_residue,"U.S. primary zinc smelting feedstock route targeted by TRACE-Ga; no current U.S. primary Ga production. ZLR_Zn_residue is treated as an internal smelter/refinery residue stream, not a normal international traded commodity. Sources: DOE_TRACE_GA_2026=https://www.energy.gov/cmei/articles/does-office-critical-minerals-and-energy-innovation-selects-five-organizations; USGS_MCS_2026_Ga=https://pubs.usgs.gov/periodicals/mcs2026/mcs2026-gallium.pdf"
wafer_market_mix,US,wafer_demand,US,GaAs_wafer,U.S. GaAs_wafer final wafer demand sink; follows REE-style market_mix to use/demand structure while avoiding device manufacturing. Sources: USGS_MCS_2026_Ga=https://pubs.usgs.gov/periodicals/mcs2026/mcs2026-gallium.pdf
wafer_market_mix,US,wafer_demand,US,GaN_wafer,U.S. GaN_wafer final wafer demand sink; follows REE-style market_mix to use/demand structure while avoiding device manufacturing. Sources: USGS_MCS_2026_Ga=https://pubs.usgs.gov/periodicals/mcs2026/mcs2026-gallium.pdf
