lcia,value,lcia_unit,year,method,location,process,unit of functional demand,functional unit,source_file
Acidification Potential (Ap) No Lt,1.3509626004318946,kg SO2-Eq,ecoinvent_2020_SSP2-Base,TRACI2.1,CN,Monazite Calcination [allocated to dysprosium oxide],kilogram,1,lcia_resultsecoinvent_2020_SSP2-BaseMonazite_Calcination_[allocated_to_dysprosium_oxide]CN.csv
Global Warming Potential (Gwp100) No Lt,3006.377659484001,kg CO2-Eq,ecoinvent_2020_SSP2-Base,TRACI2.1,CN,Monazite Calcination [allocated to dysprosium oxide],kilogram,1,lcia_resultsecoinvent_2020_SSP2-BaseMonazite_Calcination_[allocated_to_dysprosium_oxide]CN.csv
Ecotoxicity: Freshwater No Lt,377.46076145325776,CTUe,ecoinvent_2020_SSP2-Base,TRACI2.1,CN,Monazite Calcination [allocated to dysprosium oxide],kilogram,1,lcia_resultsecoinvent_2020_SSP2-BaseMonazite_Calcination_[allocated_to_dysprosium_oxide]CN.csv
Eutrophication Potential No Lt,0.1569391364982525,kg N-Eq,ecoinvent_2020_SSP2-Base,TRACI2.1,CN,Monazite Calcination [allocated to dysprosium oxide],kilogram,1,lcia_resultsecoinvent_2020_SSP2-BaseMonazite_Calcination_[allocated_to_dysprosium_oxide]CN.csv
Human Toxicity: Carcinogenic No Lt,1.3748429008932383e-06,CTUh,ecoinvent_2020_SSP2-Base,TRACI2.1,CN,Monazite Calcination [allocated to dysprosium oxide],kilogram,1,lcia_resultsecoinvent_2020_SSP2-BaseMonazite_Calcination_[allocated_to_dysprosium_oxide]CN.csv
Human Toxicity: Non-Carcinogenic No Lt,1.7376931340664377e-05,CTUh,ecoinvent_2020_SSP2-Base,TRACI2.1,CN,Monazite Calcination [allocated to dysprosium oxide],kilogram,1,lcia_resultsecoinvent_2020_SSP2-BaseMonazite_Calcination_[allocated_to_dysprosium_oxide]CN.csv
Ozone Depletion Potential (Odp) No Lt,6.968461503173659e-05,kg CFC-11-Eq,ecoinvent_2020_SSP2-Base,TRACI2.1,CN,Monazite Calcination [allocated to dysprosium oxide],kilogram,1,lcia_resultsecoinvent_2020_SSP2-BaseMonazite_Calcination_[allocated_to_dysprosium_oxide]CN.csv
Particulate Matter Formation Potential (Pmfp) No Lt,0.146077002139143,PM2.5-Eq,ecoinvent_2020_SSP2-Base,TRACI2.1,CN,Monazite Calcination [allocated to dysprosium oxide],kilogram,1,lcia_resultsecoinvent_2020_SSP2-BaseMonazite_Calcination_[allocated_to_dysprosium_oxide]CN.csv
Maximum Incremental Reactivity (Mir) No Lt,35.806111720107324,kg O3-Eq,ecoinvent_2020_SSP2-Base,TRACI2.1,CN,Monazite Calcination [allocated to dysprosium oxide],kilogram,1,lcia_resultsecoinvent_2020_SSP2-BaseMonazite_Calcination_[allocated_to_dysprosium_oxide]CN.csv
Acidification Potential (Ap),1.354696642351393,kg SO2-Eq,ecoinvent_2020_SSP2-Base,TRACI2.1,CN,Monazite Calcination [allocated to dysprosium oxide],kilogram,1,lcia_resultsecoinvent_2020_SSP2-BaseMonazite_Calcination_[allocated_to_dysprosium_oxide]CN.csv
Global Warming Potential (Gwp100),3006.409888933956,kg CO2-Eq,ecoinvent_2020_SSP2-Base,TRACI2.1,CN,Monazite Calcination [allocated to dysprosium oxide],kilogram,1,lcia_resultsecoinvent_2020_SSP2-BaseMonazite_Calcination_[allocated_to_dysprosium_oxide]CN.csv
Ecotoxicity: Freshwater,4260.453355837526,CTUe,ecoinvent_2020_SSP2-Base,TRACI2.1,CN,Monazite Calcination [allocated to dysprosium oxide],kilogram,1,lcia_resultsecoinvent_2020_SSP2-BaseMonazite_Calcination_[allocated_to_dysprosium_oxide]CN.csv
Eutrophication Potential,0.5567842586264645,kg N-Eq,ecoinvent_2020_SSP2-Base,TRACI2.1,CN,Monazite Calcination [allocated to dysprosium oxide],kilogram,1,lcia_resultsecoinvent_2020_SSP2-BaseMonazite_Calcination_[allocated_to_dysprosium_oxide]CN.csv
Human Toxicity: Carcinogenic,0.0001735569752335,CTUh,ecoinvent_2020_SSP2-Base,TRACI2.1,CN,Monazite Calcination [allocated to dysprosium oxide],kilogram,1,lcia_resultsecoinvent_2020_SSP2-BaseMonazite_Calcination_[allocated_to_dysprosium_oxide]CN.csv
Human Toxicity: Non-Carcinogenic,4.05462633822474e-05,CTUh,ecoinvent_2020_SSP2-Base,TRACI2.1,CN,Monazite Calcination [allocated to dysprosium oxide],kilogram,1,lcia_resultsecoinvent_2020_SSP2-BaseMonazite_Calcination_[allocated_to_dysprosium_oxide]CN.csv
Ozone Depletion Potential (Odp),6.968461503173659e-05,kg CFC-11-Eq,ecoinvent_2020_SSP2-Base,TRACI2.1,CN,Monazite Calcination [allocated to dysprosium oxide],kilogram,1,lcia_resultsecoinvent_2020_SSP2-BaseMonazite_Calcination_[allocated_to_dysprosium_oxide]CN.csv
Particulate Matter Formation Potential (Pmfp),0.1466259432653084,PM2.5-Eq,ecoinvent_2020_SSP2-Base,TRACI2.1,CN,Monazite Calcination [allocated to dysprosium oxide],kilogram,1,lcia_resultsecoinvent_2020_SSP2-BaseMonazite_Calcination_[allocated_to_dysprosium_oxide]CN.csv
Maximum Incremental Reactivity (Mir),35.9360082670965,kg O3-Eq,ecoinvent_2020_SSP2-Base,TRACI2.1,CN,Monazite Calcination [allocated to dysprosium oxide],kilogram,1,lcia_resultsecoinvent_2020_SSP2-BaseMonazite_Calcination_[allocated_to_dysprosium_oxide]CN.csv
Terrestrial Acidification Potential (Tap),1.0055976310663848,kg SO2-Eq,ecoinvent_2020_SSP2-Base,RECIPE,CN,Monazite Calcination [allocated to dysprosium oxide],kilogram,1,lcia_resultsecoinvent_2020_SSP2-BaseMonazite_Calcination_[allocated_to_dysprosium_oxide]CN.csv
Global Warming Potential (Gwp1000),3109.1711722405994,kg CO2-Eq,ecoinvent_2020_SSP2-Base,RECIPE,CN,Monazite Calcination [allocated to dysprosium oxide],kilogram,1,lcia_resultsecoinvent_2020_SSP2-BaseMonazite_Calcination_[allocated_to_dysprosium_oxide]CN.csv
Freshwater Ecotoxicity Potential (Fetp),7.20520216817564,"kg 1,4-DCB-Eq",ecoinvent_2020_SSP2-Base,RECIPE,CN,Monazite Calcination [allocated to dysprosium oxide],kilogram,1,lcia_resultsecoinvent_2020_SSP2-BaseMonazite_Calcination_[allocated_to_dysprosium_oxide]CN.csv
Marine Ecotoxicity Potential (Metp),14.2742138452739,"kg 1,4-DCB-Eq",ecoinvent_2020_SSP2-Base,RECIPE,CN,Monazite Calcination [allocated to dysprosium oxide],kilogram,1,lcia_resultsecoinvent_2020_SSP2-BaseMonazite_Calcination_[allocated_to_dysprosium_oxide]CN.csv
Terrestrial Ecotoxicity Potential (Tetp),8765.625066885335,"kg 1,4-DCB-Eq",ecoinvent_2020_SSP2-Base,RECIPE,CN,Monazite Calcination [allocated to dysprosium oxide],kilogram,1,lcia_resultsecoinvent_2020_SSP2-BaseMonazite_Calcination_[allocated_to_dysprosium_oxide]CN.csv
Fossil Fuel Potential (Ffp),860.5142500592782,kg oil-Eq,ecoinvent_2020_SSP2-Base,RECIPE,CN,Monazite Calcination [allocated to dysprosium oxide],kilogram,1,lcia_resultsecoinvent_2020_SSP2-BaseMonazite_Calcination_[allocated_to_dysprosium_oxide]CN.csv
Freshwater Eutrophication Potential (Fep),0.0471038072594066,kg P-Eq,ecoinvent_2020_SSP2-Base,RECIPE,CN,Monazite Calcination [allocated to dysprosium oxide],kilogram,1,lcia_resultsecoinvent_2020_SSP2-BaseMonazite_Calcination_[allocated_to_dysprosium_oxide]CN.csv
Marine Eutrophication Potential (Mep),0.0176165500951051,kg N-Eq,ecoinvent_2020_SSP2-Base,RECIPE,CN,Monazite Calcination [allocated to dysprosium oxide],kilogram,1,lcia_resultsecoinvent_2020_SSP2-BaseMonazite_Calcination_[allocated_to_dysprosium_oxide]CN.csv
Human Toxicity Potential (Htpc),121.66730439379704,"kg 1,4-DCB-Eq",ecoinvent_2020_SSP2-Base,RECIPE,CN,Monazite Calcination [allocated to dysprosium oxide],kilogram,1,lcia_resultsecoinvent_2020_SSP2-BaseMonazite_Calcination_[allocated_to_dysprosium_oxide]CN.csv
Human Toxicity Potential (Htpnc),132.4667640906587,"kg 1,4-DCB-Eq",ecoinvent_2020_SSP2-Base,RECIPE,CN,Monazite Calcination [allocated to dysprosium oxide],kilogram,1,lcia_resultsecoinvent_2020_SSP2-BaseMonazite_Calcination_[allocated_to_dysprosium_oxide]CN.csv
Ionising Radiation Potential (Irp),6.950535457189675,kg Co-60-Eq,ecoinvent_2020_SSP2-Base,RECIPE,CN,Monazite Calcination [allocated to dysprosium oxide],kilogram,1,lcia_resultsecoinvent_2020_SSP2-BaseMonazite_Calcination_[allocated_to_dysprosium_oxide]CN.csv
Agricultural Land Occupation (Lop),2.3780367847224726,m2*a crop-Eq,ecoinvent_2020_SSP2-Base,RECIPE,CN,Monazite Calcination [allocated to dysprosium oxide],kilogram,1,lcia_resultsecoinvent_2020_SSP2-BaseMonazite_Calcination_[allocated_to_dysprosium_oxide]CN.csv
Surplus Ore Potential (Sop),16.278892006859255,kg Cu-Eq,ecoinvent_2020_SSP2-Base,RECIPE,CN,Monazite Calcination [allocated to dysprosium oxide],kilogram,1,lcia_resultsecoinvent_2020_SSP2-BaseMonazite_Calcination_[allocated_to_dysprosium_oxide]CN.csv
Ozone Depletion Potential (Odpinfinite),0.0001359193748406,kg CFC-11-Eq,ecoinvent_2020_SSP2-Base,RECIPE,CN,Monazite Calcination [allocated to dysprosium oxide],kilogram,1,lcia_resultsecoinvent_2020_SSP2-BaseMonazite_Calcination_[allocated_to_dysprosium_oxide]CN.csv
Particulate Matter Formation Potential (Pmfp),0.3791234378131348,kg PM2.5-Eq,ecoinvent_2020_SSP2-Base,RECIPE,CN,Monazite Calcination [allocated to dysprosium oxide],kilogram,1,lcia_resultsecoinvent_2020_SSP2-BaseMonazite_Calcination_[allocated_to_dysprosium_oxide]CN.csv
Photochemical Oxidant Formation Potential: Humans (Hofp),1.5568877091419833,kg NOx-Eq,ecoinvent_2020_SSP2-Base,RECIPE,CN,Monazite Calcination [allocated to dysprosium oxide],kilogram,1,lcia_resultsecoinvent_2020_SSP2-BaseMonazite_Calcination_[allocated_to_dysprosium_oxide]CN.csv
Photochemical Oxidant Formation Potential: Ecosystems (Eofp),1.904231116923195,kg NOx-Eq,ecoinvent_2020_SSP2-Base,RECIPE,CN,Monazite Calcination [allocated to dysprosium oxide],kilogram,1,lcia_resultsecoinvent_2020_SSP2-BaseMonazite_Calcination_[allocated_to_dysprosium_oxide]CN.csv
Water Consumption Potential (Wcp),1.0374367283209385,cubic meter,ecoinvent_2020_SSP2-Base,RECIPE,CN,Monazite Calcination [allocated to dysprosium oxide],kilogram,1,lcia_resultsecoinvent_2020_SSP2-BaseMonazite_Calcination_[allocated_to_dysprosium_oxide]CN.csv
Acidification Potential (Ap) No Lt,0.0022207566904026,kg SO2-Eq,ecoinvent_2020_SSP2-Base,TRACI2.1,CN,"market group for electricity, low voltage",kilowatt hour,1,lcia_resultsecoinvent_2020_SSP2-Basemarket_group_for_electricity__low_voltageCN.csv
Global Warming Potential (Gwp100) No Lt,0.9189838655866108,kg CO2-Eq,ecoinvent_2020_SSP2-Base,TRACI2.1,CN,"market group for electricity, low voltage",kilowatt hour,1,lcia_resultsecoinvent_2020_SSP2-Basemarket_group_for_electricity__low_voltageCN.csv
Ecotoxicity: Freshwater No Lt,0.2093611077184648,CTUe,ecoinvent_2020_SSP2-Base,TRACI2.1,CN,"market group for electricity, low voltage",kilowatt hour,1,lcia_resultsecoinvent_2020_SSP2-Basemarket_group_for_electricity__low_voltageCN.csv
Eutrophication Potential No Lt,0.0002161974089589,kg N-Eq,ecoinvent_2020_SSP2-Base,TRACI2.1,CN,"market group for electricity, low voltage",kilowatt hour,1,lcia_resultsecoinvent_2020_SSP2-Basemarket_group_for_electricity__low_voltageCN.csv
Human Toxicity: Carcinogenic No Lt,1.3939958108570275e-09,CTUh,ecoinvent_2020_SSP2-Base,TRACI2.1,CN,"market group for electricity, low voltage",kilowatt hour,1,lcia_resultsecoinvent_2020_SSP2-Basemarket_group_for_electricity__low_voltageCN.csv
Human Toxicity: Non-Carcinogenic No Lt,5.409947050332167e-08,CTUh,ecoinvent_2020_SSP2-Base,TRACI2.1,CN,"market group for electricity, low voltage",kilowatt hour,1,lcia_resultsecoinvent_2020_SSP2-Basemarket_group_for_electricity__low_voltageCN.csv
Ozone Depletion Potential (Odp) No Lt,2.0248405100585274e-09,kg CFC-11-Eq,ecoinvent_2020_SSP2-Base,TRACI2.1,CN,"market group for electricity, low voltage",kilowatt hour,1,lcia_resultsecoinvent_2020_SSP2-Basemarket_group_for_electricity__low_voltageCN.csv
Particulate Matter Formation Potential (Pmfp) No Lt,0.0003829676155792,PM2.5-Eq,ecoinvent_2020_SSP2-Base,TRACI2.1,CN,"market group for electricity, low voltage",kilowatt hour,1,lcia_resultsecoinvent_2020_SSP2-Basemarket_group_for_electricity__low_voltageCN.csv
Maximum Incremental Reactivity (Mir) No Lt,0.027844289506343,kg O3-Eq,ecoinvent_2020_SSP2-Base,TRACI2.1,CN,"market group for electricity, low voltage",kilowatt hour,1,lcia_resultsecoinvent_2020_SSP2-Basemarket_group_for_electricity__low_voltageCN.csv
Acidification Potential (Ap),0.0022235968472499,kg SO2-Eq,ecoinvent_2020_SSP2-Base,TRACI2.1,CN,"market group for electricity, low voltage",kilowatt hour,1,lcia_resultsecoinvent_2020_SSP2-Basemarket_group_for_electricity__low_voltageCN.csv
Global Warming Potential (Gwp100),0.9190066919632434,kg CO2-Eq,ecoinvent_2020_SSP2-Base,TRACI2.1,CN,"market group for electricity, low voltage",kilowatt hour,1,lcia_resultsecoinvent_2020_SSP2-Basemarket_group_for_electricity__low_voltageCN.csv
Ecotoxicity: Freshwater,16.272007720390054,CTUe,ecoinvent_2020_SSP2-Base,TRACI2.1,CN,"market group for electricity, low voltage",kilowatt hour,1,lcia_resultsecoinvent_2020_SSP2-Basemarket_group_for_electricity__low_voltageCN.csv
Eutrophication Potential,0.0027230366163685,kg N-Eq,ecoinvent_2020_SSP2-Base,TRACI2.1,CN,"market group for electricity, low voltage",kilowatt hour,1,lcia_resultsecoinvent_2020_SSP2-Basemarket_group_for_electricity__low_voltageCN.csv
Human Toxicity: Carcinogenic,1.4048211509865964e-07,CTUh,ecoinvent_2020_SSP2-Base,TRACI2.1,CN,"market group for electricity, low voltage",kilowatt hour,1,lcia_resultsecoinvent_2020_SSP2-Basemarket_group_for_electricity__low_voltageCN.csv
Human Toxicity: Non-Carcinogenic,2.6172424256665215e-07,CTUh,ecoinvent_2020_SSP2-Base,TRACI2.1,CN,"market group for electricity, low voltage",kilowatt hour,1,lcia_resultsecoinvent_2020_SSP2-Basemarket_group_for_electricity__low_voltageCN.csv
Ozone Depletion Potential (Odp),2.0248405100585274e-09,kg CFC-11-Eq,ecoinvent_2020_SSP2-Base,TRACI2.1,CN,"market group for electricity, low voltage",kilowatt hour,1,lcia_resultsecoinvent_2020_SSP2-Basemarket_group_for_electricity__low_voltageCN.csv
Particulate Matter Formation Potential (Pmfp),0.0003841832783135,PM2.5-Eq,ecoinvent_2020_SSP2-Base,TRACI2.1,CN,"market group for electricity, low voltage",kilowatt hour,1,lcia_resultsecoinvent_2020_SSP2-Basemarket_group_for_electricity__low_voltageCN.csv
Maximum Incremental Reactivity (Mir),0.0279361053690916,kg O3-Eq,ecoinvent_2020_SSP2-Base,TRACI2.1,CN,"market group for electricity, low voltage",kilowatt hour,1,lcia_resultsecoinvent_2020_SSP2-Basemarket_group_for_electricity__low_voltageCN.csv
Terrestrial Acidification Potential (Tap),0.0016408374285539,kg SO2-Eq,ecoinvent_2020_SSP2-Base,RECIPE,CN,"market group for electricity, low voltage",kilowatt hour,1,lcia_resultsecoinvent_2020_SSP2-Basemarket_group_for_electricity__low_voltageCN.csv
Global Warming Potential (Gwp1000),0.9651117014161472,kg CO2-Eq,ecoinvent_2020_SSP2-Base,RECIPE,CN,"market group for electricity, low voltage",kilowatt hour,1,lcia_resultsecoinvent_2020_SSP2-Basemarket_group_for_electricity__low_voltageCN.csv
Freshwater Ecotoxicity Potential (Fetp),0.0445635148572435,"kg 1,4-DCB-Eq",ecoinvent_2020_SSP2-Base,RECIPE,CN,"market group for electricity, low voltage",kilowatt hour,1,lcia_resultsecoinvent_2020_SSP2-Basemarket_group_for_electricity__low_voltageCN.csv
Marine Ecotoxicity Potential (Metp),0.0571681299533453,"kg 1,4-DCB-Eq",ecoinvent_2020_SSP2-Base,RECIPE,CN,"market group for electricity, low voltage",kilowatt hour,1,lcia_resultsecoinvent_2020_SSP2-Basemarket_group_for_electricity__low_voltageCN.csv
Terrestrial Ecotoxicity Potential (Tetp),2.3130737883051147,"kg 1,4-DCB-Eq",ecoinvent_2020_SSP2-Base,RECIPE,CN,"market group for electricity, low voltage",kilowatt hour,1,lcia_resultsecoinvent_2020_SSP2-Basemarket_group_for_electricity__low_voltageCN.csv
Fossil Fuel Potential (Ffp),0.1688540004453831,kg oil-Eq,ecoinvent_2020_SSP2-Base,RECIPE,CN,"market group for electricity, low voltage",kilowatt hour,1,lcia_resultsecoinvent_2020_SSP2-Basemarket_group_for_electricity__low_voltageCN.csv
Freshwater Eutrophication Potential (Fep),0.0001813870005876,kg P-Eq,ecoinvent_2020_SSP2-Base,RECIPE,CN,"market group for electricity, low voltage",kilowatt hour,1,lcia_resultsecoinvent_2020_SSP2-Basemarket_group_for_electricity__low_voltageCN.csv
Marine Eutrophication Potential (Mep),1.2056742927849197e-05,kg N-Eq,ecoinvent_2020_SSP2-Base,RECIPE,CN,"market group for electricity, low voltage",kilowatt hour,1,lcia_resultsecoinvent_2020_SSP2-Basemarket_group_for_electricity__low_voltageCN.csv
Human Toxicity Potential (Htpc),0.0993582354957641,"kg 1,4-DCB-Eq",ecoinvent_2020_SSP2-Base,RECIPE,CN,"market group for electricity, low voltage",kilowatt hour,1,lcia_resultsecoinvent_2020_SSP2-Basemarket_group_for_electricity__low_voltageCN.csv
Human Toxicity Potential (Htpnc),0.921596413553348,"kg 1,4-DCB-Eq",ecoinvent_2020_SSP2-Base,RECIPE,CN,"market group for electricity, low voltage",kilowatt hour,1,lcia_resultsecoinvent_2020_SSP2-Basemarket_group_for_electricity__low_voltageCN.csv
Ionising Radiation Potential (Irp),0.046005250024776,kg Co-60-Eq,ecoinvent_2020_SSP2-Base,RECIPE,CN,"market group for electricity, low voltage",kilowatt hour,1,lcia_resultsecoinvent_2020_SSP2-Basemarket_group_for_electricity__low_voltageCN.csv
Agricultural Land Occupation (Lop),0.0109929406324226,m2*a crop-Eq,ecoinvent_2020_SSP2-Base,RECIPE,CN,"market group for electricity, low voltage",kilowatt hour,1,lcia_resultsecoinvent_2020_SSP2-Basemarket_group_for_electricity__low_voltageCN.csv
Surplus Ore Potential (Sop),0.0028066130591537,kg Cu-Eq,ecoinvent_2020_SSP2-Base,RECIPE,CN,"market group for electricity, low voltage",kilowatt hour,1,lcia_resultsecoinvent_2020_SSP2-Basemarket_group_for_electricity__low_voltageCN.csv
Ozone Depletion Potential (Odpinfinite),1.320781301918706e-07,kg CFC-11-Eq,ecoinvent_2020_SSP2-Base,RECIPE,CN,"market group for electricity, low voltage",kilowatt hour,1,lcia_resultsecoinvent_2020_SSP2-Basemarket_group_for_electricity__low_voltageCN.csv
Particulate Matter Formation Potential (Pmfp),0.0007577620945825,kg PM2.5-Eq,ecoinvent_2020_SSP2-Base,RECIPE,CN,"market group for electricity, low voltage",kilowatt hour,1,lcia_resultsecoinvent_2020_SSP2-Basemarket_group_for_electricity__low_voltageCN.csv
Photochemical Oxidant Formation Potential: Humans (Hofp),0.0011249164291245,kg NOx-Eq,ecoinvent_2020_SSP2-Base,RECIPE,CN,"market group for electricity, low voltage",kilowatt hour,1,lcia_resultsecoinvent_2020_SSP2-Basemarket_group_for_electricity__low_voltageCN.csv
Photochemical Oxidant Formation Potential: Ecosystems (Eofp),0.0011354093206036,kg NOx-Eq,ecoinvent_2020_SSP2-Base,RECIPE,CN,"market group for electricity, low voltage",kilowatt hour,1,lcia_resultsecoinvent_2020_SSP2-Basemarket_group_for_electricity__low_voltageCN.csv
Water Consumption Potential (Wcp),0.0023029312344267,cubic meter,ecoinvent_2020_SSP2-Base,RECIPE,CN,"market group for electricity, low voltage",kilowatt hour,1,lcia_resultsecoinvent_2020_SSP2-Basemarket_group_for_electricity__low_voltageCN.csv
Acidification Potential (Ap) No Lt,0.0601657248341587,kg SO2-Eq,ecoinvent_2020_SSP2-Base,TRACI2.1,CN,IAC SX & Calcination [allocated to neodymium oxide],kilogram,1,lcia_resultsecoinvent_2020_SSP2-BaseIAC_SX_&_Calcination_[allocated_to_neodymium_oxide]CN.csv
Global Warming Potential (Gwp100) No Lt,12.480790321513789,kg CO2-Eq,ecoinvent_2020_SSP2-Base,TRACI2.1,CN,IAC SX & Calcination [allocated to neodymium oxide],kilogram,1,lcia_resultsecoinvent_2020_SSP2-BaseIAC_SX_&_Calcination_[allocated_to_neodymium_oxide]CN.csv
Ecotoxicity: Freshwater No Lt,79.4789481590293,CTUe,ecoinvent_2020_SSP2-Base,TRACI2.1,CN,IAC SX & Calcination [allocated to neodymium oxide],kilogram,1,lcia_resultsecoinvent_2020_SSP2-BaseIAC_SX_&_Calcination_[allocated_to_neodymium_oxide]CN.csv
Eutrophication Potential No Lt,0.0185413268209279,kg N-Eq,ecoinvent_2020_SSP2-Base,TRACI2.1,CN,IAC SX & Calcination [allocated to neodymium oxide],kilogram,1,lcia_resultsecoinvent_2020_SSP2-BaseIAC_SX_&_Calcination_[allocated_to_neodymium_oxide]CN.csv
Human Toxicity: Carcinogenic No Lt,7.324995011301381e-08,CTUh,ecoinvent_2020_SSP2-Base,TRACI2.1,CN,IAC SX & Calcination [allocated to neodymium oxide],kilogram,1,lcia_resultsecoinvent_2020_SSP2-BaseIAC_SX_&_Calcination_[allocated_to_neodymium_oxide]CN.csv
Human Toxicity: Non-Carcinogenic No Lt,1.691810379924009e-06,CTUh,ecoinvent_2020_SSP2-Base,TRACI2.1,CN,IAC SX & Calcination [allocated to neodymium oxide],kilogram,1,lcia_resultsecoinvent_2020_SSP2-BaseIAC_SX_&_Calcination_[allocated_to_neodymium_oxide]CN.csv
Ozone Depletion Potential (Odp) No Lt,7.987918089798087e-07,kg CFC-11-Eq,ecoinvent_2020_SSP2-Base,TRACI2.1,CN,IAC SX & Calcination [allocated to neodymium oxide],kilogram,1,lcia_resultsecoinvent_2020_SSP2-BaseIAC_SX_&_Calcination_[allocated_to_neodymium_oxide]CN.csv
Particulate Matter Formation Potential (Pmfp) No Lt,0.0078726820299275,PM2.5-Eq,ecoinvent_2020_SSP2-Base,TRACI2.1,CN,IAC SX & Calcination [allocated to neodymium oxide],kilogram,1,lcia_resultsecoinvent_2020_SSP2-BaseIAC_SX_&_Calcination_[allocated_to_neodymium_oxide]CN.csv
Maximum Incremental Reactivity (Mir) No Lt,0.629440425435208,kg O3-Eq,ecoinvent_2020_SSP2-Base,TRACI2.1,CN,IAC SX & Calcination [allocated to neodymium oxide],kilogram,1,lcia_resultsecoinvent_2020_SSP2-BaseIAC_SX_&_Calcination_[allocated_to_neodymium_oxide]CN.csv
Acidification Potential (Ap),0.0604283215112006,kg SO2-Eq,ecoinvent_2020_SSP2-Base,TRACI2.1,CN,IAC SX & Calcination [allocated to neodymium oxide],kilogram,1,lcia_resultsecoinvent_2020_SSP2-BaseIAC_SX_&_Calcination_[allocated_to_neodymium_oxide]CN.csv
Global Warming Potential (Gwp100),12.483056314329817,kg CO2-Eq,ecoinvent_2020_SSP2-Base,TRACI2.1,CN,IAC SX & Calcination [allocated to neodymium oxide],kilogram,1,lcia_resultsecoinvent_2020_SSP2-BaseIAC_SX_&_Calcination_[allocated_to_neodymium_oxide]CN.csv
Ecotoxicity: Freshwater,355.5982486208935,CTUe,ecoinvent_2020_SSP2-Base,TRACI2.1,CN,IAC SX & Calcination [allocated to neodymium oxide],kilogram,1,lcia_resultsecoinvent_2020_SSP2-BaseIAC_SX_&_Calcination_[allocated_to_neodymium_oxide]CN.csv
Eutrophication Potential,0.0557796063231811,kg N-Eq,ecoinvent_2020_SSP2-Base,TRACI2.1,CN,IAC SX & Calcination [allocated to neodymium oxide],kilogram,1,lcia_resultsecoinvent_2020_SSP2-BaseIAC_SX_&_Calcination_[allocated_to_neodymium_oxide]CN.csv
Human Toxicity: Carcinogenic,3.0081464158633137e-06,CTUh,ecoinvent_2020_SSP2-Base,TRACI2.1,CN,IAC SX & Calcination [allocated to neodymium oxide],kilogram,1,lcia_resultsecoinvent_2020_SSP2-BaseIAC_SX_&_Calcination_[allocated_to_neodymium_oxide]CN.csv
Human Toxicity: Non-Carcinogenic,4.962011822347874e-06,CTUh,ecoinvent_2020_SSP2-Base,TRACI2.1,CN,IAC SX & Calcination [allocated to neodymium oxide],kilogram,1,lcia_resultsecoinvent_2020_SSP2-BaseIAC_SX_&_Calcination_[allocated_to_neodymium_oxide]CN.csv
Ozone Depletion Potential (Odp),7.987918089798087e-07,kg CFC-11-Eq,ecoinvent_2020_SSP2-Base,TRACI2.1,CN,IAC SX & Calcination [allocated to neodymium oxide],kilogram,1,lcia_resultsecoinvent_2020_SSP2-BaseIAC_SX_&_Calcination_[allocated_to_neodymium_oxide]CN.csv
Particulate Matter Formation Potential (Pmfp),0.0079528511535061,PM2.5-Eq,ecoinvent_2020_SSP2-Base,TRACI2.1,CN,IAC SX & Calcination [allocated to neodymium oxide],kilogram,1,lcia_resultsecoinvent_2020_SSP2-BaseIAC_SX_&_Calcination_[allocated_to_neodymium_oxide]CN.csv
Maximum Incremental Reactivity (Mir),0.638576318374187,kg O3-Eq,ecoinvent_2020_SSP2-Base,TRACI2.1,CN,IAC SX & Calcination [allocated to neodymium oxide],kilogram,1,lcia_resultsecoinvent_2020_SSP2-BaseIAC_SX_&_Calcination_[allocated_to_neodymium_oxide]CN.csv
Terrestrial Acidification Potential (Tap),0.0509259132083454,kg SO2-Eq,ecoinvent_2020_SSP2-Base,RECIPE,CN,IAC SX & Calcination [allocated to neodymium oxide],kilogram,1,lcia_resultsecoinvent_2020_SSP2-BaseIAC_SX_&_Calcination_[allocated_to_neodymium_oxide]CN.csv
Global Warming Potential (Gwp1000),12.936529808252065,kg CO2-Eq,ecoinvent_2020_SSP2-Base,RECIPE,CN,IAC SX & Calcination [allocated to neodymium oxide],kilogram,1,lcia_resultsecoinvent_2020_SSP2-BaseIAC_SX_&_Calcination_[allocated_to_neodymium_oxide]CN.csv
Freshwater Ecotoxicity Potential (Fetp),0.9394612280023736,"kg 1,4-DCB-Eq",ecoinvent_2020_SSP2-Base,RECIPE,CN,IAC SX & Calcination [allocated to neodymium oxide],kilogram,1,lcia_resultsecoinvent_2020_SSP2-BaseIAC_SX_&_Calcination_[allocated_to_neodymium_oxide]CN.csv
Marine Ecotoxicity Potential (Metp),1.2629028783440528,"kg 1,4-DCB-Eq",ecoinvent_2020_SSP2-Base,RECIPE,CN,IAC SX & Calcination [allocated to neodymium oxide],kilogram,1,lcia_resultsecoinvent_2020_SSP2-BaseIAC_SX_&_Calcination_[allocated_to_neodymium_oxide]CN.csv
Terrestrial Ecotoxicity Potential (Tetp),130.19033653703914,"kg 1,4-DCB-Eq",ecoinvent_2020_SSP2-Base,RECIPE,CN,IAC SX & Calcination [allocated to neodymium oxide],kilogram,1,lcia_resultsecoinvent_2020_SSP2-BaseIAC_SX_&_Calcination_[allocated_to_neodymium_oxide]CN.csv
Fossil Fuel Potential (Ffp),2.703312330208444,kg oil-Eq,ecoinvent_2020_SSP2-Base,RECIPE,CN,IAC SX & Calcination [allocated to neodymium oxide],kilogram,1,lcia_resultsecoinvent_2020_SSP2-BaseIAC_SX_&_Calcination_[allocated_to_neodymium_oxide]CN.csv
Freshwater Eutrophication Potential (Fep),0.0042722319264939,kg P-Eq,ecoinvent_2020_SSP2-Base,RECIPE,CN,IAC SX & Calcination [allocated to neodymium oxide],kilogram,1,lcia_resultsecoinvent_2020_SSP2-BaseIAC_SX_&_Calcination_[allocated_to_neodymium_oxide]CN.csv
Marine Eutrophication Potential (Mep),0.0022788228475726,kg N-Eq,ecoinvent_2020_SSP2-Base,RECIPE,CN,IAC SX & Calcination [allocated to neodymium oxide],kilogram,1,lcia_resultsecoinvent_2020_SSP2-BaseIAC_SX_&_Calcination_[allocated_to_neodymium_oxide]CN.csv
Human Toxicity Potential (Htpc),2.1745547845478,"kg 1,4-DCB-Eq",ecoinvent_2020_SSP2-Base,RECIPE,CN,IAC SX & Calcination [allocated to neodymium oxide],kilogram,1,lcia_resultsecoinvent_2020_SSP2-BaseIAC_SX_&_Calcination_[allocated_to_neodymium_oxide]CN.csv
Human Toxicity Potential (Htpnc),18.714662811027345,"kg 1,4-DCB-Eq",ecoinvent_2020_SSP2-Base,RECIPE,CN,IAC SX & Calcination [allocated to neodymium oxide],kilogram,1,lcia_resultsecoinvent_2020_SSP2-BaseIAC_SX_&_Calcination_[allocated_to_neodymium_oxide]CN.csv
Ionising Radiation Potential (Irp),0.667478139420104,kg Co-60-Eq,ecoinvent_2020_SSP2-Base,RECIPE,CN,IAC SX & Calcination [allocated to neodymium oxide],kilogram,1,lcia_resultsecoinvent_2020_SSP2-BaseIAC_SX_&_Calcination_[allocated_to_neodymium_oxide]CN.csv
Agricultural Land Occupation (Lop),1.9925726779226465,m2*a crop-Eq,ecoinvent_2020_SSP2-Base,RECIPE,CN,IAC SX & Calcination [allocated to neodymium oxide],kilogram,1,lcia_resultsecoinvent_2020_SSP2-BaseIAC_SX_&_Calcination_[allocated_to_neodymium_oxide]CN.csv
Surplus Ore Potential (Sop),0.8312646654145572,kg Cu-Eq,ecoinvent_2020_SSP2-Base,RECIPE,CN,IAC SX & Calcination [allocated to neodymium oxide],kilogram,1,lcia_resultsecoinvent_2020_SSP2-BaseIAC_SX_&_Calcination_[allocated_to_neodymium_oxide]CN.csv
Ozone Depletion Potential (Odpinfinite),1.3594391241490796e-05,kg CFC-11-Eq,ecoinvent_2020_SSP2-Base,RECIPE,CN,IAC SX & Calcination [allocated to neodymium oxide],kilogram,1,lcia_resultsecoinvent_2020_SSP2-BaseIAC_SX_&_Calcination_[allocated_to_neodymium_oxide]CN.csv
Particulate Matter Formation Potential (Pmfp),0.0185956490841819,kg PM2.5-Eq,ecoinvent_2020_SSP2-Base,RECIPE,CN,IAC SX & Calcination [allocated to neodymium oxide],kilogram,1,lcia_resultsecoinvent_2020_SSP2-BaseIAC_SX_&_Calcination_[allocated_to_neodymium_oxide]CN.csv
Photochemical Oxidant Formation Potential: Humans (Hofp),0.0236753595612783,kg NOx-Eq,ecoinvent_2020_SSP2-Base,RECIPE,CN,IAC SX & Calcination [allocated to neodymium oxide],kilogram,1,lcia_resultsecoinvent_2020_SSP2-BaseIAC_SX_&_Calcination_[allocated_to_neodymium_oxide]CN.csv
Photochemical Oxidant Formation Potential: Ecosystems (Eofp),0.0244940802530361,kg NOx-Eq,ecoinvent_2020_SSP2-Base,RECIPE,CN,IAC SX & Calcination [allocated to neodymium oxide],kilogram,1,lcia_resultsecoinvent_2020_SSP2-BaseIAC_SX_&_Calcination_[allocated_to_neodymium_oxide]CN.csv
Water Consumption Potential (Wcp),0.204108079399487,cubic meter,ecoinvent_2020_SSP2-Base,RECIPE,CN,IAC SX & Calcination [allocated to neodymium oxide],kilogram,1,lcia_resultsecoinvent_2020_SSP2-BaseIAC_SX_&_Calcination_[allocated_to_neodymium_oxide]CN.csv
Acidification Potential (Ap) No Lt,0.0016167461851229,kg SO2-Eq,ecoinvent_2020_SSP2-Base,TRACI2.1,CN,Bastanasite Mining,kilogram,1,lcia_resultsecoinvent_2020_SSP2-BaseBastanasite_MiningCN.csv
Global Warming Potential (Gwp100) No Lt,0.1324796539336537,kg CO2-Eq,ecoinvent_2020_SSP2-Base,TRACI2.1,CN,Bastanasite Mining,kilogram,1,lcia_resultsecoinvent_2020_SSP2-BaseBastanasite_MiningCN.csv
Ecotoxicity: Freshwater No Lt,0.0444546790844158,CTUe,ecoinvent_2020_SSP2-Base,TRACI2.1,CN,Bastanasite Mining,kilogram,1,lcia_resultsecoinvent_2020_SSP2-BaseBastanasite_MiningCN.csv
Eutrophication Potential No Lt,0.0001052077382831,kg N-Eq,ecoinvent_2020_SSP2-Base,TRACI2.1,CN,Bastanasite Mining,kilogram,1,lcia_resultsecoinvent_2020_SSP2-BaseBastanasite_MiningCN.csv
Human Toxicity: Carcinogenic No Lt,1.953888866795652e-10,CTUh,ecoinvent_2020_SSP2-Base,TRACI2.1,CN,Bastanasite Mining,kilogram,1,lcia_resultsecoinvent_2020_SSP2-BaseBastanasite_MiningCN.csv
Human Toxicity: Non-Carcinogenic No Lt,4.193166731762513e-09,CTUh,ecoinvent_2020_SSP2-Base,TRACI2.1,CN,Bastanasite Mining,kilogram,1,lcia_resultsecoinvent_2020_SSP2-BaseBastanasite_MiningCN.csv
Ozone Depletion Potential (Odp) No Lt,1.8057165458197085e-09,kg CFC-11-Eq,ecoinvent_2020_SSP2-Base,TRACI2.1,CN,Bastanasite Mining,kilogram,1,lcia_resultsecoinvent_2020_SSP2-BaseBastanasite_MiningCN.csv
Particulate Matter Formation Potential (Pmfp) No Lt,0.0018387152144074,PM2.5-Eq,ecoinvent_2020_SSP2-Base,TRACI2.1,CN,Bastanasite Mining,kilogram,1,lcia_resultsecoinvent_2020_SSP2-BaseBastanasite_MiningCN.csv
Maximum Incremental Reactivity (Mir) No Lt,0.0498908754843449,kg O3-Eq,ecoinvent_2020_SSP2-Base,TRACI2.1,CN,Bastanasite Mining,kilogram,1,lcia_resultsecoinvent_2020_SSP2-BaseBastanasite_MiningCN.csv
Acidification Potential (Ap),0.0016173440002244,kg SO2-Eq,ecoinvent_2020_SSP2-Base,TRACI2.1,CN,Bastanasite Mining,kilogram,1,lcia_resultsecoinvent_2020_SSP2-BaseBastanasite_MiningCN.csv
Global Warming Potential (Gwp100),0.1324848043405611,kg CO2-Eq,ecoinvent_2020_SSP2-Base,TRACI2.1,CN,Bastanasite Mining,kilogram,1,lcia_resultsecoinvent_2020_SSP2-BaseBastanasite_MiningCN.csv
Ecotoxicity: Freshwater,1.6556282191507643,CTUe,ecoinvent_2020_SSP2-Base,TRACI2.1,CN,Bastanasite Mining,kilogram,1,lcia_resultsecoinvent_2020_SSP2-BaseBastanasite_MiningCN.csv
Eutrophication Potential,0.0001689148584407,kg N-Eq,ecoinvent_2020_SSP2-Base,TRACI2.1,CN,Bastanasite Mining,kilogram,1,lcia_resultsecoinvent_2020_SSP2-BaseBastanasite_MiningCN.csv
Human Toxicity: Carcinogenic,2.4139990093330497e-08,CTUh,ecoinvent_2020_SSP2-Base,TRACI2.1,CN,Bastanasite Mining,kilogram,1,lcia_resultsecoinvent_2020_SSP2-BaseBastanasite_MiningCN.csv
Human Toxicity: Non-Carcinogenic,1.134698066442686e-08,CTUh,ecoinvent_2020_SSP2-Base,TRACI2.1,CN,Bastanasite Mining,kilogram,1,lcia_resultsecoinvent_2020_SSP2-BaseBastanasite_MiningCN.csv
Ozone Depletion Potential (Odp),1.8057165458197085e-09,kg CFC-11-Eq,ecoinvent_2020_SSP2-Base,TRACI2.1,CN,Bastanasite Mining,kilogram,1,lcia_resultsecoinvent_2020_SSP2-BaseBastanasite_MiningCN.csv
Particulate Matter Formation Potential (Pmfp),0.001838868132,PM2.5-Eq,ecoinvent_2020_SSP2-Base,TRACI2.1,CN,Bastanasite Mining,kilogram,1,lcia_resultsecoinvent_2020_SSP2-BaseBastanasite_MiningCN.csv
Maximum Incremental Reactivity (Mir),0.0499116164100913,kg O3-Eq,ecoinvent_2020_SSP2-Base,TRACI2.1,CN,Bastanasite Mining,kilogram,1,lcia_resultsecoinvent_2020_SSP2-BaseBastanasite_MiningCN.csv
Terrestrial Acidification Potential (Tap),0.0009489229404479,kg SO2-Eq,ecoinvent_2020_SSP2-Base,RECIPE,CN,Bastanasite Mining,kilogram,1,lcia_resultsecoinvent_2020_SSP2-BaseBastanasite_MiningCN.csv
Global Warming Potential (Gwp1000),0.1365222966470507,kg CO2-Eq,ecoinvent_2020_SSP2-Base,RECIPE,CN,Bastanasite Mining,kilogram,1,lcia_resultsecoinvent_2020_SSP2-BaseBastanasite_MiningCN.csv
Freshwater Ecotoxicity Potential (Fetp),0.0042842960772508,"kg 1,4-DCB-Eq",ecoinvent_2020_SSP2-Base,RECIPE,CN,Bastanasite Mining,kilogram,1,lcia_resultsecoinvent_2020_SSP2-BaseBastanasite_MiningCN.csv
Marine Ecotoxicity Potential (Metp),0.0057787488145785,"kg 1,4-DCB-Eq",ecoinvent_2020_SSP2-Base,RECIPE,CN,Bastanasite Mining,kilogram,1,lcia_resultsecoinvent_2020_SSP2-BaseBastanasite_MiningCN.csv
Terrestrial Ecotoxicity Potential (Tetp),0.8635328828011295,"kg 1,4-DCB-Eq",ecoinvent_2020_SSP2-Base,RECIPE,CN,Bastanasite Mining,kilogram,1,lcia_resultsecoinvent_2020_SSP2-BaseBastanasite_MiningCN.csv
Fossil Fuel Potential (Ffp),0.0385752401976605,kg oil-Eq,ecoinvent_2020_SSP2-Base,RECIPE,CN,Bastanasite Mining,kilogram,1,lcia_resultsecoinvent_2020_SSP2-BaseBastanasite_MiningCN.csv
Freshwater Eutrophication Potential (Fep),6.957114268907265e-06,kg P-Eq,ecoinvent_2020_SSP2-Base,RECIPE,CN,Bastanasite Mining,kilogram,1,lcia_resultsecoinvent_2020_SSP2-BaseBastanasite_MiningCN.csv
Marine Eutrophication Potential (Mep),1.3395841724593214e-06,kg N-Eq,ecoinvent_2020_SSP2-Base,RECIPE,CN,Bastanasite Mining,kilogram,1,lcia_resultsecoinvent_2020_SSP2-BaseBastanasite_MiningCN.csv
Human Toxicity Potential (Htpc),0.0169396668482997,"kg 1,4-DCB-Eq",ecoinvent_2020_SSP2-Base,RECIPE,CN,Bastanasite Mining,kilogram,1,lcia_resultsecoinvent_2020_SSP2-BaseBastanasite_MiningCN.csv
Human Toxicity Potential (Htpnc),0.0397359809876866,"kg 1,4-DCB-Eq",ecoinvent_2020_SSP2-Base,RECIPE,CN,Bastanasite Mining,kilogram,1,lcia_resultsecoinvent_2020_SSP2-BaseBastanasite_MiningCN.csv
Ionising Radiation Potential (Irp),0.0009152368444766,kg Co-60-Eq,ecoinvent_2020_SSP2-Base,RECIPE,CN,Bastanasite Mining,kilogram,1,lcia_resultsecoinvent_2020_SSP2-BaseBastanasite_MiningCN.csv
Agricultural Land Occupation (Lop),0.0005258071900438,m2*a crop-Eq,ecoinvent_2020_SSP2-Base,RECIPE,CN,Bastanasite Mining,kilogram,1,lcia_resultsecoinvent_2020_SSP2-BaseBastanasite_MiningCN.csv
Surplus Ore Potential (Sop),0.0013607309546425,kg Cu-Eq,ecoinvent_2020_SSP2-Base,RECIPE,CN,Bastanasite Mining,kilogram,1,lcia_resultsecoinvent_2020_SSP2-BaseBastanasite_MiningCN.csv
Ozone Depletion Potential (Odpinfinite),1.121586778641798e-07,kg CFC-11-Eq,ecoinvent_2020_SSP2-Base,RECIPE,CN,Bastanasite Mining,kilogram,1,lcia_resultsecoinvent_2020_SSP2-BaseBastanasite_MiningCN.csv
Particulate Matter Formation Potential (Pmfp),0.0020852597227081,kg PM2.5-Eq,ecoinvent_2020_SSP2-Base,RECIPE,CN,Bastanasite Mining,kilogram,1,lcia_resultsecoinvent_2020_SSP2-BaseBastanasite_MiningCN.csv
Photochemical Oxidant Formation Potential: Humans (Hofp),0.0020216390696866,kg NOx-Eq,ecoinvent_2020_SSP2-Base,RECIPE,CN,Bastanasite Mining,kilogram,1,lcia_resultsecoinvent_2020_SSP2-BaseBastanasite_MiningCN.csv
Photochemical Oxidant Formation Potential: Ecosystems (Eofp),0.0020563787654513,kg NOx-Eq,ecoinvent_2020_SSP2-Base,RECIPE,CN,Bastanasite Mining,kilogram,1,lcia_resultsecoinvent_2020_SSP2-BaseBastanasite_MiningCN.csv
Water Consumption Potential (Wcp),0.0001478349360441,cubic meter,ecoinvent_2020_SSP2-Base,RECIPE,CN,Bastanasite Mining,kilogram,1,lcia_resultsecoinvent_2020_SSP2-BaseBastanasite_MiningCN.csv
Acidification Potential (Ap) No Lt,0.0741740541586666,kg SO2-Eq,ecoinvent_2020_SSP2-Base,TRACI2.1,CN,Bastanasite SX,kilogram,1,lcia_resultsecoinvent_2020_SSP2-BaseBastanasite_SXCN.csv
Global Warming Potential (Gwp100) No Lt,20.713402072953603,kg CO2-Eq,ecoinvent_2020_SSP2-Base,TRACI2.1,CN,Bastanasite SX,kilogram,1,lcia_resultsecoinvent_2020_SSP2-BaseBastanasite_SXCN.csv
Ecotoxicity: Freshwater No Lt,25.858229229401257,CTUe,ecoinvent_2020_SSP2-Base,TRACI2.1,CN,Bastanasite SX,kilogram,1,lcia_resultsecoinvent_2020_SSP2-BaseBastanasite_SXCN.csv
Eutrophication Potential No Lt,0.0158783810151025,kg N-Eq,ecoinvent_2020_SSP2-Base,TRACI2.1,CN,Bastanasite SX,kilogram,1,lcia_resultsecoinvent_2020_SSP2-BaseBastanasite_SXCN.csv
Human Toxicity: Carcinogenic No Lt,7.350697629057516e-08,CTUh,ecoinvent_2020_SSP2-Base,TRACI2.1,CN,Bastanasite SX,kilogram,1,lcia_resultsecoinvent_2020_SSP2-BaseBastanasite_SXCN.csv
Human Toxicity: Non-Carcinogenic No Lt,1.9760467437804037e-06,CTUh,ecoinvent_2020_SSP2-Base,TRACI2.1,CN,Bastanasite SX,kilogram,1,lcia_resultsecoinvent_2020_SSP2-BaseBastanasite_SXCN.csv
Ozone Depletion Potential (Odp) No Lt,6.208165374406469e-07,kg CFC-11-Eq,ecoinvent_2020_SSP2-Base,TRACI2.1,CN,Bastanasite SX,kilogram,1,lcia_resultsecoinvent_2020_SSP2-BaseBastanasite_SXCN.csv
Particulate Matter Formation Potential (Pmfp) No Lt,0.0094949912304994,PM2.5-Eq,ecoinvent_2020_SSP2-Base,TRACI2.1,CN,Bastanasite SX,kilogram,1,lcia_resultsecoinvent_2020_SSP2-BaseBastanasite_SXCN.csv
Maximum Incremental Reactivity (Mir) No Lt,0.9072285442328109,kg O3-Eq,ecoinvent_2020_SSP2-Base,TRACI2.1,CN,Bastanasite SX,kilogram,1,lcia_resultsecoinvent_2020_SSP2-BaseBastanasite_SXCN.csv
Acidification Potential (Ap),0.0745421656512817,kg SO2-Eq,ecoinvent_2020_SSP2-Base,TRACI2.1,CN,Bastanasite SX,kilogram,1,lcia_resultsecoinvent_2020_SSP2-BaseBastanasite_SXCN.csv
Global Warming Potential (Gwp100),20.71658363649309,kg CO2-Eq,ecoinvent_2020_SSP2-Base,TRACI2.1,CN,Bastanasite SX,kilogram,1,lcia_resultsecoinvent_2020_SSP2-BaseBastanasite_SXCN.csv
Ecotoxicity: Freshwater,396.08328300197184,CTUe,ecoinvent_2020_SSP2-Base,TRACI2.1,CN,Bastanasite SX,kilogram,1,lcia_resultsecoinvent_2020_SSP2-BaseBastanasite_SXCN.csv
Eutrophication Potential,0.0684523741831663,kg N-Eq,ecoinvent_2020_SSP2-Base,TRACI2.1,CN,Bastanasite SX,kilogram,1,lcia_resultsecoinvent_2020_SSP2-BaseBastanasite_SXCN.csv
Human Toxicity: Carcinogenic,4.277392600369949e-06,CTUh,ecoinvent_2020_SSP2-Base,TRACI2.1,CN,Bastanasite SX,kilogram,1,lcia_resultsecoinvent_2020_SSP2-BaseBastanasite_SXCN.csv
Human Toxicity: Non-Carcinogenic,6.609385371215497e-06,CTUh,ecoinvent_2020_SSP2-Base,TRACI2.1,CN,Bastanasite SX,kilogram,1,lcia_resultsecoinvent_2020_SSP2-BaseBastanasite_SXCN.csv
Ozone Depletion Potential (Odp),6.208165374406469e-07,kg CFC-11-Eq,ecoinvent_2020_SSP2-Base,TRACI2.1,CN,Bastanasite SX,kilogram,1,lcia_resultsecoinvent_2020_SSP2-BaseBastanasite_SXCN.csv
Particulate Matter Formation Potential (Pmfp),0.0095513676147425,PM2.5-Eq,ecoinvent_2020_SSP2-Base,TRACI2.1,CN,Bastanasite SX,kilogram,1,lcia_resultsecoinvent_2020_SSP2-BaseBastanasite_SXCN.csv
Maximum Incremental Reactivity (Mir),0.920047758590116,kg O3-Eq,ecoinvent_2020_SSP2-Base,TRACI2.1,CN,Bastanasite SX,kilogram,1,lcia_resultsecoinvent_2020_SSP2-BaseBastanasite_SXCN.csv
Terrestrial Acidification Potential (Tap),0.0618714071975944,kg SO2-Eq,ecoinvent_2020_SSP2-Base,RECIPE,CN,Bastanasite SX,kilogram,1,lcia_resultsecoinvent_2020_SSP2-BaseBastanasite_SXCN.csv
Global Warming Potential (Gwp1000),21.7017251389536,kg CO2-Eq,ecoinvent_2020_SSP2-Base,RECIPE,CN,Bastanasite SX,kilogram,1,lcia_resultsecoinvent_2020_SSP2-BaseBastanasite_SXCN.csv
Freshwater Ecotoxicity Potential (Fetp),1.0870702372272547,"kg 1,4-DCB-Eq",ecoinvent_2020_SSP2-Base,RECIPE,CN,Bastanasite SX,kilogram,1,lcia_resultsecoinvent_2020_SSP2-BaseBastanasite_SXCN.csv
Marine Ecotoxicity Potential (Metp),1.6978437959806534,"kg 1,4-DCB-Eq",ecoinvent_2020_SSP2-Base,RECIPE,CN,Bastanasite SX,kilogram,1,lcia_resultsecoinvent_2020_SSP2-BaseBastanasite_SXCN.csv
Terrestrial Ecotoxicity Potential (Tetp),670.6344897358251,"kg 1,4-DCB-Eq",ecoinvent_2020_SSP2-Base,RECIPE,CN,Bastanasite SX,kilogram,1,lcia_resultsecoinvent_2020_SSP2-BaseBastanasite_SXCN.csv
Fossil Fuel Potential (Ffp),4.421124168293316,kg oil-Eq,ecoinvent_2020_SSP2-Base,RECIPE,CN,Bastanasite SX,kilogram,1,lcia_resultsecoinvent_2020_SSP2-BaseBastanasite_SXCN.csv
Freshwater Eutrophication Potential (Fep),0.0054712402576365,kg P-Eq,ecoinvent_2020_SSP2-Base,RECIPE,CN,Bastanasite SX,kilogram,1,lcia_resultsecoinvent_2020_SSP2-BaseBastanasite_SXCN.csv
Marine Eutrophication Potential (Mep),0.0020658863288507,kg N-Eq,ecoinvent_2020_SSP2-Base,RECIPE,CN,Bastanasite SX,kilogram,1,lcia_resultsecoinvent_2020_SSP2-BaseBastanasite_SXCN.csv
Human Toxicity Potential (Htpc),3.052324284025744,"kg 1,4-DCB-Eq",ecoinvent_2020_SSP2-Base,RECIPE,CN,Bastanasite SX,kilogram,1,lcia_resultsecoinvent_2020_SSP2-BaseBastanasite_SXCN.csv
Human Toxicity Potential (Htpnc),24.773109789290864,"kg 1,4-DCB-Eq",ecoinvent_2020_SSP2-Base,RECIPE,CN,Bastanasite SX,kilogram,1,lcia_resultsecoinvent_2020_SSP2-BaseBastanasite_SXCN.csv
Ionising Radiation Potential (Irp),0.8472786788588824,kg Co-60-Eq,ecoinvent_2020_SSP2-Base,RECIPE,CN,Bastanasite SX,kilogram,1,lcia_resultsecoinvent_2020_SSP2-BaseBastanasite_SXCN.csv
Agricultural Land Occupation (Lop),0.3635189189280259,m2*a crop-Eq,ecoinvent_2020_SSP2-Base,RECIPE,CN,Bastanasite SX,kilogram,1,lcia_resultsecoinvent_2020_SSP2-BaseBastanasite_SXCN.csv
Surplus Ore Potential (Sop),0.728651397070325,kg Cu-Eq,ecoinvent_2020_SSP2-Base,RECIPE,CN,Bastanasite SX,kilogram,1,lcia_resultsecoinvent_2020_SSP2-BaseBastanasite_SXCN.csv
Ozone Depletion Potential (Odpinfinite),6.657939753051338e-06,kg CFC-11-Eq,ecoinvent_2020_SSP2-Base,RECIPE,CN,Bastanasite SX,kilogram,1,lcia_resultsecoinvent_2020_SSP2-BaseBastanasite_SXCN.csv
Particulate Matter Formation Potential (Pmfp),0.0227052961559969,kg PM2.5-Eq,ecoinvent_2020_SSP2-Base,RECIPE,CN,Bastanasite SX,kilogram,1,lcia_resultsecoinvent_2020_SSP2-BaseBastanasite_SXCN.csv
Photochemical Oxidant Formation Potential: Humans (Hofp),0.0297248721643631,kg NOx-Eq,ecoinvent_2020_SSP2-Base,RECIPE,CN,Bastanasite SX,kilogram,1,lcia_resultsecoinvent_2020_SSP2-BaseBastanasite_SXCN.csv
Photochemical Oxidant Formation Potential: Ecosystems (Eofp),0.0307510484769,kg NOx-Eq,ecoinvent_2020_SSP2-Base,RECIPE,CN,Bastanasite SX,kilogram,1,lcia_resultsecoinvent_2020_SSP2-BaseBastanasite_SXCN.csv
Water Consumption Potential (Wcp),0.2218947287523212,cubic meter,ecoinvent_2020_SSP2-Base,RECIPE,CN,Bastanasite SX,kilogram,1,lcia_resultsecoinvent_2020_SSP2-BaseBastanasite_SXCN.csv
Acidification Potential (Ap) No Lt,0.0185254585566025,kg SO2-Eq,ecoinvent_2020_SSP2-Base,TRACI2.1,CN,BM SX & Calcination [allocated to dysprosium oxide],kilogram,1,lcia_resultsecoinvent_2020_SSP2-BaseBM_SX_&_Calcination_[allocated_to_dysprosium_oxide]CN.csv
Global Warming Potential (Gwp100) No Lt,4.444488917905445,kg CO2-Eq,ecoinvent_2020_SSP2-Base,TRACI2.1,CN,BM SX & Calcination [allocated to dysprosium oxide],kilogram,1,lcia_resultsecoinvent_2020_SSP2-BaseBM_SX_&_Calcination_[allocated_to_dysprosium_oxide]CN.csv
Ecotoxicity: Freshwater No Lt,4.208937261211749,CTUe,ecoinvent_2020_SSP2-Base,TRACI2.1,CN,BM SX & Calcination [allocated to dysprosium oxide],kilogram,1,lcia_resultsecoinvent_2020_SSP2-BaseBM_SX_&_Calcination_[allocated_to_dysprosium_oxide]CN.csv
Eutrophication Potential No Lt,0.0109564680134713,kg N-Eq,ecoinvent_2020_SSP2-Base,TRACI2.1,CN,BM SX & Calcination [allocated to dysprosium oxide],kilogram,1,lcia_resultsecoinvent_2020_SSP2-BaseBM_SX_&_Calcination_[allocated_to_dysprosium_oxide]CN.csv
Human Toxicity: Carcinogenic No Lt,2.671601222454293e-08,CTUh,ecoinvent_2020_SSP2-Base,TRACI2.1,CN,BM SX & Calcination [allocated to dysprosium oxide],kilogram,1,lcia_resultsecoinvent_2020_SSP2-BaseBM_SX_&_Calcination_[allocated_to_dysprosium_oxide]CN.csv
Human Toxicity: Non-Carcinogenic No Lt,6.648818500676674e-07,CTUh,ecoinvent_2020_SSP2-Base,TRACI2.1,CN,BM SX & Calcination [allocated to dysprosium oxide],kilogram,1,lcia_resultsecoinvent_2020_SSP2-BaseBM_SX_&_Calcination_[allocated_to_dysprosium_oxide]CN.csv
Ozone Depletion Potential (Odp) No Lt,3.66108838924078e-07,kg CFC-11-Eq,ecoinvent_2020_SSP2-Base,TRACI2.1,CN,BM SX & Calcination [allocated to dysprosium oxide],kilogram,1,lcia_resultsecoinvent_2020_SSP2-BaseBM_SX_&_Calcination_[allocated_to_dysprosium_oxide]CN.csv
Particulate Matter Formation Potential (Pmfp) No Lt,0.0021176764148846,PM2.5-Eq,ecoinvent_2020_SSP2-Base,TRACI2.1,CN,BM SX & Calcination [allocated to dysprosium oxide],kilogram,1,lcia_resultsecoinvent_2020_SSP2-BaseBM_SX_&_Calcination_[allocated_to_dysprosium_oxide]CN.csv
Maximum Incremental Reactivity (Mir) No Lt,0.2319609927870623,kg O3-Eq,ecoinvent_2020_SSP2-Base,TRACI2.1,CN,BM SX & Calcination [allocated to dysprosium oxide],kilogram,1,lcia_resultsecoinvent_2020_SSP2-BaseBM_SX_&_Calcination_[allocated_to_dysprosium_oxide]CN.csv
Acidification Potential (Ap),0.0186355767619173,kg SO2-Eq,ecoinvent_2020_SSP2-Base,TRACI2.1,CN,BM SX & Calcination [allocated to dysprosium oxide],kilogram,1,lcia_resultsecoinvent_2020_SSP2-BaseBM_SX_&_Calcination_[allocated_to_dysprosium_oxide]CN.csv
Global Warming Potential (Gwp100),4.445440567435193,kg CO2-Eq,ecoinvent_2020_SSP2-Base,TRACI2.1,CN,BM SX & Calcination [allocated to dysprosium oxide],kilogram,1,lcia_resultsecoinvent_2020_SSP2-BaseBM_SX_&_Calcination_[allocated_to_dysprosium_oxide]CN.csv
Ecotoxicity: Freshwater,119.40412690671386,CTUe,ecoinvent_2020_SSP2-Base,TRACI2.1,CN,BM SX & Calcination [allocated to dysprosium oxide],kilogram,1,lcia_resultsecoinvent_2020_SSP2-BaseBM_SX_&_Calcination_[allocated_to_dysprosium_oxide]CN.csv
Eutrophication Potential,0.0231892965538079,kg N-Eq,ecoinvent_2020_SSP2-Base,TRACI2.1,CN,BM SX & Calcination [allocated to dysprosium oxide],kilogram,1,lcia_resultsecoinvent_2020_SSP2-BaseBM_SX_&_Calcination_[allocated_to_dysprosium_oxide]CN.csv
Human Toxicity: Carcinogenic,1.1670215719634644e-06,CTUh,ecoinvent_2020_SSP2-Base,TRACI2.1,CN,BM SX & Calcination [allocated to dysprosium oxide],kilogram,1,lcia_resultsecoinvent_2020_SSP2-BaseBM_SX_&_Calcination_[allocated_to_dysprosium_oxide]CN.csv
Human Toxicity: Non-Carcinogenic,1.9149534160562844e-06,CTUh,ecoinvent_2020_SSP2-Base,TRACI2.1,CN,BM SX & Calcination [allocated to dysprosium oxide],kilogram,1,lcia_resultsecoinvent_2020_SSP2-BaseBM_SX_&_Calcination_[allocated_to_dysprosium_oxide]CN.csv
Ozone Depletion Potential (Odp),3.66108838924078e-07,kg CFC-11-Eq,ecoinvent_2020_SSP2-Base,TRACI2.1,CN,BM SX & Calcination [allocated to dysprosium oxide],kilogram,1,lcia_resultsecoinvent_2020_SSP2-BaseBM_SX_&_Calcination_[allocated_to_dysprosium_oxide]CN.csv
Particulate Matter Formation Potential (Pmfp),0.0021303466528499,PM2.5-Eq,ecoinvent_2020_SSP2-Base,TRACI2.1,CN,BM SX & Calcination [allocated to dysprosium oxide],kilogram,1,lcia_resultsecoinvent_2020_SSP2-BaseBM_SX_&_Calcination_[allocated_to_dysprosium_oxide]CN.csv
Maximum Incremental Reactivity (Mir),0.2357963506137971,kg O3-Eq,ecoinvent_2020_SSP2-Base,TRACI2.1,CN,BM SX & Calcination [allocated to dysprosium oxide],kilogram,1,lcia_resultsecoinvent_2020_SSP2-BaseBM_SX_&_Calcination_[allocated_to_dysprosium_oxide]CN.csv
Terrestrial Acidification Potential (Tap),0.0155685671663232,kg SO2-Eq,ecoinvent_2020_SSP2-Base,RECIPE,CN,BM SX & Calcination [allocated to dysprosium oxide],kilogram,1,lcia_resultsecoinvent_2020_SSP2-BaseBM_SX_&_Calcination_[allocated_to_dysprosium_oxide]CN.csv
Global Warming Potential (Gwp1000),4.689638479551133,kg CO2-Eq,ecoinvent_2020_SSP2-Base,RECIPE,CN,BM SX & Calcination [allocated to dysprosium oxide],kilogram,1,lcia_resultsecoinvent_2020_SSP2-BaseBM_SX_&_Calcination_[allocated_to_dysprosium_oxide]CN.csv
Freshwater Ecotoxicity Potential (Fetp),0.344967389996276,"kg 1,4-DCB-Eq",ecoinvent_2020_SSP2-Base,RECIPE,CN,BM SX & Calcination [allocated to dysprosium oxide],kilogram,1,lcia_resultsecoinvent_2020_SSP2-BaseBM_SX_&_Calcination_[allocated_to_dysprosium_oxide]CN.csv
Marine Ecotoxicity Potential (Metp),0.4731022813598237,"kg 1,4-DCB-Eq",ecoinvent_2020_SSP2-Base,RECIPE,CN,BM SX & Calcination [allocated to dysprosium oxide],kilogram,1,lcia_resultsecoinvent_2020_SSP2-BaseBM_SX_&_Calcination_[allocated_to_dysprosium_oxide]CN.csv
Terrestrial Ecotoxicity Potential (Tetp),71.00927968920023,"kg 1,4-DCB-Eq",ecoinvent_2020_SSP2-Base,RECIPE,CN,BM SX & Calcination [allocated to dysprosium oxide],kilogram,1,lcia_resultsecoinvent_2020_SSP2-BaseBM_SX_&_Calcination_[allocated_to_dysprosium_oxide]CN.csv
Fossil Fuel Potential (Ffp),1.86023312711067,kg oil-Eq,ecoinvent_2020_SSP2-Base,RECIPE,CN,BM SX & Calcination [allocated to dysprosium oxide],kilogram,1,lcia_resultsecoinvent_2020_SSP2-BaseBM_SX_&_Calcination_[allocated_to_dysprosium_oxide]CN.csv
Freshwater Eutrophication Potential (Fep),0.0013776736168845,kg P-Eq,ecoinvent_2020_SSP2-Base,RECIPE,CN,BM SX & Calcination [allocated to dysprosium oxide],kilogram,1,lcia_resultsecoinvent_2020_SSP2-BaseBM_SX_&_Calcination_[allocated_to_dysprosium_oxide]CN.csv
Marine Eutrophication Potential (Mep),0.0001856577690324,kg N-Eq,ecoinvent_2020_SSP2-Base,RECIPE,CN,BM SX & Calcination [allocated to dysprosium oxide],kilogram,1,lcia_resultsecoinvent_2020_SSP2-BaseBM_SX_&_Calcination_[allocated_to_dysprosium_oxide]CN.csv
Human Toxicity Potential (Htpc),0.8397495558395915,"kg 1,4-DCB-Eq",ecoinvent_2020_SSP2-Base,RECIPE,CN,BM SX & Calcination [allocated to dysprosium oxide],kilogram,1,lcia_resultsecoinvent_2020_SSP2-BaseBM_SX_&_Calcination_[allocated_to_dysprosium_oxide]CN.csv
Human Toxicity Potential (Htpnc),7.230647200241556,"kg 1,4-DCB-Eq",ecoinvent_2020_SSP2-Base,RECIPE,CN,BM SX & Calcination [allocated to dysprosium oxide],kilogram,1,lcia_resultsecoinvent_2020_SSP2-BaseBM_SX_&_Calcination_[allocated_to_dysprosium_oxide]CN.csv
Ionising Radiation Potential (Irp),0.2267640119062737,kg Co-60-Eq,ecoinvent_2020_SSP2-Base,RECIPE,CN,BM SX & Calcination [allocated to dysprosium oxide],kilogram,1,lcia_resultsecoinvent_2020_SSP2-BaseBM_SX_&_Calcination_[allocated_to_dysprosium_oxide]CN.csv
Agricultural Land Occupation (Lop),0.0789801899855137,m2*a crop-Eq,ecoinvent_2020_SSP2-Base,RECIPE,CN,BM SX & Calcination [allocated to dysprosium oxide],kilogram,1,lcia_resultsecoinvent_2020_SSP2-BaseBM_SX_&_Calcination_[allocated_to_dysprosium_oxide]CN.csv
Surplus Ore Potential (Sop),0.3199615346604411,kg Cu-Eq,ecoinvent_2020_SSP2-Base,RECIPE,CN,BM SX & Calcination [allocated to dysprosium oxide],kilogram,1,lcia_resultsecoinvent_2020_SSP2-BaseBM_SX_&_Calcination_[allocated_to_dysprosium_oxide]CN.csv
Ozone Depletion Potential (Odpinfinite),2.963644480025408e-06,kg CFC-11-Eq,ecoinvent_2020_SSP2-Base,RECIPE,CN,BM SX & Calcination [allocated to dysprosium oxide],kilogram,1,lcia_resultsecoinvent_2020_SSP2-BaseBM_SX_&_Calcination_[allocated_to_dysprosium_oxide]CN.csv
Particulate Matter Formation Potential (Pmfp),0.0055981124805094,kg PM2.5-Eq,ecoinvent_2020_SSP2-Base,RECIPE,CN,BM SX & Calcination [allocated to dysprosium oxide],kilogram,1,lcia_resultsecoinvent_2020_SSP2-BaseBM_SX_&_Calcination_[allocated_to_dysprosium_oxide]CN.csv
Photochemical Oxidant Formation Potential: Humans (Hofp),0.0077361624907062,kg NOx-Eq,ecoinvent_2020_SSP2-Base,RECIPE,CN,BM SX & Calcination [allocated to dysprosium oxide],kilogram,1,lcia_resultsecoinvent_2020_SSP2-BaseBM_SX_&_Calcination_[allocated_to_dysprosium_oxide]CN.csv
Photochemical Oxidant Formation Potential: Ecosystems (Eofp),0.0084850377509846,kg NOx-Eq,ecoinvent_2020_SSP2-Base,RECIPE,CN,BM SX & Calcination [allocated to dysprosium oxide],kilogram,1,lcia_resultsecoinvent_2020_SSP2-BaseBM_SX_&_Calcination_[allocated_to_dysprosium_oxide]CN.csv
Water Consumption Potential (Wcp),0.0480534371072736,cubic meter,ecoinvent_2020_SSP2-Base,RECIPE,CN,BM SX & Calcination [allocated to dysprosium oxide],kilogram,1,lcia_resultsecoinvent_2020_SSP2-BaseBM_SX_&_Calcination_[allocated_to_dysprosium_oxide]CN.csv
Acidification Potential (Ap) No Lt,0.0702987363507677,kg SO2-Eq,ecoinvent_2020_SSP2-Base,TRACI2.1,CN,BM Mining,kilogram,1,lcia_resultsecoinvent_2020_SSP2-BaseBM_MiningCN.csv
Global Warming Potential (Gwp100) No Lt,0.9870578367335672,kg CO2-Eq,ecoinvent_2020_SSP2-Base,TRACI2.1,CN,BM Mining,kilogram,1,lcia_resultsecoinvent_2020_SSP2-BaseBM_MiningCN.csv
Ecotoxicity: Freshwater No Lt,0.8196578198006763,CTUe,ecoinvent_2020_SSP2-Base,TRACI2.1,CN,BM Mining,kilogram,1,lcia_resultsecoinvent_2020_SSP2-BaseBM_MiningCN.csv
Eutrophication Potential No Lt,0.0047240949074966,kg N-Eq,ecoinvent_2020_SSP2-Base,TRACI2.1,CN,BM Mining,kilogram,1,lcia_resultsecoinvent_2020_SSP2-BaseBM_MiningCN.csv
Human Toxicity: Carcinogenic No Lt,2.9316669021849144e-09,CTUh,ecoinvent_2020_SSP2-Base,TRACI2.1,CN,BM Mining,kilogram,1,lcia_resultsecoinvent_2020_SSP2-BaseBM_MiningCN.csv
Human Toxicity: Non-Carcinogenic No Lt,7.980638653772861e-08,CTUh,ecoinvent_2020_SSP2-Base,TRACI2.1,CN,BM Mining,kilogram,1,lcia_resultsecoinvent_2020_SSP2-BaseBM_MiningCN.csv
Ozone Depletion Potential (Odp) No Lt,7.649892615942675e-09,kg CFC-11-Eq,ecoinvent_2020_SSP2-Base,TRACI2.1,CN,BM Mining,kilogram,1,lcia_resultsecoinvent_2020_SSP2-BaseBM_MiningCN.csv
Particulate Matter Formation Potential (Pmfp) No Lt,0.0027030945178145,PM2.5-Eq,ecoinvent_2020_SSP2-Base,TRACI2.1,CN,BM Mining,kilogram,1,lcia_resultsecoinvent_2020_SSP2-BaseBM_MiningCN.csv
Maximum Incremental Reactivity (Mir) No Lt,1.6714008438051746,kg O3-Eq,ecoinvent_2020_SSP2-Base,TRACI2.1,CN,BM Mining,kilogram,1,lcia_resultsecoinvent_2020_SSP2-BaseBM_MiningCN.csv
Acidification Potential (Ap),0.0703237547549419,kg SO2-Eq,ecoinvent_2020_SSP2-Base,TRACI2.1,CN,BM Mining,kilogram,1,lcia_resultsecoinvent_2020_SSP2-BaseBM_MiningCN.csv
Global Warming Potential (Gwp100),0.9872741196989382,kg CO2-Eq,ecoinvent_2020_SSP2-Base,TRACI2.1,CN,BM Mining,kilogram,1,lcia_resultsecoinvent_2020_SSP2-BaseBM_MiningCN.csv
Ecotoxicity: Freshwater,20.90420729943697,CTUe,ecoinvent_2020_SSP2-Base,TRACI2.1,CN,BM Mining,kilogram,1,lcia_resultsecoinvent_2020_SSP2-BaseBM_MiningCN.csv
Eutrophication Potential,0.0063759195681299,kg N-Eq,ecoinvent_2020_SSP2-Base,TRACI2.1,CN,BM Mining,kilogram,1,lcia_resultsecoinvent_2020_SSP2-BaseBM_MiningCN.csv
Human Toxicity: Carcinogenic,3.405446779667062e-07,CTUh,ecoinvent_2020_SSP2-Base,TRACI2.1,CN,BM Mining,kilogram,1,lcia_resultsecoinvent_2020_SSP2-BaseBM_MiningCN.csv
Human Toxicity: Non-Carcinogenic,2.4321626187725574e-07,CTUh,ecoinvent_2020_SSP2-Base,TRACI2.1,CN,BM Mining,kilogram,1,lcia_resultsecoinvent_2020_SSP2-BaseBM_MiningCN.csv
Ozone Depletion Potential (Odp),7.649892615942675e-09,kg CFC-11-Eq,ecoinvent_2020_SSP2-Base,TRACI2.1,CN,BM Mining,kilogram,1,lcia_resultsecoinvent_2020_SSP2-BaseBM_MiningCN.csv
Particulate Matter Formation Potential (Pmfp),0.0027060554180336,PM2.5-Eq,ecoinvent_2020_SSP2-Base,TRACI2.1,CN,BM Mining,kilogram,1,lcia_resultsecoinvent_2020_SSP2-BaseBM_MiningCN.csv
Maximum Incremental Reactivity (Mir),1.6722715666570327,kg O3-Eq,ecoinvent_2020_SSP2-Base,TRACI2.1,CN,BM Mining,kilogram,1,lcia_resultsecoinvent_2020_SSP2-BaseBM_MiningCN.csv
Terrestrial Acidification Potential (Tap),0.048844737361864,kg SO2-Eq,ecoinvent_2020_SSP2-Base,RECIPE,CN,BM Mining,kilogram,1,lcia_resultsecoinvent_2020_SSP2-BaseBM_MiningCN.csv
Global Warming Potential (Gwp1000),1.0128095538324864,kg CO2-Eq,ecoinvent_2020_SSP2-Base,RECIPE,CN,BM Mining,kilogram,1,lcia_resultsecoinvent_2020_SSP2-BaseBM_MiningCN.csv
Freshwater Ecotoxicity Potential (Fetp),0.0536801619453808,"kg 1,4-DCB-Eq",ecoinvent_2020_SSP2-Base,RECIPE,CN,BM Mining,kilogram,1,lcia_resultsecoinvent_2020_SSP2-BaseBM_MiningCN.csv
Marine Ecotoxicity Potential (Metp),0.0758760600384846,"kg 1,4-DCB-Eq",ecoinvent_2020_SSP2-Base,RECIPE,CN,BM Mining,kilogram,1,lcia_resultsecoinvent_2020_SSP2-BaseBM_MiningCN.csv
Terrestrial Ecotoxicity Potential (Tetp),16.233741687092703,"kg 1,4-DCB-Eq",ecoinvent_2020_SSP2-Base,RECIPE,CN,BM Mining,kilogram,1,lcia_resultsecoinvent_2020_SSP2-BaseBM_MiningCN.csv
Fossil Fuel Potential (Ffp),0.1751489997535247,kg oil-Eq,ecoinvent_2020_SSP2-Base,RECIPE,CN,BM Mining,kilogram,1,lcia_resultsecoinvent_2020_SSP2-BaseBM_MiningCN.csv
Freshwater Eutrophication Potential (Fep),0.0001856136323473,kg P-Eq,ecoinvent_2020_SSP2-Base,RECIPE,CN,BM Mining,kilogram,1,lcia_resultsecoinvent_2020_SSP2-BaseBM_MiningCN.csv
Marine Eutrophication Potential (Mep),5.5717180129487954e-05,kg N-Eq,ecoinvent_2020_SSP2-Base,RECIPE,CN,BM Mining,kilogram,1,lcia_resultsecoinvent_2020_SSP2-BaseBM_MiningCN.csv
Human Toxicity Potential (Htpc),0.2397795366096859,"kg 1,4-DCB-Eq",ecoinvent_2020_SSP2-Base,RECIPE,CN,BM Mining,kilogram,1,lcia_resultsecoinvent_2020_SSP2-BaseBM_MiningCN.csv
Human Toxicity Potential (Htpnc),0.8895027736165528,"kg 1,4-DCB-Eq",ecoinvent_2020_SSP2-Base,RECIPE,CN,BM Mining,kilogram,1,lcia_resultsecoinvent_2020_SSP2-BaseBM_MiningCN.csv
Ionising Radiation Potential (Irp),0.0174243140106516,kg Co-60-Eq,ecoinvent_2020_SSP2-Base,RECIPE,CN,BM Mining,kilogram,1,lcia_resultsecoinvent_2020_SSP2-BaseBM_MiningCN.csv
Agricultural Land Occupation (Lop),0.0252627032319142,m2*a crop-Eq,ecoinvent_2020_SSP2-Base,RECIPE,CN,BM Mining,kilogram,1,lcia_resultsecoinvent_2020_SSP2-BaseBM_MiningCN.csv
Surplus Ore Potential (Sop),0.0135115476319539,kg Cu-Eq,ecoinvent_2020_SSP2-Base,RECIPE,CN,BM Mining,kilogram,1,lcia_resultsecoinvent_2020_SSP2-BaseBM_MiningCN.csv
Ozone Depletion Potential (Odpinfinite),8.269460344597689e-06,kg CFC-11-Eq,ecoinvent_2020_SSP2-Base,RECIPE,CN,BM Mining,kilogram,1,lcia_resultsecoinvent_2020_SSP2-BaseBM_MiningCN.csv
Particulate Matter Formation Potential (Pmfp),0.0118979427289747,kg PM2.5-Eq,ecoinvent_2020_SSP2-Base,RECIPE,CN,BM Mining,kilogram,1,lcia_resultsecoinvent_2020_SSP2-BaseBM_MiningCN.csv
Photochemical Oxidant Formation Potential: Humans (Hofp),0.0678433277203687,kg NOx-Eq,ecoinvent_2020_SSP2-Base,RECIPE,CN,BM Mining,kilogram,1,lcia_resultsecoinvent_2020_SSP2-BaseBM_MiningCN.csv
Photochemical Oxidant Formation Potential: Ecosystems (Eofp),0.0691909366924716,kg NOx-Eq,ecoinvent_2020_SSP2-Base,RECIPE,CN,BM Mining,kilogram,1,lcia_resultsecoinvent_2020_SSP2-BaseBM_MiningCN.csv
Water Consumption Potential (Wcp),0.0084578615019023,cubic meter,ecoinvent_2020_SSP2-Base,RECIPE,CN,BM Mining,kilogram,1,lcia_resultsecoinvent_2020_SSP2-BaseBM_MiningCN.csv
Acidification Potential (Ap) No Lt,0.0119786968130961,kg SO2-Eq,ecoinvent_2020_SSP2-Base,TRACI2.1,CN,Bastanasite HCL Digestion,kilogram,1,lcia_resultsecoinvent_2020_SSP2-BaseBastanasite_HCL_DigestionCN.csv
Global Warming Potential (Gwp100) No Lt,2.02293386029039,kg CO2-Eq,ecoinvent_2020_SSP2-Base,TRACI2.1,CN,Bastanasite HCL Digestion,kilogram,1,lcia_resultsecoinvent_2020_SSP2-BaseBastanasite_HCL_DigestionCN.csv
Ecotoxicity: Freshwater No Lt,2.602044239908236,CTUe,ecoinvent_2020_SSP2-Base,TRACI2.1,CN,Bastanasite HCL Digestion,kilogram,1,lcia_resultsecoinvent_2020_SSP2-BaseBastanasite_HCL_DigestionCN.csv
Eutrophication Potential No Lt,0.0017092936370004,kg N-Eq,ecoinvent_2020_SSP2-Base,TRACI2.1,CN,Bastanasite HCL Digestion,kilogram,1,lcia_resultsecoinvent_2020_SSP2-BaseBastanasite_HCL_DigestionCN.csv
Human Toxicity: Carcinogenic No Lt,1.2887266675869453e-08,CTUh,ecoinvent_2020_SSP2-Base,TRACI2.1,CN,Bastanasite HCL Digestion,kilogram,1,lcia_resultsecoinvent_2020_SSP2-BaseBastanasite_HCL_DigestionCN.csv
Human Toxicity: Non-Carcinogenic No Lt,3.150506231650308e-07,CTUh,ecoinvent_2020_SSP2-Base,TRACI2.1,CN,Bastanasite HCL Digestion,kilogram,1,lcia_resultsecoinvent_2020_SSP2-BaseBastanasite_HCL_DigestionCN.csv
Ozone Depletion Potential (Odp) No Lt,9.800210240750273e-08,kg CFC-11-Eq,ecoinvent_2020_SSP2-Base,TRACI2.1,CN,Bastanasite HCL Digestion,kilogram,1,lcia_resultsecoinvent_2020_SSP2-BaseBastanasite_HCL_DigestionCN.csv
Particulate Matter Formation Potential (Pmfp) No Lt,0.0014699625469047,PM2.5-Eq,ecoinvent_2020_SSP2-Base,TRACI2.1,CN,Bastanasite HCL Digestion,kilogram,1,lcia_resultsecoinvent_2020_SSP2-BaseBastanasite_HCL_DigestionCN.csv
Maximum Incremental Reactivity (Mir) No Lt,0.1620289151406785,kg O3-Eq,ecoinvent_2020_SSP2-Base,TRACI2.1,CN,Bastanasite HCL Digestion,kilogram,1,lcia_resultsecoinvent_2020_SSP2-BaseBastanasite_HCL_DigestionCN.csv
Acidification Potential (Ap),0.0121222579912459,kg SO2-Eq,ecoinvent_2020_SSP2-Base,TRACI2.1,CN,Bastanasite HCL Digestion,kilogram,1,lcia_resultsecoinvent_2020_SSP2-BaseBastanasite_HCL_DigestionCN.csv
Global Warming Potential (Gwp100),2.024178082173751,kg CO2-Eq,ecoinvent_2020_SSP2-Base,TRACI2.1,CN,Bastanasite HCL Digestion,kilogram,1,lcia_resultsecoinvent_2020_SSP2-BaseBastanasite_HCL_DigestionCN.csv
Ecotoxicity: Freshwater,59.02012755168138,CTUe,ecoinvent_2020_SSP2-Base,TRACI2.1,CN,Bastanasite HCL Digestion,kilogram,1,lcia_resultsecoinvent_2020_SSP2-BaseBastanasite_HCL_DigestionCN.csv
Eutrophication Potential,0.0073388088226153,kg N-Eq,ecoinvent_2020_SSP2-Base,TRACI2.1,CN,Bastanasite HCL Digestion,kilogram,1,lcia_resultsecoinvent_2020_SSP2-BaseBastanasite_HCL_DigestionCN.csv
Human Toxicity: Carcinogenic,8.160154142857733e-07,CTUh,ecoinvent_2020_SSP2-Base,TRACI2.1,CN,Bastanasite HCL Digestion,kilogram,1,lcia_resultsecoinvent_2020_SSP2-BaseBastanasite_HCL_DigestionCN.csv
Human Toxicity: Non-Carcinogenic,8.872066802178663e-07,CTUh,ecoinvent_2020_SSP2-Base,TRACI2.1,CN,Bastanasite HCL Digestion,kilogram,1,lcia_resultsecoinvent_2020_SSP2-BaseBastanasite_HCL_DigestionCN.csv
Ozone Depletion Potential (Odp),9.800210240750273e-08,kg CFC-11-Eq,ecoinvent_2020_SSP2-Base,TRACI2.1,CN,Bastanasite HCL Digestion,kilogram,1,lcia_resultsecoinvent_2020_SSP2-BaseBastanasite_HCL_DigestionCN.csv
Particulate Matter Formation Potential (Pmfp),0.0014819696713162,PM2.5-Eq,ecoinvent_2020_SSP2-Base,TRACI2.1,CN,Bastanasite HCL Digestion,kilogram,1,lcia_resultsecoinvent_2020_SSP2-BaseBastanasite_HCL_DigestionCN.csv
Maximum Incremental Reactivity (Mir),0.1670382034096123,kg O3-Eq,ecoinvent_2020_SSP2-Base,TRACI2.1,CN,Bastanasite HCL Digestion,kilogram,1,lcia_resultsecoinvent_2020_SSP2-BaseBastanasite_HCL_DigestionCN.csv
Terrestrial Acidification Potential (Tap),0.0098546066718149,kg SO2-Eq,ecoinvent_2020_SSP2-Base,RECIPE,CN,Bastanasite HCL Digestion,kilogram,1,lcia_resultsecoinvent_2020_SSP2-BaseBastanasite_HCL_DigestionCN.csv
Global Warming Potential (Gwp1000),2.0986587624269752,kg CO2-Eq,ecoinvent_2020_SSP2-Base,RECIPE,CN,Bastanasite HCL Digestion,kilogram,1,lcia_resultsecoinvent_2020_SSP2-BaseBastanasite_HCL_DigestionCN.csv
Freshwater Ecotoxicity Potential (Fetp),0.1624670395935486,"kg 1,4-DCB-Eq",ecoinvent_2020_SSP2-Base,RECIPE,CN,Bastanasite HCL Digestion,kilogram,1,lcia_resultsecoinvent_2020_SSP2-BaseBastanasite_HCL_DigestionCN.csv
Marine Ecotoxicity Potential (Metp),0.2281375865666471,"kg 1,4-DCB-Eq",ecoinvent_2020_SSP2-Base,RECIPE,CN,Bastanasite HCL Digestion,kilogram,1,lcia_resultsecoinvent_2020_SSP2-BaseBastanasite_HCL_DigestionCN.csv
Terrestrial Ecotoxicity Potential (Tetp),41.47719340179689,"kg 1,4-DCB-Eq",ecoinvent_2020_SSP2-Base,RECIPE,CN,Bastanasite HCL Digestion,kilogram,1,lcia_resultsecoinvent_2020_SSP2-BaseBastanasite_HCL_DigestionCN.csv
Fossil Fuel Potential (Ffp),0.4699075247366124,kg oil-Eq,ecoinvent_2020_SSP2-Base,RECIPE,CN,Bastanasite HCL Digestion,kilogram,1,lcia_resultsecoinvent_2020_SSP2-BaseBastanasite_HCL_DigestionCN.csv
Freshwater Eutrophication Potential (Fep),0.0006436946973738,kg P-Eq,ecoinvent_2020_SSP2-Base,RECIPE,CN,Bastanasite HCL Digestion,kilogram,1,lcia_resultsecoinvent_2020_SSP2-BaseBastanasite_HCL_DigestionCN.csv
Marine Eutrophication Potential (Mep),8.799736798964942e-05,kg N-Eq,ecoinvent_2020_SSP2-Base,RECIPE,CN,Bastanasite HCL Digestion,kilogram,1,lcia_resultsecoinvent_2020_SSP2-BaseBastanasite_HCL_DigestionCN.csv
Human Toxicity Potential (Htpc),0.5795890507385807,"kg 1,4-DCB-Eq",ecoinvent_2020_SSP2-Base,RECIPE,CN,Bastanasite HCL Digestion,kilogram,1,lcia_resultsecoinvent_2020_SSP2-BaseBastanasite_HCL_DigestionCN.csv
Human Toxicity Potential (Htpnc),3.35215135553198,"kg 1,4-DCB-Eq",ecoinvent_2020_SSP2-Base,RECIPE,CN,Bastanasite HCL Digestion,kilogram,1,lcia_resultsecoinvent_2020_SSP2-BaseBastanasite_HCL_DigestionCN.csv
Ionising Radiation Potential (Irp),0.0903278466884447,kg Co-60-Eq,ecoinvent_2020_SSP2-Base,RECIPE,CN,Bastanasite HCL Digestion,kilogram,1,lcia_resultsecoinvent_2020_SSP2-BaseBastanasite_HCL_DigestionCN.csv
Agricultural Land Occupation (Lop),0.0713092747348833,m2*a crop-Eq,ecoinvent_2020_SSP2-Base,RECIPE,CN,Bastanasite HCL Digestion,kilogram,1,lcia_resultsecoinvent_2020_SSP2-BaseBastanasite_HCL_DigestionCN.csv
Surplus Ore Potential (Sop),0.1154018623546032,kg Cu-Eq,ecoinvent_2020_SSP2-Base,RECIPE,CN,Bastanasite HCL Digestion,kilogram,1,lcia_resultsecoinvent_2020_SSP2-BaseBastanasite_HCL_DigestionCN.csv
Ozone Depletion Potential (Odpinfinite),1.034636324935225e-06,kg CFC-11-Eq,ecoinvent_2020_SSP2-Base,RECIPE,CN,Bastanasite HCL Digestion,kilogram,1,lcia_resultsecoinvent_2020_SSP2-BaseBastanasite_HCL_DigestionCN.csv
Particulate Matter Formation Potential (Pmfp),0.0034715264974664,kg PM2.5-Eq,ecoinvent_2020_SSP2-Base,RECIPE,CN,Bastanasite HCL Digestion,kilogram,1,lcia_resultsecoinvent_2020_SSP2-BaseBastanasite_HCL_DigestionCN.csv
Photochemical Oxidant Formation Potential: Humans (Hofp),0.0062286473357601,kg NOx-Eq,ecoinvent_2020_SSP2-Base,RECIPE,CN,Bastanasite HCL Digestion,kilogram,1,lcia_resultsecoinvent_2020_SSP2-BaseBastanasite_HCL_DigestionCN.csv
Photochemical Oxidant Formation Potential: Ecosystems (Eofp),0.0064235353282747,kg NOx-Eq,ecoinvent_2020_SSP2-Base,RECIPE,CN,Bastanasite HCL Digestion,kilogram,1,lcia_resultsecoinvent_2020_SSP2-BaseBastanasite_HCL_DigestionCN.csv
Water Consumption Potential (Wcp),0.0307239620731789,cubic meter,ecoinvent_2020_SSP2-Base,RECIPE,CN,Bastanasite HCL Digestion,kilogram,1,lcia_resultsecoinvent_2020_SSP2-BaseBastanasite_HCL_DigestionCN.csv
Acidification Potential (Ap) No Lt,0.0783085263246444,kg SO2-Eq,ecoinvent_2020_SSP2-Base,TRACI2.1,CN,Monazite SX,kilogram,1,lcia_resultsecoinvent_2020_SSP2-BaseMonazite_SXCN.csv
Global Warming Potential (Gwp100) No Lt,22.731442193209624,kg CO2-Eq,ecoinvent_2020_SSP2-Base,TRACI2.1,CN,Monazite SX,kilogram,1,lcia_resultsecoinvent_2020_SSP2-BaseMonazite_SXCN.csv
Ecotoxicity: Freshwater No Lt,23.480379197491487,CTUe,ecoinvent_2020_SSP2-Base,TRACI2.1,CN,Monazite SX,kilogram,1,lcia_resultsecoinvent_2020_SSP2-BaseMonazite_SXCN.csv
Eutrophication Potential No Lt,0.0435089143925736,kg N-Eq,ecoinvent_2020_SSP2-Base,TRACI2.1,CN,Monazite SX,kilogram,1,lcia_resultsecoinvent_2020_SSP2-BaseMonazite_SXCN.csv
Human Toxicity: Carcinogenic No Lt,1.60528104424588e-07,CTUh,ecoinvent_2020_SSP2-Base,TRACI2.1,CN,Monazite SX,kilogram,1,lcia_resultsecoinvent_2020_SSP2-BaseMonazite_SXCN.csv
Human Toxicity: Non-Carcinogenic No Lt,2.8700453728543622e-06,CTUh,ecoinvent_2020_SSP2-Base,TRACI2.1,CN,Monazite SX,kilogram,1,lcia_resultsecoinvent_2020_SSP2-BaseMonazite_SXCN.csv
Ozone Depletion Potential (Odp) No Lt,1.3941735834499917e-06,kg CFC-11-Eq,ecoinvent_2020_SSP2-Base,TRACI2.1,CN,Monazite SX,kilogram,1,lcia_resultsecoinvent_2020_SSP2-BaseMonazite_SXCN.csv
Particulate Matter Formation Potential (Pmfp) No Lt,0.0094993458524153,PM2.5-Eq,ecoinvent_2020_SSP2-Base,TRACI2.1,CN,Monazite SX,kilogram,1,lcia_resultsecoinvent_2020_SSP2-BaseMonazite_SXCN.csv
Maximum Incremental Reactivity (Mir) No Lt,0.923747656334643,kg O3-Eq,ecoinvent_2020_SSP2-Base,TRACI2.1,CN,Monazite SX,kilogram,1,lcia_resultsecoinvent_2020_SSP2-BaseMonazite_SXCN.csv
Acidification Potential (Ap),0.0790075132650857,kg SO2-Eq,ecoinvent_2020_SSP2-Base,TRACI2.1,CN,Monazite SX,kilogram,1,lcia_resultsecoinvent_2020_SSP2-BaseMonazite_SXCN.csv
Global Warming Potential (Gwp100),22.737490882027423,kg CO2-Eq,ecoinvent_2020_SSP2-Base,TRACI2.1,CN,Monazite SX,kilogram,1,lcia_resultsecoinvent_2020_SSP2-BaseMonazite_SXCN.csv
Ecotoxicity: Freshwater,471.2091633078002,CTUe,ecoinvent_2020_SSP2-Base,TRACI2.1,CN,Monazite SX,kilogram,1,lcia_resultsecoinvent_2020_SSP2-BaseMonazite_SXCN.csv
Eutrophication Potential,0.0985486241233315,kg N-Eq,ecoinvent_2020_SSP2-Base,TRACI2.1,CN,Monazite SX,kilogram,1,lcia_resultsecoinvent_2020_SSP2-BaseMonazite_SXCN.csv
Human Toxicity: Carcinogenic,4.901984681533832e-06,CTUh,ecoinvent_2020_SSP2-Base,TRACI2.1,CN,Monazite SX,kilogram,1,lcia_resultsecoinvent_2020_SSP2-BaseMonazite_SXCN.csv
Human Toxicity: Non-Carcinogenic,7.970146457424676e-06,CTUh,ecoinvent_2020_SSP2-Base,TRACI2.1,CN,Monazite SX,kilogram,1,lcia_resultsecoinvent_2020_SSP2-BaseMonazite_SXCN.csv
Ozone Depletion Potential (Odp),1.3941735834499917e-06,kg CFC-11-Eq,ecoinvent_2020_SSP2-Base,TRACI2.1,CN,Monazite SX,kilogram,1,lcia_resultsecoinvent_2020_SSP2-BaseMonazite_SXCN.csv
Particulate Matter Formation Potential (Pmfp),0.0096138594791365,PM2.5-Eq,ecoinvent_2020_SSP2-Base,TRACI2.1,CN,Monazite SX,kilogram,1,lcia_resultsecoinvent_2020_SSP2-BaseMonazite_SXCN.csv
Maximum Incremental Reactivity (Mir),0.9481165660527224,kg O3-Eq,ecoinvent_2020_SSP2-Base,TRACI2.1,CN,Monazite SX,kilogram,1,lcia_resultsecoinvent_2020_SSP2-BaseMonazite_SXCN.csv
Terrestrial Acidification Potential (Tap),0.0650904487752058,kg SO2-Eq,ecoinvent_2020_SSP2-Base,RECIPE,CN,Monazite SX,kilogram,1,lcia_resultsecoinvent_2020_SSP2-BaseMonazite_SXCN.csv
Global Warming Potential (Gwp1000),23.56327166300833,kg CO2-Eq,ecoinvent_2020_SSP2-Base,RECIPE,CN,Monazite SX,kilogram,1,lcia_resultsecoinvent_2020_SSP2-BaseMonazite_SXCN.csv
Freshwater Ecotoxicity Potential (Fetp),1.3547851581769343,"kg 1,4-DCB-Eq",ecoinvent_2020_SSP2-Base,RECIPE,CN,Monazite SX,kilogram,1,lcia_resultsecoinvent_2020_SSP2-BaseMonazite_SXCN.csv
Marine Ecotoxicity Potential (Metp),1.8721756799693536,"kg 1,4-DCB-Eq",ecoinvent_2020_SSP2-Base,RECIPE,CN,Monazite SX,kilogram,1,lcia_resultsecoinvent_2020_SSP2-BaseMonazite_SXCN.csv
Terrestrial Ecotoxicity Potential (Tetp),289.7754600183854,"kg 1,4-DCB-Eq",ecoinvent_2020_SSP2-Base,RECIPE,CN,Monazite SX,kilogram,1,lcia_resultsecoinvent_2020_SSP2-BaseMonazite_SXCN.csv
Fossil Fuel Potential (Ffp),5.278735463882196,kg oil-Eq,ecoinvent_2020_SSP2-Base,RECIPE,CN,Monazite SX,kilogram,1,lcia_resultsecoinvent_2020_SSP2-BaseMonazite_SXCN.csv
Freshwater Eutrophication Potential (Fep),0.0060292905231164,kg P-Eq,ecoinvent_2020_SSP2-Base,RECIPE,CN,Monazite SX,kilogram,1,lcia_resultsecoinvent_2020_SSP2-BaseMonazite_SXCN.csv
Marine Eutrophication Potential (Mep),0.0008459452901682,kg N-Eq,ecoinvent_2020_SSP2-Base,RECIPE,CN,Monazite SX,kilogram,1,lcia_resultsecoinvent_2020_SSP2-BaseMonazite_SXCN.csv
Human Toxicity Potential (Htpc),3.5387354596442373,"kg 1,4-DCB-Eq",ecoinvent_2020_SSP2-Base,RECIPE,CN,Monazite SX,kilogram,1,lcia_resultsecoinvent_2020_SSP2-BaseMonazite_SXCN.csv
Human Toxicity Potential (Htpnc),30.05447205447009,"kg 1,4-DCB-Eq",ecoinvent_2020_SSP2-Base,RECIPE,CN,Monazite SX,kilogram,1,lcia_resultsecoinvent_2020_SSP2-BaseMonazite_SXCN.csv
Ionising Radiation Potential (Irp),1.029539468866947,kg Co-60-Eq,ecoinvent_2020_SSP2-Base,RECIPE,CN,Monazite SX,kilogram,1,lcia_resultsecoinvent_2020_SSP2-BaseMonazite_SXCN.csv
Agricultural Land Occupation (Lop),0.4386059735631146,m2*a crop-Eq,ecoinvent_2020_SSP2-Base,RECIPE,CN,Monazite SX,kilogram,1,lcia_resultsecoinvent_2020_SSP2-BaseMonazite_SXCN.csv
Surplus Ore Potential (Sop),1.767418083509604,kg Cu-Eq,ecoinvent_2020_SSP2-Base,RECIPE,CN,Monazite SX,kilogram,1,lcia_resultsecoinvent_2020_SSP2-BaseMonazite_SXCN.csv
Ozone Depletion Potential (Odpinfinite),1.0199012777395256e-05,kg CFC-11-Eq,ecoinvent_2020_SSP2-Base,RECIPE,CN,Monazite SX,kilogram,1,lcia_resultsecoinvent_2020_SSP2-BaseMonazite_SXCN.csv
Particulate Matter Formation Potential (Pmfp),0.0236194124316747,kg PM2.5-Eq,ecoinvent_2020_SSP2-Base,RECIPE,CN,Monazite SX,kilogram,1,lcia_resultsecoinvent_2020_SSP2-BaseMonazite_SXCN.csv
Photochemical Oxidant Formation Potential: Humans (Hofp),0.0332806293448574,kg NOx-Eq,ecoinvent_2020_SSP2-Base,RECIPE,CN,Monazite SX,kilogram,1,lcia_resultsecoinvent_2020_SSP2-BaseMonazite_SXCN.csv
Photochemical Oxidant Formation Potential: Ecosystems (Eofp),0.0351961557432266,kg NOx-Eq,ecoinvent_2020_SSP2-Base,RECIPE,CN,Monazite SX,kilogram,1,lcia_resultsecoinvent_2020_SSP2-BaseMonazite_SXCN.csv
Water Consumption Potential (Wcp),0.2182284998319502,cubic meter,ecoinvent_2020_SSP2-Base,RECIPE,CN,Monazite SX,kilogram,1,lcia_resultsecoinvent_2020_SSP2-BaseMonazite_SXCN.csv
Acidification Potential (Ap) No Lt,0.0538081083797664,kg SO2-Eq,ecoinvent_2020_SSP2-Base,TRACI2.1,CN,Bastanasite Roasting,kilogram,1,lcia_resultsecoinvent_2020_SSP2-BaseBastanasite_RoastingCN.csv
Global Warming Potential (Gwp100) No Lt,0.5999303020792156,kg CO2-Eq,ecoinvent_2020_SSP2-Base,TRACI2.1,CN,Bastanasite Roasting,kilogram,1,lcia_resultsecoinvent_2020_SSP2-BaseBastanasite_RoastingCN.csv
Ecotoxicity: Freshwater No Lt,2.45136624113767,CTUe,ecoinvent_2020_SSP2-Base,TRACI2.1,CN,Bastanasite Roasting,kilogram,1,lcia_resultsecoinvent_2020_SSP2-BaseBastanasite_RoastingCN.csv
Eutrophication Potential No Lt,0.003023530529617,kg N-Eq,ecoinvent_2020_SSP2-Base,TRACI2.1,CN,Bastanasite Roasting,kilogram,1,lcia_resultsecoinvent_2020_SSP2-BaseBastanasite_RoastingCN.csv
Human Toxicity: Carcinogenic No Lt,2.0644889207674405e-08,CTUh,ecoinvent_2020_SSP2-Base,TRACI2.1,CN,Bastanasite Roasting,kilogram,1,lcia_resultsecoinvent_2020_SSP2-BaseBastanasite_RoastingCN.csv
Human Toxicity: Non-Carcinogenic No Lt,8.081417872367509e-07,CTUh,ecoinvent_2020_SSP2-Base,TRACI2.1,CN,Bastanasite Roasting,kilogram,1,lcia_resultsecoinvent_2020_SSP2-BaseBastanasite_RoastingCN.csv
Ozone Depletion Potential (Odp) No Lt,5.454495198079835e-09,kg CFC-11-Eq,ecoinvent_2020_SSP2-Base,TRACI2.1,CN,Bastanasite Roasting,kilogram,1,lcia_resultsecoinvent_2020_SSP2-BaseBastanasite_RoastingCN.csv
Particulate Matter Formation Potential (Pmfp) No Lt,0.001173233878951,PM2.5-Eq,ecoinvent_2020_SSP2-Base,TRACI2.1,CN,Bastanasite Roasting,kilogram,1,lcia_resultsecoinvent_2020_SSP2-BaseBastanasite_RoastingCN.csv
Maximum Incremental Reactivity (Mir) No Lt,0.0590779084790282,kg O3-Eq,ecoinvent_2020_SSP2-Base,TRACI2.1,CN,Bastanasite Roasting,kilogram,1,lcia_resultsecoinvent_2020_SSP2-BaseBastanasite_RoastingCN.csv
Acidification Potential (Ap),0.0538870969338063,kg SO2-Eq,ecoinvent_2020_SSP2-Base,TRACI2.1,CN,Bastanasite Roasting,kilogram,1,lcia_resultsecoinvent_2020_SSP2-BaseBastanasite_RoastingCN.csv
Global Warming Potential (Gwp100),0.600614982391632,kg CO2-Eq,ecoinvent_2020_SSP2-Base,TRACI2.1,CN,Bastanasite Roasting,kilogram,1,lcia_resultsecoinvent_2020_SSP2-BaseBastanasite_RoastingCN.csv
Ecotoxicity: Freshwater,89.36759629657239,CTUe,ecoinvent_2020_SSP2-Base,TRACI2.1,CN,Bastanasite Roasting,kilogram,1,lcia_resultsecoinvent_2020_SSP2-BaseBastanasite_RoastingCN.csv
Eutrophication Potential,0.0058271950634016,kg N-Eq,ecoinvent_2020_SSP2-Base,TRACI2.1,CN,Bastanasite Roasting,kilogram,1,lcia_resultsecoinvent_2020_SSP2-BaseBastanasite_RoastingCN.csv
Human Toxicity: Carcinogenic,3.245069231316219e-07,CTUh,ecoinvent_2020_SSP2-Base,TRACI2.1,CN,Bastanasite Roasting,kilogram,1,lcia_resultsecoinvent_2020_SSP2-BaseBastanasite_RoastingCN.csv
Human Toxicity: Non-Carcinogenic,9.23087793600954e-07,CTUh,ecoinvent_2020_SSP2-Base,TRACI2.1,CN,Bastanasite Roasting,kilogram,1,lcia_resultsecoinvent_2020_SSP2-BaseBastanasite_RoastingCN.csv
Ozone Depletion Potential (Odp),5.454495198079835e-09,kg CFC-11-Eq,ecoinvent_2020_SSP2-Base,TRACI2.1,CN,Bastanasite Roasting,kilogram,1,lcia_resultsecoinvent_2020_SSP2-BaseBastanasite_RoastingCN.csv
Particulate Matter Formation Potential (Pmfp),0.0011769939083073,PM2.5-Eq,ecoinvent_2020_SSP2-Base,TRACI2.1,CN,Bastanasite Roasting,kilogram,1,lcia_resultsecoinvent_2020_SSP2-BaseBastanasite_RoastingCN.csv
Maximum Incremental Reactivity (Mir),0.0618349093052908,kg O3-Eq,ecoinvent_2020_SSP2-Base,TRACI2.1,CN,Bastanasite Roasting,kilogram,1,lcia_resultsecoinvent_2020_SSP2-BaseBastanasite_RoastingCN.csv
Terrestrial Acidification Potential (Tap),0.0137913819107541,kg SO2-Eq,ecoinvent_2020_SSP2-Base,RECIPE,CN,Bastanasite Roasting,kilogram,1,lcia_resultsecoinvent_2020_SSP2-BaseBastanasite_RoastingCN.csv
Global Warming Potential (Gwp1000),0.6162904376788092,kg CO2-Eq,ecoinvent_2020_SSP2-Base,RECIPE,CN,Bastanasite Roasting,kilogram,1,lcia_resultsecoinvent_2020_SSP2-BaseBastanasite_RoastingCN.csv
Freshwater Ecotoxicity Potential (Fetp),0.2803213380825787,"kg 1,4-DCB-Eq",ecoinvent_2020_SSP2-Base,RECIPE,CN,Bastanasite Roasting,kilogram,1,lcia_resultsecoinvent_2020_SSP2-BaseBastanasite_RoastingCN.csv
Marine Ecotoxicity Potential (Metp),0.367334812554177,"kg 1,4-DCB-Eq",ecoinvent_2020_SSP2-Base,RECIPE,CN,Bastanasite Roasting,kilogram,1,lcia_resultsecoinvent_2020_SSP2-BaseBastanasite_RoastingCN.csv
Terrestrial Ecotoxicity Potential (Tetp),31.147491497040477,"kg 1,4-DCB-Eq",ecoinvent_2020_SSP2-Base,RECIPE,CN,Bastanasite Roasting,kilogram,1,lcia_resultsecoinvent_2020_SSP2-BaseBastanasite_RoastingCN.csv
Fossil Fuel Potential (Ffp),0.1136429690207376,kg oil-Eq,ecoinvent_2020_SSP2-Base,RECIPE,CN,Bastanasite Roasting,kilogram,1,lcia_resultsecoinvent_2020_SSP2-BaseBastanasite_RoastingCN.csv
Freshwater Eutrophication Potential (Fep),0.0003686977084305,kg P-Eq,ecoinvent_2020_SSP2-Base,RECIPE,CN,Bastanasite Roasting,kilogram,1,lcia_resultsecoinvent_2020_SSP2-BaseBastanasite_RoastingCN.csv
Marine Eutrophication Potential (Mep),0.0008385173150034,kg N-Eq,ecoinvent_2020_SSP2-Base,RECIPE,CN,Bastanasite Roasting,kilogram,1,lcia_resultsecoinvent_2020_SSP2-BaseBastanasite_RoastingCN.csv
Human Toxicity Potential (Htpc),0.234422207012006,"kg 1,4-DCB-Eq",ecoinvent_2020_SSP2-Base,RECIPE,CN,Bastanasite Roasting,kilogram,1,lcia_resultsecoinvent_2020_SSP2-BaseBastanasite_RoastingCN.csv
Human Toxicity Potential (Htpnc),3.635969075824781,"kg 1,4-DCB-Eq",ecoinvent_2020_SSP2-Base,RECIPE,CN,Bastanasite Roasting,kilogram,1,lcia_resultsecoinvent_2020_SSP2-BaseBastanasite_RoastingCN.csv
Ionising Radiation Potential (Irp),0.0219618563288951,kg Co-60-Eq,ecoinvent_2020_SSP2-Base,RECIPE,CN,Bastanasite Roasting,kilogram,1,lcia_resultsecoinvent_2020_SSP2-BaseBastanasite_RoastingCN.csv
Agricultural Land Occupation (Lop),0.0294356978852074,m2*a crop-Eq,ecoinvent_2020_SSP2-Base,RECIPE,CN,Bastanasite Roasting,kilogram,1,lcia_resultsecoinvent_2020_SSP2-BaseBastanasite_RoastingCN.csv
Surplus Ore Potential (Sop),0.0357425141823887,kg Cu-Eq,ecoinvent_2020_SSP2-Base,RECIPE,CN,Bastanasite Roasting,kilogram,1,lcia_resultsecoinvent_2020_SSP2-BaseBastanasite_RoastingCN.csv
Ozone Depletion Potential (Odpinfinite),1.780373438017508e-07,kg CFC-11-Eq,ecoinvent_2020_SSP2-Base,RECIPE,CN,Bastanasite Roasting,kilogram,1,lcia_resultsecoinvent_2020_SSP2-BaseBastanasite_RoastingCN.csv
Particulate Matter Formation Potential (Pmfp),0.0042690073164864,kg PM2.5-Eq,ecoinvent_2020_SSP2-Base,RECIPE,CN,Bastanasite Roasting,kilogram,1,lcia_resultsecoinvent_2020_SSP2-BaseBastanasite_RoastingCN.csv
Photochemical Oxidant Formation Potential: Humans (Hofp),0.0025110065052327,kg NOx-Eq,ecoinvent_2020_SSP2-Base,RECIPE,CN,Bastanasite Roasting,kilogram,1,lcia_resultsecoinvent_2020_SSP2-BaseBastanasite_RoastingCN.csv
Photochemical Oxidant Formation Potential: Ecosystems (Eofp),0.0025781667588803,kg NOx-Eq,ecoinvent_2020_SSP2-Base,RECIPE,CN,Bastanasite Roasting,kilogram,1,lcia_resultsecoinvent_2020_SSP2-BaseBastanasite_RoastingCN.csv
Water Consumption Potential (Wcp),0.0207271949768763,cubic meter,ecoinvent_2020_SSP2-Base,RECIPE,CN,Bastanasite Roasting,kilogram,1,lcia_resultsecoinvent_2020_SSP2-BaseBastanasite_RoastingCN.csv
Acidification Potential (Ap) No Lt,0.0185254596742829,kg SO2-Eq,ecoinvent_2020_SSP2-Base,TRACI2.1,CN,BM SX & Calcination [allocated to neodymium oxide],kilogram,1,lcia_resultsecoinvent_2020_SSP2-BaseBM_SX_&_Calcination_[allocated_to_neodymium_oxide]CN.csv
Global Warming Potential (Gwp100) No Lt,4.444484577264375,kg CO2-Eq,ecoinvent_2020_SSP2-Base,TRACI2.1,CN,BM SX & Calcination [allocated to neodymium oxide],kilogram,1,lcia_resultsecoinvent_2020_SSP2-BaseBM_SX_&_Calcination_[allocated_to_neodymium_oxide]CN.csv
Ecotoxicity: Freshwater No Lt,4.208937481021697,CTUe,ecoinvent_2020_SSP2-Base,TRACI2.1,CN,BM SX & Calcination [allocated to neodymium oxide],kilogram,1,lcia_resultsecoinvent_2020_SSP2-BaseBM_SX_&_Calcination_[allocated_to_neodymium_oxide]CN.csv
Eutrophication Potential No Lt,0.0109564680098828,kg N-Eq,ecoinvent_2020_SSP2-Base,TRACI2.1,CN,BM SX & Calcination [allocated to neodymium oxide],kilogram,1,lcia_resultsecoinvent_2020_SSP2-BaseBM_SX_&_Calcination_[allocated_to_neodymium_oxide]CN.csv
Human Toxicity: Carcinogenic No Lt,2.671601384101289e-08,CTUh,ecoinvent_2020_SSP2-Base,TRACI2.1,CN,BM SX & Calcination [allocated to neodymium oxide],kilogram,1,lcia_resultsecoinvent_2020_SSP2-BaseBM_SX_&_Calcination_[allocated_to_neodymium_oxide]CN.csv
Human Toxicity: Non-Carcinogenic No Lt,6.64881890016644e-07,CTUh,ecoinvent_2020_SSP2-Base,TRACI2.1,CN,BM SX & Calcination [allocated to neodymium oxide],kilogram,1,lcia_resultsecoinvent_2020_SSP2-BaseBM_SX_&_Calcination_[allocated_to_neodymium_oxide]CN.csv
Ozone Depletion Potential (Odp) No Lt,3.661088618967953e-07,kg CFC-11-Eq,ecoinvent_2020_SSP2-Base,TRACI2.1,CN,BM SX & Calcination [allocated to neodymium oxide],kilogram,1,lcia_resultsecoinvent_2020_SSP2-BaseBM_SX_&_Calcination_[allocated_to_neodymium_oxide]CN.csv
Particulate Matter Formation Potential (Pmfp) No Lt,0.0021176765421259,PM2.5-Eq,ecoinvent_2020_SSP2-Base,TRACI2.1,CN,BM SX & Calcination [allocated to neodymium oxide],kilogram,1,lcia_resultsecoinvent_2020_SSP2-BaseBM_SX_&_Calcination_[allocated_to_neodymium_oxide]CN.csv
Maximum Incremental Reactivity (Mir) No Lt,0.2319610072634971,kg O3-Eq,ecoinvent_2020_SSP2-Base,TRACI2.1,CN,BM SX & Calcination [allocated to neodymium oxide],kilogram,1,lcia_resultsecoinvent_2020_SSP2-BaseBM_SX_&_Calcination_[allocated_to_neodymium_oxide]CN.csv
Acidification Potential (Ap),0.0186355778860134,kg SO2-Eq,ecoinvent_2020_SSP2-Base,TRACI2.1,CN,BM SX & Calcination [allocated to neodymium oxide],kilogram,1,lcia_resultsecoinvent_2020_SSP2-BaseBM_SX_&_Calcination_[allocated_to_neodymium_oxide]CN.csv
Global Warming Potential (Gwp100),4.445436226849559,kg CO2-Eq,ecoinvent_2020_SSP2-Base,TRACI2.1,CN,BM SX & Calcination [allocated to neodymium oxide],kilogram,1,lcia_resultsecoinvent_2020_SSP2-BaseBM_SX_&_Calcination_[allocated_to_neodymium_oxide]CN.csv
Ecotoxicity: Freshwater,119.40413393383024,CTUe,ecoinvent_2020_SSP2-Base,TRACI2.1,CN,BM SX & Calcination [allocated to neodymium oxide],kilogram,1,lcia_resultsecoinvent_2020_SSP2-BaseBM_SX_&_Calcination_[allocated_to_neodymium_oxide]CN.csv
Eutrophication Potential,0.0231892972405995,kg N-Eq,ecoinvent_2020_SSP2-Base,TRACI2.1,CN,BM SX & Calcination [allocated to neodymium oxide],kilogram,1,lcia_resultsecoinvent_2020_SSP2-BaseBM_SX_&_Calcination_[allocated_to_neodymium_oxide]CN.csv
Human Toxicity: Carcinogenic,1.1670216413892744e-06,CTUh,ecoinvent_2020_SSP2-Base,TRACI2.1,CN,BM SX & Calcination [allocated to neodymium oxide],kilogram,1,lcia_resultsecoinvent_2020_SSP2-BaseBM_SX_&_Calcination_[allocated_to_neodymium_oxide]CN.csv
Human Toxicity: Non-Carcinogenic,1.9149535286145727e-06,CTUh,ecoinvent_2020_SSP2-Base,TRACI2.1,CN,BM SX & Calcination [allocated to neodymium oxide],kilogram,1,lcia_resultsecoinvent_2020_SSP2-BaseBM_SX_&_Calcination_[allocated_to_neodymium_oxide]CN.csv
Ozone Depletion Potential (Odp),3.661088618967953e-07,kg CFC-11-Eq,ecoinvent_2020_SSP2-Base,TRACI2.1,CN,BM SX & Calcination [allocated to neodymium oxide],kilogram,1,lcia_resultsecoinvent_2020_SSP2-BaseBM_SX_&_Calcination_[allocated_to_neodymium_oxide]CN.csv
Particulate Matter Formation Potential (Pmfp),0.0021303467808434,PM2.5-Eq,ecoinvent_2020_SSP2-Base,TRACI2.1,CN,BM SX & Calcination [allocated to neodymium oxide],kilogram,1,lcia_resultsecoinvent_2020_SSP2-BaseBM_SX_&_Calcination_[allocated_to_neodymium_oxide]CN.csv
Maximum Incremental Reactivity (Mir),0.2357963653136696,kg O3-Eq,ecoinvent_2020_SSP2-Base,TRACI2.1,CN,BM SX & Calcination [allocated to neodymium oxide],kilogram,1,lcia_resultsecoinvent_2020_SSP2-BaseBM_SX_&_Calcination_[allocated_to_neodymium_oxide]CN.csv
Terrestrial Acidification Potential (Tap),0.01556856813002,kg SO2-Eq,ecoinvent_2020_SSP2-Base,RECIPE,CN,BM SX & Calcination [allocated to neodymium oxide],kilogram,1,lcia_resultsecoinvent_2020_SSP2-BaseBM_SX_&_Calcination_[allocated_to_neodymium_oxide]CN.csv
Global Warming Potential (Gwp1000),4.689634155415583,kg CO2-Eq,ecoinvent_2020_SSP2-Base,RECIPE,CN,BM SX & Calcination [allocated to neodymium oxide],kilogram,1,lcia_resultsecoinvent_2020_SSP2-BaseBM_SX_&_Calcination_[allocated_to_neodymium_oxide]CN.csv
Freshwater Ecotoxicity Potential (Fetp),0.3449674103685367,"kg 1,4-DCB-Eq",ecoinvent_2020_SSP2-Base,RECIPE,CN,BM SX & Calcination [allocated to neodymium oxide],kilogram,1,lcia_resultsecoinvent_2020_SSP2-BaseBM_SX_&_Calcination_[allocated_to_neodymium_oxide]CN.csv
Marine Ecotoxicity Potential (Metp),0.4731023088014979,"kg 1,4-DCB-Eq",ecoinvent_2020_SSP2-Base,RECIPE,CN,BM SX & Calcination [allocated to neodymium oxide],kilogram,1,lcia_resultsecoinvent_2020_SSP2-BaseBM_SX_&_Calcination_[allocated_to_neodymium_oxide]CN.csv
Terrestrial Ecotoxicity Potential (Tetp),71.00928277258625,"kg 1,4-DCB-Eq",ecoinvent_2020_SSP2-Base,RECIPE,CN,BM SX & Calcination [allocated to neodymium oxide],kilogram,1,lcia_resultsecoinvent_2020_SSP2-BaseBM_SX_&_Calcination_[allocated_to_neodymium_oxide]CN.csv
Fossil Fuel Potential (Ffp),1.8602332631581973,kg oil-Eq,ecoinvent_2020_SSP2-Base,RECIPE,CN,BM SX & Calcination [allocated to neodymium oxide],kilogram,1,lcia_resultsecoinvent_2020_SSP2-BaseBM_SX_&_Calcination_[allocated_to_neodymium_oxide]CN.csv
Freshwater Eutrophication Potential (Fep),0.0013776736950419,kg P-Eq,ecoinvent_2020_SSP2-Base,RECIPE,CN,BM SX & Calcination [allocated to neodymium oxide],kilogram,1,lcia_resultsecoinvent_2020_SSP2-BaseBM_SX_&_Calcination_[allocated_to_neodymium_oxide]CN.csv
Marine Eutrophication Potential (Mep),0.0001856577799557,kg N-Eq,ecoinvent_2020_SSP2-Base,RECIPE,CN,BM SX & Calcination [allocated to neodymium oxide],kilogram,1,lcia_resultsecoinvent_2020_SSP2-BaseBM_SX_&_Calcination_[allocated_to_neodymium_oxide]CN.csv
Human Toxicity Potential (Htpc),0.839749605819277,"kg 1,4-DCB-Eq",ecoinvent_2020_SSP2-Base,RECIPE,CN,BM SX & Calcination [allocated to neodymium oxide],kilogram,1,lcia_resultsecoinvent_2020_SSP2-BaseBM_SX_&_Calcination_[allocated_to_neodymium_oxide]CN.csv
Human Toxicity Potential (Htpnc),7.230647623484214,"kg 1,4-DCB-Eq",ecoinvent_2020_SSP2-Base,RECIPE,CN,BM SX & Calcination [allocated to neodymium oxide],kilogram,1,lcia_resultsecoinvent_2020_SSP2-BaseBM_SX_&_Calcination_[allocated_to_neodymium_oxide]CN.csv
Ionising Radiation Potential (Irp),0.2267640249256383,kg Co-60-Eq,ecoinvent_2020_SSP2-Base,RECIPE,CN,BM SX & Calcination [allocated to neodymium oxide],kilogram,1,lcia_resultsecoinvent_2020_SSP2-BaseBM_SX_&_Calcination_[allocated_to_neodymium_oxide]CN.csv
Agricultural Land Occupation (Lop),0.0789801951002637,m2*a crop-Eq,ecoinvent_2020_SSP2-Base,RECIPE,CN,BM SX & Calcination [allocated to neodymium oxide],kilogram,1,lcia_resultsecoinvent_2020_SSP2-BaseBM_SX_&_Calcination_[allocated_to_neodymium_oxide]CN.csv
Surplus Ore Potential (Sop),0.3199615546586395,kg Cu-Eq,ecoinvent_2020_SSP2-Base,RECIPE,CN,BM SX & Calcination [allocated to neodymium oxide],kilogram,1,lcia_resultsecoinvent_2020_SSP2-BaseBM_SX_&_Calcination_[allocated_to_neodymium_oxide]CN.csv
Ozone Depletion Potential (Odpinfinite),2.9636446647013214e-06,kg CFC-11-Eq,ecoinvent_2020_SSP2-Base,RECIPE,CN,BM SX & Calcination [allocated to neodymium oxide],kilogram,1,lcia_resultsecoinvent_2020_SSP2-BaseBM_SX_&_Calcination_[allocated_to_neodymium_oxide]CN.csv
Particulate Matter Formation Potential (Pmfp),0.005598112823788,kg PM2.5-Eq,ecoinvent_2020_SSP2-Base,RECIPE,CN,BM SX & Calcination [allocated to neodymium oxide],kilogram,1,lcia_resultsecoinvent_2020_SSP2-BaseBM_SX_&_Calcination_[allocated_to_neodymium_oxide]CN.csv
Photochemical Oxidant Formation Potential: Humans (Hofp),0.0077361629756007,kg NOx-Eq,ecoinvent_2020_SSP2-Base,RECIPE,CN,BM SX & Calcination [allocated to neodymium oxide],kilogram,1,lcia_resultsecoinvent_2020_SSP2-BaseBM_SX_&_Calcination_[allocated_to_neodymium_oxide]CN.csv
Photochemical Oxidant Formation Potential: Ecosystems (Eofp),0.0084850382921292,kg NOx-Eq,ecoinvent_2020_SSP2-Base,RECIPE,CN,BM SX & Calcination [allocated to neodymium oxide],kilogram,1,lcia_resultsecoinvent_2020_SSP2-BaseBM_SX_&_Calcination_[allocated_to_neodymium_oxide]CN.csv
Water Consumption Potential (Wcp),0.0480534397536366,cubic meter,ecoinvent_2020_SSP2-Base,RECIPE,CN,BM SX & Calcination [allocated to neodymium oxide],kilogram,1,lcia_resultsecoinvent_2020_SSP2-BaseBM_SX_&_Calcination_[allocated_to_neodymium_oxide]CN.csv
Acidification Potential (Ap) No Lt,0.003453548190694,kg SO2-Eq,ecoinvent_2020_SSP2-Base,TRACI2.1,CN,Bastanasite Beneficiation,kilogram,1,lcia_resultsecoinvent_2020_SSP2-BaseBastanasite_BeneficiationCN.csv
Global Warming Potential (Gwp100) No Lt,0.6675580139430713,kg CO2-Eq,ecoinvent_2020_SSP2-Base,TRACI2.1,CN,Bastanasite Beneficiation,kilogram,1,lcia_resultsecoinvent_2020_SSP2-BaseBastanasite_BeneficiationCN.csv
Ecotoxicity: Freshwater No Lt,7.244905929468767,CTUe,ecoinvent_2020_SSP2-Base,TRACI2.1,CN,Bastanasite Beneficiation,kilogram,1,lcia_resultsecoinvent_2020_SSP2-BaseBastanasite_BeneficiationCN.csv
Eutrophication Potential No Lt,0.0025485594173173,kg N-Eq,ecoinvent_2020_SSP2-Base,TRACI2.1,CN,Bastanasite Beneficiation,kilogram,1,lcia_resultsecoinvent_2020_SSP2-BaseBastanasite_BeneficiationCN.csv
Human Toxicity: Carcinogenic No Lt,2.360135884012474e-09,CTUh,ecoinvent_2020_SSP2-Base,TRACI2.1,CN,Bastanasite Beneficiation,kilogram,1,lcia_resultsecoinvent_2020_SSP2-BaseBastanasite_BeneficiationCN.csv
Human Toxicity: Non-Carcinogenic No Lt,6.683183406751675e-08,CTUh,ecoinvent_2020_SSP2-Base,TRACI2.1,CN,Bastanasite Beneficiation,kilogram,1,lcia_resultsecoinvent_2020_SSP2-BaseBastanasite_BeneficiationCN.csv
Ozone Depletion Potential (Odp) No Lt,9.405547887557087e-09,kg CFC-11-Eq,ecoinvent_2020_SSP2-Base,TRACI2.1,CN,Bastanasite Beneficiation,kilogram,1,lcia_resultsecoinvent_2020_SSP2-BaseBastanasite_BeneficiationCN.csv
Particulate Matter Formation Potential (Pmfp) No Lt,0.0003788729513309,PM2.5-Eq,ecoinvent_2020_SSP2-Base,TRACI2.1,CN,Bastanasite Beneficiation,kilogram,1,lcia_resultsecoinvent_2020_SSP2-BaseBastanasite_BeneficiationCN.csv
Maximum Incremental Reactivity (Mir) No Lt,0.0337232098160434,kg O3-Eq,ecoinvent_2020_SSP2-Base,TRACI2.1,CN,Bastanasite Beneficiation,kilogram,1,lcia_resultsecoinvent_2020_SSP2-BaseBastanasite_BeneficiationCN.csv
Acidification Potential (Ap),0.0035054570698454,kg SO2-Eq,ecoinvent_2020_SSP2-Base,TRACI2.1,CN,Bastanasite Beneficiation,kilogram,1,lcia_resultsecoinvent_2020_SSP2-BaseBastanasite_BeneficiationCN.csv
Global Warming Potential (Gwp100),0.6680084427769462,kg CO2-Eq,ecoinvent_2020_SSP2-Base,TRACI2.1,CN,Bastanasite Beneficiation,kilogram,1,lcia_resultsecoinvent_2020_SSP2-BaseBastanasite_BeneficiationCN.csv
Ecotoxicity: Freshwater,16.22702399483424,CTUe,ecoinvent_2020_SSP2-Base,TRACI2.1,CN,Bastanasite Beneficiation,kilogram,1,lcia_resultsecoinvent_2020_SSP2-BaseBastanasite_BeneficiationCN.csv
Eutrophication Potential,0.0040801782310732,kg N-Eq,ecoinvent_2020_SSP2-Base,TRACI2.1,CN,Bastanasite Beneficiation,kilogram,1,lcia_resultsecoinvent_2020_SSP2-BaseBastanasite_BeneficiationCN.csv
Human Toxicity: Carcinogenic,1.771956243554023e-07,CTUh,ecoinvent_2020_SSP2-Base,TRACI2.1,CN,Bastanasite Beneficiation,kilogram,1,lcia_resultsecoinvent_2020_SSP2-BaseBastanasite_BeneficiationCN.csv
Human Toxicity: Non-Carcinogenic,1.9250049073030698e-07,CTUh,ecoinvent_2020_SSP2-Base,TRACI2.1,CN,Bastanasite Beneficiation,kilogram,1,lcia_resultsecoinvent_2020_SSP2-BaseBastanasite_BeneficiationCN.csv
Ozone Depletion Potential (Odp),9.405547887557087e-09,kg CFC-11-Eq,ecoinvent_2020_SSP2-Base,TRACI2.1,CN,Bastanasite Beneficiation,kilogram,1,lcia_resultsecoinvent_2020_SSP2-BaseBastanasite_BeneficiationCN.csv
Particulate Matter Formation Potential (Pmfp),0.0003812655182007,PM2.5-Eq,ecoinvent_2020_SSP2-Base,TRACI2.1,CN,Bastanasite Beneficiation,kilogram,1,lcia_resultsecoinvent_2020_SSP2-BaseBastanasite_BeneficiationCN.csv
Maximum Incremental Reactivity (Mir),0.0355359102415693,kg O3-Eq,ecoinvent_2020_SSP2-Base,TRACI2.1,CN,Bastanasite Beneficiation,kilogram,1,lcia_resultsecoinvent_2020_SSP2-BaseBastanasite_BeneficiationCN.csv
Terrestrial Acidification Potential (Tap),0.0025486285951829,kg SO2-Eq,ecoinvent_2020_SSP2-Base,RECIPE,CN,Bastanasite Beneficiation,kilogram,1,lcia_resultsecoinvent_2020_SSP2-BaseBastanasite_BeneficiationCN.csv
Global Warming Potential (Gwp1000),0.6996331727373677,kg CO2-Eq,ecoinvent_2020_SSP2-Base,RECIPE,CN,Bastanasite Beneficiation,kilogram,1,lcia_resultsecoinvent_2020_SSP2-BaseBastanasite_BeneficiationCN.csv
Freshwater Ecotoxicity Potential (Fetp),0.0354580417871595,"kg 1,4-DCB-Eq",ecoinvent_2020_SSP2-Base,RECIPE,CN,Bastanasite Beneficiation,kilogram,1,lcia_resultsecoinvent_2020_SSP2-BaseBastanasite_BeneficiationCN.csv
Marine Ecotoxicity Potential (Metp),0.0532825140599651,"kg 1,4-DCB-Eq",ecoinvent_2020_SSP2-Base,RECIPE,CN,Bastanasite Beneficiation,kilogram,1,lcia_resultsecoinvent_2020_SSP2-BaseBastanasite_BeneficiationCN.csv
Terrestrial Ecotoxicity Potential (Tetp),13.369294959476274,"kg 1,4-DCB-Eq",ecoinvent_2020_SSP2-Base,RECIPE,CN,Bastanasite Beneficiation,kilogram,1,lcia_resultsecoinvent_2020_SSP2-BaseBastanasite_BeneficiationCN.csv
Fossil Fuel Potential (Ffp),0.1783241617871194,kg oil-Eq,ecoinvent_2020_SSP2-Base,RECIPE,CN,Bastanasite Beneficiation,kilogram,1,lcia_resultsecoinvent_2020_SSP2-BaseBastanasite_BeneficiationCN.csv
Freshwater Eutrophication Potential (Fep),0.0001789229429291,kg P-Eq,ecoinvent_2020_SSP2-Base,RECIPE,CN,Bastanasite Beneficiation,kilogram,1,lcia_resultsecoinvent_2020_SSP2-BaseBastanasite_BeneficiationCN.csv
Marine Eutrophication Potential (Mep),1.5670635267246858e-05,kg N-Eq,ecoinvent_2020_SSP2-Base,RECIPE,CN,Bastanasite Beneficiation,kilogram,1,lcia_resultsecoinvent_2020_SSP2-BaseBastanasite_BeneficiationCN.csv
Human Toxicity Potential (Htpc),0.1248852460914645,"kg 1,4-DCB-Eq",ecoinvent_2020_SSP2-Base,RECIPE,CN,Bastanasite Beneficiation,kilogram,1,lcia_resultsecoinvent_2020_SSP2-BaseBastanasite_BeneficiationCN.csv
Human Toxicity Potential (Htpnc),0.6669250058247633,"kg 1,4-DCB-Eq",ecoinvent_2020_SSP2-Base,RECIPE,CN,Bastanasite Beneficiation,kilogram,1,lcia_resultsecoinvent_2020_SSP2-BaseBastanasite_BeneficiationCN.csv
Ionising Radiation Potential (Irp),0.0258638896386479,kg Co-60-Eq,ecoinvent_2020_SSP2-Base,RECIPE,CN,Bastanasite Beneficiation,kilogram,1,lcia_resultsecoinvent_2020_SSP2-BaseBastanasite_BeneficiationCN.csv
Agricultural Land Occupation (Lop),0.7450009055050049,m2*a crop-Eq,ecoinvent_2020_SSP2-Base,RECIPE,CN,Bastanasite Beneficiation,kilogram,1,lcia_resultsecoinvent_2020_SSP2-BaseBastanasite_BeneficiationCN.csv
Surplus Ore Potential (Sop),0.0315129799533623,kg Cu-Eq,ecoinvent_2020_SSP2-Base,RECIPE,CN,Bastanasite Beneficiation,kilogram,1,lcia_resultsecoinvent_2020_SSP2-BaseBastanasite_BeneficiationCN.csv
Ozone Depletion Potential (Odpinfinite),3.3741722357141885e-07,kg CFC-11-Eq,ecoinvent_2020_SSP2-Base,RECIPE,CN,Bastanasite Beneficiation,kilogram,1,lcia_resultsecoinvent_2020_SSP2-BaseBastanasite_BeneficiationCN.csv
Particulate Matter Formation Potential (Pmfp),0.0008372584386953,kg PM2.5-Eq,ecoinvent_2020_SSP2-Base,RECIPE,CN,Bastanasite Beneficiation,kilogram,1,lcia_resultsecoinvent_2020_SSP2-BaseBastanasite_BeneficiationCN.csv
Photochemical Oxidant Formation Potential: Humans (Hofp),0.0014496748471629,kg NOx-Eq,ecoinvent_2020_SSP2-Base,RECIPE,CN,Bastanasite Beneficiation,kilogram,1,lcia_resultsecoinvent_2020_SSP2-BaseBastanasite_BeneficiationCN.csv
Photochemical Oxidant Formation Potential: Ecosystems (Eofp),0.0015161431769989,kg NOx-Eq,ecoinvent_2020_SSP2-Base,RECIPE,CN,Bastanasite Beneficiation,kilogram,1,lcia_resultsecoinvent_2020_SSP2-BaseBastanasite_BeneficiationCN.csv
Water Consumption Potential (Wcp),0.0039279716576738,cubic meter,ecoinvent_2020_SSP2-Base,RECIPE,CN,Bastanasite Beneficiation,kilogram,1,lcia_resultsecoinvent_2020_SSP2-BaseBastanasite_BeneficiationCN.csv
Acidification Potential (Ap) No Lt,0.000908945305209,kg SO2-Eq,ecoinvent_2020_SSP2-Base,TRACI2.1,CN,Monazite Beneficiation,kilogram,1,lcia_resultsecoinvent_2020_SSP2-BaseMonazite_BeneficiationCN.csv
Global Warming Potential (Gwp100) No Lt,0.2234036337361059,kg CO2-Eq,ecoinvent_2020_SSP2-Base,TRACI2.1,CN,Monazite Beneficiation,kilogram,1,lcia_resultsecoinvent_2020_SSP2-BaseMonazite_BeneficiationCN.csv
Ecotoxicity: Freshwater No Lt,0.6394447955550782,CTUe,ecoinvent_2020_SSP2-Base,TRACI2.1,CN,Monazite Beneficiation,kilogram,1,lcia_resultsecoinvent_2020_SSP2-BaseMonazite_BeneficiationCN.csv
Eutrophication Potential No Lt,0.0003762055218585,kg N-Eq,ecoinvent_2020_SSP2-Base,TRACI2.1,CN,Monazite Beneficiation,kilogram,1,lcia_resultsecoinvent_2020_SSP2-BaseMonazite_BeneficiationCN.csv
Human Toxicity: Carcinogenic No Lt,1.3742098019571986e-09,CTUh,ecoinvent_2020_SSP2-Base,TRACI2.1,CN,Monazite Beneficiation,kilogram,1,lcia_resultsecoinvent_2020_SSP2-BaseMonazite_BeneficiationCN.csv
Human Toxicity: Non-Carcinogenic No Lt,2.3627502798145542e-08,CTUh,ecoinvent_2020_SSP2-Base,TRACI2.1,CN,Monazite Beneficiation,kilogram,1,lcia_resultsecoinvent_2020_SSP2-BaseMonazite_BeneficiationCN.csv
Ozone Depletion Potential (Odp) No Lt,4.7590028326449665e-09,kg CFC-11-Eq,ecoinvent_2020_SSP2-Base,TRACI2.1,CN,Monazite Beneficiation,kilogram,1,lcia_resultsecoinvent_2020_SSP2-BaseMonazite_BeneficiationCN.csv
Particulate Matter Formation Potential (Pmfp) No Lt,0.0011259487321212,PM2.5-Eq,ecoinvent_2020_SSP2-Base,TRACI2.1,CN,Monazite Beneficiation,kilogram,1,lcia_resultsecoinvent_2020_SSP2-BaseMonazite_BeneficiationCN.csv
Maximum Incremental Reactivity (Mir) No Lt,0.007788995633417,kg O3-Eq,ecoinvent_2020_SSP2-Base,TRACI2.1,CN,Monazite Beneficiation,kilogram,1,lcia_resultsecoinvent_2020_SSP2-BaseMonazite_BeneficiationCN.csv
Acidification Potential (Ap),0.0009164237015903,kg SO2-Eq,ecoinvent_2020_SSP2-Base,TRACI2.1,CN,Monazite Beneficiation,kilogram,1,lcia_resultsecoinvent_2020_SSP2-BaseMonazite_BeneficiationCN.csv
Global Warming Potential (Gwp100),0.2234684208848687,kg CO2-Eq,ecoinvent_2020_SSP2-Base,TRACI2.1,CN,Monazite Beneficiation,kilogram,1,lcia_resultsecoinvent_2020_SSP2-BaseMonazite_BeneficiationCN.csv
Ecotoxicity: Freshwater,5.586865295242297,CTUe,ecoinvent_2020_SSP2-Base,TRACI2.1,CN,Monazite Beneficiation,kilogram,1,lcia_resultsecoinvent_2020_SSP2-BaseMonazite_BeneficiationCN.csv
Eutrophication Potential,0.0009381178324106,kg N-Eq,ecoinvent_2020_SSP2-Base,TRACI2.1,CN,Monazite Beneficiation,kilogram,1,lcia_resultsecoinvent_2020_SSP2-BaseMonazite_BeneficiationCN.csv
Human Toxicity: Carcinogenic,6.089412072288698e-08,CTUh,ecoinvent_2020_SSP2-Base,TRACI2.1,CN,Monazite Beneficiation,kilogram,1,lcia_resultsecoinvent_2020_SSP2-BaseMonazite_BeneficiationCN.csv
Human Toxicity: Non-Carcinogenic,8.344836554923336e-08,CTUh,ecoinvent_2020_SSP2-Base,TRACI2.1,CN,Monazite Beneficiation,kilogram,1,lcia_resultsecoinvent_2020_SSP2-BaseMonazite_BeneficiationCN.csv
Ozone Depletion Potential (Odp),4.7590028326449665e-09,kg CFC-11-Eq,ecoinvent_2020_SSP2-Base,TRACI2.1,CN,Monazite Beneficiation,kilogram,1,lcia_resultsecoinvent_2020_SSP2-BaseMonazite_BeneficiationCN.csv
Particulate Matter Formation Potential (Pmfp),0.0011266774210647,PM2.5-Eq,ecoinvent_2020_SSP2-Base,TRACI2.1,CN,Monazite Beneficiation,kilogram,1,lcia_resultsecoinvent_2020_SSP2-BaseMonazite_BeneficiationCN.csv
Maximum Incremental Reactivity (Mir),0.0080499376194599,kg O3-Eq,ecoinvent_2020_SSP2-Base,TRACI2.1,CN,Monazite Beneficiation,kilogram,1,lcia_resultsecoinvent_2020_SSP2-BaseMonazite_BeneficiationCN.csv
Terrestrial Acidification Potential (Tap),0.0007771400389811,kg SO2-Eq,ecoinvent_2020_SSP2-Base,RECIPE,CN,Monazite Beneficiation,kilogram,1,lcia_resultsecoinvent_2020_SSP2-BaseMonazite_BeneficiationCN.csv
Global Warming Potential (Gwp1000),0.2321447540740057,kg CO2-Eq,ecoinvent_2020_SSP2-Base,RECIPE,CN,Monazite Beneficiation,kilogram,1,lcia_resultsecoinvent_2020_SSP2-BaseMonazite_BeneficiationCN.csv
Freshwater Ecotoxicity Potential (Fetp),0.0154531920317431,"kg 1,4-DCB-Eq",ecoinvent_2020_SSP2-Base,RECIPE,CN,Monazite Beneficiation,kilogram,1,lcia_resultsecoinvent_2020_SSP2-BaseMonazite_BeneficiationCN.csv
Marine Ecotoxicity Potential (Metp),0.0204948664621801,"kg 1,4-DCB-Eq",ecoinvent_2020_SSP2-Base,RECIPE,CN,Monazite Beneficiation,kilogram,1,lcia_resultsecoinvent_2020_SSP2-BaseMonazite_BeneficiationCN.csv
Terrestrial Ecotoxicity Potential (Tetp),3.5276898061603545,"kg 1,4-DCB-Eq",ecoinvent_2020_SSP2-Base,RECIPE,CN,Monazite Beneficiation,kilogram,1,lcia_resultsecoinvent_2020_SSP2-BaseMonazite_BeneficiationCN.csv
Fossil Fuel Potential (Ffp),0.0389829374012619,kg oil-Eq,ecoinvent_2020_SSP2-Base,RECIPE,CN,Monazite Beneficiation,kilogram,1,lcia_resultsecoinvent_2020_SSP2-BaseMonazite_BeneficiationCN.csv
Freshwater Eutrophication Potential (Fep),5.3194810715385496e-05,kg P-Eq,ecoinvent_2020_SSP2-Base,RECIPE,CN,Monazite Beneficiation,kilogram,1,lcia_resultsecoinvent_2020_SSP2-BaseMonazite_BeneficiationCN.csv
Marine Eutrophication Potential (Mep),3.9765671382043056e-05,kg N-Eq,ecoinvent_2020_SSP2-Base,RECIPE,CN,Monazite Beneficiation,kilogram,1,lcia_resultsecoinvent_2020_SSP2-BaseMonazite_BeneficiationCN.csv
Human Toxicity Potential (Htpc),0.0431118572949486,"kg 1,4-DCB-Eq",ecoinvent_2020_SSP2-Base,RECIPE,CN,Monazite Beneficiation,kilogram,1,lcia_resultsecoinvent_2020_SSP2-BaseMonazite_BeneficiationCN.csv
Human Toxicity Potential (Htpnc),0.3270517115876309,"kg 1,4-DCB-Eq",ecoinvent_2020_SSP2-Base,RECIPE,CN,Monazite Beneficiation,kilogram,1,lcia_resultsecoinvent_2020_SSP2-BaseMonazite_BeneficiationCN.csv
Ionising Radiation Potential (Irp),0.0090562344039523,kg Co-60-Eq,ecoinvent_2020_SSP2-Base,RECIPE,CN,Monazite Beneficiation,kilogram,1,lcia_resultsecoinvent_2020_SSP2-BaseMonazite_BeneficiationCN.csv
Agricultural Land Occupation (Lop),0.0316996451661672,m2*a crop-Eq,ecoinvent_2020_SSP2-Base,RECIPE,CN,Monazite Beneficiation,kilogram,1,lcia_resultsecoinvent_2020_SSP2-BaseMonazite_BeneficiationCN.csv
Surplus Ore Potential (Sop),0.0191528326095302,kg Cu-Eq,ecoinvent_2020_SSP2-Base,RECIPE,CN,Monazite Beneficiation,kilogram,1,lcia_resultsecoinvent_2020_SSP2-BaseMonazite_BeneficiationCN.csv
Ozone Depletion Potential (Odpinfinite),2.3288244144632825e-07,kg CFC-11-Eq,ecoinvent_2020_SSP2-Base,RECIPE,CN,Monazite Beneficiation,kilogram,1,lcia_resultsecoinvent_2020_SSP2-BaseMonazite_BeneficiationCN.csv
Particulate Matter Formation Potential (Pmfp),0.0002945673483847,kg PM2.5-Eq,ecoinvent_2020_SSP2-Base,RECIPE,CN,Monazite Beneficiation,kilogram,1,lcia_resultsecoinvent_2020_SSP2-BaseMonazite_BeneficiationCN.csv
Photochemical Oxidant Formation Potential: Humans (Hofp),0.0003233328526275,kg NOx-Eq,ecoinvent_2020_SSP2-Base,RECIPE,CN,Monazite Beneficiation,kilogram,1,lcia_resultsecoinvent_2020_SSP2-BaseMonazite_BeneficiationCN.csv
Photochemical Oxidant Formation Potential: Ecosystems (Eofp),0.000333798884749,kg NOx-Eq,ecoinvent_2020_SSP2-Base,RECIPE,CN,Monazite Beneficiation,kilogram,1,lcia_resultsecoinvent_2020_SSP2-BaseMonazite_BeneficiationCN.csv
Water Consumption Potential (Wcp),0.0031569411350561,cubic meter,ecoinvent_2020_SSP2-Base,RECIPE,CN,Monazite Beneficiation,kilogram,1,lcia_resultsecoinvent_2020_SSP2-BaseMonazite_BeneficiationCN.csv
Acidification Potential (Ap) No Lt,1.3509625368158282,kg SO2-Eq,ecoinvent_2020_SSP2-Base,TRACI2.1,CN,Monazite Calcination [allocated to neodymium oxide],kilogram,1,lcia_resultsecoinvent_2020_SSP2-BaseMonazite_Calcination_[allocated_to_neodymium_oxide]CN.csv
Global Warming Potential (Gwp100) No Lt,3006.377591727094,kg CO2-Eq,ecoinvent_2020_SSP2-Base,TRACI2.1,CN,Monazite Calcination [allocated to neodymium oxide],kilogram,1,lcia_resultsecoinvent_2020_SSP2-BaseMonazite_Calcination_[allocated_to_neodymium_oxide]CN.csv
Ecotoxicity: Freshwater No Lt,377.4607436616792,CTUe,ecoinvent_2020_SSP2-Base,TRACI2.1,CN,Monazite Calcination [allocated to neodymium oxide],kilogram,1,lcia_resultsecoinvent_2020_SSP2-BaseMonazite_Calcination_[allocated_to_neodymium_oxide]CN.csv
Eutrophication Potential No Lt,0.156939129108161,kg N-Eq,ecoinvent_2020_SSP2-Base,TRACI2.1,CN,Monazite Calcination [allocated to neodymium oxide],kilogram,1,lcia_resultsecoinvent_2020_SSP2-BaseMonazite_Calcination_[allocated_to_neodymium_oxide]CN.csv
Human Toxicity: Carcinogenic No Lt,1.374842835968038e-06,CTUh,ecoinvent_2020_SSP2-Base,TRACI2.1,CN,Monazite Calcination [allocated to neodymium oxide],kilogram,1,lcia_resultsecoinvent_2020_SSP2-BaseMonazite_Calcination_[allocated_to_neodymium_oxide]CN.csv
Human Toxicity: Non-Carcinogenic No Lt,1.7376930520023144e-05,CTUh,ecoinvent_2020_SSP2-Base,TRACI2.1,CN,Monazite Calcination [allocated to neodymium oxide],kilogram,1,lcia_resultsecoinvent_2020_SSP2-BaseMonazite_Calcination_[allocated_to_neodymium_oxide]CN.csv
Ozone Depletion Potential (Odp) No Lt,6.968461175356269e-05,kg CFC-11-Eq,ecoinvent_2020_SSP2-Base,TRACI2.1,CN,Monazite Calcination [allocated to neodymium oxide],kilogram,1,lcia_resultsecoinvent_2020_SSP2-BaseMonazite_Calcination_[allocated_to_neodymium_oxide]CN.csv
Particulate Matter Formation Potential (Pmfp) No Lt,0.1460769952516246,PM2.5-Eq,ecoinvent_2020_SSP2-Base,TRACI2.1,CN,Monazite Calcination [allocated to neodymium oxide],kilogram,1,lcia_resultsecoinvent_2020_SSP2-BaseMonazite_Calcination_[allocated_to_neodymium_oxide]CN.csv
Maximum Incremental Reactivity (Mir) No Lt,35.80611003504801,kg O3-Eq,ecoinvent_2020_SSP2-Base,TRACI2.1,CN,Monazite Calcination [allocated to neodymium oxide],kilogram,1,lcia_resultsecoinvent_2020_SSP2-BaseMonazite_Calcination_[allocated_to_neodymium_oxide]CN.csv
Acidification Potential (Ap),1.3546965785587088,kg SO2-Eq,ecoinvent_2020_SSP2-Base,TRACI2.1,CN,Monazite Calcination [allocated to neodymium oxide],kilogram,1,lcia_resultsecoinvent_2020_SSP2-BaseMonazite_Calcination_[allocated_to_neodymium_oxide]CN.csv
Global Warming Potential (Gwp100),3006.409821175524,kg CO2-Eq,ecoinvent_2020_SSP2-Base,TRACI2.1,CN,Monazite Calcination [allocated to neodymium oxide],kilogram,1,lcia_resultsecoinvent_2020_SSP2-BaseMonazite_Calcination_[allocated_to_neodymium_oxide]CN.csv
Ecotoxicity: Freshwater,4260.453154462026,CTUe,ecoinvent_2020_SSP2-Base,TRACI2.1,CN,Monazite Calcination [allocated to neodymium oxide],kilogram,1,lcia_resultsecoinvent_2020_SSP2-BaseMonazite_Calcination_[allocated_to_neodymium_oxide]CN.csv
Eutrophication Potential,0.5567842323823109,kg N-Eq,ecoinvent_2020_SSP2-Base,TRACI2.1,CN,Monazite Calcination [allocated to neodymium oxide],kilogram,1,lcia_resultsecoinvent_2020_SSP2-BaseMonazite_Calcination_[allocated_to_neodymium_oxide]CN.csv
Human Toxicity: Carcinogenic,0.0001735569670397,CTUh,ecoinvent_2020_SSP2-Base,TRACI2.1,CN,Monazite Calcination [allocated to neodymium oxide],kilogram,1,lcia_resultsecoinvent_2020_SSP2-BaseMonazite_Calcination_[allocated_to_neodymium_oxide]CN.csv
Human Toxicity: Non-Carcinogenic,4.054626146628885e-05,CTUh,ecoinvent_2020_SSP2-Base,TRACI2.1,CN,Monazite Calcination [allocated to neodymium oxide],kilogram,1,lcia_resultsecoinvent_2020_SSP2-BaseMonazite_Calcination_[allocated_to_neodymium_oxide]CN.csv
Ozone Depletion Potential (Odp),6.968461175356269e-05,kg CFC-11-Eq,ecoinvent_2020_SSP2-Base,TRACI2.1,CN,Monazite Calcination [allocated to neodymium oxide],kilogram,1,lcia_resultsecoinvent_2020_SSP2-BaseMonazite_Calcination_[allocated_to_neodymium_oxide]CN.csv
Particulate Matter Formation Potential (Pmfp),0.1466259363517734,PM2.5-Eq,ecoinvent_2020_SSP2-Base,TRACI2.1,CN,Monazite Calcination [allocated to neodymium oxide],kilogram,1,lcia_resultsecoinvent_2020_SSP2-BaseMonazite_Calcination_[allocated_to_neodymium_oxide]CN.csv
Maximum Incremental Reactivity (Mir),35.936006575893195,kg O3-Eq,ecoinvent_2020_SSP2-Base,TRACI2.1,CN,Monazite Calcination [allocated to neodymium oxide],kilogram,1,lcia_resultsecoinvent_2020_SSP2-BaseMonazite_Calcination_[allocated_to_neodymium_oxide]CN.csv
Terrestrial Acidification Potential (Tap),1.0055975837092832,kg SO2-Eq,ecoinvent_2020_SSP2-Base,RECIPE,CN,Monazite Calcination [allocated to neodymium oxide],kilogram,1,lcia_resultsecoinvent_2020_SSP2-BaseMonazite_Calcination_[allocated_to_neodymium_oxide]CN.csv
Global Warming Potential (Gwp1000),3109.171099647701,kg CO2-Eq,ecoinvent_2020_SSP2-Base,RECIPE,CN,Monazite Calcination [allocated to neodymium oxide],kilogram,1,lcia_resultsecoinvent_2020_SSP2-BaseMonazite_Calcination_[allocated_to_neodymium_oxide]CN.csv
Freshwater Ecotoxicity Potential (Fetp),7.205201827052164,"kg 1,4-DCB-Eq",ecoinvent_2020_SSP2-Base,RECIPE,CN,Monazite Calcination [allocated to neodymium oxide],kilogram,1,lcia_resultsecoinvent_2020_SSP2-BaseMonazite_Calcination_[allocated_to_neodymium_oxide]CN.csv
Marine Ecotoxicity Potential (Metp),14.274213170574702,"kg 1,4-DCB-Eq",ecoinvent_2020_SSP2-Base,RECIPE,CN,Monazite Calcination [allocated to neodymium oxide],kilogram,1,lcia_resultsecoinvent_2020_SSP2-BaseMonazite_Calcination_[allocated_to_neodymium_oxide]CN.csv
Terrestrial Ecotoxicity Potential (Tetp),8765.62465366847,"kg 1,4-DCB-Eq",ecoinvent_2020_SSP2-Base,RECIPE,CN,Monazite Calcination [allocated to neodymium oxide],kilogram,1,lcia_resultsecoinvent_2020_SSP2-BaseMonazite_Calcination_[allocated_to_neodymium_oxide]CN.csv
Fossil Fuel Potential (Ffp),860.5142095768546,kg oil-Eq,ecoinvent_2020_SSP2-Base,RECIPE,CN,Monazite Calcination [allocated to neodymium oxide],kilogram,1,lcia_resultsecoinvent_2020_SSP2-BaseMonazite_Calcination_[allocated_to_neodymium_oxide]CN.csv
Freshwater Eutrophication Potential (Fep),0.0471038050386866,kg P-Eq,ecoinvent_2020_SSP2-Base,RECIPE,CN,Monazite Calcination [allocated to neodymium oxide],kilogram,1,lcia_resultsecoinvent_2020_SSP2-BaseMonazite_Calcination_[allocated_to_neodymium_oxide]CN.csv
Marine Eutrophication Potential (Mep),0.0176165492659743,kg N-Eq,ecoinvent_2020_SSP2-Base,RECIPE,CN,Monazite Calcination [allocated to neodymium oxide],kilogram,1,lcia_resultsecoinvent_2020_SSP2-BaseMonazite_Calcination_[allocated_to_neodymium_oxide]CN.csv
Human Toxicity Potential (Htpc),121.6672986495191,"kg 1,4-DCB-Eq",ecoinvent_2020_SSP2-Base,RECIPE,CN,Monazite Calcination [allocated to neodymium oxide],kilogram,1,lcia_resultsecoinvent_2020_SSP2-BaseMonazite_Calcination_[allocated_to_neodymium_oxide]CN.csv
Human Toxicity Potential (Htpnc),132.466757825419,"kg 1,4-DCB-Eq",ecoinvent_2020_SSP2-Base,RECIPE,CN,Monazite Calcination [allocated to neodymium oxide],kilogram,1,lcia_resultsecoinvent_2020_SSP2-BaseMonazite_Calcination_[allocated_to_neodymium_oxide]CN.csv
Ionising Radiation Potential (Irp),6.950535131032721,kg Co-60-Eq,ecoinvent_2020_SSP2-Base,RECIPE,CN,Monazite Calcination [allocated to neodymium oxide],kilogram,1,lcia_resultsecoinvent_2020_SSP2-BaseMonazite_Calcination_[allocated_to_neodymium_oxide]CN.csv
Agricultural Land Occupation (Lop),2.378036566218496,m2*a crop-Eq,ecoinvent_2020_SSP2-Base,RECIPE,CN,Monazite Calcination [allocated to neodymium oxide],kilogram,1,lcia_resultsecoinvent_2020_SSP2-BaseMonazite_Calcination_[allocated_to_neodymium_oxide]CN.csv
Surplus Ore Potential (Sop),16.278891239788464,kg Cu-Eq,ecoinvent_2020_SSP2-Base,RECIPE,CN,Monazite Calcination [allocated to neodymium oxide],kilogram,1,lcia_resultsecoinvent_2020_SSP2-BaseMonazite_Calcination_[allocated_to_neodymium_oxide]CN.csv
Ozone Depletion Potential (Odpinfinite),0.0001359193684433,kg CFC-11-Eq,ecoinvent_2020_SSP2-Base,RECIPE,CN,Monazite Calcination [allocated to neodymium oxide],kilogram,1,lcia_resultsecoinvent_2020_SSP2-BaseMonazite_Calcination_[allocated_to_neodymium_oxide]CN.csv
Particulate Matter Formation Potential (Pmfp),0.3791234199542786,kg PM2.5-Eq,ecoinvent_2020_SSP2-Base,RECIPE,CN,Monazite Calcination [allocated to neodymium oxide],kilogram,1,lcia_resultsecoinvent_2020_SSP2-BaseMonazite_Calcination_[allocated_to_neodymium_oxide]CN.csv
Photochemical Oxidant Formation Potential: Humans (Hofp),1.556887635875912,kg NOx-Eq,ecoinvent_2020_SSP2-Base,RECIPE,CN,Monazite Calcination [allocated to neodymium oxide],kilogram,1,lcia_resultsecoinvent_2020_SSP2-BaseMonazite_Calcination_[allocated_to_neodymium_oxide]CN.csv
Photochemical Oxidant Formation Potential: Ecosystems (Eofp),1.904231027321257,kg NOx-Eq,ecoinvent_2020_SSP2-Base,RECIPE,CN,Monazite Calcination [allocated to neodymium oxide],kilogram,1,lcia_resultsecoinvent_2020_SSP2-BaseMonazite_Calcination_[allocated_to_neodymium_oxide]CN.csv
Water Consumption Potential (Wcp),1.0374366794393364,cubic meter,ecoinvent_2020_SSP2-Base,RECIPE,CN,Monazite Calcination [allocated to neodymium oxide],kilogram,1,lcia_resultsecoinvent_2020_SSP2-BaseMonazite_Calcination_[allocated_to_neodymium_oxide]CN.csv
Acidification Potential (Ap) No Lt,0.0002018368543317,kg SO2-Eq,ecoinvent_2020_SSP2-Base,TRACI2.1,CN,Monazite Mining,kilogram,1,lcia_resultsecoinvent_2020_SSP2-BaseMonazite_MiningCN.csv
Global Warming Potential (Gwp100) No Lt,0.0108137245642583,kg CO2-Eq,ecoinvent_2020_SSP2-Base,TRACI2.1,CN,Monazite Mining,kilogram,1,lcia_resultsecoinvent_2020_SSP2-BaseMonazite_MiningCN.csv
Ecotoxicity: Freshwater No Lt,0.0053263515766191,CTUe,ecoinvent_2020_SSP2-Base,TRACI2.1,CN,Monazite Mining,kilogram,1,lcia_resultsecoinvent_2020_SSP2-BaseMonazite_MiningCN.csv
Eutrophication Potential No Lt,1.4243423127917577e-05,kg N-Eq,ecoinvent_2020_SSP2-Base,TRACI2.1,CN,Monazite Mining,kilogram,1,lcia_resultsecoinvent_2020_SSP2-BaseMonazite_MiningCN.csv
Human Toxicity: Carcinogenic No Lt,1.4479213167122218e-11,CTUh,ecoinvent_2020_SSP2-Base,TRACI2.1,CN,Monazite Mining,kilogram,1,lcia_resultsecoinvent_2020_SSP2-BaseMonazite_MiningCN.csv
Human Toxicity: Non-Carcinogenic No Lt,3.6184073970270426e-10,CTUh,ecoinvent_2020_SSP2-Base,TRACI2.1,CN,Monazite Mining,kilogram,1,lcia_resultsecoinvent_2020_SSP2-BaseMonazite_MiningCN.csv
Ozone Depletion Potential (Odp) No Lt,1.186129280620454e-10,kg CFC-11-Eq,ecoinvent_2020_SSP2-Base,TRACI2.1,CN,Monazite Mining,kilogram,1,lcia_resultsecoinvent_2020_SSP2-BaseMonazite_MiningCN.csv
Particulate Matter Formation Potential (Pmfp) No Lt,0.0010266990427347,PM2.5-Eq,ecoinvent_2020_SSP2-Base,TRACI2.1,CN,Monazite Mining,kilogram,1,lcia_resultsecoinvent_2020_SSP2-BaseMonazite_MiningCN.csv
Maximum Incremental Reactivity (Mir) No Lt,0.0048778627184355,kg O3-Eq,ecoinvent_2020_SSP2-Base,TRACI2.1,CN,Monazite Mining,kilogram,1,lcia_resultsecoinvent_2020_SSP2-BaseMonazite_MiningCN.csv
Acidification Potential (Ap),0.0002021192810109,kg SO2-Eq,ecoinvent_2020_SSP2-Base,TRACI2.1,CN,Monazite Mining,kilogram,1,lcia_resultsecoinvent_2020_SSP2-BaseMonazite_MiningCN.csv
Global Warming Potential (Gwp100),0.010816173106578,kg CO2-Eq,ecoinvent_2020_SSP2-Base,TRACI2.1,CN,Monazite Mining,kilogram,1,lcia_resultsecoinvent_2020_SSP2-BaseMonazite_MiningCN.csv
Ecotoxicity: Freshwater,0.0834185213580091,CTUe,ecoinvent_2020_SSP2-Base,TRACI2.1,CN,Monazite Mining,kilogram,1,lcia_resultsecoinvent_2020_SSP2-BaseMonazite_MiningCN.csv
Eutrophication Potential,2.0821730729481816e-05,kg N-Eq,ecoinvent_2020_SSP2-Base,TRACI2.1,CN,Monazite Mining,kilogram,1,lcia_resultsecoinvent_2020_SSP2-BaseMonazite_MiningCN.csv
Human Toxicity: Carcinogenic,1.6543549856349703e-09,CTUh,ecoinvent_2020_SSP2-Base,TRACI2.1,CN,Monazite Mining,kilogram,1,lcia_resultsecoinvent_2020_SSP2-BaseMonazite_MiningCN.csv
Human Toxicity: Non-Carcinogenic,9.736227225067875e-10,CTUh,ecoinvent_2020_SSP2-Base,TRACI2.1,CN,Monazite Mining,kilogram,1,lcia_resultsecoinvent_2020_SSP2-BaseMonazite_MiningCN.csv
Ozone Depletion Potential (Odp),1.186129280620454e-10,kg CFC-11-Eq,ecoinvent_2020_SSP2-Base,TRACI2.1,CN,Monazite Mining,kilogram,1,lcia_resultsecoinvent_2020_SSP2-BaseMonazite_MiningCN.csv
Particulate Matter Formation Potential (Pmfp),0.0010267151837586,PM2.5-Eq,ecoinvent_2020_SSP2-Base,TRACI2.1,CN,Monazite Mining,kilogram,1,lcia_resultsecoinvent_2020_SSP2-BaseMonazite_MiningCN.csv
Maximum Incremental Reactivity (Mir),0.0048877170541301,kg O3-Eq,ecoinvent_2020_SSP2-Base,TRACI2.1,CN,Monazite Mining,kilogram,1,lcia_resultsecoinvent_2020_SSP2-BaseMonazite_MiningCN.csv
Terrestrial Acidification Potential (Tap),0.000139962416029,kg SO2-Eq,ecoinvent_2020_SSP2-Base,RECIPE,CN,Monazite Mining,kilogram,1,lcia_resultsecoinvent_2020_SSP2-BaseMonazite_MiningCN.csv
Global Warming Potential (Gwp1000),0.0112050372468326,kg CO2-Eq,ecoinvent_2020_SSP2-Base,RECIPE,CN,Monazite Mining,kilogram,1,lcia_resultsecoinvent_2020_SSP2-BaseMonazite_MiningCN.csv
Freshwater Ecotoxicity Potential (Fetp),0.0002018199683476,"kg 1,4-DCB-Eq",ecoinvent_2020_SSP2-Base,RECIPE,CN,Monazite Mining,kilogram,1,lcia_resultsecoinvent_2020_SSP2-BaseMonazite_MiningCN.csv
Marine Ecotoxicity Potential (Metp),0.0003048981622987,"kg 1,4-DCB-Eq",ecoinvent_2020_SSP2-Base,RECIPE,CN,Monazite Mining,kilogram,1,lcia_resultsecoinvent_2020_SSP2-BaseMonazite_MiningCN.csv
Terrestrial Ecotoxicity Potential (Tetp),0.094430184486192,"kg 1,4-DCB-Eq",ecoinvent_2020_SSP2-Base,RECIPE,CN,Monazite Mining,kilogram,1,lcia_resultsecoinvent_2020_SSP2-BaseMonazite_MiningCN.csv
Fossil Fuel Potential (Ffp),0.0037267003740698,kg oil-Eq,ecoinvent_2020_SSP2-Base,RECIPE,CN,Monazite Mining,kilogram,1,lcia_resultsecoinvent_2020_SSP2-BaseMonazite_MiningCN.csv
Freshwater Eutrophication Potential (Fep),7.427004468274588e-07,kg P-Eq,ecoinvent_2020_SSP2-Base,RECIPE,CN,Monazite Mining,kilogram,1,lcia_resultsecoinvent_2020_SSP2-BaseMonazite_MiningCN.csv
Marine Eutrophication Potential (Mep),1.9407024071264613e-07,kg N-Eq,ecoinvent_2020_SSP2-Base,RECIPE,CN,Monazite Mining,kilogram,1,lcia_resultsecoinvent_2020_SSP2-BaseMonazite_MiningCN.csv
Human Toxicity Potential (Htpc),0.001162881819018,"kg 1,4-DCB-Eq",ecoinvent_2020_SSP2-Base,RECIPE,CN,Monazite Mining,kilogram,1,lcia_resultsecoinvent_2020_SSP2-BaseMonazite_MiningCN.csv
Human Toxicity Potential (Htpnc),0.0035399744958469,"kg 1,4-DCB-Eq",ecoinvent_2020_SSP2-Base,RECIPE,CN,Monazite Mining,kilogram,1,lcia_resultsecoinvent_2020_SSP2-BaseMonazite_MiningCN.csv
Ionising Radiation Potential (Irp),0.0001039381791829,kg Co-60-Eq,ecoinvent_2020_SSP2-Base,RECIPE,CN,Monazite Mining,kilogram,1,lcia_resultsecoinvent_2020_SSP2-BaseMonazite_MiningCN.csv
Agricultural Land Occupation (Lop),-0.0221355183118157,m2*a crop-Eq,ecoinvent_2020_SSP2-Base,RECIPE,CN,Monazite Mining,kilogram,1,lcia_resultsecoinvent_2020_SSP2-BaseMonazite_MiningCN.csv
Surplus Ore Potential (Sop),9.11509017104566e-05,kg Cu-Eq,ecoinvent_2020_SSP2-Base,RECIPE,CN,Monazite Mining,kilogram,1,lcia_resultsecoinvent_2020_SSP2-BaseMonazite_MiningCN.csv
Ozone Depletion Potential (Odpinfinite),2.4062150014807e-08,kg CFC-11-Eq,ecoinvent_2020_SSP2-Base,RECIPE,CN,Monazite Mining,kilogram,1,lcia_resultsecoinvent_2020_SSP2-BaseMonazite_MiningCN.csv
Particulate Matter Formation Potential (Pmfp),3.4722650057528935e-05,kg PM2.5-Eq,ecoinvent_2020_SSP2-Base,RECIPE,CN,Monazite Mining,kilogram,1,lcia_resultsecoinvent_2020_SSP2-BaseMonazite_MiningCN.csv
Photochemical Oxidant Formation Potential: Humans (Hofp),0.0001987831068052,kg NOx-Eq,ecoinvent_2020_SSP2-Base,RECIPE,CN,Monazite Mining,kilogram,1,lcia_resultsecoinvent_2020_SSP2-BaseMonazite_MiningCN.csv
Photochemical Oxidant Formation Potential: Ecosystems (Eofp),0.0002043700016014,kg NOx-Eq,ecoinvent_2020_SSP2-Base,RECIPE,CN,Monazite Mining,kilogram,1,lcia_resultsecoinvent_2020_SSP2-BaseMonazite_MiningCN.csv
Water Consumption Potential (Wcp),3.291783268957704e-05,cubic meter,ecoinvent_2020_SSP2-Base,RECIPE,CN,Monazite Mining,kilogram,1,lcia_resultsecoinvent_2020_SSP2-BaseMonazite_MiningCN.csv
Acidification Potential (Ap) No Lt,0.0092044254859039,kg SO2-Eq,ecoinvent_2020_SSP2-Base,TRACI2.1,CN,Monazite Roasting,kilogram,1,lcia_resultsecoinvent_2020_SSP2-BaseMonazite_RoastingCN.csv
Global Warming Potential (Gwp100) No Lt,-0.5629794795429072,kg CO2-Eq,ecoinvent_2020_SSP2-Base,TRACI2.1,CN,Monazite Roasting,kilogram,1,lcia_resultsecoinvent_2020_SSP2-BaseMonazite_RoastingCN.csv
Ecotoxicity: Freshwater No Lt,-0.5920740716134327,CTUe,ecoinvent_2020_SSP2-Base,TRACI2.1,CN,Monazite Roasting,kilogram,1,lcia_resultsecoinvent_2020_SSP2-BaseMonazite_RoastingCN.csv
Eutrophication Potential No Lt,7.667304181629975e-05,kg N-Eq,ecoinvent_2020_SSP2-Base,TRACI2.1,CN,Monazite Roasting,kilogram,1,lcia_resultsecoinvent_2020_SSP2-BaseMonazite_RoastingCN.csv
Human Toxicity: Carcinogenic No Lt,8.231703936656248e-09,CTUh,ecoinvent_2020_SSP2-Base,TRACI2.1,CN,Monazite Roasting,kilogram,1,lcia_resultsecoinvent_2020_SSP2-BaseMonazite_RoastingCN.csv
Human Toxicity: Non-Carcinogenic No Lt,2.9599029860182693e-07,CTUh,ecoinvent_2020_SSP2-Base,TRACI2.1,CN,Monazite Roasting,kilogram,1,lcia_resultsecoinvent_2020_SSP2-BaseMonazite_RoastingCN.csv
Ozone Depletion Potential (Odp) No Lt,-2.528707083707501e-09,kg CFC-11-Eq,ecoinvent_2020_SSP2-Base,TRACI2.1,CN,Monazite Roasting,kilogram,1,lcia_resultsecoinvent_2020_SSP2-BaseMonazite_RoastingCN.csv
Particulate Matter Formation Potential (Pmfp) No Lt,0.0007512117488423,PM2.5-Eq,ecoinvent_2020_SSP2-Base,TRACI2.1,CN,Monazite Roasting,kilogram,1,lcia_resultsecoinvent_2020_SSP2-BaseMonazite_RoastingCN.csv
Maximum Incremental Reactivity (Mir) No Lt,0.0265238407547078,kg O3-Eq,ecoinvent_2020_SSP2-Base,TRACI2.1,CN,Monazite Roasting,kilogram,1,lcia_resultsecoinvent_2020_SSP2-BaseMonazite_RoastingCN.csv
Acidification Potential (Ap),0.0092513382483897,kg SO2-Eq,ecoinvent_2020_SSP2-Base,TRACI2.1,CN,Monazite Roasting,kilogram,1,lcia_resultsecoinvent_2020_SSP2-BaseMonazite_RoastingCN.csv
Global Warming Potential (Gwp100),-0.5625726268995385,kg CO2-Eq,ecoinvent_2020_SSP2-Base,TRACI2.1,CN,Monazite Roasting,kilogram,1,lcia_resultsecoinvent_2020_SSP2-BaseMonazite_RoastingCN.csv
Ecotoxicity: Freshwater,47.79549744927429,CTUe,ecoinvent_2020_SSP2-Base,TRACI2.1,CN,Monazite Roasting,kilogram,1,lcia_resultsecoinvent_2020_SSP2-BaseMonazite_RoastingCN.csv
Eutrophication Potential,0.0011359174041271,kg N-Eq,ecoinvent_2020_SSP2-Base,TRACI2.1,CN,Monazite Roasting,kilogram,1,lcia_resultsecoinvent_2020_SSP2-BaseMonazite_RoastingCN.csv
Human Toxicity: Carcinogenic,9.978749103957003e-08,CTUh,ecoinvent_2020_SSP2-Base,TRACI2.1,CN,Monazite Roasting,kilogram,1,lcia_resultsecoinvent_2020_SSP2-BaseMonazite_RoastingCN.csv
Human Toxicity: Non-Carcinogenic,7.249975515929026e-07,CTUh,ecoinvent_2020_SSP2-Base,TRACI2.1,CN,Monazite Roasting,kilogram,1,lcia_resultsecoinvent_2020_SSP2-BaseMonazite_RoastingCN.csv
Ozone Depletion Potential (Odp),-2.528707083707501e-09,kg CFC-11-Eq,ecoinvent_2020_SSP2-Base,TRACI2.1,CN,Monazite Roasting,kilogram,1,lcia_resultsecoinvent_2020_SSP2-BaseMonazite_RoastingCN.csv
Particulate Matter Formation Potential (Pmfp),0.0007567597539721,PM2.5-Eq,ecoinvent_2020_SSP2-Base,TRACI2.1,CN,Monazite Roasting,kilogram,1,lcia_resultsecoinvent_2020_SSP2-BaseMonazite_RoastingCN.csv
Maximum Incremental Reactivity (Mir),0.0281614038515044,kg O3-Eq,ecoinvent_2020_SSP2-Base,TRACI2.1,CN,Monazite Roasting,kilogram,1,lcia_resultsecoinvent_2020_SSP2-BaseMonazite_RoastingCN.csv
Terrestrial Acidification Potential (Tap),0.0083914673408958,kg SO2-Eq,ecoinvent_2020_SSP2-Base,RECIPE,CN,Monazite Roasting,kilogram,1,lcia_resultsecoinvent_2020_SSP2-BaseMonazite_RoastingCN.csv
Global Warming Potential (Gwp1000),-0.5762578414466304,kg CO2-Eq,ecoinvent_2020_SSP2-Base,RECIPE,CN,Monazite Roasting,kilogram,1,lcia_resultsecoinvent_2020_SSP2-BaseMonazite_RoastingCN.csv
Freshwater Ecotoxicity Potential (Fetp),0.1516403256994131,"kg 1,4-DCB-Eq",ecoinvent_2020_SSP2-Base,RECIPE,CN,Monazite Roasting,kilogram,1,lcia_resultsecoinvent_2020_SSP2-BaseMonazite_RoastingCN.csv
Marine Ecotoxicity Potential (Metp),0.1955027553705906,"kg 1,4-DCB-Eq",ecoinvent_2020_SSP2-Base,RECIPE,CN,Monazite Roasting,kilogram,1,lcia_resultsecoinvent_2020_SSP2-BaseMonazite_RoastingCN.csv
Terrestrial Ecotoxicity Potential (Tetp),13.36116599218744,"kg 1,4-DCB-Eq",ecoinvent_2020_SSP2-Base,RECIPE,CN,Monazite Roasting,kilogram,1,lcia_resultsecoinvent_2020_SSP2-BaseMonazite_RoastingCN.csv
Fossil Fuel Potential (Ffp),-0.1536024715127362,kg oil-Eq,ecoinvent_2020_SSP2-Base,RECIPE,CN,Monazite Roasting,kilogram,1,lcia_resultsecoinvent_2020_SSP2-BaseMonazite_RoastingCN.csv
Freshwater Eutrophication Potential (Fep),0.0001415372797708,kg P-Eq,ecoinvent_2020_SSP2-Base,RECIPE,CN,Monazite Roasting,kilogram,1,lcia_resultsecoinvent_2020_SSP2-BaseMonazite_RoastingCN.csv
Marine Eutrophication Potential (Mep),-4.739793012862296e-06,kg N-Eq,ecoinvent_2020_SSP2-Base,RECIPE,CN,Monazite Roasting,kilogram,1,lcia_resultsecoinvent_2020_SSP2-BaseMonazite_RoastingCN.csv
Human Toxicity Potential (Htpc),0.0746555183027075,"kg 1,4-DCB-Eq",ecoinvent_2020_SSP2-Base,RECIPE,CN,Monazite Roasting,kilogram,1,lcia_resultsecoinvent_2020_SSP2-BaseMonazite_RoastingCN.csv
Human Toxicity Potential (Htpnc),2.8249410465730267,"kg 1,4-DCB-Eq",ecoinvent_2020_SSP2-Base,RECIPE,CN,Monazite Roasting,kilogram,1,lcia_resultsecoinvent_2020_SSP2-BaseMonazite_RoastingCN.csv
Ionising Radiation Potential (Irp),0.011056504181399,kg Co-60-Eq,ecoinvent_2020_SSP2-Base,RECIPE,CN,Monazite Roasting,kilogram,1,lcia_resultsecoinvent_2020_SSP2-BaseMonazite_RoastingCN.csv
Agricultural Land Occupation (Lop),0.0174370604511924,m2*a crop-Eq,ecoinvent_2020_SSP2-Base,RECIPE,CN,Monazite Roasting,kilogram,1,lcia_resultsecoinvent_2020_SSP2-BaseMonazite_RoastingCN.csv
Surplus Ore Potential (Sop),0.0121267276860537,kg Cu-Eq,ecoinvent_2020_SSP2-Base,RECIPE,CN,Monazite Roasting,kilogram,1,lcia_resultsecoinvent_2020_SSP2-BaseMonazite_RoastingCN.csv
Ozone Depletion Potential (Odpinfinite),-4.914914489817056e-08,kg CFC-11-Eq,ecoinvent_2020_SSP2-Base,RECIPE,CN,Monazite Roasting,kilogram,1,lcia_resultsecoinvent_2020_SSP2-BaseMonazite_RoastingCN.csv
Particulate Matter Formation Potential (Pmfp),0.0025283517766123,kg PM2.5-Eq,ecoinvent_2020_SSP2-Base,RECIPE,CN,Monazite Roasting,kilogram,1,lcia_resultsecoinvent_2020_SSP2-BaseMonazite_RoastingCN.csv
Photochemical Oxidant Formation Potential: Humans (Hofp),0.0011068277047456,kg NOx-Eq,ecoinvent_2020_SSP2-Base,RECIPE,CN,Monazite Roasting,kilogram,1,lcia_resultsecoinvent_2020_SSP2-BaseMonazite_RoastingCN.csv
Photochemical Oxidant Formation Potential: Ecosystems (Eofp),0.0010285848214692,kg NOx-Eq,ecoinvent_2020_SSP2-Base,RECIPE,CN,Monazite Roasting,kilogram,1,lcia_resultsecoinvent_2020_SSP2-BaseMonazite_RoastingCN.csv
Water Consumption Potential (Wcp),0.0084801052917461,cubic meter,ecoinvent_2020_SSP2-Base,RECIPE,CN,Monazite Roasting,kilogram,1,lcia_resultsecoinvent_2020_SSP2-BaseMonazite_RoastingCN.csv
Acidification Potential (Ap) No Lt,0.0003733742097045,kg SO2-Eq,ecoinvent_2020_SSP2-Base,TRACI2.1,CN,Monazite HCL Digestion,kilogram,1,lcia_resultsecoinvent_2020_SSP2-BaseMonazite_HCL_DigestionCN.csv
Global Warming Potential (Gwp100) No Lt,-0.0882468072633628,kg CO2-Eq,ecoinvent_2020_SSP2-Base,TRACI2.1,CN,Monazite HCL Digestion,kilogram,1,lcia_resultsecoinvent_2020_SSP2-BaseMonazite_HCL_DigestionCN.csv
Ecotoxicity: Freshwater No Lt,0.3927283631315597,CTUe,ecoinvent_2020_SSP2-Base,TRACI2.1,CN,Monazite HCL Digestion,kilogram,1,lcia_resultsecoinvent_2020_SSP2-BaseMonazite_HCL_DigestionCN.csv
Eutrophication Potential No Lt,9.293566871120015e-06,kg N-Eq,ecoinvent_2020_SSP2-Base,TRACI2.1,CN,Monazite HCL Digestion,kilogram,1,lcia_resultsecoinvent_2020_SSP2-BaseMonazite_HCL_DigestionCN.csv
Human Toxicity: Carcinogenic No Lt,4.9896182472784735e-09,CTUh,ecoinvent_2020_SSP2-Base,TRACI2.1,CN,Monazite HCL Digestion,kilogram,1,lcia_resultsecoinvent_2020_SSP2-BaseMonazite_HCL_DigestionCN.csv
Human Toxicity: Non-Carcinogenic No Lt,4.1295101846171994e-08,CTUh,ecoinvent_2020_SSP2-Base,TRACI2.1,CN,Monazite HCL Digestion,kilogram,1,lcia_resultsecoinvent_2020_SSP2-BaseMonazite_HCL_DigestionCN.csv
Ozone Depletion Potential (Odp) No Lt,-1.1945990326815287e-09,kg CFC-11-Eq,ecoinvent_2020_SSP2-Base,TRACI2.1,CN,Monazite HCL Digestion,kilogram,1,lcia_resultsecoinvent_2020_SSP2-BaseMonazite_HCL_DigestionCN.csv
Particulate Matter Formation Potential (Pmfp) No Lt,4.6104904772693565e-05,PM2.5-Eq,ecoinvent_2020_SSP2-Base,TRACI2.1,CN,Monazite HCL Digestion,kilogram,1,lcia_resultsecoinvent_2020_SSP2-BaseMonazite_HCL_DigestionCN.csv
Maximum Incremental Reactivity (Mir) No Lt,-0.0003637030178057,kg O3-Eq,ecoinvent_2020_SSP2-Base,TRACI2.1,CN,Monazite HCL Digestion,kilogram,1,lcia_resultsecoinvent_2020_SSP2-BaseMonazite_HCL_DigestionCN.csv
Acidification Potential (Ap),0.0003745705355517,kg SO2-Eq,ecoinvent_2020_SSP2-Base,TRACI2.1,CN,Monazite HCL Digestion,kilogram,1,lcia_resultsecoinvent_2020_SSP2-BaseMonazite_HCL_DigestionCN.csv
Global Warming Potential (Gwp100),-0.0882364497730861,kg CO2-Eq,ecoinvent_2020_SSP2-Base,TRACI2.1,CN,Monazite HCL Digestion,kilogram,1,lcia_resultsecoinvent_2020_SSP2-BaseMonazite_HCL_DigestionCN.csv
Ecotoxicity: Freshwater,3.744555208514972,CTUe,ecoinvent_2020_SSP2-Base,TRACI2.1,CN,Monazite HCL Digestion,kilogram,1,lcia_resultsecoinvent_2020_SSP2-BaseMonazite_HCL_DigestionCN.csv
Eutrophication Potential,7.116165790418854e-05,kg N-Eq,ecoinvent_2020_SSP2-Base,TRACI2.1,CN,Monazite HCL Digestion,kilogram,1,lcia_resultsecoinvent_2020_SSP2-BaseMonazite_HCL_DigestionCN.csv
Human Toxicity: Carcinogenic,5.914256611565941e-09,CTUh,ecoinvent_2020_SSP2-Base,TRACI2.1,CN,Monazite HCL Digestion,kilogram,1,lcia_resultsecoinvent_2020_SSP2-BaseMonazite_HCL_DigestionCN.csv
Human Toxicity: Non-Carcinogenic,7.105101366451987e-08,CTUh,ecoinvent_2020_SSP2-Base,TRACI2.1,CN,Monazite HCL Digestion,kilogram,1,lcia_resultsecoinvent_2020_SSP2-BaseMonazite_HCL_DigestionCN.csv
Ozone Depletion Potential (Odp),-1.1945990326815287e-09,kg CFC-11-Eq,ecoinvent_2020_SSP2-Base,TRACI2.1,CN,Monazite HCL Digestion,kilogram,1,lcia_resultsecoinvent_2020_SSP2-BaseMonazite_HCL_DigestionCN.csv
Particulate Matter Formation Potential (Pmfp),4.6187029864266e-05,PM2.5-Eq,ecoinvent_2020_SSP2-Base,TRACI2.1,CN,Monazite HCL Digestion,kilogram,1,lcia_resultsecoinvent_2020_SSP2-BaseMonazite_HCL_DigestionCN.csv
Maximum Incremental Reactivity (Mir),-0.0003219799365122,kg O3-Eq,ecoinvent_2020_SSP2-Base,TRACI2.1,CN,Monazite HCL Digestion,kilogram,1,lcia_resultsecoinvent_2020_SSP2-BaseMonazite_HCL_DigestionCN.csv
Terrestrial Acidification Potential (Tap),0.0003675916227687,kg SO2-Eq,ecoinvent_2020_SSP2-Base,RECIPE,CN,Monazite HCL Digestion,kilogram,1,lcia_resultsecoinvent_2020_SSP2-BaseMonazite_HCL_DigestionCN.csv
Global Warming Potential (Gwp1000),-0.0913628087653663,kg CO2-Eq,ecoinvent_2020_SSP2-Base,RECIPE,CN,Monazite HCL Digestion,kilogram,1,lcia_resultsecoinvent_2020_SSP2-BaseMonazite_HCL_DigestionCN.csv
Freshwater Ecotoxicity Potential (Fetp),0.0126484505995185,"kg 1,4-DCB-Eq",ecoinvent_2020_SSP2-Base,RECIPE,CN,Monazite HCL Digestion,kilogram,1,lcia_resultsecoinvent_2020_SSP2-BaseMonazite_HCL_DigestionCN.csv
Marine Ecotoxicity Potential (Metp),0.0162368511463788,"kg 1,4-DCB-Eq",ecoinvent_2020_SSP2-Base,RECIPE,CN,Monazite HCL Digestion,kilogram,1,lcia_resultsecoinvent_2020_SSP2-BaseMonazite_HCL_DigestionCN.csv
Terrestrial Ecotoxicity Potential (Tetp),0.5144297311159808,"kg 1,4-DCB-Eq",ecoinvent_2020_SSP2-Base,RECIPE,CN,Monazite HCL Digestion,kilogram,1,lcia_resultsecoinvent_2020_SSP2-BaseMonazite_HCL_DigestionCN.csv
Fossil Fuel Potential (Ffp),-0.0289960092811027,kg oil-Eq,ecoinvent_2020_SSP2-Base,RECIPE,CN,Monazite HCL Digestion,kilogram,1,lcia_resultsecoinvent_2020_SSP2-BaseMonazite_HCL_DigestionCN.csv
Freshwater Eutrophication Potential (Fep),9.593879484622485e-06,kg P-Eq,ecoinvent_2020_SSP2-Base,RECIPE,CN,Monazite HCL Digestion,kilogram,1,lcia_resultsecoinvent_2020_SSP2-BaseMonazite_HCL_DigestionCN.csv
Marine Eutrophication Potential (Mep),-1.0747277030762377e-06,kg N-Eq,ecoinvent_2020_SSP2-Base,RECIPE,CN,Monazite HCL Digestion,kilogram,1,lcia_resultsecoinvent_2020_SSP2-BaseMonazite_HCL_DigestionCN.csv
Human Toxicity Potential (Htpc),0.0044888875461817,"kg 1,4-DCB-Eq",ecoinvent_2020_SSP2-Base,RECIPE,CN,Monazite HCL Digestion,kilogram,1,lcia_resultsecoinvent_2020_SSP2-BaseMonazite_HCL_DigestionCN.csv
Human Toxicity Potential (Htpnc),0.2959898495396372,"kg 1,4-DCB-Eq",ecoinvent_2020_SSP2-Base,RECIPE,CN,Monazite HCL Digestion,kilogram,1,lcia_resultsecoinvent_2020_SSP2-BaseMonazite_HCL_DigestionCN.csv
Ionising Radiation Potential (Irp),0.0005973096675634,kg Co-60-Eq,ecoinvent_2020_SSP2-Base,RECIPE,CN,Monazite HCL Digestion,kilogram,1,lcia_resultsecoinvent_2020_SSP2-BaseMonazite_HCL_DigestionCN.csv
Agricultural Land Occupation (Lop),0.0009085050675052,m2*a crop-Eq,ecoinvent_2020_SSP2-Base,RECIPE,CN,Monazite HCL Digestion,kilogram,1,lcia_resultsecoinvent_2020_SSP2-BaseMonazite_HCL_DigestionCN.csv
Surplus Ore Potential (Sop),0.0389032364452364,kg Cu-Eq,ecoinvent_2020_SSP2-Base,RECIPE,CN,Monazite HCL Digestion,kilogram,1,lcia_resultsecoinvent_2020_SSP2-BaseMonazite_HCL_DigestionCN.csv
Ozone Depletion Potential (Odpinfinite),-9.976439728854357e-09,kg CFC-11-Eq,ecoinvent_2020_SSP2-Base,RECIPE,CN,Monazite HCL Digestion,kilogram,1,lcia_resultsecoinvent_2020_SSP2-BaseMonazite_HCL_DigestionCN.csv
Particulate Matter Formation Potential (Pmfp),0.0001146920376037,kg PM2.5-Eq,ecoinvent_2020_SSP2-Base,RECIPE,CN,Monazite HCL Digestion,kilogram,1,lcia_resultsecoinvent_2020_SSP2-BaseMonazite_HCL_DigestionCN.csv
Photochemical Oxidant Formation Potential: Humans (Hofp),-1.7023761132041237e-05,kg NOx-Eq,ecoinvent_2020_SSP2-Base,RECIPE,CN,Monazite HCL Digestion,kilogram,1,lcia_resultsecoinvent_2020_SSP2-BaseMonazite_HCL_DigestionCN.csv
Photochemical Oxidant Formation Potential: Ecosystems (Eofp),-3.132298900614655e-05,kg NOx-Eq,ecoinvent_2020_SSP2-Base,RECIPE,CN,Monazite HCL Digestion,kilogram,1,lcia_resultsecoinvent_2020_SSP2-BaseMonazite_HCL_DigestionCN.csv
Water Consumption Potential (Wcp),0.0006172238855743,cubic meter,ecoinvent_2020_SSP2-Base,RECIPE,CN,Monazite HCL Digestion,kilogram,1,lcia_resultsecoinvent_2020_SSP2-BaseMonazite_HCL_DigestionCN.csv
Acidification Potential (Ap) No Lt,0.0601657226597616,kg SO2-Eq,ecoinvent_2020_SSP2-Base,TRACI2.1,CN,IAC SX & Calcination [allocated to dysprosium oxide],kilogram,1,lcia_resultsecoinvent_2020_SSP2-BaseIAC_SX_&_Calcination_[allocated_to_dysprosium_oxide]CN.csv
Global Warming Potential (Gwp100) No Lt,12.480789863940176,kg CO2-Eq,ecoinvent_2020_SSP2-Base,TRACI2.1,CN,IAC SX & Calcination [allocated to dysprosium oxide],kilogram,1,lcia_resultsecoinvent_2020_SSP2-BaseIAC_SX_&_Calcination_[allocated_to_dysprosium_oxide]CN.csv
Ecotoxicity: Freshwater No Lt,79.47889897997504,CTUe,ecoinvent_2020_SSP2-Base,TRACI2.1,CN,IAC SX & Calcination [allocated to dysprosium oxide],kilogram,1,lcia_resultsecoinvent_2020_SSP2-BaseIAC_SX_&_Calcination_[allocated_to_dysprosium_oxide]CN.csv
Eutrophication Potential No Lt,0.018541326176854,kg N-Eq,ecoinvent_2020_SSP2-Base,TRACI2.1,CN,IAC SX & Calcination [allocated to dysprosium oxide],kilogram,1,lcia_resultsecoinvent_2020_SSP2-BaseIAC_SX_&_Calcination_[allocated_to_dysprosium_oxide]CN.csv
Human Toxicity: Carcinogenic No Lt,7.32499471968431e-08,CTUh,ecoinvent_2020_SSP2-Base,TRACI2.1,CN,IAC SX & Calcination [allocated to dysprosium oxide],kilogram,1,lcia_resultsecoinvent_2020_SSP2-BaseIAC_SX_&_Calcination_[allocated_to_dysprosium_oxide]CN.csv
Human Toxicity: Non-Carcinogenic No Lt,1.6918102251935775e-06,CTUh,ecoinvent_2020_SSP2-Base,TRACI2.1,CN,IAC SX & Calcination [allocated to dysprosium oxide],kilogram,1,lcia_resultsecoinvent_2020_SSP2-BaseIAC_SX_&_Calcination_[allocated_to_dysprosium_oxide]CN.csv
Ozone Depletion Potential (Odp) No Lt,7.987917755585037e-07,kg CFC-11-Eq,ecoinvent_2020_SSP2-Base,TRACI2.1,CN,IAC SX & Calcination [allocated to dysprosium oxide],kilogram,1,lcia_resultsecoinvent_2020_SSP2-BaseIAC_SX_&_Calcination_[allocated_to_dysprosium_oxide]CN.csv
Particulate Matter Formation Potential (Pmfp) No Lt,0.0078726817508467,PM2.5-Eq,ecoinvent_2020_SSP2-Base,TRACI2.1,CN,IAC SX & Calcination [allocated to dysprosium oxide],kilogram,1,lcia_resultsecoinvent_2020_SSP2-BaseIAC_SX_&_Calcination_[allocated_to_dysprosium_oxide]CN.csv
Maximum Incremental Reactivity (Mir) No Lt,0.629440402254883,kg O3-Eq,ecoinvent_2020_SSP2-Base,TRACI2.1,CN,IAC SX & Calcination [allocated to dysprosium oxide],kilogram,1,lcia_resultsecoinvent_2020_SSP2-BaseIAC_SX_&_Calcination_[allocated_to_dysprosium_oxide]CN.csv
Acidification Potential (Ap),0.0604283193257976,kg SO2-Eq,ecoinvent_2020_SSP2-Base,TRACI2.1,CN,IAC SX & Calcination [allocated to dysprosium oxide],kilogram,1,lcia_resultsecoinvent_2020_SSP2-BaseIAC_SX_&_Calcination_[allocated_to_dysprosium_oxide]CN.csv
Global Warming Potential (Gwp100),12.483055856661188,kg CO2-Eq,ecoinvent_2020_SSP2-Base,TRACI2.1,CN,IAC SX & Calcination [allocated to dysprosium oxide],kilogram,1,lcia_resultsecoinvent_2020_SSP2-BaseIAC_SX_&_Calcination_[allocated_to_dysprosium_oxide]CN.csv
Ecotoxicity: Freshwater,355.59818865296853,CTUe,ecoinvent_2020_SSP2-Base,TRACI2.1,CN,IAC SX & Calcination [allocated to dysprosium oxide],kilogram,1,lcia_resultsecoinvent_2020_SSP2-BaseIAC_SX_&_Calcination_[allocated_to_dysprosium_oxide]CN.csv
Eutrophication Potential,0.0557796042784047,kg N-Eq,ecoinvent_2020_SSP2-Base,TRACI2.1,CN,IAC SX & Calcination [allocated to dysprosium oxide],kilogram,1,lcia_resultsecoinvent_2020_SSP2-BaseIAC_SX_&_Calcination_[allocated_to_dysprosium_oxide]CN.csv
Human Toxicity: Carcinogenic,3.00814630110498e-06,CTUh,ecoinvent_2020_SSP2-Base,TRACI2.1,CN,IAC SX & Calcination [allocated to dysprosium oxide],kilogram,1,lcia_resultsecoinvent_2020_SSP2-BaseIAC_SX_&_Calcination_[allocated_to_dysprosium_oxide]CN.csv
Human Toxicity: Non-Carcinogenic,4.962011542394083e-06,CTUh,ecoinvent_2020_SSP2-Base,TRACI2.1,CN,IAC SX & Calcination [allocated to dysprosium oxide],kilogram,1,lcia_resultsecoinvent_2020_SSP2-BaseIAC_SX_&_Calcination_[allocated_to_dysprosium_oxide]CN.csv
Ozone Depletion Potential (Odp),7.987917755585037e-07,kg CFC-11-Eq,ecoinvent_2020_SSP2-Base,TRACI2.1,CN,IAC SX & Calcination [allocated to dysprosium oxide],kilogram,1,lcia_resultsecoinvent_2020_SSP2-BaseIAC_SX_&_Calcination_[allocated_to_dysprosium_oxide]CN.csv
Particulate Matter Formation Potential (Pmfp),0.0079528508716937,PM2.5-Eq,ecoinvent_2020_SSP2-Base,TRACI2.1,CN,IAC SX & Calcination [allocated to dysprosium oxide],kilogram,1,lcia_resultsecoinvent_2020_SSP2-BaseIAC_SX_&_Calcination_[allocated_to_dysprosium_oxide]CN.csv
Maximum Incremental Reactivity (Mir),0.6385762948107794,kg O3-Eq,ecoinvent_2020_SSP2-Base,TRACI2.1,CN,IAC SX & Calcination [allocated to dysprosium oxide],kilogram,1,lcia_resultsecoinvent_2020_SSP2-BaseIAC_SX_&_Calcination_[allocated_to_dysprosium_oxide]CN.csv
Terrestrial Acidification Potential (Tap),0.0509259113657447,kg SO2-Eq,ecoinvent_2020_SSP2-Base,RECIPE,CN,IAC SX & Calcination [allocated to dysprosium oxide],kilogram,1,lcia_resultsecoinvent_2020_SSP2-BaseIAC_SX_&_Calcination_[allocated_to_dysprosium_oxide]CN.csv
Global Warming Potential (Gwp1000),12.936529333893978,kg CO2-Eq,ecoinvent_2020_SSP2-Base,RECIPE,CN,IAC SX & Calcination [allocated to dysprosium oxide],kilogram,1,lcia_resultsecoinvent_2020_SSP2-BaseIAC_SX_&_Calcination_[allocated_to_dysprosium_oxide]CN.csv
Freshwater Ecotoxicity Potential (Fetp),0.939461108738664,"kg 1,4-DCB-Eq",ecoinvent_2020_SSP2-Base,RECIPE,CN,IAC SX & Calcination [allocated to dysprosium oxide],kilogram,1,lcia_resultsecoinvent_2020_SSP2-BaseIAC_SX_&_Calcination_[allocated_to_dysprosium_oxide]CN.csv
Marine Ecotoxicity Potential (Metp),1.2629027173645515,"kg 1,4-DCB-Eq",ecoinvent_2020_SSP2-Base,RECIPE,CN,IAC SX & Calcination [allocated to dysprosium oxide],kilogram,1,lcia_resultsecoinvent_2020_SSP2-BaseIAC_SX_&_Calcination_[allocated_to_dysprosium_oxide]CN.csv
Terrestrial Ecotoxicity Potential (Tetp),130.19033143708285,"kg 1,4-DCB-Eq",ecoinvent_2020_SSP2-Base,RECIPE,CN,IAC SX & Calcination [allocated to dysprosium oxide],kilogram,1,lcia_resultsecoinvent_2020_SSP2-BaseIAC_SX_&_Calcination_[allocated_to_dysprosium_oxide]CN.csv
Fossil Fuel Potential (Ffp),2.7033122283943163,kg oil-Eq,ecoinvent_2020_SSP2-Base,RECIPE,CN,IAC SX & Calcination [allocated to dysprosium oxide],kilogram,1,lcia_resultsecoinvent_2020_SSP2-BaseIAC_SX_&_Calcination_[allocated_to_dysprosium_oxide]CN.csv
Freshwater Eutrophication Potential (Fep),0.0042722317644441,kg P-Eq,ecoinvent_2020_SSP2-Base,RECIPE,CN,IAC SX & Calcination [allocated to dysprosium oxide],kilogram,1,lcia_resultsecoinvent_2020_SSP2-BaseIAC_SX_&_Calcination_[allocated_to_dysprosium_oxide]CN.csv
Marine Eutrophication Potential (Mep),0.0022788227741221,kg N-Eq,ecoinvent_2020_SSP2-Base,RECIPE,CN,IAC SX & Calcination [allocated to dysprosium oxide],kilogram,1,lcia_resultsecoinvent_2020_SSP2-BaseIAC_SX_&_Calcination_[allocated_to_dysprosium_oxide]CN.csv
Human Toxicity Potential (Htpc),2.174554701440654,"kg 1,4-DCB-Eq",ecoinvent_2020_SSP2-Base,RECIPE,CN,IAC SX & Calcination [allocated to dysprosium oxide],kilogram,1,lcia_resultsecoinvent_2020_SSP2-BaseIAC_SX_&_Calcination_[allocated_to_dysprosium_oxide]CN.csv
Human Toxicity Potential (Htpnc),18.71466188710069,"kg 1,4-DCB-Eq",ecoinvent_2020_SSP2-Base,RECIPE,CN,IAC SX & Calcination [allocated to dysprosium oxide],kilogram,1,lcia_resultsecoinvent_2020_SSP2-BaseIAC_SX_&_Calcination_[allocated_to_dysprosium_oxide]CN.csv
Ionising Radiation Potential (Irp),0.6674781136088557,kg Co-60-Eq,ecoinvent_2020_SSP2-Base,RECIPE,CN,IAC SX & Calcination [allocated to dysprosium oxide],kilogram,1,lcia_resultsecoinvent_2020_SSP2-BaseIAC_SX_&_Calcination_[allocated_to_dysprosium_oxide]CN.csv
Agricultural Land Occupation (Lop),1.9925726158126835,m2*a crop-Eq,ecoinvent_2020_SSP2-Base,RECIPE,CN,IAC SX & Calcination [allocated to dysprosium oxide],kilogram,1,lcia_resultsecoinvent_2020_SSP2-BaseIAC_SX_&_Calcination_[allocated_to_dysprosium_oxide]CN.csv
Surplus Ore Potential (Sop),0.8312646307848566,kg Cu-Eq,ecoinvent_2020_SSP2-Base,RECIPE,CN,IAC SX & Calcination [allocated to dysprosium oxide],kilogram,1,lcia_resultsecoinvent_2020_SSP2-BaseIAC_SX_&_Calcination_[allocated_to_dysprosium_oxide]CN.csv
Ozone Depletion Potential (Odpinfinite),1.3594390772414336e-05,kg CFC-11-Eq,ecoinvent_2020_SSP2-Base,RECIPE,CN,IAC SX & Calcination [allocated to dysprosium oxide],kilogram,1,lcia_resultsecoinvent_2020_SSP2-BaseIAC_SX_&_Calcination_[allocated_to_dysprosium_oxide]CN.csv
Particulate Matter Formation Potential (Pmfp),0.0185956484133579,kg PM2.5-Eq,ecoinvent_2020_SSP2-Base,RECIPE,CN,IAC SX & Calcination [allocated to dysprosium oxide],kilogram,1,lcia_resultsecoinvent_2020_SSP2-BaseIAC_SX_&_Calcination_[allocated_to_dysprosium_oxide]CN.csv
Photochemical Oxidant Formation Potential: Humans (Hofp),0.0236753548988739,kg NOx-Eq,ecoinvent_2020_SSP2-Base,RECIPE,CN,IAC SX & Calcination [allocated to dysprosium oxide],kilogram,1,lcia_resultsecoinvent_2020_SSP2-BaseIAC_SX_&_Calcination_[allocated_to_dysprosium_oxide]CN.csv
Photochemical Oxidant Formation Potential: Ecosystems (Eofp),0.0244940732138606,kg NOx-Eq,ecoinvent_2020_SSP2-Base,RECIPE,CN,IAC SX & Calcination [allocated to dysprosium oxide],kilogram,1,lcia_resultsecoinvent_2020_SSP2-BaseIAC_SX_&_Calcination_[allocated_to_dysprosium_oxide]CN.csv
Water Consumption Potential (Wcp),0.2041080720647077,cubic meter,ecoinvent_2020_SSP2-Base,RECIPE,CN,IAC SX & Calcination [allocated to dysprosium oxide],kilogram,1,lcia_resultsecoinvent_2020_SSP2-BaseIAC_SX_&_Calcination_[allocated_to_dysprosium_oxide]CN.csv
Acidification Potential (Ap) No Lt,0.129924139616174,kg SO2-Eq,ecoinvent_2020_SSP2-Base,TRACI2.1,CN,IAC Mining & Leaching,kilogram,1,lcia_resultsecoinvent_2020_SSP2-BaseIAC_Mining_&_LeachingCN.csv
Global Warming Potential (Gwp100) No Lt,17.281323240186456,kg CO2-Eq,ecoinvent_2020_SSP2-Base,TRACI2.1,CN,IAC Mining & Leaching,kilogram,1,lcia_resultsecoinvent_2020_SSP2-BaseIAC_Mining_&_LeachingCN.csv
Ecotoxicity: Freshwater No Lt,1659263.653039378,CTUe,ecoinvent_2020_SSP2-Base,TRACI2.1,CN,IAC Mining & Leaching,kilogram,1,lcia_resultsecoinvent_2020_SSP2-BaseIAC_Mining_&_LeachingCN.csv
Eutrophication Potential No Lt,0.0282429387532508,kg N-Eq,ecoinvent_2020_SSP2-Base,TRACI2.1,CN,IAC Mining & Leaching,kilogram,1,lcia_resultsecoinvent_2020_SSP2-BaseIAC_Mining_&_LeachingCN.csv
Human Toxicity: Carcinogenic No Lt,1.1775163560538556e-06,CTUh,ecoinvent_2020_SSP2-Base,TRACI2.1,CN,IAC Mining & Leaching,kilogram,1,lcia_resultsecoinvent_2020_SSP2-BaseIAC_Mining_&_LeachingCN.csv
Human Toxicity: Non-Carcinogenic No Lt,0.0031825634292536,CTUh,ecoinvent_2020_SSP2-Base,TRACI2.1,CN,IAC Mining & Leaching,kilogram,1,lcia_resultsecoinvent_2020_SSP2-BaseIAC_Mining_&_LeachingCN.csv
Ozone Depletion Potential (Odp) No Lt,2.537277839575761e-07,kg CFC-11-Eq,ecoinvent_2020_SSP2-Base,TRACI2.1,CN,IAC Mining & Leaching,kilogram,1,lcia_resultsecoinvent_2020_SSP2-BaseIAC_Mining_&_LeachingCN.csv
Particulate Matter Formation Potential (Pmfp) No Lt,0.0111227800202731,PM2.5-Eq,ecoinvent_2020_SSP2-Base,TRACI2.1,CN,IAC Mining & Leaching,kilogram,1,lcia_resultsecoinvent_2020_SSP2-BaseIAC_Mining_&_LeachingCN.csv
Maximum Incremental Reactivity (Mir) No Lt,1.3081918433510316,kg O3-Eq,ecoinvent_2020_SSP2-Base,TRACI2.1,CN,IAC Mining & Leaching,kilogram,1,lcia_resultsecoinvent_2020_SSP2-BaseIAC_Mining_&_LeachingCN.csv
Acidification Potential (Ap),0.130443330963323,kg SO2-Eq,ecoinvent_2020_SSP2-Base,TRACI2.1,CN,IAC Mining & Leaching,kilogram,1,lcia_resultsecoinvent_2020_SSP2-BaseIAC_Mining_&_LeachingCN.csv
Global Warming Potential (Gwp100),17.28583544754413,kg CO2-Eq,ecoinvent_2020_SSP2-Base,TRACI2.1,CN,IAC Mining & Leaching,kilogram,1,lcia_resultsecoinvent_2020_SSP2-BaseIAC_Mining_&_LeachingCN.csv
Ecotoxicity: Freshwater,1660509.549742713,CTUe,ecoinvent_2020_SSP2-Base,TRACI2.1,CN,IAC Mining & Leaching,kilogram,1,lcia_resultsecoinvent_2020_SSP2-BaseIAC_Mining_&_LeachingCN.csv
Eutrophication Potential,0.0920501732788452,kg N-Eq,ecoinvent_2020_SSP2-Base,TRACI2.1,CN,IAC Mining & Leaching,kilogram,1,lcia_resultsecoinvent_2020_SSP2-BaseIAC_Mining_&_LeachingCN.csv
Human Toxicity: Carcinogenic,5.696110721719012e-06,CTUh,ecoinvent_2020_SSP2-Base,TRACI2.1,CN,IAC Mining & Leaching,kilogram,1,lcia_resultsecoinvent_2020_SSP2-BaseIAC_Mining_&_LeachingCN.csv
Human Toxicity: Non-Carcinogenic,0.0032040758038948,CTUh,ecoinvent_2020_SSP2-Base,TRACI2.1,CN,IAC Mining & Leaching,kilogram,1,lcia_resultsecoinvent_2020_SSP2-BaseIAC_Mining_&_LeachingCN.csv
Ozone Depletion Potential (Odp),2.537277839575761e-07,kg CFC-11-Eq,ecoinvent_2020_SSP2-Base,TRACI2.1,CN,IAC Mining & Leaching,kilogram,1,lcia_resultsecoinvent_2020_SSP2-BaseIAC_Mining_&_LeachingCN.csv
Particulate Matter Formation Potential (Pmfp),0.0111725270830975,PM2.5-Eq,ecoinvent_2020_SSP2-Base,TRACI2.1,CN,IAC Mining & Leaching,kilogram,1,lcia_resultsecoinvent_2020_SSP2-BaseIAC_Mining_&_LeachingCN.csv
Maximum Incremental Reactivity (Mir),1.3262870818468515,kg O3-Eq,ecoinvent_2020_SSP2-Base,TRACI2.1,CN,IAC Mining & Leaching,kilogram,1,lcia_resultsecoinvent_2020_SSP2-BaseIAC_Mining_&_LeachingCN.csv
Terrestrial Acidification Potential (Tap),0.1143158202581338,kg SO2-Eq,ecoinvent_2020_SSP2-Base,RECIPE,CN,IAC Mining & Leaching,kilogram,1,lcia_resultsecoinvent_2020_SSP2-BaseIAC_Mining_&_LeachingCN.csv
Global Warming Potential (Gwp1000),18.07374612469181,kg CO2-Eq,ecoinvent_2020_SSP2-Base,RECIPE,CN,IAC Mining & Leaching,kilogram,1,lcia_resultsecoinvent_2020_SSP2-BaseIAC_Mining_&_LeachingCN.csv
Freshwater Ecotoxicity Potential (Fetp),2969.57911555419,"kg 1,4-DCB-Eq",ecoinvent_2020_SSP2-Base,RECIPE,CN,IAC Mining & Leaching,kilogram,1,lcia_resultsecoinvent_2020_SSP2-BaseIAC_Mining_&_LeachingCN.csv
Marine Ecotoxicity Potential (Metp),4017.795470111577,"kg 1,4-DCB-Eq",ecoinvent_2020_SSP2-Base,RECIPE,CN,IAC Mining & Leaching,kilogram,1,lcia_resultsecoinvent_2020_SSP2-BaseIAC_Mining_&_LeachingCN.csv
Terrestrial Ecotoxicity Potential (Tetp),928.2697779697412,"kg 1,4-DCB-Eq",ecoinvent_2020_SSP2-Base,RECIPE,CN,IAC Mining & Leaching,kilogram,1,lcia_resultsecoinvent_2020_SSP2-BaseIAC_Mining_&_LeachingCN.csv
Fossil Fuel Potential (Ffp),4.073311547302572,kg oil-Eq,ecoinvent_2020_SSP2-Base,RECIPE,CN,IAC Mining & Leaching,kilogram,1,lcia_resultsecoinvent_2020_SSP2-BaseIAC_Mining_&_LeachingCN.csv
Freshwater Eutrophication Potential (Fep),0.0083444434399213,kg P-Eq,ecoinvent_2020_SSP2-Base,RECIPE,CN,IAC Mining & Leaching,kilogram,1,lcia_resultsecoinvent_2020_SSP2-BaseIAC_Mining_&_LeachingCN.csv
Marine Eutrophication Potential (Mep),0.0056326007169286,kg N-Eq,ecoinvent_2020_SSP2-Base,RECIPE,CN,IAC Mining & Leaching,kilogram,1,lcia_resultsecoinvent_2020_SSP2-BaseIAC_Mining_&_LeachingCN.csv
Human Toxicity Potential (Htpc),4.137159517193441,"kg 1,4-DCB-Eq",ecoinvent_2020_SSP2-Base,RECIPE,CN,IAC Mining & Leaching,kilogram,1,lcia_resultsecoinvent_2020_SSP2-BaseIAC_Mining_&_LeachingCN.csv
Human Toxicity Potential (Htpnc),7150.555311496812,"kg 1,4-DCB-Eq",ecoinvent_2020_SSP2-Base,RECIPE,CN,IAC Mining & Leaching,kilogram,1,lcia_resultsecoinvent_2020_SSP2-BaseIAC_Mining_&_LeachingCN.csv
Ionising Radiation Potential (Irp),0.8239335823653852,kg Co-60-Eq,ecoinvent_2020_SSP2-Base,RECIPE,CN,IAC Mining & Leaching,kilogram,1,lcia_resultsecoinvent_2020_SSP2-BaseIAC_Mining_&_LeachingCN.csv
Agricultural Land Occupation (Lop),0.3829982258916699,m2*a crop-Eq,ecoinvent_2020_SSP2-Base,RECIPE,CN,IAC Mining & Leaching,kilogram,1,lcia_resultsecoinvent_2020_SSP2-BaseIAC_Mining_&_LeachingCN.csv
Surplus Ore Potential (Sop),0.6286407361611669,kg Cu-Eq,ecoinvent_2020_SSP2-Base,RECIPE,CN,IAC Mining & Leaching,kilogram,1,lcia_resultsecoinvent_2020_SSP2-BaseIAC_Mining_&_LeachingCN.csv
Ozone Depletion Potential (Odpinfinite),3.040202534044954e-06,kg CFC-11-Eq,ecoinvent_2020_SSP2-Base,RECIPE,CN,IAC Mining & Leaching,kilogram,1,lcia_resultsecoinvent_2020_SSP2-BaseIAC_Mining_&_LeachingCN.csv
Particulate Matter Formation Potential (Pmfp),0.0356577638314507,kg PM2.5-Eq,ecoinvent_2020_SSP2-Base,RECIPE,CN,IAC Mining & Leaching,kilogram,1,lcia_resultsecoinvent_2020_SSP2-BaseIAC_Mining_&_LeachingCN.csv
Photochemical Oxidant Formation Potential: Humans (Hofp),0.0468172965735371,kg NOx-Eq,ecoinvent_2020_SSP2-Base,RECIPE,CN,IAC Mining & Leaching,kilogram,1,lcia_resultsecoinvent_2020_SSP2-BaseIAC_Mining_&_LeachingCN.csv
Photochemical Oxidant Formation Potential: Ecosystems (Eofp),0.0485337131870816,kg NOx-Eq,ecoinvent_2020_SSP2-Base,RECIPE,CN,IAC Mining & Leaching,kilogram,1,lcia_resultsecoinvent_2020_SSP2-BaseIAC_Mining_&_LeachingCN.csv
Water Consumption Potential (Wcp),0.2703309133224147,cubic meter,ecoinvent_2020_SSP2-Base,RECIPE,CN,IAC Mining & Leaching,kilogram,1,lcia_resultsecoinvent_2020_SSP2-BaseIAC_Mining_&_LeachingCN.csv
Acidification Potential (Ap) No Lt,0.001881026760396,kg SO2-Eq,ecoinvent_2020_SSP2-Base,TRACI2.1,CN,BM Beneficiation,kilogram,1,lcia_resultsecoinvent_2020_SSP2-BaseBM_BeneficiationCN.csv
Global Warming Potential (Gwp100) No Lt,0.650688761431186,kg CO2-Eq,ecoinvent_2020_SSP2-Base,TRACI2.1,CN,BM Beneficiation,kilogram,1,lcia_resultsecoinvent_2020_SSP2-BaseBM_BeneficiationCN.csv
Ecotoxicity: Freshwater No Lt,0.2971909834596266,CTUe,ecoinvent_2020_SSP2-Base,TRACI2.1,CN,BM Beneficiation,kilogram,1,lcia_resultsecoinvent_2020_SSP2-BaseBM_BeneficiationCN.csv
Eutrophication Potential No Lt,0.0001978261312704,kg N-Eq,ecoinvent_2020_SSP2-Base,TRACI2.1,CN,BM Beneficiation,kilogram,1,lcia_resultsecoinvent_2020_SSP2-BaseBM_BeneficiationCN.csv
Human Toxicity: Carcinogenic No Lt,1.915138878593056e-09,CTUh,ecoinvent_2020_SSP2-Base,TRACI2.1,CN,BM Beneficiation,kilogram,1,lcia_resultsecoinvent_2020_SSP2-BaseBM_BeneficiationCN.csv
Human Toxicity: Non-Carcinogenic No Lt,5.3880778665858966e-08,CTUh,ecoinvent_2020_SSP2-Base,TRACI2.1,CN,BM Beneficiation,kilogram,1,lcia_resultsecoinvent_2020_SSP2-BaseBM_BeneficiationCN.csv
Ozone Depletion Potential (Odp) No Lt,1.4377374306132625e-08,kg CFC-11-Eq,ecoinvent_2020_SSP2-Base,TRACI2.1,CN,BM Beneficiation,kilogram,1,lcia_resultsecoinvent_2020_SSP2-BaseBM_BeneficiationCN.csv
Particulate Matter Formation Potential (Pmfp) No Lt,0.0002788039073515,PM2.5-Eq,ecoinvent_2020_SSP2-Base,TRACI2.1,CN,BM Beneficiation,kilogram,1,lcia_resultsecoinvent_2020_SSP2-BaseBM_BeneficiationCN.csv
Maximum Incremental Reactivity (Mir) No Lt,0.0222662958799731,kg O3-Eq,ecoinvent_2020_SSP2-Base,TRACI2.1,CN,BM Beneficiation,kilogram,1,lcia_resultsecoinvent_2020_SSP2-BaseBM_BeneficiationCN.csv
Acidification Potential (Ap),0.0018932141766333,kg SO2-Eq,ecoinvent_2020_SSP2-Base,TRACI2.1,CN,BM Beneficiation,kilogram,1,lcia_resultsecoinvent_2020_SSP2-BaseBM_BeneficiationCN.csv
Global Warming Potential (Gwp100),0.6507942260839333,kg CO2-Eq,ecoinvent_2020_SSP2-Base,TRACI2.1,CN,BM Beneficiation,kilogram,1,lcia_resultsecoinvent_2020_SSP2-BaseBM_BeneficiationCN.csv
Ecotoxicity: Freshwater,9.947402818576256,CTUe,ecoinvent_2020_SSP2-Base,TRACI2.1,CN,BM Beneficiation,kilogram,1,lcia_resultsecoinvent_2020_SSP2-BaseBM_BeneficiationCN.csv
Eutrophication Potential,0.0018941039209081,kg N-Eq,ecoinvent_2020_SSP2-Base,TRACI2.1,CN,BM Beneficiation,kilogram,1,lcia_resultsecoinvent_2020_SSP2-BaseBM_BeneficiationCN.csv
Human Toxicity: Carcinogenic,1.2714984730113517e-07,CTUh,ecoinvent_2020_SSP2-Base,TRACI2.1,CN,BM Beneficiation,kilogram,1,lcia_resultsecoinvent_2020_SSP2-BaseBM_BeneficiationCN.csv
Human Toxicity: Non-Carcinogenic,1.992884678571034e-07,CTUh,ecoinvent_2020_SSP2-Base,TRACI2.1,CN,BM Beneficiation,kilogram,1,lcia_resultsecoinvent_2020_SSP2-BaseBM_BeneficiationCN.csv
Ozone Depletion Potential (Odp),1.4377374306132625e-08,kg CFC-11-Eq,ecoinvent_2020_SSP2-Base,TRACI2.1,CN,BM Beneficiation,kilogram,1,lcia_resultsecoinvent_2020_SSP2-BaseBM_BeneficiationCN.csv
Particulate Matter Formation Potential (Pmfp),0.0002801434718698,PM2.5-Eq,ecoinvent_2020_SSP2-Base,TRACI2.1,CN,BM Beneficiation,kilogram,1,lcia_resultsecoinvent_2020_SSP2-BaseBM_BeneficiationCN.csv
Maximum Incremental Reactivity (Mir),0.0226912628147627,kg O3-Eq,ecoinvent_2020_SSP2-Base,TRACI2.1,CN,BM Beneficiation,kilogram,1,lcia_resultsecoinvent_2020_SSP2-BaseBM_BeneficiationCN.csv
Terrestrial Acidification Potential (Tap),0.0014706467205197,kg SO2-Eq,ecoinvent_2020_SSP2-Base,RECIPE,CN,BM Beneficiation,kilogram,1,lcia_resultsecoinvent_2020_SSP2-BaseBM_BeneficiationCN.csv
Global Warming Potential (Gwp1000),0.681189538737682,kg CO2-Eq,ecoinvent_2020_SSP2-Base,RECIPE,CN,BM Beneficiation,kilogram,1,lcia_resultsecoinvent_2020_SSP2-BaseBM_BeneficiationCN.csv
Freshwater Ecotoxicity Potential (Fetp),0.0268857876955015,"kg 1,4-DCB-Eq",ecoinvent_2020_SSP2-Base,RECIPE,CN,BM Beneficiation,kilogram,1,lcia_resultsecoinvent_2020_SSP2-BaseBM_BeneficiationCN.csv
Marine Ecotoxicity Potential (Metp),0.0364641329737805,"kg 1,4-DCB-Eq",ecoinvent_2020_SSP2-Base,RECIPE,CN,BM Beneficiation,kilogram,1,lcia_resultsecoinvent_2020_SSP2-BaseBM_BeneficiationCN.csv
Terrestrial Ecotoxicity Potential (Tetp),3.778556045699566,"kg 1,4-DCB-Eq",ecoinvent_2020_SSP2-Base,RECIPE,CN,BM Beneficiation,kilogram,1,lcia_resultsecoinvent_2020_SSP2-BaseBM_BeneficiationCN.csv
Fossil Fuel Potential (Ffp),0.136438810488128,kg oil-Eq,ecoinvent_2020_SSP2-Base,RECIPE,CN,BM Beneficiation,kilogram,1,lcia_resultsecoinvent_2020_SSP2-BaseBM_BeneficiationCN.csv
Freshwater Eutrophication Potential (Fep),0.0001417212887439,kg P-Eq,ecoinvent_2020_SSP2-Base,RECIPE,CN,BM Beneficiation,kilogram,1,lcia_resultsecoinvent_2020_SSP2-BaseBM_BeneficiationCN.csv
Marine Eutrophication Potential (Mep),1.2303104952457284e-05,kg N-Eq,ecoinvent_2020_SSP2-Base,RECIPE,CN,BM Beneficiation,kilogram,1,lcia_resultsecoinvent_2020_SSP2-BaseBM_BeneficiationCN.csv
Human Toxicity Potential (Htpc),0.0904616142457278,"kg 1,4-DCB-Eq",ecoinvent_2020_SSP2-Base,RECIPE,CN,BM Beneficiation,kilogram,1,lcia_resultsecoinvent_2020_SSP2-BaseBM_BeneficiationCN.csv
Human Toxicity Potential (Htpnc),0.7052295001477698,"kg 1,4-DCB-Eq",ecoinvent_2020_SSP2-Base,RECIPE,CN,BM Beneficiation,kilogram,1,lcia_resultsecoinvent_2020_SSP2-BaseBM_BeneficiationCN.csv
Ionising Radiation Potential (Irp),0.031749022795464,kg Co-60-Eq,ecoinvent_2020_SSP2-Base,RECIPE,CN,BM Beneficiation,kilogram,1,lcia_resultsecoinvent_2020_SSP2-BaseBM_BeneficiationCN.csv
Agricultural Land Occupation (Lop),0.0093388311968543,m2*a crop-Eq,ecoinvent_2020_SSP2-Base,RECIPE,CN,BM Beneficiation,kilogram,1,lcia_resultsecoinvent_2020_SSP2-BaseBM_BeneficiationCN.csv
Surplus Ore Potential (Sop),0.0124099858752019,kg Cu-Eq,ecoinvent_2020_SSP2-Base,RECIPE,CN,BM Beneficiation,kilogram,1,lcia_resultsecoinvent_2020_SSP2-BaseBM_BeneficiationCN.csv
Ozone Depletion Potential (Odpinfinite),1.1435659266989853e-07,kg CFC-11-Eq,ecoinvent_2020_SSP2-Base,RECIPE,CN,BM Beneficiation,kilogram,1,lcia_resultsecoinvent_2020_SSP2-BaseBM_BeneficiationCN.csv
Particulate Matter Formation Potential (Pmfp),0.0006129039311039,kg PM2.5-Eq,ecoinvent_2020_SSP2-Base,RECIPE,CN,BM Beneficiation,kilogram,1,lcia_resultsecoinvent_2020_SSP2-BaseBM_BeneficiationCN.csv
Photochemical Oxidant Formation Potential: Humans (Hofp),0.0009185408680823,kg NOx-Eq,ecoinvent_2020_SSP2-Base,RECIPE,CN,BM Beneficiation,kilogram,1,lcia_resultsecoinvent_2020_SSP2-BaseBM_BeneficiationCN.csv
Photochemical Oxidant Formation Potential: Ecosystems (Eofp),0.0009426049551704,kg NOx-Eq,ecoinvent_2020_SSP2-Base,RECIPE,CN,BM Beneficiation,kilogram,1,lcia_resultsecoinvent_2020_SSP2-BaseBM_BeneficiationCN.csv
Water Consumption Potential (Wcp),0.0031832263849608,cubic meter,ecoinvent_2020_SSP2-Base,RECIPE,CN,BM Beneficiation,kilogram,1,lcia_resultsecoinvent_2020_SSP2-BaseBM_BeneficiationCN.csv
Acidification Potential (Ap) No Lt,0.1430797085353806,kg SO2-Eq,ecoinvent_2020_SSP2-Base,TRACI2.1,CN,BM Roasting,kilogram,1,lcia_resultsecoinvent_2020_SSP2-BaseBM_RoastingCN.csv
Global Warming Potential (Gwp100) No Lt,3.8376024891131344,kg CO2-Eq,ecoinvent_2020_SSP2-Base,TRACI2.1,CN,BM Roasting,kilogram,1,lcia_resultsecoinvent_2020_SSP2-BaseBM_RoastingCN.csv
Ecotoxicity: Freshwater No Lt,4.466930059979827,CTUe,ecoinvent_2020_SSP2-Base,TRACI2.1,CN,BM Roasting,kilogram,1,lcia_resultsecoinvent_2020_SSP2-BaseBM_RoastingCN.csv
Eutrophication Potential No Lt,0.0021044603337237,kg N-Eq,ecoinvent_2020_SSP2-Base,TRACI2.1,CN,BM Roasting,kilogram,1,lcia_resultsecoinvent_2020_SSP2-BaseBM_RoastingCN.csv
Human Toxicity: Carcinogenic No Lt,3.700407075229722e-08,CTUh,ecoinvent_2020_SSP2-Base,TRACI2.1,CN,BM Roasting,kilogram,1,lcia_resultsecoinvent_2020_SSP2-BaseBM_RoastingCN.csv
Human Toxicity: Non-Carcinogenic No Lt,1.4459698763167503e-06,CTUh,ecoinvent_2020_SSP2-Base,TRACI2.1,CN,BM Roasting,kilogram,1,lcia_resultsecoinvent_2020_SSP2-BaseBM_RoastingCN.csv
Ozone Depletion Potential (Odp) No Lt,1.0295854941918785e-07,kg CFC-11-Eq,ecoinvent_2020_SSP2-Base,TRACI2.1,CN,BM Roasting,kilogram,1,lcia_resultsecoinvent_2020_SSP2-BaseBM_RoastingCN.csv
Particulate Matter Formation Potential (Pmfp) No Lt,0.0076755949741969,PM2.5-Eq,ecoinvent_2020_SSP2-Base,TRACI2.1,CN,BM Roasting,kilogram,1,lcia_resultsecoinvent_2020_SSP2-BaseBM_RoastingCN.csv
Maximum Incremental Reactivity (Mir) No Lt,0.2090198172666548,kg O3-Eq,ecoinvent_2020_SSP2-Base,TRACI2.1,CN,BM Roasting,kilogram,1,lcia_resultsecoinvent_2020_SSP2-BaseBM_RoastingCN.csv
Acidification Potential (Ap),0.1431829800350321,kg SO2-Eq,ecoinvent_2020_SSP2-Base,TRACI2.1,CN,BM Roasting,kilogram,1,lcia_resultsecoinvent_2020_SSP2-BaseBM_RoastingCN.csv
Global Warming Potential (Gwp100),3.8384972721578263,kg CO2-Eq,ecoinvent_2020_SSP2-Base,TRACI2.1,CN,BM Roasting,kilogram,1,lcia_resultsecoinvent_2020_SSP2-BaseBM_RoastingCN.csv
Ecotoxicity: Freshwater,195.9612958540103,CTUe,ecoinvent_2020_SSP2-Base,TRACI2.1,CN,BM Roasting,kilogram,1,lcia_resultsecoinvent_2020_SSP2-BaseBM_RoastingCN.csv
Eutrophication Potential,0.0144030642675465,kg N-Eq,ecoinvent_2020_SSP2-Base,TRACI2.1,CN,BM Roasting,kilogram,1,lcia_resultsecoinvent_2020_SSP2-BaseBM_RoastingCN.csv
Human Toxicity: Carcinogenic,7.661750489092745e-07,CTUh,ecoinvent_2020_SSP2-Base,TRACI2.1,CN,BM Roasting,kilogram,1,lcia_resultsecoinvent_2020_SSP2-BaseBM_RoastingCN.csv
Human Toxicity: Non-Carcinogenic,3.4454688646233985e-06,CTUh,ecoinvent_2020_SSP2-Base,TRACI2.1,CN,BM Roasting,kilogram,1,lcia_resultsecoinvent_2020_SSP2-BaseBM_RoastingCN.csv
Ozone Depletion Potential (Odp),1.0295854941918785e-07,kg CFC-11-Eq,ecoinvent_2020_SSP2-Base,TRACI2.1,CN,BM Roasting,kilogram,1,lcia_resultsecoinvent_2020_SSP2-BaseBM_RoastingCN.csv
Particulate Matter Formation Potential (Pmfp),0.0076833306085205,PM2.5-Eq,ecoinvent_2020_SSP2-Base,TRACI2.1,CN,BM Roasting,kilogram,1,lcia_resultsecoinvent_2020_SSP2-BaseBM_RoastingCN.csv
Maximum Incremental Reactivity (Mir),0.2126208908141721,kg O3-Eq,ecoinvent_2020_SSP2-Base,TRACI2.1,CN,BM Roasting,kilogram,1,lcia_resultsecoinvent_2020_SSP2-BaseBM_RoastingCN.csv
Terrestrial Acidification Potential (Tap),0.1027499358971858,kg SO2-Eq,ecoinvent_2020_SSP2-Base,RECIPE,CN,BM Roasting,kilogram,1,lcia_resultsecoinvent_2020_SSP2-BaseBM_RoastingCN.csv
Global Warming Potential (Gwp1000),3.951386248615052,kg CO2-Eq,ecoinvent_2020_SSP2-Base,RECIPE,CN,BM Roasting,kilogram,1,lcia_resultsecoinvent_2020_SSP2-BaseBM_RoastingCN.csv
Freshwater Ecotoxicity Potential (Fetp),0.6148087345800014,"kg 1,4-DCB-Eq",ecoinvent_2020_SSP2-Base,RECIPE,CN,BM Roasting,kilogram,1,lcia_resultsecoinvent_2020_SSP2-BaseBM_RoastingCN.csv
Marine Ecotoxicity Potential (Metp),0.8050105388941435,"kg 1,4-DCB-Eq",ecoinvent_2020_SSP2-Base,RECIPE,CN,BM Roasting,kilogram,1,lcia_resultsecoinvent_2020_SSP2-BaseBM_RoastingCN.csv
Terrestrial Ecotoxicity Potential (Tetp),59.431818272943225,"kg 1,4-DCB-Eq",ecoinvent_2020_SSP2-Base,RECIPE,CN,BM Roasting,kilogram,1,lcia_resultsecoinvent_2020_SSP2-BaseBM_RoastingCN.csv
Fossil Fuel Potential (Ffp),0.6839799497354007,kg oil-Eq,ecoinvent_2020_SSP2-Base,RECIPE,CN,BM Roasting,kilogram,1,lcia_resultsecoinvent_2020_SSP2-BaseBM_RoastingCN.csv
Freshwater Eutrophication Potential (Fep),0.0015044659604224,kg P-Eq,ecoinvent_2020_SSP2-Base,RECIPE,CN,BM Roasting,kilogram,1,lcia_resultsecoinvent_2020_SSP2-BaseBM_RoastingCN.csv
Marine Eutrophication Potential (Mep),0.0001003720889129,kg N-Eq,ecoinvent_2020_SSP2-Base,RECIPE,CN,BM Roasting,kilogram,1,lcia_resultsecoinvent_2020_SSP2-BaseBM_RoastingCN.csv
Human Toxicity Potential (Htpc),0.5575540213845858,"kg 1,4-DCB-Eq",ecoinvent_2020_SSP2-Base,RECIPE,CN,BM Roasting,kilogram,1,lcia_resultsecoinvent_2020_SSP2-BaseBM_RoastingCN.csv
Human Toxicity Potential (Htpnc),12.834382660215695,"kg 1,4-DCB-Eq",ecoinvent_2020_SSP2-Base,RECIPE,CN,BM Roasting,kilogram,1,lcia_resultsecoinvent_2020_SSP2-BaseBM_RoastingCN.csv
Ionising Radiation Potential (Irp),0.0921935355618551,kg Co-60-Eq,ecoinvent_2020_SSP2-Base,RECIPE,CN,BM Roasting,kilogram,1,lcia_resultsecoinvent_2020_SSP2-BaseBM_RoastingCN.csv
Agricultural Land Occupation (Lop),0.1321930664000559,m2*a crop-Eq,ecoinvent_2020_SSP2-Base,RECIPE,CN,BM Roasting,kilogram,1,lcia_resultsecoinvent_2020_SSP2-BaseBM_RoastingCN.csv
Surplus Ore Potential (Sop),0.1337457822068552,kg Cu-Eq,ecoinvent_2020_SSP2-Base,RECIPE,CN,BM Roasting,kilogram,1,lcia_resultsecoinvent_2020_SSP2-BaseBM_RoastingCN.csv
Ozone Depletion Potential (Odpinfinite),1.3343704891547695e-06,kg CFC-11-Eq,ecoinvent_2020_SSP2-Base,RECIPE,CN,BM Roasting,kilogram,1,lcia_resultsecoinvent_2020_SSP2-BaseBM_RoastingCN.csv
Particulate Matter Formation Potential (Pmfp),0.0310893504468103,kg PM2.5-Eq,ecoinvent_2020_SSP2-Base,RECIPE,CN,BM Roasting,kilogram,1,lcia_resultsecoinvent_2020_SSP2-BaseBM_RoastingCN.csv
Photochemical Oxidant Formation Potential: Humans (Hofp),0.0081864741989159,kg NOx-Eq,ecoinvent_2020_SSP2-Base,RECIPE,CN,BM Roasting,kilogram,1,lcia_resultsecoinvent_2020_SSP2-BaseBM_RoastingCN.csv
Photochemical Oxidant Formation Potential: Ecosystems (Eofp),0.0084677147843323,kg NOx-Eq,ecoinvent_2020_SSP2-Base,RECIPE,CN,BM Roasting,kilogram,1,lcia_resultsecoinvent_2020_SSP2-BaseBM_RoastingCN.csv
Water Consumption Potential (Wcp),0.0428410467246782,cubic meter,ecoinvent_2020_SSP2-Base,RECIPE,CN,BM Roasting,kilogram,1,lcia_resultsecoinvent_2020_SSP2-BaseBM_RoastingCN.csv
