time_period,source,location,material,EF_weighted__Global Warming Potential (Gwp1000),EF_RECIPE__Agricultural Land Occupation (Lop),EF_RECIPE__Fossil Fuel Potential (Ffp),EF_RECIPE__Freshwater Ecotoxicity Potential (Fetp),EF_RECIPE__Freshwater Eutrophication Potential (Fep),EF_RECIPE__Global Warming Potential (Gwp1000),EF_RECIPE__Human Toxicity Potential (Htpc),EF_RECIPE__Human Toxicity Potential (Htpnc),EF_RECIPE__Ionising Radiation Potential (Irp),EF_RECIPE__Marine Ecotoxicity Potential (Metp),EF_RECIPE__Marine Eutrophication Potential (Mep),EF_RECIPE__Ozone Depletion Potential (Odpinfinite),EF_RECIPE__Particulate Matter Formation Potential (Pmfp),EF_RECIPE__Photochemical Oxidant Formation Potential: Ecosystems (Eofp),EF_RECIPE__Photochemical Oxidant Formation Potential: Humans (Hofp),EF_RECIPE__Surplus Ore Potential (Sop),EF_RECIPE__Terrestrial Acidification Potential (Tap),EF_RECIPE__Terrestrial Ecotoxicity Potential (Tetp),EF_RECIPE__Water Consumption Potential (Wcp),EF_IW__Adaptation to resources services loss (beta),"EF_IW__Climate change, long term, CO2 uptake","EF_IW__Climate change, long term, biogenic","EF_IW__Climate change, long term, fossil","EF_IW__Climate change, long term, land transformation","EF_IW__Climate change, short term, CO2 uptake","EF_IW__Climate change, short term, biogenic","EF_IW__Climate change, short term, fossil","EF_IW__Climate change, short term, land transformation",EF_IW__Fossil and nuclear energy use,EF_IW__Freshwater acidification,EF_IW__Freshwater ecotoxicity,EF_IW__Freshwater eutrophication,EF_IW__Human toxicity cancer,EF_IW__Human toxicity non-cancer,EF_IW__Ionizing radiations,"EF_IW__Land occupation, biodiversity","EF_IW__Land transformation, biodiversity",EF_IW__Marine eutrophication,EF_IW__Mineral resources use,EF_IW__Ozone layer depletion,EF_IW__Particulate matter formation,EF_IW__Photochemical ozone formation,EF_IW__Resources services deficit (beta),EF_IW__Terrestrial acidification,EF_IW__Water scarcity,EF_TRACI__Acidification Potential (Ap),EF_TRACI__Ecotoxicity: Freshwater,EF_TRACI__Eutrophication Potential,EF_TRACI__Global Warming Potential (Gwp100),EF_TRACI__Human Toxicity: Carcinogenic,EF_TRACI__Human Toxicity: Non-Carcinogenic,EF_TRACI__Maximum Incremental Reactivity (Mir),EF_TRACI__Ozone Depletion Potential (Odp),EF_TRACI__Particulate Matter Formation Potential (Pmfp),SLCA_EF - Child labor impact (worker hour/kg),SLCA_EF - Forced labor impact (worker hour/kg),SLCA_EF - Fatal injury impact (worker hour/kg),SLCA_EF - Non-fatal injury impact (worker hour/kg),SLCA_EF - Unemployment impact (worker hour/kg)
0,beneficiation,AU,flurocarbonate,0.593661098,0.374074271,0.166122169,0.040729897,0.000611379,0.593661098,0.108992864,1.010773525,0.011391336,0.057944439,4.21E-05,2.32E-07,0.000770681,0.001464161,0.001415615,0.021763067,0.002504035,8.436430292,0.003232621,-15.91516681,-12.46283724,0.013605112,0.540127071,0.000240432,-12.46283724,0.014221564,0.568709908,0.000240608,7.85628534,0.002291881,321.0430502,8.04E-05,2.00E-09,5.52E-08,1.496397471,0.838341515,8.91E-05,6.61E-05,0.011019705,1.45E-08,0.000299563,0.001412573,7.98E-05,0.002584603,0.655096545,0.003226091,14.98848681,0.005987682,0.57866583,1.55E-07,2.52E-07,0.034804949,1.30E-08,0.000255847,2.59E-05,2.59E-05,2.59E-05,0.000259219,-0.000259219
0,beneficiation,BR,flurocarbonate,0.40306374,0.374055882,0.110680707,0.027195618,0.000108934,0.40306374,0.075855993,0.455170522,0.018346987,0.039231269,1.16E-05,3.71E-07,0.000512853,0.0010051,0.000956015,0.02156457,0.001650347,8.192467611,0.011997021,-16.29212902,-12.46609501,0.019881856,0.324727469,0.009195155,-12.46609501,0.029475922,0.351712865,0.009195332,5.486586886,0.001428801,297.8288813,7.99E-05,1.81E-09,4.05E-08,2.304663567,0.846650403,0.000108046,5.17E-05,0.010995561,1.55E-08,0.00024727,0.000952916,7.01E-05,0.001692206,1.003927152,0.002181929,11.17184773,0.002090033,0.385316128,1.07E-07,1.24E-07,0.023391786,1.38E-08,0.000197345,Not available,Not available,Not available,Not available,Not available
0,beneficiation,CA,flurocarbonate,Not available,Not available,Not available,Not available,Not available,Not available,Not available,Not available,Not available,Not available,Not available,Not available,Not available,Not available,Not available,Not available,Not available,Not available,Not available,Not available,Not available,Not available,Not available,Not available,Not available,Not available,Not available,Not available,Not available,Not available,Not available,Not available,Not available,Not available,Not available,Not available,Not available,Not available,Not available,Not available,Not available,Not available,Not available,Not available,Not available,Not available,Not available,Not available,Not available,Not available,Not available,Not available,Not available,Not available,Not available,Not available,Not available,Not available,Not available
0,beneficiation,CN,flurocarbonate,0.690411351,0.377169878,0.157381485,0.031171915,0.000160322,0.690411351,0.107673424,0.686077242,0.028806456,0.044873323,1.40E-05,2.26E-07,0.000725081,0.001229374,0.001184108,0.021961483,0.002009638,8.573925154,0.003555599,-15.86564191,-12.46551571,0.014671752,0.593769945,0.000230353,-12.46551571,0.015295511,0.652900571,0.000230548,7.790042728,0.001794657,375.5354515,8.18E-05,2.14E-09,5.36E-08,3.638362042,0.844050962,0.000125951,5.90E-05,0.011254443,1.33E-08,0.000520265,0.001181012,7.46E-05,0.002071763,0.672031594,0.002699336,13.08721312,0.002987141,0.65940133,1.52E-07,1.96E-07,0.029113586,1.19E-08,0.000330705,0.000162012,0.001620119,0.000162012,0.000162012,-0.001620119
0,beneficiation,EE,flurocarbonate,0.70459731,0.375379069,0.189270115,0.042110396,0.000650452,0.70459731,0.11463831,1.11231229,0.062151808,0.059976572,4.51E-05,2.23E-07,0.00120981,0.001536523,0.001483326,0.022126578,0.003920993,8.782526018,0.005539097,-15.79710898,-12.47312549,0.024481773,0.628595919,0.000293855,-12.47312549,0.025119752,0.665609503,0.000294068,9.856346342,0.003708746,327.9046827,8.03E-05,2.11E-09,6.69E-08,8.554091904,0.840426377,9.80E-05,6.86E-05,0.011402401,1.45E-08,0.000405066,0.001480364,8.28E-05,0.004006875,1.038176138,0.004673136,15.49405653,0.006384851,0.685161485,1.63E-07,2.90E-07,0.036464641,1.30E-08,0.000373895,Not available,Not available,Not available,Not available,Not available
0,beneficiation,JP,flurocarbonate,0.606828421,0.3748213,0.16357376,0.029059343,0.000159812,0.606828421,0.082797165,0.526964377,0.031582652,0.042083666,1.65E-05,2.40E-07,0.000663138,0.001393641,0.001335461,0.022402965,0.002132023,8.73387936,0.003496121,-16.02784943,-12.48310046,0.035754211,0.514806169,0.000256928,-12.48310046,0.036382893,0.555239588,0.000257147,8.169099378,0.001918735,314.490274,8.02E-05,1.96E-09,5.10E-08,4.411071314,0.839826102,9.65E-05,6.42E-05,0.011453907,1.67E-08,0.000285528,0.001332632,7.58E-05,0.002204917,0.665825978,0.002805245,11.7385844,0.002481381,0.585632089,1.17E-07,1.48E-07,0.032745798,1.50E-08,0.000232823,Not available,Not available,Not available,Not available,Not available
0,beneficiation,MM,flurocarbonate,0.64090689,0.37559128,0.172399233,0.033331835,0.000296637,0.64090689,0.100368538,0.744669797,0.011366509,0.047916025,2.57E-05,2.35E-07,0.000694857,0.001329034,0.001275751,0.021852007,0.00224099,8.478764174,0.005045647,-15.89902507,-12.46670347,0.01757352,0.573058905,0.002011099,-12.46670347,0.020022156,0.606167265,0.002011304,8.197270031,0.002027061,316.0875903,8.12E-05,2.03E-09,5.12E-08,1.493149885,0.841811282,0.000107126,6.56E-05,0.01110785,1.81E-08,0.000282171,0.00127285,7.53E-05,0.002309541,0.726413172,0.002926569,13.21621994,0.003772938,0.622757926,1.42E-07,1.98E-07,0.031297513,1.64E-08,0.000240607,0.000259219,0.025921902,2.59E-05,2.59E-05,-2.59E-05
0,beneficiation,MY,flurocarbonate,0.64090689,0.37559128,0.172399233,0.033331835,0.000296637,0.64090689,0.100368538,0.744669797,0.011366509,0.047916025,2.57E-05,2.35E-07,0.000694857,0.001329034,0.001275751,0.021852007,0.00224099,8.478764174,0.005045647,-15.89902507,-12.46670347,0.01757352,0.573058905,0.002011099,-12.46670347,0.020022156,0.606167265,0.002011304,8.197270031,0.002027061,316.0875903,8.12E-05,2.03E-09,5.12E-08,1.493149885,0.841811282,0.000107126,6.56E-05,0.01110785,1.81E-08,0.000282171,0.00127285,7.53E-05,0.002309541,0.726413172,0.002926569,13.21621994,0.003772938,0.622757926,1.42E-07,1.98E-07,0.031297513,1.64E-08,0.000240607,Not available,Not available,Not available,Not available,Not available
0,beneficiation,US,flurocarbonate,0.549631098,0.374220197,0.158763601,0.033066874,0.000314653,0.549631098,0.091704864,0.693371756,0.067341341,0.047420713,2.43E-05,2.35E-07,0.000648899,0.001331233,0.001272185,0.022114466,0.001967206,8.544935059,0.003609619,-16.04249433,-12.46955574,0.021292923,0.482652325,0.00023812,-12.46955574,0.021916925,0.515476711,0.0002383,8.599714605,0.001749965,331.6933937,8.02E-05,1.93E-09,4.90E-08,8.917623248,0.838726208,9.26E-05,6.12E-05,0.011368092,1.41E-08,0.000269428,0.001269273,7.74E-05,0.002034408,0.677738833,0.002626226,12.85420082,0.003672692,0.532422866,1.30E-07,1.81E-07,0.03116134,1.26E-08,0.000257938,2.16E-06,2.16E-06,2.16E-06,0.000216016,-2.16E-05
0,beneficiation,AU,phosphate,0.202385493,0.030783748,0.041074614,0.018304633,0.000187281,0.202385493,0.043577605,0.424103668,0.003693724,0.024449109,4.81E-05,2.34E-07,0.000309635,0.000378179,0.000367367,0.018954704,0.000922632,3.608781357,0.003058772,0.27501636,-0.033796503,0.012913128,0.157862452,0.020466696,-0.033796503,0.013543564,0.165298603,0.020611264,1.952363686,0.000943498,327.3317558,1.02E-05,1.31E-09,2.52E-08,0.529717513,0.035152324,0.000219696,1.91E-05,0.007164696,5.77E-09,0.000110314,0.000368029,3.85E-05,0.000991589,0.851350724,0.001063771,6.162389855,0.001831485,0.198420924,6.16E-08,1.00E-07,0.009131785,5.03E-09,0.001107167,2.59E-05,2.59E-05,2.59E-05,0.000259219,-0.000259219
0,beneficiation,BR,phosphate,0.145034674,0.030776845,0.024456635,0.014252823,3.69E-05,0.145034674,0.033660177,0.257699617,0.00575587,0.018791459,3.90E-05,2.76E-07,0.000231886,0.000241213,0.000230092,0.019031395,0.000666406,3.414946356,0.005694139,0.161768447,-0.034773461,0.014800564,0.093135599,0.023162306,-0.034773461,0.018133437,0.100026974,0.023306874,1.241696153,0.000684427,320.1276716,9.88E-06,1.26E-09,2.08E-08,0.768810948,0.037650847,0.000225501,1.48E-05,0.007144503,6.00E-09,9.33E-05,0.000230741,3.38E-05,0.000723774,0.956150538,0.000750439,5.01482867,0.000663511,0.140275594,4.75E-08,6.20E-08,0.005721641,5.24E-09,0.001089263,Not available,Not available,Not available,Not available,Not available
0,beneficiation,CA,phosphate,Not available,Not available,Not available,Not available,Not available,Not available,Not available,Not available,Not available,Not available,Not available,Not available,Not available,Not available,Not available,Not available,Not available,Not available,Not available,Not available,Not available,Not available,Not available,Not available,Not available,Not available,Not available,Not available,Not available,Not available,Not available,Not available,Not available,Not available,Not available,Not available,Not available,Not available,Not available,Not available,Not available,Not available,Not available,Not available,Not available,Not available,Not available,Not available,Not available,Not available,Not available,Not available,Not available,Not available,Not available,Not available,Not available,Not available,Not available
0,beneficiation,CN,phosphate,0.232781907,0.031713134,0.03892517,0.015427334,5.21E-05,0.232781907,0.04311737,0.326069474,0.009004572,0.020544125,3.97E-05,2.33E-07,0.000295268,0.000333144,0.00032278,0.01915408,0.000777253,3.714323216,0.003159106,0.291316185,-0.034635044,0.013274749,0.175207052,0.020465602,-0.034635044,0.013908706,0.191867978,0.020610176,1.956065087,0.000798074,344.2584842,1.05E-05,1.36E-09,2.47E-08,1.184209299,0.036875827,0.000230811,1.77E-05,0.007223921,5.46E-09,0.000174585,0.000323439,3.78E-05,0.000842766,0.856605205,0.00091652,5.587486128,0.000931031,0.223981695,6.09E-08,8.33E-08,0.008037212,4.75E-09,0.001127349,0.000162012,0.001620119,0.000162012,0.000162012,-0.001620119
0,beneficiation,EE,phosphate,0.235647703,0.031174966,0.048015106,0.01871855,0.000198997,0.235647703,0.045270281,0.454548223,0.018913333,0.025058406,4.90E-05,2.31E-07,0.0004413,0.000399875,0.000387669,0.019063695,0.001347481,3.71255136,0.003750327,0.310413855,-0.036881247,0.016174298,0.184388231,0.020482714,-0.036881247,0.016811189,0.194352188,0.020627293,2.55204572,0.001368319,329.3890905,1.01E-05,1.35E-09,2.87E-08,2.645839425,0.035777427,0.000222372,1.99E-05,0.007279439,5.78E-09,0.000141947,0.000388355,3.94E-05,0.001418031,0.966210204,0.001497642,6.313975528,0.001950568,0.230351713,6.40E-08,1.12E-07,0.009629414,5.05E-09,0.001142562,Not available,Not available,Not available,Not available,Not available
0,beneficiation,JP,phosphate,0.20619547,0.031000999,0.040343479,0.014806214,5.21E-05,0.20619547,0.035696984,0.279128182,0.009735108,0.019637593,4.04E-05,2.36E-07,0.000276877,0.000357745,0.000343989,0.019279283,0.000810724,3.572068279,0.003134429,0.24114817,-0.039886429,0.019574022,0.150238857,0.020471353,-0.039886429,0.020207748,0.161136707,0.020615934,2.047467127,0.000831231,325.0401707,9.98E-06,1.30E-09,2.39E-08,1.402218717,0.035585213,0.00022187,1.85E-05,0.007276505,6.44E-09,0.000104761,0.000344718,3.55E-05,0.000877421,0.854447182,0.000937335,5.182168353,0.000781012,0.200420043,5.04E-08,6.91E-08,0.008530114,5.65E-09,0.001099838,Not available,Not available,Not available,Not available,Not available
0,beneficiation,MM,phosphate,0.216551288,0.031238593,0.042956678,0.016086458,9.29E-05,0.216551288,0.040991755,0.344317278,0.00368628,0.02144227,4.32E-05,2.35E-07,0.000286901,0.000337663,0.000325431,0.018981371,0.000843763,3.621474398,0.003602375,0.279856167,-0.034955723,0.014102984,0.167736467,0.020997599,-0.034955723,0.015282767,0.176529514,0.021142175,2.054601767,0.000864096,325.8459505,1.04E-05,1.32E-09,2.40E-08,0.528743778,0.036192667,0.000225103,1.89E-05,0.007191124,6.86E-09,0.000105099,0.000326136,3.71E-05,0.000909117,0.872733723,0.000973965,5.631007637,0.001167434,0.211641141,5.79E-08,8.44E-08,0.008080144,6.06E-09,0.001102598,0.000259219,0.025921902,2.59E-05,2.59E-05,-2.59E-05
0,beneficiation,MY,phosphate,0.216551288,0.031238593,0.042956678,0.016086458,9.29E-05,0.216551288,0.040991755,0.344317278,0.00368628,0.02144227,4.32E-05,2.35E-07,0.000286901,0.000337663,0.000325431,0.018981371,0.000843763,3.621474398,0.003602375,0.279856167,-0.034955723,0.014102984,0.167736467,0.020997599,-0.034955723,0.015282767,0.176529514,0.021142175,2.054601767,0.000864096,325.8459505,1.04E-05,1.32E-09,2.40E-08,0.528743778,0.036192667,0.000225103,1.89E-05,0.007191124,6.86E-09,0.000105099,0.000326136,3.71E-05,0.000909117,0.872733723,0.000973965,5.631007637,0.001167434,0.211641141,5.79E-08,8.44E-08,0.008080144,6.06E-09,0.001102598,Not available,Not available,Not available,Not available,Not available
0,beneficiation,US,phosphate,0.187154592,0.030826788,0.03833395,0.016044638,9.97E-05,0.187154592,0.038421421,0.330557819,0.020674335,0.021284575,4.28E-05,2.34E-07,0.00026955,0.000298188,0.000284927,0.019183108,0.00074952,3.509163987,0.003175451,0.234728898,-0.035866462,0.015282736,0.138869356,0.020467817,-0.035866462,0.015916638,0.147319289,0.020612386,2.15447443,0.000767508,329.7004274,9.98E-06,1.29E-09,2.34E-08,2.781922881,0.035273118,0.000220579,1.65E-05,0.007242306,5.63E-09,0.0001,0.000285615,3.59E-05,0.000811123,0.858415846,0.000858859,5.526740131,0.001145917,0.182659327,5.43E-08,7.94E-08,0.007066016,4.91E-09,0.001108,2.16E-06,2.16E-06,2.16E-06,0.000216016,-2.16E-05
0,chemical transformation,AU,neodynium dysprosium iron alloy,0.888199307,0.008150725,0.214993044,0.057854957,0.001120585,0.888199307,0.119091257,1.739398611,0.021071347,0.078877759,7.26E-05,1.83E-07,0.001465554,0.002219076,0.002183222,0.043329555,0.003855213,5.764789752,0.003584064,1.447147451,-0.014755686,0.01391533,0.835784723,0.000447991,-0.014755686,0.01419842,0.863821239,0.000448102,10.23325084,0.004044259,242.1920026,1.56E-05,2.41E-09,7.86E-08,2.859514029,0.014840947,0.000105601,7.26E-05,0.476212523,6.90E-09,0.000454742,0.002182187,7.40E-05,0.004203973,0.156598439,0.004723292,17.97124744,0.009069708,0.873383298,1.69E-07,4.23E-07,0.053996217,6.52E-09,0.000938062,Not available,Not available,Not available,Not available,Not available
0,chemical transformation,BR,neodynium dysprosium iron alloy,0.523780064,0.008199328,0.1087704,0.031897908,0.000153553,0.523780064,0.056000815,0.672064104,0.034543791,0.043014826,1.37E-05,4.53E-07,0.000972638,0.001341462,0.00130321,0.043010306,0.002221144,5.374023652,0.020463154,0.723920749,-0.021124287,0.026075209,0.422771299,0.017687751,-0.021124287,0.043642357,0.448294843,0.017687864,5.69648206,0.002392121,198.8730284,1.46E-05,2.06E-09,5.05E-08,4.426729032,0.030985868,0.000144424,4.49E-05,0.476247173,7.87E-09,0.000355347,0.00130207,5.58E-05,0.002495599,0.827042927,0.002723474,10.66639183,0.001569,0.503372974,7.87E-08,1.77E-07,0.032132724,7.41E-09,0.000826858,Not available,Not available,Not available,Not available,Not available
0,chemical transformation,CA,neodynium dysprosium iron alloy,Not available,Not available,Not available,Not available,Not available,Not available,Not available,Not available,Not available,Not available,Not available,Not available,Not available,Not available,Not available,Not available,Not available,Not available,Not available,Not available,Not available,Not available,Not available,Not available,Not available,Not available,Not available,Not available,Not available,Not available,Not available,Not available,Not available,Not available,Not available,Not available,Not available,Not available,Not available,Not available,Not available,Not available,Not available,Not available,Not available,Not available,Not available,Not available,Not available,Not available,Not available,Not available,Not available,Not available,Not available,Not available,Not available,Not available,Not available
0,chemical transformation,CN,neodynium dysprosium iron alloy,1.082317625,0.01408632,0.201837942,0.039480717,0.000256177,1.082317625,0.11611159,1.112848553,0.05539338,0.053769042,1.90E-05,1.76E-07,0.001374042,0.001955167,0.001921362,0.043761959,0.002935796,6.060153814,0.004240227,1.551428589,-0.020181642,0.016318279,0.946850124,0.000446692,-0.020181642,0.016628009,1.033521763,0.000446841,10.291091,0.00312505,350.1143189,1.82E-05,2.68E-09,7.53E-08,7.093833003,0.025855682,0.000176609,6.44E-05,0.47670844,4.96E-09,0.000858957,0.001920308,6.43E-05,0.003264392,0.191210806,0.00379913,14.29508772,0.003313705,1.036766162,1.64E-07,3.14E-07,0.047567159,4.80E-09,0.001064278,4.45E-05,0.000444986,4.45E-05,4.45E-05,-0.000444986
0,chemical transformation,EE,neodynium dysprosium iron alloy,1.101814077,0.010663179,0.259565894,0.060513195,0.001195823,1.101814077,0.12996189,1.934917966,0.11881389,0.082790758,7.84E-05,1.66E-07,0.002311125,0.002358414,0.002313604,0.044029515,0.006583657,6.431217424,0.008025332,1.674475333,-0.034566363,0.034859037,1.006137145,0.00055086,-0.034566363,0.035183578,1.050407603,0.000551044,14.08449633,0.006772525,255.4045083,1.55E-05,2.63E-09,1.01E-07,16.44955711,0.018855444,0.000122786,7.74E-05,0.476949423,6.95E-09,0.000657895,0.002312724,7.98E-05,0.006942649,0.89424275,0.00750967,18.94475297,0.009834482,1.07844749,1.84E-07,4.94E-07,0.057192059,6.63E-09,0.001165372,9.57E-07,9.57E-07,9.57E-07,9.57E-07,-9.57E-05
0,chemical transformation,JP,neodynium dysprosium iron alloy,0.913553843,0.009589188,0.210085923,0.03538256,0.000251064,0.913553843,0.068649776,0.80779313,0.059951021,0.048336829,2.34E-05,1.98E-07,0.001258473,0.002083288,0.002028881,0.044561721,0.003138881,6.337547756,0.004091449,1.230169873,-0.053773815,0.05656484,0.787027711,0.000479756,-0.053773815,0.05687148,0.837883283,0.00047995,10.83559451,0.003325744,229.5742182,1.52E-05,2.35E-09,7.04E-08,8.471905443,0.017699639,0.000120021,6.89E-05,0.477048609,1.11E-08,0.000427718,0.002028256,6.62E-05,0.003472862,0.177258653,0.003912927,11.71335332,0.002318101,0.886797287,9.66E-08,2.22E-07,0.050031191,1.04E-08,0.000893728,2.39E-06,2.39E-06,2.39E-06,2.39E-06,-2.39E-06
0,chemical transformation,MM,neodynium dysprosium iron alloy,0.979174086,0.011071804,0.227079928,0.043609511,0.00051453,0.979174086,0.102484527,1.226998764,0.021023539,0.059567399,4.11E-05,1.89E-07,0.00131955,0.00195888,0.001913906,0.043500811,0.003348703,5.846304356,0.007075162,1.478229364,-0.022200363,0.021556752,0.899197063,0.003857524,-0.022200363,0.02536783,0.935947761,0.003857692,10.88983849,0.003534332,232.649938,1.71E-05,2.47E-09,7.09E-08,2.853260505,0.02152217,0.000140328,7.15E-05,0.476382246,1.39E-08,0.000421254,0.001913143,6.53E-05,0.003674324,0.293923168,0.004146543,14.55863232,0.004805076,0.958285434,1.45E-07,3.20E-07,0.047242423,1.32E-08,0.000908716,Not available,Not available,Not available,Not available,Not available
0,chemical transformation,MY,neodynium dysprosium iron alloy,0.979174086,0.011071804,0.227079928,0.043609511,0.00051453,0.979174086,0.102484527,1.226998764,0.021023539,0.059567399,4.11E-05,1.89E-07,0.00131955,0.00195888,0.001913906,0.043500811,0.003348703,5.846304356,0.007075162,1.478229364,-0.022200363,0.021556752,0.899197063,0.003857524,-0.022200363,0.02536783,0.935947761,0.003857692,10.88983849,0.003534332,232.649938,1.71E-05,2.47E-09,7.09E-08,2.853260505,0.02152217,0.000140328,7.15E-05,0.476382246,1.39E-08,0.000421254,0.001913143,6.53E-05,0.003674324,0.293923168,0.004146543,14.55863232,0.004805076,0.958285434,1.45E-07,3.20E-07,0.047242423,1.32E-08,0.000908716,Not available,Not available,Not available,Not available,Not available
0,chemical transformation,US,neodynium dysprosium iron alloy,0.790942912,0.00849087,0.196736116,0.043299516,0.000555388,0.790942912,0.086074535,1.136523747,0.130062826,0.05886343,3.87E-05,1.84E-07,0.001211462,0.001668373,0.001617786,0.043942698,0.002745333,5.932542946,0.004361129,1.187575546,-0.028142596,0.029184103,0.713156301,0.000459712,-0.028142596,0.02949343,0.748529038,0.00045983,11.49987207,0.002915186,257.9862597,1.52E-05,2.28E-09,6.69E-08,17.31568184,0.015733717,0.000111766,5.49E-05,0.476826233,5.94E-09,0.000397675,0.001616889,6.91E-05,0.003043966,0.203031229,0.003398136,13.91751006,0.004650199,0.772280516,1.22E-07,2.88E-07,0.039844892,5.70E-09,0.000947085,Not available,Not available,Not available,Not available,Not available
0,clay mining,AU,ion adsorption clay,20.07454376,0.390699838,4.594572179,2969.691037,0.011952743,20.07454376,4.414014187,7154.732843,0.827579918,4017.949034,0.00586132,3.43E-06,0.037969319,0.052614181,0.050863084,0.632524148,0.121793298,932.278374,0.274207594,160.1645366,-0.534728173,0.60193252,17.4545636,0.014548008,-0.534728173,0.620773668,18.98047683,0.014553152,228.1553082,0.11971751,18934.03956,0.000430845,1.11E-06,0.003048394,118.9895747,0.744818778,0.004759288,0.01894731,0.789014567,2.90E-07,0.014464147,0.050804543,0.005824181,0.1285968,11.31598958,0.139546741,1660542.478,0.120290278,19.26894734,6.09E-06,0.003205053,1.426506392,2.66E-07,0.011743534,6.33E-07,6.33E-07,6.33E-07,6.33E-06,-6.33E-06
0,clay mining,BR,ion adsorption clay,18.74333123,0.39086616,4.206702201,2969.596375,0.00842707,18.74333123,4.183538133,7150.841057,0.876640415,4017.818236,0.005646686,4.41E-06,0.036169865,0.049408962,0.047649876,0.631289727,0.115829318,930.8201911,0.335744376,157.5252598,-0.557931479,0.646251823,15.94690311,0.077403459,-0.557931479,0.728111188,17.46313469,0.077408612,211.5856226,0.113687565,18775.6635,0.000427238,1.11E-06,0.003048292,124.6948437,0.803663208,0.004900619,0.018846135,0.789080213,2.94E-07,0.014101043,0.047590951,0.005757424,0.122361606,13.76018319,0.13224802,1660515.83,0.092942967,17.91762089,5.76E-06,0.003204157,1.346681716,2.70E-07,0.011337198,Not available,Not available,Not available,Not available,Not available
0,clay mining,CA,ion adsorption clay,Not available,Not available,Not available,Not available,Not available,Not available,Not available,Not available,Not available,Not available,Not available,Not available,Not available,Not available,Not available,Not available,Not available,Not available,Not available,Not available,Not available,Not available,Not available,Not available,Not available,Not available,Not available,Not available,Not available,Not available,Not available,Not available,Not available,Not available,Not available,Not available,Not available,Not available,Not available,Not available,Not available,Not available,Not available,Not available,Not available,Not available,Not available,Not available,Not available,Not available,Not available,Not available,Not available,Not available,Not available,Not available,Not available,Not available,Not available
0,clay mining,CN,ion adsorption clay,20.78183741,0.412344906,4.546260463,2969.624066,0.008801494,20.78183741,4.403275795,7152.449228,0.952683131,4017.857519,0.00566572,3.40E-06,0.037635885,0.051655078,0.049911008,0.634129759,0.118441876,933.3632665,0.276597269,160.543977,-0.554508444,0.61068948,17.85886603,0.014541527,-0.554508444,0.629626958,19.59869917,0.014546811,228.3487825,0.116366886,19328.43785,0.000440429,1.11E-06,0.003048383,134.4229999,0.784981871,0.005018211,0.01891767,0.790843305,2.82E-07,0.015938073,0.049852392,0.005788886,0.125172027,11.442023,0.136178739,1660529.083,0.099307561,19.86410794,6.07E-06,0.003204655,1.403128916,2.59E-07,0.012203755,3.96E-06,3.96E-05,3.96E-06,3.96E-06,-3.96E-05
0,clay mining,EE,ion adsorption clay,20.85325459,0.39985878,4.757057952,2969.700727,0.012227015,20.85325459,4.45364203,7155.445588,1.183890356,4017.963298,0.005882288,3.37E-06,0.041051762,0.053122124,0.051338379,0.635075788,0.131739562,934.7077715,0.290397782,160.9932372,-0.606945972,0.678280666,18.07556596,0.014923005,-0.606945972,0.697272917,19.66065836,0.014928416,242.1946298,0.129663124,18982.20441,0.000430492,1.11E-06,0.003048477,168.5306855,0.759453314,0.004821936,0.018964779,0.791700875,2.90E-07,0.01520472,0.051280401,0.00584529,0.138580362,14.00499641,0.149704195,1660546.027,0.123078183,20.01648791,6.15E-06,0.003205313,1.438156511,2.66E-07,0.012572173,Not available,Not available,Not available,Not available,Not available
0,clay mining,JP,ion adsorption clay,20.17033712,0.395966965,4.578047615,2969.609193,0.008783356,20.17033712,4.230796784,7151.338239,0.969381588,4017.837839,0.005682496,3.49E-06,0.037223004,0.052143627,0.050326456,0.637193721,0.119208402,934.4131328,0.276062695,159.3798365,-0.677017568,0.757457782,17.28102578,0.014664403,-0.677017568,0.77638486,18.88948282,0.014669856,230.4164103,0.117125417,18887.74886,0.000429671,1.11E-06,0.003048365,139.4578126,0.7552844,0.004812032,0.018935113,0.792143231,3.06E-07,0.014367892,0.050269413,0.005796249,0.125960479,11.39154639,0.136628987,1660519.701,0.095683865,19.3215495,5.83E-06,0.003204321,1.412709693,2.81E-07,0.011584137,Not available,Not available,Not available,Not available,Not available
0,clay mining,MM,ion adsorption clay,20.40618306,0.401348381,4.63863369,2969.639107,0.009743432,20.40618306,4.353476116,7152.864941,0.827405642,4017.87864,0.00574648,3.45E-06,0.037437076,0.051665664,0.049881321,0.633148452,0.119946866,932.5755308,0.286934033,160.2778426,-0.561866987,0.629788546,17.68572684,0.026977112,-0.561866987,0.661490613,19.24340672,0.026982463,230.5488318,0.117858621,18899.25496,0.000436342,1.11E-06,0.003048366,118.9667783,0.769174593,0.004885884,0.018943402,0.78963329,3.16E-07,0.014342068,0.049823769,0.005792694,0.126666018,11.81659284,0.13744426,1660530.038,0.104744001,19.57844944,6.00E-06,0.003204677,1.401886131,2.90E-07,0.011636558,6.33E-06,0.00063307,6.33E-07,6.33E-07,-6.33E-07
0,clay mining,MY,ion adsorption clay,20.40618306,0.401348381,4.63863369,2969.639107,0.009743432,20.40618306,4.353476116,7152.864941,0.827405642,4017.87864,0.00574648,3.45E-06,0.037437076,0.051665664,0.049881321,0.633148452,0.119946866,932.5755308,0.286934033,160.2778426,-0.561866987,0.629788546,17.68572684,0.026977112,-0.561866987,0.661490613,19.24340672,0.026982463,230.5488318,0.117858621,18899.25496,0.000436342,1.11E-06,0.003048366,118.9667783,0.769174593,0.004885884,0.018943402,0.78963329,3.16E-07,0.014342068,0.049823769,0.005792694,0.126666018,11.81659284,0.13744426,1660530.038,0.104744001,19.57844944,6.00E-06,0.003204677,1.401886131,2.90E-07,0.011636558,Not available,Not available,Not available,Not available,Not available
0,clay mining,US,ion adsorption clay,19.71816858,0.391943839,4.527518095,2969.637979,0.0098925,19.71816858,4.293722435,7152.535426,1.224972454,4017.876072,0.005737421,3.43E-06,0.037041001,0.050601083,0.048796409,0.634763675,0.117740604,932.8990082,0.277043551,159.2165709,-0.583536266,0.657604183,17.00616176,0.014588385,-0.583536266,0.676539714,18.55847803,0.014593553,232.7501679,0.115594687,18995.32833,0.000429602,1.11E-06,0.003048352,171.6980542,0.748074084,0.004782063,0.018882362,0.791299455,2.86E-07,0.014255609,0.048738363,0.005806355,0.12436093,11.48542051,0.134707509,1660527.703,0.104180229,18.89872839,5.92E-06,0.00320456,1.374785696,2.62E-07,0.011776009,5.28E-08,5.28E-08,5.28E-08,5.28E-06,-5.28E-07
0,clay refining,AU,dysprosium_oxide,12.90476126,1.991181389,2.714306403,0.949686732,0.004569401,12.90476126,2.184621657,19.00661573,0.657741475,1.276683309,0.002297806,1.36E-05,0.018680052,0.024632261,0.023810776,0.834696837,0.051391038,130.5232075,0.205032305,16.47866787,-2.752295949,0.672780862,10.84492723,0.163506353,-2.752295949,0.683396509,11.72191361,0.166559165,137.5529886,0.050417838,4378.719857,0.001683001,7.88E-08,1.23E-06,87.97118867,2.06655549,0.007387742,0.002120026,0.229593004,9.44E-07,0.009864301,0.023674102,0.001221107,0.054699895,10.87809695,0.06091438,358.2168863,0.057801338,12.45978947,3.02E-06,5.02E-06,0.641932289,8.09E-07,0.007929563,2.59E-05,2.59E-05,2.59E-05,0.000259219,-0.000259219
0,clay refining,BR,dysprosium_oxide,12.78404744,1.991197508,2.679120169,0.941088469,0.004249072,12.78404744,2.163722992,18.65306134,0.662204223,1.264803726,0.002278301,1.37E-05,0.018516774,0.024341552,0.023519273,0.834591091,0.050849753,130.3937695,0.210623504,16.23909914,-2.754405555,0.676808827,10.70811658,0.169217024,-2.754405555,0.693149818,11.58427054,0.172269837,136.0501848,0.049870568,4364.370469,0.001682678,7.87E-08,1.22E-06,88.49032878,2.071903533,0.007400603,0.002110843,0.229604496,9.44E-07,0.009831377,0.023382563,0.001215082,0.054133996,11.1001817,0.060251941,355.7971564,0.055316728,12.33722361,2.99E-06,4.94E-06,0.634690012,8.09E-07,0.007892727,Not available,Not available,Not available,Not available,Not available
0,clay refining,CA,dysprosium_oxide,Not available,Not available,Not available,Not available,Not available,Not available,Not available,Not available,Not available,Not available,Not available,Not available,Not available,Not available,Not available,Not available,Not available,Not available,Not available,Not available,Not available,Not available,Not available,Not available,Not available,Not available,Not available,Not available,Not available,Not available,Not available,Not available,Not available,Not available,Not available,Not available,Not available,Not available,Not available,Not available,Not available,Not available,Not available,Not available,Not available,Not available,Not available,Not available,Not available,Not available,Not available,Not available,Not available,Not available,Not available,Not available,Not available,Not available,Not available
0,clay refining,CN,dysprosium_oxide,12.96906295,1.993147565,2.709948775,0.943600263,0.004283066,12.96906295,2.183634638,18.79907099,0.669110648,1.268366044,0.002280029,1.36E-05,0.018649739,0.024544841,0.023724035,0.83484007,0.051086481,130.6210466,0.205249659,16.51321098,-2.754093296,0.673576839,10.88171764,0.163505923,-2.754093296,0.68420131,11.7781269,0.166558748,137.5721481,0.05011335,4414.46912,0.001683869,7.89E-08,1.23E-06,89.37380678,2.070204143,0.007411264,0.002117316,0.229757275,9.43E-07,0.009998198,0.023587354,0.00121789,0.054388659,10.88956229,0.060608251,356.9991576,0.055894662,12.51391004,3.02E-06,4.98E-06,0.639802663,8.08E-07,0.007971373,0.000162012,0.001620119,0.000162012,0.000162012,-0.001620119
0,clay refining,EE,dysprosium_oxide,12.97552121,1.992013658,2.729071177,0.950567283,0.004594323,12.97552121,2.188222608,19.07138167,0.690118693,1.277979504,0.002299712,1.36E-05,0.018960148,0.024678417,0.023853966,0.834928705,0.052294835,130.7439657,0.206503476,16.55397034,-2.758858242,0.67971847,10.90135652,0.163540429,-2.758858242,0.690347847,11.7837204,0.166593265,138.8287145,0.051321577,4383.096523,0.001682969,7.89E-08,1.24E-06,92.47289052,2.067885327,0.007393435,0.002121613,0.229837118,9.44E-07,0.009931596,0.023717342,0.001223025,0.055607081,11.12244164,0.061837368,358.5393637,0.058054669,12.52771705,3.03E-06,5.04E-06,0.642990917,8.09E-07,0.00800486,Not available,Not available,Not available,Not available,Not available
0,clay refining,JP,dysprosium_oxide,12.91316003,1.991657906,2.712680941,0.942242793,0.004281372,12.91316003,2.167912955,18.69802208,0.67062037,1.266566681,0.002281503,1.36E-05,0.018611457,0.024587281,0.023759651,0.835104998,0.051153753,130.712937,0.205200377,16.40679435,-2.765220714,0.686908519,10.82877654,0.163516876,-2.765220714,0.697531967,11.71332173,0.166569715,137.752516,0.050179831,4374.540275,0.001682889,7.88E-08,1.23E-06,89.83029366,2.067502482,0.00739252,0.002118794,0.229869986,9.45E-07,0.009855349,0.023623113,0.001218516,0.054457715,10.88494067,0.060645948,356.1439727,0.055564868,12.46423293,3.00E-06,4.95E-06,0.640618881,8.10E-07,0.007914878,Not available,Not available,Not available,Not available,Not available
0,clay refining,MM,dysprosium_oxide,12.9348967,1.992149016,2.718310198,0.944967937,0.004368645,12.9348967,2.179120709,18.83688343,0.65772564,1.270286765,0.002287371,1.36E-05,0.018631688,0.024546071,0.023721566,0.834753569,0.051223256,130.5502115,0.206188732,16.48896385,-2.754762005,0.675312087,10.86593261,0.164635761,-2.754762005,0.687096381,11.74580556,0.167688592,137.770484,0.050248925,4375.559067,0.001683501,7.88E-08,1.23E-06,87.96911732,2.068768682,0.007399246,0.002119671,0.229649237,9.46E-07,0.009853208,0.023584981,0.001218246,0.054524449,10.92358578,0.060723332,357.0864607,0.056388679,12.48791335,3.01E-06,4.99E-06,0.639695099,8.11E-07,0.007919843,0.000259219,0.025921902,2.59E-05,2.59E-05,-2.59E-05
0,clay refining,MY,dysprosium_oxide,12.9348967,1.992149016,2.718310198,0.944967937,0.004368645,12.9348967,2.179120709,18.83688343,0.65772564,1.270286765,0.002287371,1.36E-05,0.018631688,0.024546071,0.023721566,0.834753569,0.051223256,130.5502115,0.206188732,16.48896385,-2.754762005,0.675312087,10.86593261,0.164635761,-2.754762005,0.687096381,11.74580556,0.167688592,137.770484,0.050248925,4375.559067,0.001683501,7.88E-08,1.23E-06,87.96911732,2.068768682,0.007399246,0.002119671,0.229649237,9.46E-07,0.009853208,0.023584981,0.001218246,0.054524449,10.92358578,0.060723332,357.0864607,0.056388679,12.48791335,3.01E-06,4.99E-06,0.639695099,8.11E-07,0.007919843,Not available,Not available,Not available,Not available,Not available
0,clay refining,US,dysprosium_oxide,12.87254507,1.991294052,2.708258795,0.94486524,0.004382179,12.87254507,2.173684865,18.8069134,0.693844902,1.27005356,0.002286577,1.36E-05,0.018595884,0.02444984,0.023623476,0.83489994,0.05102339,130.5787755,0.205289708,16.39268467,-2.756730362,0.677838643,10.80430656,0.163510236,-2.756730362,0.688462981,11.68372306,0.16656305,137.9725569,0.050043833,4383.951701,0.001682887,7.87E-08,1.23E-06,92.75979415,2.066851198,0.007389784,0.002114167,0.229796294,9.43E-07,0.009845398,0.023486847,0.001219476,0.054315642,10.89347781,0.060475422,356.874085,0.056337375,12.42629917,3.01E-06,4.98E-06,0.637244663,8.08E-07,0.007932552,2.16E-06,2.16E-06,2.16E-06,0.000216016,-2.16E-05
0,clay refining,AU,neodynium_oxide,12.90463118,1.991179206,2.71427988,0.949670266,0.004569358,12.90463118,2.184585345,19.00627827,0.657734949,1.27666158,0.002297801,1.36E-05,0.018679836,0.024632064,0.023810586,0.834682521,0.051390395,130.5214882,0.205027729,16.47840926,-2.752292731,0.672767393,10.84482933,0.163506223,-2.752292731,0.683376986,11.72180776,0.166559035,137.5516344,0.050417138,4375.169999,0.001682996,7.88E-08,1.23E-06,87.9703237,2.066551192,0.007387705,0.002120017,0.229589828,9.44E-07,0.009864213,0.023673912,0.001221094,0.054699179,10.86885297,0.060913661,358.2113328,0.057800878,12.45966612,3.02E-06,5.02E-06,0.641927396,8.09E-07,0.007929489,2.59E-05,2.59E-05,2.59E-05,0.000259219,-0.000259219
0,clay refining,BR,neodynium_oxide,12.78391725,1.991195262,2.679093618,0.941071965,0.004249028,12.78391725,2.163686603,18.65272327,0.662197693,1.264781945,0.002278296,1.37E-05,0.018516557,0.024341355,0.023519082,0.834576766,0.05084911,130.3920442,0.210618927,16.23884022,-2.754402323,0.676795348,10.70801859,0.169216893,-2.754402323,0.693130284,11.58416459,0.172269706,136.0488292,0.049869866,4360.820549,0.001682673,7.87E-08,1.22E-06,88.48946324,2.071899104,0.007400564,0.002110834,0.229601284,9.44E-07,0.009831288,0.023382373,0.001215069,0.054133279,11.09093767,0.06025122,355.7915898,0.055316268,12.33710015,2.99E-06,4.94E-06,0.634685111,8.09E-07,0.007892653,Not available,Not available,Not available,Not available,Not available
0,clay refining,CA,neodynium_oxide,Not available,Not available,Not available,Not available,Not available,Not available,Not available,Not available,Not available,Not available,Not available,Not available,Not available,Not available,Not available,Not available,Not available,Not available,Not available,Not available,Not available,Not available,Not available,Not available,Not available,Not available,Not available,Not available,Not available,Not available,Not available,Not available,Not available,Not available,Not available,Not available,Not available,Not available,Not available,Not available,Not available,Not available,Not available,Not available,Not available,Not available,Not available,Not available,Not available,Not available,Not available,Not available,Not available,Not available,Not available,Not available,Not available,Not available,Not available
0,clay refining,CN,neodynium_oxide,12.96893288,1.99314535,2.709922255,0.943583804,0.004283023,12.96893288,2.183598336,18.79873365,0.669104122,1.268344324,0.002280025,1.36E-05,0.018649523,0.024544645,0.023723845,0.834825756,0.051085839,130.619328,0.205245083,16.51295242,-2.75409008,0.67356337,10.88161975,0.163505793,-2.75409008,0.684181788,11.77802106,0.166558617,137.5707941,0.05011265,4410.919271,0.001683864,7.89E-08,1.23E-06,89.3729418,2.070199773,0.007411226,0.002117307,0.229754104,9.43E-07,0.009998109,0.023587164,0.001217877,0.054387943,10.88031832,0.060607532,356.9936065,0.055894203,12.5137867,3.02E-06,4.98E-06,0.639797772,8.08E-07,0.007971299,0.000162012,0.001620119,0.000162012,0.000162012,-0.001620119
0,clay refining,EE,neodynium_oxide,12.97539102,1.992011412,2.729044625,0.950550778,0.00459428,12.97539102,2.188186227,19.07104359,0.690112162,1.277957724,0.002299707,1.36E-05,0.018959931,0.02467822,0.023853775,0.834914381,0.052294192,130.7422411,0.206498898,16.55371142,-2.75885501,0.679704991,10.90125853,0.163540298,-2.75885501,0.690328313,11.78361444,0.166593135,138.8273589,0.051320875,4379.546604,0.001682964,7.89E-08,1.24E-06,92.4720248,2.067880901,0.007393396,0.002121604,0.229833908,9.44E-07,0.009931507,0.023717152,0.001223012,0.055606364,11.11319761,0.061836648,358.5337973,0.058054209,12.52759358,3.03E-06,5.04E-06,0.642986015,8.09E-07,0.008004786,Not available,Not available,Not available,Not available,Not available
0,clay refining,JP,neodynium_oxide,12.91302985,1.991655675,2.712654389,0.942226286,0.004281329,12.91302985,2.167876585,18.69768398,0.670613839,1.266544897,0.002281498,1.36E-05,0.01861124,0.024587084,0.023759461,0.835090674,0.05115311,130.7112128,0.2051958,16.40653542,-2.765217484,0.686895041,10.82867855,0.163516745,-2.765217484,0.697512434,11.71321578,0.166569585,137.7511604,0.050179129,4370.990354,0.001682884,7.88E-08,1.23E-06,89.82942812,2.067498087,0.007392481,0.002118785,0.229866776,9.45E-07,0.009855261,0.023622922,0.001218503,0.054456998,10.87569666,0.060645227,356.1384055,0.055564408,12.46410948,3.00E-06,4.95E-06,0.640613979,8.10E-07,0.007914804,Not available,Not available,Not available,Not available,Not available
0,clay refining,MM,neodynium_oxide,12.93476651,1.992146769,2.718283647,0.944951433,0.004368602,12.93476651,2.179084333,18.83654536,0.65771911,1.270264985,0.002287366,1.36E-05,0.018631472,0.024545874,0.023721375,0.834739246,0.051222613,130.5484873,0.206184154,16.48870493,-2.754758773,0.675298609,10.86583462,0.164635631,-2.754758773,0.687076847,11.74569961,0.167688462,137.7691284,0.050248224,4372.009149,0.001683496,7.88E-08,1.23E-06,87.96825183,2.068764253,0.007399207,0.002119662,0.229646027,9.46E-07,0.00985312,0.023584791,0.001218233,0.054523732,10.91434176,0.060722612,357.0808944,0.056388219,12.48778989,3.01E-06,4.99E-06,0.639690198,8.11E-07,0.007919769,0.000259219,0.025921902,2.59E-05,2.59E-05,-2.59E-05
0,clay refining,MY,neodynium_oxide,12.93476651,1.992146769,2.718283647,0.944951433,0.004368602,12.93476651,2.179084333,18.83654536,0.65771911,1.270264985,0.002287366,1.36E-05,0.018631472,0.024545874,0.023721375,0.834739246,0.051222613,130.5484873,0.206184154,16.48870493,-2.754758773,0.675298609,10.86583462,0.164635631,-2.754758773,0.687076847,11.74569961,0.167688462,137.7691284,0.050248224,4372.009149,0.001683496,7.88E-08,1.23E-06,87.96825183,2.068764253,0.007399207,0.002119662,0.229646027,9.46E-07,0.00985312,0.023584791,0.001218233,0.054523732,10.91434176,0.060722612,357.0808944,0.056388219,12.48778989,3.01E-06,4.99E-06,0.639690198,8.11E-07,0.007919769,Not available,Not available,Not available,Not available,Not available
0,clay refining,US,neodynium_oxide,12.87241502,1.991291801,2.708232275,0.944848782,0.004382136,12.87241502,2.173648562,18.80657606,0.693838374,1.27003184,0.002286572,1.36E-05,0.018595668,0.024449644,0.023623285,0.834885626,0.051022748,130.5770569,0.205285131,16.39242611,-2.756727146,0.677825175,10.80420868,0.163510106,-2.756727146,0.688443458,11.68361723,0.16656292,137.9712028,0.050043132,4380.401853,0.001682882,7.87E-08,1.23E-06,92.758929,2.066846746,0.007389745,0.002114158,0.229793123,9.43E-07,0.009845309,0.023486657,0.001219463,0.054314926,10.88423383,0.060474703,356.8685339,0.056336916,12.42617583,3.01E-06,4.98E-06,0.637239771,8.08E-07,0.007932478,2.16E-06,2.16E-06,2.16E-06,0.000216016,-2.16E-05
0,hydrochloric acid digestion,AU,dysprosium_oxide,23.75437493,0.357695833,4.145596974,1.874238154,0.100192764,23.75437493,6.377890503,79.17423039,0.74465479,2.662293093,0.216547534,2.73E-05,0.020455868,0.033174663,0.031770909,0.924261743,0.054388144,371.223771,0.178286835,37.39924565,-0.535007667,4.66306698,16.35557658,0.017247229,-0.535007667,5.349373016,17.69239992,0.017251797,205.3319373,0.052139951,78343.55718,0.52876848,2.20E-07,8.24E-06,98.84978101,0.633365468,0.003951488,0.215201756,0.793610894,7.06E-07,0.010895776,0.031693911,0.003792557,0.057527999,-1103.132144,0.067211712,649.5846663,2.057759068,22.8068789,9.00E-06,4.86E-05,0.863664068,6.17E-07,0.009648432,Not available,Not available,Not available,Not available,Not available
0,hydrochloric acid digestion,BR,dysprosium_oxide,23.0113605,0.357701944,3.929891538,1.821857385,0.098241375,23.0113605,6.248930098,77.02006686,0.771650617,2.589890008,0.21642994,2.79E-05,0.01945355,0.031392584,0.02998929,0.923471004,0.051068883,370.2929934,0.212346181,35.93452079,-0.547766925,4.687523065,15.51763454,0.052036044,-0.547766925,5.408708838,16.84716211,0.052040618,196.1101407,0.048785484,78250.7551,0.528767837,2.19E-07,8.19E-06,101.9847134,0.665772475,0.004022467,0.21514676,0.793440139,7.11E-07,0.010692412,0.029912073,0.00375426,0.054059826,-1101.772104,0.063155309,634.8133743,2.042625327,22.05374234,8.83E-06,4.81E-05,0.819440621,6.24E-07,0.009421032,Not available,Not available,Not available,Not available,Not available
0,hydrochloric acid digestion,CA,dysprosium_oxide,Not available,Not available,Not available,Not available,Not available,Not available,Not available,Not available,Not available,Not available,Not available,Not available,Not available,Not available,Not available,Not available,Not available,Not available,Not available,Not available,Not available,Not available,Not available,Not available,Not available,Not available,Not available,Not available,Not available,Not available,Not available,Not available,Not available,Not available,Not available,Not available,Not available,Not available,Not available,Not available,Not available,Not available,Not available,Not available,Not available,Not available,Not available,Not available,Not available,Not available,Not available,Not available,Not available,Not available,Not available,Not available,Not available,Not available,Not available
0,hydrochloric acid digestion,CN,dysprosium_oxide,24.43826373,0.371944164,4.123185923,1.838920926,0.098462865,24.43826373,6.384570728,78.01059978,0.813056883,2.662463723,0.216439801,2.73E-05,0.020765573,0.032605286,0.031239578,0.924764318,0.053547416,478.2903793,0.180049998,37.96354964,-0.535635785,4.650488199,16.83345396,0.017197298,-0.535635785,5.336810641,18.32934105,0.017201908,205.4824784,0.051297305,78768.53261,0.528776283,2.21E-07,8.25E-06,107.2586606,0.661176829,0.004146733,0.215187374,0.794512264,6.96E-07,0.012296194,0.031168929,0.005285797,0.056650014,-1103.045248,0.066457585,645.9677287,2.046486815,23.40748784,9.01E-06,4.84E-05,0.851090807,6.08E-07,0.010183644,0.000709289,0.007092891,0.000709289,0.000709289,-0.007092891
0,hydrochloric acid digestion,EE,dysprosium_oxide,24.18529432,0.362756649,4.235678092,1.879524048,0.100344034,24.18529432,6.399792766,79.56631109,0.941971029,2.670096066,0.216559394,2.73E-05,0.022158971,0.033452783,0.032030799,0.925623707,0.059888069,372.5808797,0.187244845,37.85745126,-0.574993517,4.705337308,16.69919562,0.017450341,-0.574993517,5.391725559,18.06878191,0.017455047,213.1118679,0.057636769,78370.00529,0.528767655,2.20E-07,8.28E-06,126.2795535,0.641448171,0.003986563,0.215211603,0.795103614,7.06E-07,0.011304384,0.031954091,0.003804282,0.063047348,-1101.644008,0.072826965,651.5258308,2.05929751,23.22053379,9.02E-06,4.87E-05,0.870031613,6.17E-07,0.010105715,4.17E-05,0.000417229,4.17E-05,0.000417229,-0.000417229
0,hydrochloric acid digestion,JP,dysprosium_oxide,23.80589557,0.360612576,4.135751546,1.828909157,0.098438572,23.80589557,6.276146244,77.29478031,0.823091592,2.600690524,0.216448325,2.74E-05,0.020038239,0.032900916,0.031459707,0.926736736,0.05294435,372.3832318,0.179316373,36.96174999,-0.61372322,4.74911129,16.25751823,0.017309493,-0.61372322,5.435464857,17.64041559,0.017314221,206.549696,0.050691082,78318.12081,0.52876794,2.19E-07,8.23E-06,110.1717468,0.639170045,0.003980573,0.215194347,0.795301457,7.14E-07,0.010841257,0.031383533,0.003776798,0.056054276,-1103.090229,0.065578206,636.9625551,2.044138943,22.83430517,8.86E-06,4.82E-05,0.855668848,6.27E-07,0.00955899,Not available,Not available,Not available,Not available,Not available
0,hydrochloric acid digestion,MM,dysprosium_oxide,23.9382833,0.363603653,4.170036662,1.845506865,0.09897011,23.9382833,6.344407366,78.14052014,0.744556058,2.623347975,0.216484067,2.73E-05,0.020161461,0.032649927,0.031227746,0.924596374,0.053367661,371.3921598,0.185335963,37.46220566,-0.550024318,4.678483068,16.483818,0.024124085,-0.550024318,5.371906781,17.83825901,0.024128758,206.6591322,0.051111903,78324.32599,0.528771665,2.20E-07,8.23E-06,98.83622613,0.646881763,0.004021526,0.215199688,0.793957074,7.19E-07,0.010828216,0.031151294,0.003775153,0.056460721,-1102.854861,0.066049521,642.7028497,2.049156374,22.9785313,8.95E-06,4.84E-05,0.850042554,6.32E-07,0.009589242,Not available,Not available,Not available,Not available,Not available
0,hydrochloric acid digestion,MY,dysprosium_oxide,23.93731959,0.363525785,4.169790093,1.845352139,0.098969426,23.93731959,6.344191749,78.13719739,0.7445152,2.623144717,0.216484088,2.73E-05,0.02015913,0.032647164,0.031225067,0.924565152,0.053361083,371.3773412,0.185315509,37.46025152,-0.549986016,4.678448475,16.48296299,0.024120958,-0.549986016,5.371871301,17.83735093,0.024125622,206.6469217,0.051104859,78323.98104,0.528770885,2.20E-07,8.23E-06,98.83008393,0.646720752,0.004021248,0.215199624,0.793926269,7.19E-07,0.01082716,0.031148619,0.003775046,0.056453492,-1102.855695,0.066041939,642.6524319,2.049149601,22.97759863,8.95E-06,4.84E-05,0.849976777,6.32E-07,0.009588315,4.17E-05,0.000417229,0.004172289,0.417228853,-0.000417229
0,hydrochloric acid digestion,US,dysprosium_oxide,23.45581423,0.353876389,4.11709879,1.841497917,0.098948018,23.45581423,6.306111136,77.80654396,0.962430151,2.61722791,0.216471347,2.73E-05,0.019772722,0.032314623,0.030861459,0.926048549,0.05169334,371.4937704,0.179743818,36.74133809,-0.546798184,4.675178323,16.0266889,0.017214744,-0.546798184,5.361488003,17.37687572,0.017219273,208.3251709,0.049420486,78376.84175,0.528767726,2.19E-07,8.21E-06,127.7440489,0.628635024,0.003950999,0.21517016,0.795834017,7.01E-07,0.010645625,0.030791411,0.003781353,0.054751117,-1103.044345,0.064123716,640.4976229,2.048023237,22.50136654,8.90E-06,4.83E-05,0.840821645,6.12E-07,0.00958885,Not available,Not available,Not available,Not available,Not available
0,hydrochloric acid digestion,AU,neodynium_oxide,23.75437493,0.357695833,4.145596974,1.874238154,0.100192764,23.75437493,6.377890503,79.17423039,0.74465479,2.662293093,0.216547534,2.73E-05,0.020455868,0.033174663,0.031770909,0.924261743,0.054388144,371.223771,0.178286835,37.39924565,-0.535007667,4.66306698,16.35557658,0.017247229,-0.535007667,5.349373016,17.69239992,0.017251797,205.3319373,0.052139951,78343.55718,0.52876848,2.20E-07,8.24E-06,98.84978101,0.633365468,0.003951488,0.215201756,0.793610894,7.06E-07,0.010895776,0.031693911,0.003792557,0.057527999,-1103.132144,0.067211712,649.5846663,2.057759068,22.8068789,9.00E-06,4.86E-05,0.863664068,6.17E-07,0.009648432,Not available,Not available,Not available,Not available,Not available
0,hydrochloric acid digestion,BR,neodynium_oxide,23.0113605,0.357701944,3.929891538,1.821857385,0.098241375,23.0113605,6.248930098,77.02006686,0.771650617,2.589890008,0.21642994,2.79E-05,0.01945355,0.031392584,0.02998929,0.923471004,0.051068883,370.2929934,0.212346181,35.93452079,-0.547766925,4.687523065,15.51763454,0.052036044,-0.547766925,5.408708838,16.84716211,0.052040618,196.1101407,0.048785484,78250.7551,0.528767837,2.19E-07,8.19E-06,101.9847134,0.665772475,0.004022467,0.21514676,0.793440139,7.11E-07,0.010692412,0.029912073,0.00375426,0.054059826,-1101.772104,0.063155309,634.8133743,2.042625327,22.05374234,8.83E-06,4.81E-05,0.819440621,6.24E-07,0.009421032,Not available,Not available,Not available,Not available,Not available
0,hydrochloric acid digestion,CA,neodynium_oxide,Not available,Not available,Not available,Not available,Not available,Not available,Not available,Not available,Not available,Not available,Not available,Not available,Not available,Not available,Not available,Not available,Not available,Not available,Not available,Not available,Not available,Not available,Not available,Not available,Not available,Not available,Not available,Not available,Not available,Not available,Not available,Not available,Not available,Not available,Not available,Not available,Not available,Not available,Not available,Not available,Not available,Not available,Not available,Not available,Not available,Not available,Not available,Not available,Not available,Not available,Not available,Not available,Not available,Not available,Not available,Not available,Not available,Not available,Not available
0,hydrochloric acid digestion,CN,neodynium_oxide,24.43826373,0.371944164,4.123185923,1.838920926,0.098462865,24.43826373,6.384570728,78.01059978,0.813056883,2.662463723,0.216439801,2.73E-05,0.020765573,0.032605286,0.031239578,0.924764318,0.053547416,478.2903793,0.180049998,37.96354964,-0.535635785,4.650488199,16.83345396,0.017197298,-0.535635785,5.336810641,18.32934105,0.017201908,205.4824784,0.051297305,78768.53261,0.528776283,2.21E-07,8.25E-06,107.2586606,0.661176829,0.004146733,0.215187374,0.794512264,6.96E-07,0.012296194,0.031168929,0.005285797,0.056650014,-1103.045248,0.066457585,645.9677287,2.046486815,23.40748784,9.01E-06,4.84E-05,0.851090807,6.08E-07,0.010183644,0.000709289,0.007092891,0.000709289,0.000709289,-0.007092891
0,hydrochloric acid digestion,EE,neodynium_oxide,24.18529432,0.362756649,4.235678092,1.879524048,0.100344034,24.18529432,6.399792766,79.56631109,0.941971029,2.670096066,0.216559394,2.73E-05,0.022158971,0.033452783,0.032030799,0.925623707,0.059888069,372.5808797,0.187244845,37.85745126,-0.574993517,4.705337308,16.69919562,0.017450341,-0.574993517,5.391725559,18.06878191,0.017455047,213.1118679,0.057636769,78370.00529,0.528767655,2.20E-07,8.28E-06,126.2795535,0.641448171,0.003986563,0.215211603,0.795103614,7.06E-07,0.011304384,0.031954091,0.003804282,0.063047348,-1101.644008,0.072826965,651.5258308,2.05929751,23.22053379,9.02E-06,4.87E-05,0.870031613,6.17E-07,0.010105715,4.17E-05,0.000417229,4.17E-05,0.000417229,-0.000417229
0,hydrochloric acid digestion,JP,neodynium_oxide,23.80589557,0.360612576,4.135751546,1.828909157,0.098438572,23.80589557,6.276146244,77.29478031,0.823091592,2.600690524,0.216448325,2.74E-05,0.020038239,0.032900916,0.031459707,0.926736736,0.05294435,372.3832318,0.179316373,36.96174999,-0.61372322,4.74911129,16.25751823,0.017309493,-0.61372322,5.435464857,17.64041559,0.017314221,206.549696,0.050691082,78318.12081,0.52876794,2.19E-07,8.23E-06,110.1717468,0.639170045,0.003980573,0.215194347,0.795301457,7.14E-07,0.010841257,0.031383533,0.003776798,0.056054276,-1103.090229,0.065578206,636.9625551,2.044138943,22.83430517,8.86E-06,4.82E-05,0.855668848,6.27E-07,0.00955899,Not available,Not available,Not available,Not available,Not available
0,hydrochloric acid digestion,MM,neodynium_oxide,23.9382833,0.363603653,4.170036662,1.845506865,0.09897011,23.9382833,6.344407366,78.14052014,0.744556058,2.623347975,0.216484067,2.73E-05,0.020161461,0.032649927,0.031227746,0.924596374,0.053367661,371.3921598,0.185335963,37.46220566,-0.550024318,4.678483068,16.483818,0.024124085,-0.550024318,5.371906781,17.83825901,0.024128758,206.6591322,0.051111903,78324.32599,0.528771665,2.20E-07,8.23E-06,98.83622613,0.646881763,0.004021526,0.215199688,0.793957074,7.19E-07,0.010828216,0.031151294,0.003775153,0.056460721,-1102.854861,0.066049521,642.7028497,2.049156374,22.9785313,8.95E-06,4.84E-05,0.850042554,6.32E-07,0.009589242,Not available,Not available,Not available,Not available,Not available
0,hydrochloric acid digestion,MY,neodynium_oxide,23.93731959,0.363525785,4.169790093,1.845352139,0.098969426,23.93731959,6.344191749,78.13719739,0.7445152,2.623144717,0.216484088,2.73E-05,0.02015913,0.032647164,0.031225067,0.924565152,0.053361083,371.3773412,0.185315509,37.46025152,-0.549986016,4.678448475,16.48296299,0.024120958,-0.549986016,5.371871301,17.83735093,0.024125622,206.6469217,0.051104859,78323.98104,0.528770885,2.20E-07,8.23E-06,98.83008393,0.646720752,0.004021248,0.215199624,0.793926269,7.19E-07,0.01082716,0.031148619,0.003775046,0.056453492,-1102.855695,0.066041939,642.6524319,2.049149601,22.97759863,8.95E-06,4.84E-05,0.849976777,6.32E-07,0.009588315,4.17E-05,0.000417229,0.004172289,0.417228853,-0.000417229
0,hydrochloric acid digestion,US,neodynium_oxide,23.45581423,0.353876389,4.11709879,1.841497917,0.098948018,23.45581423,6.306111136,77.80654396,0.962430151,2.61722791,0.216471347,2.73E-05,0.019772722,0.032314623,0.030861459,0.926048549,0.05169334,371.4937704,0.179743818,36.74133809,-0.546798184,4.675178323,16.0266889,0.017214744,-0.546798184,5.361488003,17.37687572,0.017219273,208.3251709,0.049420486,78376.84175,0.528767726,2.19E-07,8.21E-06,127.7440489,0.628635024,0.003950999,0.21517016,0.795834017,7.01E-07,0.010645625,0.030791411,0.003781353,0.054751117,-1103.044345,0.064123716,640.4976229,2.048023237,22.50136654,8.90E-06,4.83E-05,0.840821645,6.12E-07,0.00958885,Not available,Not available,Not available,Not available,Not available
0,magnet manufacturing,AU,hp_magnet,5.84151326,0.039171821,1.418714226,0.323528235,0.009242347,5.84151326,5.109499662,11.25649336,0.029790938,1.315968286,0.000590538,1.36E-06,0.007847965,0.012010154,0.011866932,0.023046834,0.025320316,20.46589276,0.014993619,12.55654203,-0.118227224,0.127997534,5.554150329,0.000620586,-0.118227224,0.128402653,5.669224684,0.00062152,65.21571959,0.025558073,1225.578809,2.78E-05,0.00013496,4.14E-07,4.310780736,0.066725595,0.000446474,0.000383558,0.026130061,3.55E-08,0.002147994,0.011827759,0.000269428,0.026333481,0.639573308,0.030061521,95.7609979,0.072814548,5.781067712,2.21E-06,2.69E-06,0.29281372,3.37E-08,0.001980646,Not available,Not available,Not available,Not available,Not available
0,magnet manufacturing,BR,hp_magnet,2.506627724,0.03959348,0.446928793,0.086310891,0.000407027,2.506627724,4.531894894,1.503994297,0.152806333,0.988205039,5.31E-05,3.83E-06,0.003340602,0.003983126,0.003819274,0.019958737,0.010380323,16.81038285,0.169194977,5.94355454,-0.176390986,0.239073698,1.776715202,0.158124313,-0.176390986,0.397388359,1.867810989,0.158125267,23.70348407,0.010452864,829.3866477,1.87E-05,0.000134957,1.57E-07,18.6192423,0.214190619,0.000800753,0.000130511,0.026296072,4.56E-08,0.001238541,0.003779138,0.00010211,0.010714137,6.764390981,0.011777947,28.98124249,0.00428351,2.395634168,1.39E-06,4.50E-07,0.092883546,4.29E-08,0.000963084,Not available,Not available,Not available,Not available,Not available
0,magnet manufacturing,CA,hp_magnet,Not available,Not available,Not available,Not available,Not available,Not available,Not available,Not available,Not available,Not available,Not available,Not available,Not available,Not available,Not available,Not available,Not available,Not available,Not available,Not available,Not available,Not available,Not available,Not available,Not available,Not available,Not available,Not available,Not available,Not available,Not available,Not available,Not available,Not available,Not available,Not available,Not available,Not available,Not available,Not available,Not available,Not available,Not available,Not available,Not available,Not available,Not available,Not available,Not available,Not available,Not available,Not available,Not available,Not available,Not available,Not available,Not available,Not available,Not available
0,magnet manufacturing,CN,hp_magnet,7.614860019,0.093404078,1.298346842,0.155669076,0.001345056,7.614860019,5.082060695,5.532932537,0.343335409,1.086589527,0.0001008,1.30E-06,0.007012266,0.009606155,0.00948072,0.026993662,0.016921622,23.15019829,0.020988372,13.50885367,-0.167804091,0.149955108,6.568477208,0.000608093,-0.167804091,0.150603621,7.219419135,0.000609373,65.73491912,0.017161398,2213.410168,5.17E-05,0.000134963,3.85E-07,42.99303821,0.16736471,0.001095322,0.000309569,0.030649788,1.76E-08,0.005841077,0.009441369,0.000180512,0.017750967,0.955702031,0.021621113,62.17450917,0.020229233,7.273522239,2.17E-06,1.70E-06,0.234223361,1.78E-08,0.003133784,4.45E-05,0.000444986,4.45E-05,4.45E-05,-0.000444986
0,magnet manufacturing,EE,hp_magnet,7.793124476,0.06212592,1.825937353,0.347814232,0.00992973,7.793124476,5.208815111,13.04278262,0.922779027,1.351717927,0.000643088,1.21E-06,0.015573208,0.013283163,0.013058119,0.029441759,0.050247724,26.5544588,0.055569597,14.63343794,-0.299220035,0.319341864,7.110511335,0.001560408,-0.299220035,0.320125678,7.373901007,0.00156201,100.4011794,0.050483849,1346.28991,2.69E-05,0.000134962,6.20E-07,128.471112,0.103402541,0.000603479,0.000427338,0.032862475,3.60E-08,0.004004026,0.013020357,0.000322332,0.051354364,7.378783881,0.055518214,104.655066,0.079801617,7.654559779,2.35E-06,3.35E-06,0.322011334,3.47E-08,0.004057386,9.57E-07,9.57E-07,9.57E-07,9.57E-07,-9.57E-05
0,magnet manufacturing,JP,hp_magnet,6.076835953,0.052343517,1.375590925,0.118323004,0.001299084,6.076835953,4.649226659,2.747635727,0.385097839,1.037137064,0.000142271,1.51E-06,0.005969087,0.010806988,0.010496794,0.034516117,0.01881617,25.73725289,0.019637662,10.58237449,-0.474756099,0.517698538,5.114008877,0.000913633,-0.474756099,0.518320024,5.436341563,0.000915334,70.80062693,0.019035163,1110.103376,2.47E-05,0.00013496,3.40E-07,55.59897949,0.092905499,0.000578412,0.000352068,0.033836675,7.54E-08,0.001904368,0.010461367,0.000198417,0.019698093,0.828690774,0.022713583,38.62967758,0.011142428,5.907940025,1.55E-06,8.59E-07,0.257599359,7.08E-08,0.001578884,2.39E-06,2.39E-06,2.39E-06,2.39E-06,-2.39E-06
0,magnet manufacturing,MM,hp_magnet,6.672670199,0.065859169,1.529141511,0.193380066,0.003705353,6.672670199,4.957778488,6.57514435,0.029354161,1.139546418,0.000302724,1.42E-06,0.006514052,0.009632973,0.00940643,0.024611454,0.020692774,21.21061997,0.046888722,12.84051026,-0.186242721,0.19781052,6.133493385,0.031770507,-0.186242721,0.230447778,6.328181589,0.03177196,71.21438634,0.02089931,1138.401313,4.15E-05,0.000134961,3.44E-07,4.253647748,0.127766083,0.000763747,0.000373763,0.027680674,9.96E-08,0.00184204,0.009369735,0.000190516,0.021494537,1.894189187,0.024792265,64.5829197,0.033852342,6.556744232,1.99E-06,1.75E-06,0.231110214,9.45E-08,0.001712541,Not available,Not available,Not available,Not available,Not available
0,magnet manufacturing,MY,hp_magnet,6.672670199,0.065859169,1.529141511,0.193380066,0.003705353,6.672670199,4.957778488,6.57514435,0.029354161,1.139546418,0.000302724,1.42E-06,0.006514052,0.009632973,0.00940643,0.024611454,0.020692774,21.21061997,0.046888722,12.84051026,-0.186242721,0.19781052,6.133493385,0.031770507,-0.186242721,0.230447778,6.328181589,0.03177196,71.21438634,0.02089931,1138.401313,4.15E-05,0.000134961,3.44E-07,4.253647748,0.127766083,0.000763747,0.000373763,0.027680674,9.96E-08,0.00184204,0.009369735,0.000190516,0.021494537,1.894189187,0.024792265,64.5829197,0.033852342,6.556744232,1.99E-06,1.75E-06,0.231110214,9.45E-08,0.001712541,Not available,Not available,Not available,Not available,Not available
0,magnet manufacturing,US,hp_magnet,4.949872858,0.042281725,1.251193488,0.190536438,0.004078801,4.949872858,4.807537448,5.748950226,1.025594839,1.133091317,0.000280798,1.38E-06,0.005523368,0.00697153,0.006693838,0.028599595,0.01517016,21.98295711,0.02209701,10.18233157,-0.240538945,0.267507418,4.431607227,0.000726028,-0.240538945,0.268151437,4.613047288,0.000727019,76.75408363,0.01523236,1376.044459,2.46E-05,0.000134959,3.07E-07,136.3908632,0.074881333,0.000503271,0.000221658,0.031762337,2.60E-08,0.001625691,0.006655912,0.000224228,0.015724769,1.063985435,0.017942177,58.71742765,0.032439095,4.854630359,1.78E-06,1.46E-06,0.16334842,2.55E-08,0.002062301,Not available,Not available,Not available,Not available,Not available
0,metallothermic reduction,AU,dysprosium,5.774280232,0.1128234,1.099475864,0.278685541,0.002184409,5.774280232,0.855857287,6.76596635,0.533089557,0.3804146,0.000269893,9.91E-07,0.005712212,0.008828192,0.00854791,0.479523259,0.016260225,42.49719341,0.058216254,8.311164837,-0.325021927,0.338366039,4.951765058,0.006875837,-0.325021927,0.348515421,5.295125647,0.006877161,60.54165346,0.01477574,1335.206289,0.000284188,1.58E-08,4.26E-07,66.67715661,0.189614075,0.000912906,0.000465262,0.095428525,3.69E-08,0.003590766,0.008499603,0.000356525,0.016585893,2.409312855,0.019744286,97.58440775,0.021787779,5.589998122,1.21E-06,1.78E-06,0.209562417,3.57E-08,0.002410153,Not available,Not available,Not available,Not available,Not available
0,metallothermic reduction,BR,dysprosium,5.70321849,0.112832864,1.078762451,0.273623918,0.001995837,5.70321849,0.843554663,6.557836135,0.535716684,0.373421329,0.000258411,1.04E-06,0.005616093,0.008657058,0.008376308,0.479461007,0.015941581,42.42099472,0.061507676,8.170135643,-0.326263805,0.340737216,4.871227449,0.01023759,-0.326263805,0.35425699,5.214098009,0.010238915,59.65698366,0.014453573,1326.759092,0.000283998,1.57E-08,4.20E-07,66.98276359,0.192762302,0.000920476,0.000459856,0.095435285,3.71E-08,0.003571384,0.008327981,0.000352978,0.01625276,2.540049534,0.019354321,96.15996126,0.020325141,5.51784612,1.19E-06,1.73E-06,0.205299037,3.59E-08,0.002388468,Not available,Not available,Not available,Not available,Not available
0,metallothermic reduction,CA,dysprosium,Not available,Not available,Not available,Not available,Not available,Not available,Not available,Not available,Not available,Not available,Not available,Not available,Not available,Not available,Not available,Not available,Not available,Not available,Not available,Not available,Not available,Not available,Not available,Not available,Not available,Not available,Not available,Not available,Not available,Not available,Not available,Not available,Not available,Not available,Not available,Not available,Not available,Not available,Not available,Not available,Not available,Not available,Not available,Not available,Not available,Not available,Not available,Not available,Not available,Not available,Not available,Not available,Not available,Not available,Not available,Not available,Not available,Not available,Not available
0,metallothermic reduction,CN,dysprosium,5.812133304,0.113980807,1.09691062,0.275102565,0.002015849,5.812133304,0.855276252,6.643789088,0.539782353,0.3755184,0.000259429,9.90E-07,0.005694367,0.00877673,0.008496847,0.479607578,0.016080938,42.55478941,0.058344205,8.331499659,-0.326079988,0.338834614,4.973422811,0.006875583,-0.326079988,0.348989191,5.328217249,0.006876915,60.55293229,0.014596494,1356.251141,0.000284699,1.58E-08,4.25E-07,67.50284882,0.191761871,0.000926751,0.000463666,0.095525229,3.65E-08,0.003669588,0.008448537,0.000354631,0.016402675,2.416062266,0.019564074,96.8675566,0.020665358,5.621857781,1.21E-06,1.76E-06,0.208308751,3.54E-08,0.002434765,0.000255319,0.002553191,0.000255319,0.000255319,-0.002553191
0,metallothermic reduction,EE,dysprosium,5.815935128,0.113313315,1.108167574,0.279203899,0.00219908,5.815935128,0.85797708,6.804092642,0.552149353,0.381177636,0.000271015,9.88E-07,0.005877098,0.008855363,0.008573335,0.479659753,0.016792271,42.62714806,0.059082301,8.355493795,-0.32888501,0.342450063,4.984983795,0.006895896,-0.32888501,0.352607528,5.331510003,0.006897235,61.29264651,0.015307752,1337.782732,0.000284169,1.58E-08,4.30E-07,69.32721509,0.190396869,0.000916256,0.000466196,0.095572225,3.69E-08,0.003630381,0.008525058,0.000357654,0.017119935,2.553153502,0.02028763,97.77424189,0.02193691,5.629985656,1.21E-06,1.79E-06,0.210185607,3.58E-08,0.002454478,Not available,Not available,Not available,Not available,Not available
0,metallothermic reduction,JP,dysprosium,5.779224366,0.113103879,1.098518976,0.274303424,0.002014852,5.779224366,0.846021197,6.584303279,0.540671093,0.374459118,0.000260296,9.94E-07,0.005671831,0.008801714,0.008517814,0.479763531,0.01612054,42.60888119,0.058315194,8.268854208,-0.332630462,0.346682693,4.94225744,0.006882031,-0.332630462,0.356836668,5.290067745,0.006883372,60.65911047,0.014635629,1332.745821,0.000284122,1.58E-08,4.24E-07,67.77157294,0.190171473,0.000915717,0.000464536,0.095591562,3.77E-08,0.003585496,0.008469587,0.000355,0.016443326,2.413341596,0.019586265,96.36411835,0.020471215,5.59261385,1.19E-06,1.74E-06,0.208789237,3.65E-08,0.002401508,Not available,Not available,Not available,Not available,Not available
0,metallothermic reduction,MM,dysprosium,5.792020324,0.113392996,1.101832809,0.27590768,0.002066228,5.792020324,0.852618986,6.666048393,0.533080235,0.376649081,0.00026375,9.93E-07,0.005683741,0.008777454,0.008495394,0.479556655,0.016161455,42.51308934,0.058897018,8.317225822,-0.32647364,0.339856117,4.964130473,0.007540696,-0.32647364,0.350693457,5.309190327,0.007542031,60.66968816,0.014676304,1333.345589,0.000284482,1.58E-08,4.24E-07,66.67593722,0.19091688,0.000919677,0.000465053,0.095461624,3.83E-08,0.003584236,0.00844714,0.000354841,0.016482611,2.43609118,0.01963182,96.91894811,0.020956176,5.606554049,1.20E-06,1.76E-06,0.208245428,3.70E-08,0.00240443,Not available,Not available,Not available,Not available,Not available
0,metallothermic reduction,MY,dysprosium,5.792020324,0.113392996,1.101832809,0.27590768,0.002066228,5.792020324,0.852618986,6.666048393,0.533080235,0.376649081,0.00026375,9.93E-07,0.005683741,0.008777454,0.008495394,0.479556655,0.016161455,42.51308934,0.058897018,8.317225822,-0.32647364,0.339856117,4.964130473,0.007540696,-0.32647364,0.350693457,5.309190327,0.007542031,60.66968816,0.014676304,1333.345589,0.000284482,1.58E-08,4.24E-07,66.67593722,0.19091688,0.000919677,0.000465053,0.095461624,3.83E-08,0.003584236,0.00844714,0.000354841,0.016482611,2.43609118,0.01963182,96.91894811,0.020956176,5.606554049,1.20E-06,1.76E-06,0.208245428,3.70E-08,0.00240443,Not available,Not available,Not available,Not available,Not available
0,metallothermic reduction,US,dysprosium,5.755315234,0.112889708,1.095915763,0.27584723,0.002074195,5.755315234,0.849419026,6.648405751,0.554342895,0.376511806,0.000263283,9.92E-07,0.005662664,0.008720805,0.00843765,0.479642822,0.016043798,42.52990529,0.058367781,8.260548315,-0.327632375,0.34134345,4.927852516,0.006878122,-0.327632375,0.351497948,5.272643667,0.006879448,60.7886446,0.01455557,1338.286169,0.000284121,1.58E-08,4.23E-07,69.49610935,0.18978812,0.000914107,0.000461813,0.095548199,3.67E-08,0.003579638,0.00838937,0.000355565,0.016359692,2.418367249,0.01948588,96.79392896,0.020925974,5.57028308,1.20E-06,1.75E-06,0.206802909,3.56E-08,0.002411912,Not available,Not available,Not available,Not available,Not available
0,mining,AU,bastnasite,1.012809553,0.025262703,0.175149,0.053680162,0.000185614,1.012809553,0.239779536,0.889502775,0.017424314,0.07587606,5.57E-05,8.27E-06,0.011897943,0.069190937,0.067843328,0.013511548,0.048844737,16.23374165,0.008457861,2.119550245,-0.046475821,0.040211816,0.879972845,0.000984781,-0.046475821,0.041657445,0.954876776,0.000985497,8.459705558,0.036022109,55264.59209,3.08E-05,2.85E-09,6.54E-08,2.299545218,0.037323048,0.000136904,0.002936514,0.016644437,8.02E-09,0.004018276,0.067834351,0.000185163,0.05124148,0.332495435,0.070323755,20.90420732,0.00637592,0.987274119,3.41E-07,2.43E-07,1.672271567,7.65E-09,0.002706055,6.33E-07,6.33E-07,6.33E-07,6.33E-06,-6.33E-06
0,mining,BR,bastnasite,1.012809554,0.025262703,0.175149,0.053680162,0.000185614,1.012809554,0.239779536,0.889502774,0.017424314,0.07587606,5.57E-05,8.27E-06,0.011897943,0.069190937,0.067843328,0.013511548,0.048844737,16.23374166,0.008457862,2.119550244,-0.046475821,0.040211816,0.879972845,0.000984781,-0.046475821,0.041657445,0.954876777,0.000985497,8.459705561,0.036022109,55264.59209,3.08E-05,2.85E-09,6.54E-08,2.299545219,0.037323048,0.000136904,0.002936514,0.016644437,8.02E-09,0.004018276,0.067834351,0.000185163,0.05124148,0.332495435,0.070323755,20.9042073,0.00637592,0.987274119,3.41E-07,2.43E-07,1.672271567,7.65E-09,0.002706055,Not available,Not available,Not available,Not available,Not available
0,mining,CA,bastnasite,Not available,Not available,Not available,Not available,Not available,Not available,Not available,Not available,Not available,Not available,Not available,Not available,Not available,Not available,Not available,Not available,Not available,Not available,Not available,Not available,Not available,Not available,Not available,Not available,Not available,Not available,Not available,Not available,Not available,Not available,Not available,Not available,Not available,Not available,Not available,Not available,Not available,Not available,Not available,Not available,Not available,Not available,Not available,Not available,Not available,Not available,Not available,Not available,Not available,Not available,Not available,Not available,Not available,Not available,Not available,Not available,Not available,Not available,Not available
0,mining,CN,bastnasite,1.012809553,0.025262703,0.175149,0.053680162,0.000185614,1.012809553,0.239779536,0.889502775,0.017424314,0.07587606,5.57E-05,8.27E-06,0.011897943,0.069190937,0.067843328,0.013511548,0.048844737,16.23374165,0.008457861,2.119550245,-0.046475821,0.040211816,0.879972845,0.000984781,-0.046475821,0.041657445,0.954876776,0.000985497,8.459705558,0.036022109,55264.59209,3.08E-05,2.85E-09,6.54E-08,2.299545218,0.037323048,0.000136904,0.002936514,0.016644437,8.02E-09,0.004018276,0.067834351,0.000185163,0.05124148,0.332495435,0.070323755,20.90420732,0.00637592,0.987274119,3.41E-07,2.43E-07,1.672271567,7.65E-09,0.002706055,3.96E-06,3.96E-05,3.96E-06,3.96E-06,-3.96E-05
0,mining,EE,bastnasite,1.012809554,0.025262703,0.175149,0.053680162,0.000185614,1.012809554,0.239779536,0.889502774,0.017424314,0.07587606,5.57E-05,8.27E-06,0.011897943,0.069190937,0.067843328,0.013511548,0.048844737,16.23374166,0.008457862,2.119550244,-0.046475821,0.040211816,0.879972845,0.000984781,-0.046475821,0.041657445,0.954876777,0.000985497,8.459705561,0.036022109,55264.59209,3.08E-05,2.85E-09,6.54E-08,2.299545219,0.037323048,0.000136904,0.002936514,0.016644437,8.02E-09,0.004018276,0.067834351,0.000185163,0.05124148,0.332495435,0.070323755,20.9042073,0.00637592,0.987274119,3.41E-07,2.43E-07,1.672271567,7.65E-09,0.002706055,Not available,Not available,Not available,Not available,Not available
0,mining,JP,bastnasite,1.012809553,0.025262703,0.175149,0.053680162,0.000185614,1.012809553,0.239779536,0.889502775,0.017424314,0.07587606,5.57E-05,8.27E-06,0.011897943,0.069190937,0.067843328,0.013511548,0.048844737,16.23374165,0.008457861,2.119550245,-0.046475821,0.040211816,0.879972845,0.000984781,-0.046475821,0.041657445,0.954876776,0.000985497,8.459705558,0.036022109,55264.59209,3.08E-05,2.85E-09,6.54E-08,2.299545218,0.037323048,0.000136904,0.002936514,0.016644437,8.02E-09,0.004018276,0.067834351,0.000185163,0.05124148,0.332495435,0.070323755,20.90420732,0.00637592,0.987274119,3.41E-07,2.43E-07,1.672271567,7.65E-09,0.002706055,Not available,Not available,Not available,Not available,Not available
0,mining,MM,bastnasite,1.012809554,0.025262703,0.175149,0.053680162,0.000185614,1.012809554,0.239779536,0.889502774,0.017424314,0.07587606,5.57E-05,8.27E-06,0.011897943,0.069190937,0.067843328,0.013511548,0.048844737,16.23374166,0.008457862,2.119550244,-0.046475821,0.040211816,0.879972845,0.000984781,-0.046475821,0.041657445,0.954876777,0.000985497,8.459705561,0.036022109,55264.59209,3.08E-05,2.85E-09,6.54E-08,2.299545219,0.037323048,0.000136904,0.002936514,0.016644437,8.02E-09,0.004018276,0.067834351,0.000185163,0.05124148,0.332495435,0.070323755,20.9042073,0.00637592,0.987274119,3.41E-07,2.43E-07,1.672271567,7.65E-09,0.002706055,6.33E-06,0.00063307,6.33E-07,6.33E-07,-6.33E-07
0,mining,MY,bastnasite,1.012809554,0.025262703,0.175149,0.053680162,0.000185614,1.012809554,0.239779536,0.889502774,0.017424314,0.07587606,5.57E-05,8.27E-06,0.011897943,0.069190937,0.067843328,0.013511548,0.048844737,16.23374166,0.008457862,2.119550244,-0.046475821,0.040211816,0.879972845,0.000984781,-0.046475821,0.041657445,0.954876777,0.000985497,8.459705561,0.036022109,55264.59209,3.08E-05,2.85E-09,6.54E-08,2.299545219,0.037323048,0.000136904,0.002936514,0.016644437,8.02E-09,0.004018276,0.067834351,0.000185163,0.05124148,0.332495435,0.070323755,20.9042073,0.00637592,0.987274119,3.41E-07,2.43E-07,1.672271567,7.65E-09,0.002706055,Not available,Not available,Not available,Not available,Not available
0,mining,US,bastnasite,1.012809553,0.025262703,0.175149,0.053680162,0.000185614,1.012809553,0.239779536,0.889502775,0.017424314,0.07587606,5.57E-05,8.27E-06,0.011897943,0.069190937,0.067843328,0.013511548,0.048844737,16.23374165,0.008457861,2.119550245,-0.046475821,0.040211816,0.879972845,0.000984781,-0.046475821,0.041657445,0.954876776,0.000985497,8.459705558,0.036022109,55264.59209,3.08E-05,2.85E-09,6.54E-08,2.299545218,0.037323048,0.000136904,0.002936514,0.016644437,8.02E-09,0.004018276,0.067834351,0.000185163,0.05124148,0.332495435,0.070323755,20.90420732,0.00637592,0.987274119,3.41E-07,2.43E-07,1.672271567,7.65E-09,0.002706055,5.28E-08,5.28E-08,5.28E-08,5.28E-06,-5.28E-07
0,mining,AU,monazaite,1.070767051,-0.009209102,0.136315602,0.100154512,0.008060551,1.070767051,0.388588248,5.355103098,0.027185433,0.144473855,0.018219214,1.95E-06,0.000732148,0.001425474,0.001371219,0.022193309,0.001758742,19.27418711,0.005274316,1.745924645,-0.012536452,0.360778383,0.565150817,0.000653816,-0.012536452,0.416711657,0.616884784,0.000653948,6.796843183,0.00151125,6537.489398,0.044626631,1.31E-08,6.01E-07,3.610551304,-0.025762677,-0.000131717,0.018014267,0.047204535,7.10E-09,0.000412872,0.001370519,0.000198115,0.001808249,-93.61592353,0.002300656,34.96642534,0.169195738,1.023221127,5.51E-07,3.76E-06,0.033697195,6.99E-09,0.001448876,6.33E-07,6.33E-07,6.33E-07,6.33E-06,-6.33E-06
0,mining,BR,monazaite,1.07017701,-0.0092118,0.136177791,0.100146112,0.008060453,1.07017701,0.388482959,5.354896631,0.027174181,0.14445988,0.01821922,1.95E-06,0.000731591,0.001424194,0.001370103,0.022178221,0.001757198,19.2667483,0.005275514,1.745320043,-0.012533304,0.360776282,0.564710745,0.000655855,-0.012533304,0.416711862,0.616332973,0.000655987,6.790153632,0.001509687,6537.38607,0.04462662,1.31E-08,6.01E-07,3.608854866,-0.025765561,-0.00013177,0.018014242,0.04719144,7.20E-09,0.000412704,0.001369403,0.000198018,0.001806633,-93.6158845,0.002298806,34.96218488,0.169194827,1.022688545,5.51E-07,3.76E-06,0.033670789,7.08E-09,0.001448669,Not available,Not available,Not available,Not available,Not available
0,mining,CA,monazaite,Not available,Not available,Not available,Not available,Not available,Not available,Not available,Not available,Not available,Not available,Not available,Not available,Not available,Not available,Not available,Not available,Not available,Not available,Not available,Not available,Not available,Not available,Not available,Not available,Not available,Not available,Not available,Not available,Not available,Not available,Not available,Not available,Not available,Not available,Not available,Not available,Not available,Not available,Not available,Not available,Not available,Not available,Not available,Not available,Not available,Not available,Not available,Not available,Not available,Not available,Not available,Not available,Not available,Not available,Not available,Not available,Not available,Not available,Not available
0,mining,CN,monazaite,1.070682171,-0.009207511,0.136235117,0.100156719,0.008060515,1.070682171,0.388614826,5.355190801,0.027181168,0.144477176,0.01821922,1.95E-06,0.000732189,0.001425784,0.001371443,0.02219936,0.001758734,19.27584621,0.00527378,1.745762438,-0.012536119,0.360777239,0.565017843,0.000653422,-0.012536119,0.416710329,0.616788002,0.000653554,6.792906433,0.001511242,6537.689177,0.044626638,1.31E-08,6.01E-07,3.609880403,-0.025760643,-0.000131702,0.018014297,0.047208837,7.01E-09,0.000412989,0.001370742,0.000198137,0.001808249,-93.61595658,0.002300705,34.967676,0.169195744,1.023117236,5.51E-07,3.76E-06,0.033702146,6.90E-09,0.001448929,3.96E-06,3.96E-05,3.96E-06,3.96E-06,-3.96E-05
0,mining,EE,monazaite,1.070767052,-0.009209102,0.136315602,0.100154512,0.008060551,1.070767052,0.388588249,5.355103095,0.027185433,0.144473855,0.018219214,1.95E-06,0.000732148,0.001425474,0.001371219,0.022193309,0.001758742,19.27418717,0.005274316,1.745924645,-0.012536452,0.360778383,0.565150818,0.000653816,-0.012536452,0.416711657,0.616884785,0.000653948,6.796843192,0.00151125,6537.489397,0.044626631,1.31E-08,6.01E-07,3.610551306,-0.025762677,-0.000131717,0.018014267,0.047204535,7.10E-09,0.000412872,0.001370519,0.000198115,0.001808249,-93.61592353,0.002300656,34.96642528,0.169195738,1.023221128,5.51E-07,3.76E-06,0.033697195,6.99E-09,0.001448876,Not available,Not available,Not available,Not available,Not available
0,mining,JP,monazaite,1.071471071,-0.009204228,0.136600859,0.100170625,0.008060627,1.071471071,0.38872668,5.355410259,0.027200031,0.144502964,0.018219339,1.95E-06,0.000733942,0.001430587,0.001376658,0.022230505,0.001764267,19.28398161,0.005275463,1.747235953,-0.012547497,0.360789016,0.566029457,0.000653942,-0.012547497,0.416722308,0.617629416,0.000654075,6.810505283,0.001516935,6537.427938,0.044626643,1.31E-08,6.01E-07,3.61240018,-0.025753385,-0.000131681,0.018014552,0.047221436,7.23E-09,0.000413344,0.001375959,0.000198236,0.001814287,-93.61587289,0.002308259,34.97371334,0.169196968,1.023995601,5.51E-07,3.76E-06,0.033834694,7.11E-09,0.001449339,Not available,Not available,Not available,Not available,Not available
0,mining,MM,monazaite,1.070767052,-0.009209102,0.136315602,0.100154512,0.008060551,1.070767052,0.388588249,5.355103095,0.027185433,0.144473855,0.018219214,1.95E-06,0.000732148,0.001425474,0.001371219,0.022193309,0.001758742,19.27418717,0.005274316,1.745924645,-0.012536452,0.360778383,0.565150818,0.000653816,-0.012536452,0.416711657,0.616884785,0.000653948,6.796843192,0.00151125,6537.489397,0.044626631,1.31E-08,6.01E-07,3.610551306,-0.025762677,-0.000131717,0.018014267,0.047204535,7.10E-09,0.000412872,0.001370519,0.000198115,0.001808249,-93.61592353,0.002300656,34.96642528,0.169195738,1.023221128,5.51E-07,3.76E-06,0.033697195,6.99E-09,0.001448876,6.33E-06,0.00063307,6.33E-07,6.33E-07,-6.33E-07
0,mining,MY,monazaite,1.070767052,-0.009209102,0.136315602,0.100154512,0.008060551,1.070767052,0.388588249,5.355103095,0.027185433,0.144473855,0.018219214,1.95E-06,0.000732148,0.001425474,0.001371219,0.022193309,0.001758742,19.27418717,0.005274316,1.745924645,-0.012536452,0.360778383,0.565150818,0.000653816,-0.012536452,0.416711657,0.616884785,0.000653948,6.796843192,0.00151125,6537.489397,0.044626631,1.31E-08,6.01E-07,3.610551306,-0.025762677,-0.000131717,0.018014267,0.047204535,7.10E-09,0.000412872,0.001370519,0.000198115,0.001808249,-93.61592353,0.002300656,34.96642528,0.169195738,1.023221128,5.51E-07,3.76E-06,0.033697195,6.99E-09,0.001448876,Not available,Not available,Not available,Not available,Not available
0,mining,US,monazaite,1.070403178,-0.00920836,0.136217621,0.100154748,0.008060567,1.070403178,0.388601882,5.355152656,0.027199125,0.144473167,0.018219146,1.95E-06,0.000731751,0.00142479,0.001370553,0.022194327,0.001757456,19.27615878,0.005274912,1.745587736,-0.012537282,0.360779906,0.564883247,0.000653298,-0.012537282,0.416712898,0.616547375,0.00065343,6.792410541,0.001509946,6538.27356,0.044626633,1.31E-08,6.01E-07,3.612371879,-0.02576277,-0.000131654,0.018014182,0.047214597,6.94E-09,0.000412764,0.001369852,0.000198142,0.001806911,-93.61589365,0.002299154,34.9668286,0.169195847,1.022893774,5.51E-07,3.76E-06,0.033680911,6.83E-09,0.00144878,5.28E-08,5.28E-08,5.28E-08,5.28E-06,-5.28E-07
0,molten_salt electrolysis,AU,neodynium,8.702233707,0.042351874,1.690906536,0.341546739,0.010738245,8.702233707,0.918729526,12.5801624,0.029802634,0.477211235,0.000683657,1.22E-06,0.01250903,0.013360465,0.013187464,0.025624145,0.032735756,30.807704,0.012785007,10.53893618,-0.104147348,0.10438464,8.828340258,0.000683189,-0.104147348,0.106457265,8.506546494,0.00068472,77.62717647,0.032986,803.3872563,2.17E-05,1.29E-08,3.88E-07,3.835731061,0.071448408,0.000628355,0.000422368,0.025417985,4.35E-08,0.005037871,0.01319494,0.000513912,0.033823014,0.519916413,0.038814278,102.6463265,0.084183885,8.638105387,1.31E-06,2.96E-06,0.327195064,4.14E-08,0.005076795,Not available,Not available,Not available,Not available,Not available
0,molten_salt electrolysis,BR,neodynium,4.77699558,0.042860963,0.546797367,0.061971519,0.000323242,4.77699558,0.239122825,1.084539266,0.174887367,0.090938268,4.95E-05,4.12E-06,0.007199719,0.003907479,0.003708886,0.022175064,0.015135164,26.58563794,0.194572353,2.749333061,-0.172720829,0.235333957,4.379885785,0.186355942,-0.172720829,0.423556379,4.030930988,0.186357505,28.7616868,0.015190794,336.6055757,1.12E-05,9.12E-09,8.54E-08,20.71278157,0.245304319,0.001046094,0.000123819,0.025777288,5.42E-08,0.003967165,0.003715229,0.000317917,0.015422112,7.740817808,0.017274393,23.96544665,0.003400493,4.652701146,3.36E-07,3.13E-07,0.091705862,5.12E-08,0.003878881,Not available,Not available,Not available,Not available,Not available
0,molten_salt electrolysis,CA,neodynium,Not available,Not available,Not available,Not available,Not available,Not available,Not available,Not available,Not available,Not available,Not available,Not available,Not available,Not available,Not available,Not available,Not available,Not available,Not available,Not available,Not available,Not available,Not available,Not available,Not available,Not available,Not available,Not available,Not available,Not available,Not available,Not available,Not available,Not available,Not available,Not available,Not available,Not available,Not available,Not available,Not available,Not available,Not available,Not available,Not available,Not available,Not available,Not available,Not available,Not available,Not available,Not available,Not available,Not available,Not available,Not available,Not available,Not available,Not available
0,molten_salt electrolysis,CN,neodynium,10.78817299,0.106293402,1.547016952,0.143638018,0.001426121,10.78817299,0.886901639,5.833016433,0.398977501,0.206753765,0.000105435,1.14E-06,0.011525678,0.010405041,0.010256673,0.030250819,0.022814098,33.96981743,0.019831326,11.65931406,-0.162423557,0.130054613,10.01983114,0.000658349,-0.162423557,0.132406632,10.3296473,0.000660292,78.13869545,0.023063179,1964.483811,4.99E-05,1.58E-08,3.53E-07,49.37338486,0.190064636,0.001393106,0.000331038,0.030730965,2.24E-08,0.009403727,0.010263888,0.000409116,0.023674961,0.891490376,0.028806906,63.06314717,0.022178829,10.39296384,1.26E-06,1.78E-06,0.255230972,2.27E-08,0.006446916,0.000255319,0.002553191,0.000255319,0.000255319,-0.002553191
0,molten_salt electrolysis,EE,neodynium,11.00286485,0.069411023,2.170956148,0.370175968,0.011548558,11.00286485,1.035806244,14.68590596,1.082489861,0.519354231,0.000745605,1.04E-06,0.021615831,0.014861136,0.01459168,0.033162719,0.062121103,37.98513028,0.060617464,12.98725755,-0.317508337,0.329948378,10.6630359,0.001791085,-0.317508337,0.332467423,10.51608169,0.001793404,119.1050916,0.062369423,945.68595,2.07E-05,1.53E-08,6.31E-07,150.2004994,0.114684568,0.000813439,0.000473977,0.033354403,4.41E-08,0.00722583,0.014600818,0.000576277,0.063318551,8.464345881,0.068823565,113.1309823,0.092420499,10.8466468,1.47E-06,3.73E-06,0.361614287,4.26E-08,0.007524933,Not available,Not available,Not available,Not available,Not available
0,molten_salt electrolysis,JP,neodynium,8.975302093,0.057844152,1.638056849,0.099519021,0.001373507,8.975302093,0.375474757,2.546771122,0.448536744,0.148285409,0.000153574,1.38E-06,0.010278766,0.011898023,0.011525219,0.038894577,0.025020861,36.97630865,0.018249542,8.202087632,-0.524372604,0.563719886,8.303227245,0.001025295,-0.524372604,0.56604613,8.227194718,0.001027729,84.11441821,0.025247592,667.4937198,1.81E-05,1.22E-08,3.00E-07,64.28118845,0.102236596,0.000783662,0.000382312,0.034422642,8.89E-08,0.00474682,0.011537101,0.000429673,0.025948947,0.742426926,0.030086645,35.24880551,0.011469071,8.782574069,5.30E-07,7.94E-07,0.284491738,8.36E-08,0.004599327,Not available,Not available,Not available,Not available,Not available
0,molten_salt electrolysis,MM,neodynium,9.682032109,0.073811914,1.821082286,0.188123291,0.004211034,9.682032109,0.739875038,7.061615932,0.029287746,0.269238648,0.000344372,1.29E-06,0.010936564,0.010558157,0.010286934,0.027468578,0.027280639,31.68561674,0.05038413,10.87368842,-0.18432652,0.186682757,9.511291185,0.037403862,-0.18432652,0.226751814,9.283349157,0.037406004,84.69862576,0.027494079,700.619222,3.79E-05,1.36E-08,3.05E-07,3.76838063,0.143405209,0.001002368,0.000410821,0.027245907,1.19E-07,0.004677201,0.010297331,0.000420888,0.028118689,1.998903791,0.032602685,65.89246168,0.038253803,9.552501428,1.05E-06,1.85E-06,0.254456701,1.13E-07,0.004760743,Not available,Not available,Not available,Not available,Not available
0,molten_salt electrolysis,MY,neodynium,9.682032109,0.073811914,1.821082286,0.188123291,0.004211034,9.682032109,0.739875038,7.061615932,0.029287746,0.269238648,0.000344372,1.29E-06,0.010936564,0.010558157,0.010286934,0.027468578,0.027280639,31.68561674,0.05038413,10.87368842,-0.18432652,0.186682757,9.511291185,0.037403862,-0.18432652,0.226751814,9.283349157,0.037406004,84.69862576,0.027494079,700.619222,3.79E-05,1.36E-08,3.05E-07,3.76838063,0.143405209,0.001002368,0.000410821,0.027245907,1.19E-07,0.004677201,0.010297331,0.000420888,0.028118689,1.998903791,0.032602685,65.89246168,0.038253803,9.552501428,1.05E-06,1.85E-06,0.254456701,1.13E-07,0.004760743,Not available,Not available,Not available,Not available,Not available
0,molten_salt electrolysis,US,neodynium,7.662916655,0.046384158,1.496783474,0.184669534,0.004647206,7.662916655,0.562953897,6.082964314,1.202950467,0.26151416,0.000317596,1.24E-06,0.009784916,0.007607347,0.007272297,0.032258326,0.020829371,32.63681954,0.021116603,7.751216985,-0.249356237,0.269210245,7.514855503,0.000795534,-0.249356237,0.271532583,7.272555467,0.000797098,91.37119914,0.020878706,976.7965287,1.80E-05,1.15E-08,2.62E-07,159.4373952,0.081473935,0.000694921,0.000235787,0.032059616,3.33E-08,0.004422909,0.007281308,0.000461011,0.021391509,1.018021177,0.024646192,58.95432147,0.036558433,7.557133381,7.99E-07,1.50E-06,0.17909086,3.27E-08,0.005171277,Not available,Not available,Not available,Not available,Not available
0,sulfuric acid digestion,AU,dysprosium_oxide,20.78668782,0.318794147,3.847076254,1.695413563,0.080679098,20.78668782,5.305774301,67.43179645,0.643911273,2.388388705,0.173285063,2.26E-05,0.023726353,0.029200114,0.027857347,0.804542562,0.067445867,319.255948,0.15683918,32.95302007,-0.512525727,3.926769072,14.48238406,0.014996405,-0.512525727,4.476745148,15.68850979,0.015000476,189.6868935,0.066706519,63259.87892,0.423054296,1.88E-07,6.93E-06,85.65622207,0.561501418,0.003459328,0.172256899,0.658977861,6.57E-07,0.011190082,0.027766284,0.00323085,0.071069828,-881.7173603,0.086185659,582.7360652,1.652988062,19.95777891,7.48E-06,4.00E-05,0.759289852,5.74E-07,0.009622918,Not available,Not available,Not available,Not available,Not available
0,sulfuric acid digestion,BR,dysprosium_oxide,20.16330395,0.318285492,3.668809941,1.65279675,0.079098674,20.16330395,5.196806207,65.68319188,0.665183925,2.329464186,0.17319406,2.30E-05,0.022889861,0.027729919,0.026404033,0.803458154,0.064687288,318.1285082,0.184339339,31.75189772,-0.522722287,3.946427895,13.79185886,0.043143711,-0.522722287,4.524631628,14.9851235,0.043147785,182.0400716,0.06391993,63167.25878,0.423053241,1.87E-07,6.89E-06,88.10905676,0.586609618,0.00349441,0.172215819,0.658119807,6.75E-07,0.011015971,0.026312778,0.003195206,0.068192019,-880.5956379,0.082835413,570.6278121,1.640734094,19.32985039,7.33E-06,3.96E-05,0.723339996,5.93E-07,0.009429021,Not available,Not available,Not available,Not available,Not available
0,sulfuric acid digestion,CA,dysprosium_oxide,Not available,Not available,Not available,Not available,Not available,Not available,Not available,Not available,Not available,Not available,Not available,Not available,Not available,Not available,Not available,Not available,Not available,Not available,Not available,Not available,Not available,Not available,Not available,Not available,Not available,Not available,Not available,Not available,Not available,Not available,Not available,Not available,Not available,Not available,Not available,Not available,Not available,Not available,Not available,Not available,Not available,Not available,Not available,Not available,Not available,Not available,Not available,Not available,Not available,Not available,Not available,Not available,Not available,Not available,Not available,Not available,Not available,Not available,Not available
0,sulfuric acid digestion,CN,dysprosium_oxide,21.34642342,0.33026443,3.833294938,1.666881317,0.079285298,21.34642342,5.31054522,66.48859071,0.700157901,2.388167519,0.173198425,2.26E-05,0.023968141,0.028963969,0.027646598,0.80501191,0.066796302,404.9507025,0.158301683,33.41685681,-0.513440377,3.917162432,14.87583333,0.014977978,-0.513440377,4.467167043,16.20999158,0.014982086,190.0288676,0.066062146,63605.26769,0.42306054,1.89E-07,6.93E-06,92.58644969,0.58396381,0.003616739,0.172251659,0.659759684,6.50E-07,0.012292635,0.027560715,0.004425658,0.070408374,-881.6448682,0.085673774,579.761592,1.643897601,20.45048592,7.48E-06,3.98E-05,0.754510276,5.67E-07,0.010031928,0.000709289,0.007092891,0.000709289,0.000709289,-0.007092891
0,sulfuric acid digestion,EE,dysprosium_oxide,21.13507922,0.322885772,3.919903988,1.699687762,0.080801402,21.13507922,5.323482103,67.74880707,0.803437073,2.394698039,0.173294649,2.25E-05,0.025103307,0.029424994,0.02806749,0.805644108,0.071892502,320.3530381,0.164081597,33.32347508,-0.544853454,3.960943772,14.76019477,0.015160649,-0.544853454,4.51098633,15.99280869,0.015164832,195.9767499,0.071150666,63281.26351,0.423053616,1.88E-07,6.96E-06,107.8326261,0.568036225,0.00348767,0.172264859,0.660184641,6.57E-07,0.011520445,0.027976662,0.003240332,0.075532179,-880.5142269,0.090725549,584.3056538,1.654231904,20.29221236,7.50E-06,4.01E-05,0.764438583,5.74E-07,0.009992636,4.17E-05,0.000417229,4.17E-05,0.000417229,-0.000417229
0,sulfuric acid digestion,JP,dysprosium_oxide,20.82833826,0.321152155,3.839115929,1.658765763,0.07926086,20.82833826,5.223515614,65.91229247,0.707326118,2.338583959,0.173204842,2.26E-05,0.023388706,0.028978792,0.027605743,0.806543644,0.066278571,320.1933189,0.157671494,32.59931008,-0.576165943,3.996334443,14.40310293,0.015046756,-0.576165943,4.546348945,15.64647841,0.015050957,190.6714092,0.065535127,63239.31387,0.423053843,1.88E-07,6.92E-06,94.80984768,0.566193992,0.003482831,0.172250908,0.66034462,6.64E-07,0.011146004,0.027515347,0.003218105,0.069878337,-881.6834746,0.084864986,572.5312758,1.641976411,19.9799495,7.37E-06,3.96E-05,0.752825817,5.82E-07,0.009550623,Not available,Not available,Not available,Not available,Not available
0,sulfuric acid digestion,MM,dysprosium_oxide,20.93537148,0.323570368,3.866834865,1.672184718,0.0796906,20.93537148,5.278703523,66.59605865,0.643831468,2.356902111,0.173233745,2.26E-05,0.023488328,0.028775871,0.027418207,0.804813194,0.066620811,319.3920517,0.16253823,33.00391995,-0.524666457,3.939232719,14.58606245,0.020556237,-0.524666457,4.494963316,15.80643145,0.020560394,190.7598865,0.065875354,63244.33065,0.423056862,1.88E-07,6.92E-06,85.64527105,0.572428738,0.003515951,0.172255225,0.659257702,6.68E-07,0.011135461,0.027327586,0.003216774,0.070206941,-881.4931831,0.085246036,577.1722029,1.64603292,20.09655386,7.44E-06,3.98E-05,0.748277054,5.86E-07,0.009575069,Not available,Not available,Not available,Not available,Not available
0,sulfuric acid digestion,MY,dysprosium_oxide,20.93460051,0.323508073,3.86663761,1.672060938,0.079690053,20.93460051,5.278531029,66.59340045,0.643798781,2.356739505,0.173233762,2.26E-05,0.023486463,0.028773661,0.027416064,0.804788216,0.066615549,319.3801968,0.162521867,33.00235664,-0.524635815,3.939205045,14.58537844,0.020553736,-0.524635815,4.494934932,15.80570499,0.020557885,190.7501181,0.065869718,63244.05469,0.423056237,1.88E-07,6.92E-06,85.64035729,0.572299929,0.003515728,0.172255174,0.659233058,6.68E-07,0.011134616,0.027325446,0.003216689,0.070201158,-881.4938508,0.08523997,577.1318687,1.646027501,20.09580773,7.44E-06,3.98E-05,0.748224432,5.86E-07,0.009574327,4.17E-05,0.000417229,0.004172289,0.417228853,-0.000417229
0,sulfuric acid digestion,US,dysprosium_oxide,20.53133564,0.315814812,3.81910261,1.66921044,0.079680966,20.53133564,5.248109962,66.33720664,0.821491257,2.352291187,0.173223992,2.26E-05,0.02315218,0.028152023,0.026776006,0.805906974,0.0651804,319.4258373,0.158078891,32.40512747,-0.522722607,3.937273125,14.20295073,0.014989842,-0.522722607,4.487266483,15.41890403,0.014993901,191.9069893,0.064409815,63281.16939,0.423053646,1.88E-07,6.91E-06,109.2166698,0.557913232,0.003458306,0.172221379,0.660698925,6.53E-07,0.010990115,0.026690369,0.003221501,0.068708828,-881.642955,0.083490255,575.4636379,1.645169147,19.69729305,7.40E-06,3.97E-05,0.732285323,5.70E-07,0.009581356,Not available,Not available,Not available,Not available,Not available
0,sulfuric acid digestion,AU,neodynium_oxide,20.78668697,0.318794156,3.847076288,1.695413577,0.080679098,20.78668697,5.305774325,67.43179669,0.643911276,2.388388724,0.173285063,2.26E-05,0.023726353,0.029200114,0.027857347,0.804542568,0.067445867,319.2559496,0.15683918,32.95301898,-0.512525731,3.926768155,14.48238413,0.014996405,-0.512525731,4.476744231,15.68850986,0.015000476,189.6868951,0.066706519,63259.87895,0.423054296,1.88E-07,6.93E-06,85.65622251,0.561501437,0.003459328,0.172256899,0.658977869,6.57E-07,0.011190082,0.027766284,0.00323085,0.071069828,-881.7173603,0.08618566,582.73607,1.652988062,19.95777806,7.48E-06,4.00E-05,0.759289857,5.74E-07,0.009622918,Not available,Not available,Not available,Not available,Not available
0,sulfuric acid digestion,BR,neodynium_oxide,20.16330308,0.318285493,3.668809968,1.652796754,0.079098674,20.16330308,5.196806215,65.68319196,0.665183928,2.329464191,0.17319406,2.30E-05,0.022889861,0.027729919,0.026404033,0.803458158,0.064687288,318.1285087,0.184339339,31.75189655,-0.522722288,3.946426976,13.79185891,0.043143711,-0.522722288,4.524630709,14.98512355,0.043147785,182.0400729,0.06391993,63167.2588,0.423053241,1.87E-07,6.89E-06,88.1090571,0.586609619,0.00349441,0.172215819,0.658119808,6.75E-07,0.011015971,0.026312778,0.003195206,0.068192019,-880.5956379,0.082835414,570.6278133,1.640734094,19.32984952,7.33E-06,3.96E-05,0.723339998,5.93E-07,0.009429021,Not available,Not available,Not available,Not available,Not available
0,sulfuric acid digestion,CA,neodynium_oxide,Not available,Not available,Not available,Not available,Not available,Not available,Not available,Not available,Not available,Not available,Not available,Not available,Not available,Not available,Not available,Not available,Not available,Not available,Not available,Not available,Not available,Not available,Not available,Not available,Not available,Not available,Not available,Not available,Not available,Not available,Not available,Not available,Not available,Not available,Not available,Not available,Not available,Not available,Not available,Not available,Not available,Not available,Not available,Not available,Not available,Not available,Not available,Not available,Not available,Not available,Not available,Not available,Not available,Not available,Not available,Not available,Not available,Not available,Not available
0,sulfuric acid digestion,CN,neodynium_oxide,21.34642258,0.330264439,3.833294971,1.666881331,0.079285298,21.34642258,5.310545244,66.48859095,0.700157905,2.388167537,0.173198425,2.26E-05,0.023968141,0.028963969,0.027646598,0.805011916,0.066796302,404.9507042,0.158301684,33.41685572,-0.513440381,3.917161514,14.87583339,0.014977979,-0.513440381,4.467166126,16.20999165,0.014982086,190.0288692,0.066062146,63605.26772,0.42306054,1.89E-07,6.93E-06,92.58645013,0.583963828,0.003616739,0.172251659,0.659759692,6.50E-07,0.012292635,0.027560716,0.004425658,0.070408374,-881.6448682,0.085673774,579.7615967,1.643897601,20.45048507,7.48E-06,3.98E-05,0.754510281,5.67E-07,0.010031928,0.000709289,0.007092891,0.000709289,0.000709289,-0.007092891
0,sulfuric acid digestion,EE,neodynium_oxide,21.13507835,0.322885773,3.919904016,1.699687766,0.080801402,21.13507835,5.323482112,67.74880716,0.803437076,2.394698045,0.173294649,2.25E-05,0.025103307,0.029424994,0.02806749,0.805644112,0.071892503,320.3530386,0.164081598,33.32347392,-0.544853455,3.960942854,14.76019481,0.015160649,-0.544853455,4.510985411,15.99280874,0.015164832,195.9767512,0.071150666,63281.26353,0.423053616,1.88E-07,6.96E-06,107.8326264,0.568036226,0.00348767,0.172264859,0.660184642,6.57E-07,0.011520446,0.027976662,0.003240332,0.075532179,-880.5142269,0.090725549,584.3056553,1.654231904,20.29221149,7.50E-06,4.01E-05,0.764438586,5.74E-07,0.009992636,4.17E-05,0.000417229,4.17E-05,0.000417229,-0.000417229
0,sulfuric acid digestion,JP,neodynium_oxide,20.82833742,0.321152164,3.839115962,1.658765777,0.07926086,20.82833742,5.223515638,65.91229271,0.707326121,2.338583978,0.173204842,2.26E-05,0.023388706,0.028978793,0.027605743,0.80654365,0.066278572,320.1933206,0.157671494,32.59930899,-0.576165947,3.996333525,14.403103,0.015046757,-0.576165947,4.546348029,15.64647848,0.015050957,190.6714108,0.065535127,63239.3139,0.423053843,1.88E-07,6.92E-06,94.80984812,0.566194011,0.003482831,0.172250908,0.660344628,6.64E-07,0.011146004,0.027515347,0.003218105,0.069878338,-881.6834746,0.084864986,572.5312806,1.641976412,19.97994865,7.37E-06,3.96E-05,0.752825822,5.82E-07,0.009550623,Not available,Not available,Not available,Not available,Not available
0,sulfuric acid digestion,MM,neodynium_oxide,20.93537061,0.323570369,3.866834892,1.672184722,0.0796906,20.93537061,5.278703532,66.59605874,0.64383147,2.356902117,0.173233745,2.26E-05,0.023488328,0.028775871,0.027418207,0.804813198,0.066620811,319.3920523,0.162538231,33.00391879,-0.524666458,3.9392318,14.58606249,0.020556237,-0.524666458,4.494962398,15.8064315,0.020560394,190.7598878,0.065875354,63244.33066,0.423056862,1.88E-07,6.92E-06,85.6452714,0.572428739,0.003515951,0.172255225,0.659257703,6.68E-07,0.011135461,0.027327586,0.003216774,0.070206942,-881.493183,0.085246036,577.1722043,1.64603292,20.09655299,7.44E-06,3.98E-05,0.748277057,5.86E-07,0.009575069,Not available,Not available,Not available,Not available,Not available
0,sulfuric acid digestion,MY,neodynium_oxide,20.93459964,0.323508074,3.866637637,1.672060942,0.079690053,20.93459964,5.278531038,66.59340054,0.643798784,2.356739511,0.173233762,2.26E-05,0.023486464,0.028773661,0.027416064,0.80478822,0.066615549,319.3801973,0.162521868,33.00235548,-0.524635817,3.939204126,14.58537849,0.020553736,-0.524635817,4.494934014,15.80570504,0.020557885,190.7501194,0.065869718,63244.0547,0.423056237,1.88E-07,6.92E-06,85.64035764,0.57229993,0.003515728,0.172255174,0.659233059,6.68E-07,0.011134616,0.027325446,0.003216689,0.070201158,-881.4938507,0.08523997,577.1318701,1.646027501,20.09580686,7.44E-06,3.98E-05,0.748224435,5.86E-07,0.009574327,4.17E-05,0.000417229,0.004172289,0.417228853,-0.000417229
0,sulfuric acid digestion,US,neodynium_oxide,20.5313348,0.315814821,3.819102643,1.669210454,0.079680966,20.5313348,5.248109986,66.33720688,0.82149126,2.352291205,0.173223992,2.26E-05,0.02315218,0.028152023,0.026776007,0.805906979,0.065180401,319.425839,0.158078892,32.40512637,-0.522722611,3.937272208,14.20295079,0.014989842,-0.522722611,4.487265566,15.4189041,0.014993901,191.9069909,0.064409815,63281.16942,0.423053646,1.88E-07,6.91E-06,109.2166702,0.55791325,0.003458306,0.172221379,0.660698933,6.53E-07,0.010990115,0.02669037,0.003221501,0.068708828,-881.642955,0.083490255,575.4636426,1.645169147,19.6972922,7.40E-06,3.97E-05,0.732285327,5.70E-07,0.009581356,Not available,Not available,Not available,Not available,Not available
0,cryogenic,US,neodynium dysprosium iron alloy,0,0,0,0,0,0,0,0,0,0,0,0,0,0,0,0,0,0,0,0,0,0,0,0,0,0,0,0,0,0,0,0,0,0,0,0,0,0,0,0,0,0,0,0,0,0,0,0,0,0,0,0,0,0,Not available,Not available,Not available,Not available,Not available
0,direct reuse,US,hp_magnet,0,0,0,0,0,0,0,0,0,0,0,0,0,0,0,0,0,0,0,0,0,0,0,0,0,0,0,0,0,0,0,0,0,0,0,0,0,0,0,0,0,0,0,0,0,0,0,0,0,0,0,0,0,0,Not available,Not available,Not available,Not available,Not available
0,hydrometallurgical,US,neodynium dysprosium iron alloy,0,0,0,0,0,0,0,0,0,0,0,0,0,0,0,0,0,0,0,0,0,0,0,0,0,0,0,0,0,0,0,0,0,0,0,0,0,0,0,0,0,0,0,0,0,0,0,0,0,0,0,0,0,0,Not available,Not available,Not available,Not available,Not available
0,magnet-to-magnet recycling,US,hp_magnet,0,0,0,0,0,0,0,0,0,0,0,0,0,0,0,0,0,0,0,0,0,0,0,0,0,0,0,0,0,0,0,0,0,0,0,0,0,0,0,0,0,0,0,0,0,0,0,0,0,0,0,0,0,0,Not available,Not available,Not available,Not available,Not available
0,magnet_market_mix,US,hp_magnet,0,0,0,0,0,0,0,0,0,0,0,0,0,0,0,0,0,0,0,0,0,0,0,0,0,0,0,0,0,0,0,0,0,0,0,0,0,0,0,0,0,0,0,0,0,0,0,0,0,0,0,0,0,0,Not available,Not available,Not available,Not available,Not available
0,pyrometallurgical,US,neodynium dysprosium iron alloy,0,0,0,0,0,0,0,0,0,0,0,0,0,0,0,0,0,0,0,0,0,0,0,0,0,0,0,0,0,0,0,0,0,0,0,0,0,0,0,0,0,0,0,0,0,0,0,0,0,0,0,0,0,0,Not available,Not available,Not available,Not available,Not available
0,use phase,US,hp_magnet,0,0,0,0,0,0,0,0,0,0,0,0,0,0,0,0,0,0,0,0,0,0,0,0,0,0,0,0,0,0,0,0,0,0,0,0,0,0,0,0,0,0,0,0,0,0,0,0,0,0,0,0,0,0,Not available,Not available,Not available,Not available,Not available
1,beneficiation,AU,flurocarbonate,0.593661098,0.374074271,0.166122169,0.040729897,0.000611379,0.593661098,0.108992864,1.010773525,0.011391336,0.057944439,4.21E-05,2.32E-07,0.000770681,0.001464161,0.001415615,0.021763067,0.002504035,8.436430292,0.003232621,-15.91516681,-12.46283724,0.013605112,0.540127071,0.000240432,-12.46283724,0.014221564,0.568709908,0.000240608,7.85628534,0.002291881,321.0430502,8.04E-05,2.00E-09,5.52E-08,1.496397471,0.838341515,8.91E-05,6.61E-05,0.011019705,1.45E-08,0.000299563,0.001412573,7.98E-05,0.002584603,0.655096545,0.003226091,14.98848681,0.005987682,0.57866583,1.55E-07,2.52E-07,0.034804949,1.30E-08,0.000255847,2.59E-05,2.59E-05,2.59E-05,0.000259219,-0.000259219
1,beneficiation,BR,flurocarbonate,0.40306374,0.374055882,0.110680707,0.027195618,0.000108934,0.40306374,0.075855993,0.455170522,0.018346987,0.039231269,1.16E-05,3.71E-07,0.000512853,0.0010051,0.000956015,0.02156457,0.001650347,8.192467611,0.011997021,-16.29212902,-12.46609501,0.019881856,0.324727469,0.009195155,-12.46609501,0.029475922,0.351712865,0.009195332,5.486586886,0.001428801,297.8288813,7.99E-05,1.81E-09,4.05E-08,2.304663567,0.846650403,0.000108046,5.17E-05,0.010995561,1.55E-08,0.00024727,0.000952916,7.01E-05,0.001692206,1.003927152,0.002181929,11.17184773,0.002090033,0.385316128,1.07E-07,1.24E-07,0.023391786,1.38E-08,0.000197345,Not available,Not available,Not available,Not available,Not available
1,beneficiation,CA,flurocarbonate,Not available,Not available,Not available,Not available,Not available,Not available,Not available,Not available,Not available,Not available,Not available,Not available,Not available,Not available,Not available,Not available,Not available,Not available,Not available,Not available,Not available,Not available,Not available,Not available,Not available,Not available,Not available,Not available,Not available,Not available,Not available,Not available,Not available,Not available,Not available,Not available,Not available,Not available,Not available,Not available,Not available,Not available,Not available,Not available,Not available,Not available,Not available,Not available,Not available,Not available,Not available,Not available,Not available,Not available,Not available,Not available,Not available,Not available,Not available
1,beneficiation,CN,flurocarbonate,0.690411351,0.377169878,0.157381485,0.031171915,0.000160322,0.690411351,0.107673424,0.686077242,0.028806456,0.044873323,1.40E-05,2.26E-07,0.000725081,0.001229374,0.001184108,0.021961483,0.002009638,8.573925154,0.003555599,-15.86564191,-12.46551571,0.014671752,0.593769945,0.000230353,-12.46551571,0.015295511,0.652900571,0.000230548,7.790042728,0.001794657,375.5354515,8.18E-05,2.14E-09,5.36E-08,3.638362042,0.844050962,0.000125951,5.90E-05,0.011254443,1.33E-08,0.000520265,0.001181012,7.46E-05,0.002071763,0.672031594,0.002699336,13.08721312,0.002987141,0.65940133,1.52E-07,1.96E-07,0.029113586,1.19E-08,0.000330705,0.000162012,0.001620119,0.000162012,0.000162012,-0.001620119
1,beneficiation,EE,flurocarbonate,0.70459731,0.375379069,0.189270115,0.042110396,0.000650452,0.70459731,0.11463831,1.11231229,0.062151808,0.059976572,4.51E-05,2.23E-07,0.00120981,0.001536523,0.001483326,0.022126578,0.003920993,8.782526018,0.005539097,-15.79710898,-12.47312549,0.024481773,0.628595919,0.000293855,-12.47312549,0.025119752,0.665609503,0.000294068,9.856346342,0.003708746,327.9046827,8.03E-05,2.11E-09,6.69E-08,8.554091904,0.840426377,9.80E-05,6.86E-05,0.011402401,1.45E-08,0.000405066,0.001480364,8.28E-05,0.004006875,1.038176138,0.004673136,15.49405653,0.006384851,0.685161485,1.63E-07,2.90E-07,0.036464641,1.30E-08,0.000373895,Not available,Not available,Not available,Not available,Not available
1,beneficiation,JP,flurocarbonate,0.606828421,0.3748213,0.16357376,0.029059343,0.000159812,0.606828421,0.082797165,0.526964377,0.031582652,0.042083666,1.65E-05,2.40E-07,0.000663138,0.001393641,0.001335461,0.022402965,0.002132023,8.73387936,0.003496121,-16.02784943,-12.48310046,0.035754211,0.514806169,0.000256928,-12.48310046,0.036382893,0.555239588,0.000257147,8.169099378,0.001918735,314.490274,8.02E-05,1.96E-09,5.10E-08,4.411071314,0.839826102,9.65E-05,6.42E-05,0.011453907,1.67E-08,0.000285528,0.001332632,7.58E-05,0.002204917,0.665825978,0.002805245,11.7385844,0.002481381,0.585632089,1.17E-07,1.48E-07,0.032745798,1.50E-08,0.000232823,Not available,Not available,Not available,Not available,Not available
1,beneficiation,MM,flurocarbonate,0.64090689,0.37559128,0.172399233,0.033331835,0.000296637,0.64090689,0.100368538,0.744669797,0.011366509,0.047916025,2.57E-05,2.35E-07,0.000694857,0.001329034,0.001275751,0.021852007,0.00224099,8.478764174,0.005045647,-15.89902507,-12.46670347,0.01757352,0.573058905,0.002011099,-12.46670347,0.020022156,0.606167265,0.002011304,8.197270031,0.002027061,316.0875903,8.12E-05,2.03E-09,5.12E-08,1.493149885,0.841811282,0.000107126,6.56E-05,0.01110785,1.81E-08,0.000282171,0.00127285,7.53E-05,0.002309541,0.726413172,0.002926569,13.21621994,0.003772938,0.622757926,1.42E-07,1.98E-07,0.031297513,1.64E-08,0.000240607,0.000259219,0.025921902,2.59E-05,2.59E-05,-2.59E-05
1,beneficiation,MY,flurocarbonate,0.64090689,0.37559128,0.172399233,0.033331835,0.000296637,0.64090689,0.100368538,0.744669797,0.011366509,0.047916025,2.57E-05,2.35E-07,0.000694857,0.001329034,0.001275751,0.021852007,0.00224099,8.478764174,0.005045647,-15.89902507,-12.46670347,0.01757352,0.573058905,0.002011099,-12.46670347,0.020022156,0.606167265,0.002011304,8.197270031,0.002027061,316.0875903,8.12E-05,2.03E-09,5.12E-08,1.493149885,0.841811282,0.000107126,6.56E-05,0.01110785,1.81E-08,0.000282171,0.00127285,7.53E-05,0.002309541,0.726413172,0.002926569,13.21621994,0.003772938,0.622757926,1.42E-07,1.98E-07,0.031297513,1.64E-08,0.000240607,Not available,Not available,Not available,Not available,Not available
1,beneficiation,US,flurocarbonate,0.549631098,0.374220197,0.158763601,0.033066874,0.000314653,0.549631098,0.091704864,0.693371756,0.067341341,0.047420713,2.43E-05,2.35E-07,0.000648899,0.001331233,0.001272185,0.022114466,0.001967206,8.544935059,0.003609619,-16.04249433,-12.46955574,0.021292923,0.482652325,0.00023812,-12.46955574,0.021916925,0.515476711,0.0002383,8.599714605,0.001749965,331.6933937,8.02E-05,1.93E-09,4.90E-08,8.917623248,0.838726208,9.26E-05,6.12E-05,0.011368092,1.41E-08,0.000269428,0.001269273,7.74E-05,0.002034408,0.677738833,0.002626226,12.85420082,0.003672692,0.532422866,1.30E-07,1.81E-07,0.03116134,1.26E-08,0.000257938,2.16E-06,2.16E-06,2.16E-06,0.000216016,-2.16E-05
1,beneficiation,AU,phosphate,0.202385493,0.030783748,0.041074614,0.018304633,0.000187281,0.202385493,0.043577605,0.424103668,0.003693724,0.024449109,4.81E-05,2.34E-07,0.000309635,0.000378179,0.000367367,0.018954704,0.000922632,3.608781357,0.003058772,0.27501636,-0.033796503,0.012913128,0.157862452,0.020466696,-0.033796503,0.013543564,0.165298603,0.020611264,1.952363686,0.000943498,327.3317558,1.02E-05,1.31E-09,2.52E-08,0.529717513,0.035152324,0.000219696,1.91E-05,0.007164696,5.77E-09,0.000110314,0.000368029,3.85E-05,0.000991589,0.851350724,0.001063771,6.162389855,0.001831485,0.198420924,6.16E-08,1.00E-07,0.009131785,5.03E-09,0.001107167,2.59E-05,2.59E-05,2.59E-05,0.000259219,-0.000259219
1,beneficiation,BR,phosphate,0.145034674,0.030776845,0.024456635,0.014252823,3.69E-05,0.145034674,0.033660177,0.257699617,0.00575587,0.018791459,3.90E-05,2.76E-07,0.000231886,0.000241213,0.000230092,0.019031395,0.000666406,3.414946356,0.005694139,0.161768447,-0.034773461,0.014800564,0.093135599,0.023162306,-0.034773461,0.018133437,0.100026974,0.023306874,1.241696153,0.000684427,320.1276716,9.88E-06,1.26E-09,2.08E-08,0.768810948,0.037650847,0.000225501,1.48E-05,0.007144503,6.00E-09,9.33E-05,0.000230741,3.38E-05,0.000723774,0.956150538,0.000750439,5.01482867,0.000663511,0.140275594,4.75E-08,6.20E-08,0.005721641,5.24E-09,0.001089263,Not available,Not available,Not available,Not available,Not available
1,beneficiation,CA,phosphate,Not available,Not available,Not available,Not available,Not available,Not available,Not available,Not available,Not available,Not available,Not available,Not available,Not available,Not available,Not available,Not available,Not available,Not available,Not available,Not available,Not available,Not available,Not available,Not available,Not available,Not available,Not available,Not available,Not available,Not available,Not available,Not available,Not available,Not available,Not available,Not available,Not available,Not available,Not available,Not available,Not available,Not available,Not available,Not available,Not available,Not available,Not available,Not available,Not available,Not available,Not available,Not available,Not available,Not available,Not available,Not available,Not available,Not available,Not available
1,beneficiation,CN,phosphate,0.232781907,0.031713134,0.03892517,0.015427334,5.21E-05,0.232781907,0.04311737,0.326069474,0.009004572,0.020544125,3.97E-05,2.33E-07,0.000295268,0.000333144,0.00032278,0.01915408,0.000777253,3.714323216,0.003159106,0.291316185,-0.034635044,0.013274749,0.175207052,0.020465602,-0.034635044,0.013908706,0.191867978,0.020610176,1.956065087,0.000798074,344.2584842,1.05E-05,1.36E-09,2.47E-08,1.184209299,0.036875827,0.000230811,1.77E-05,0.007223921,5.46E-09,0.000174585,0.000323439,3.78E-05,0.000842766,0.856605205,0.00091652,5.587486128,0.000931031,0.223981695,6.09E-08,8.33E-08,0.008037212,4.75E-09,0.001127349,0.000162012,0.001620119,0.000162012,0.000162012,-0.001620119
1,beneficiation,EE,phosphate,0.235647703,0.031174966,0.048015106,0.01871855,0.000198997,0.235647703,0.045270281,0.454548223,0.018913333,0.025058406,4.90E-05,2.31E-07,0.0004413,0.000399875,0.000387669,0.019063695,0.001347481,3.71255136,0.003750327,0.310413855,-0.036881247,0.016174298,0.184388231,0.020482714,-0.036881247,0.016811189,0.194352188,0.020627293,2.55204572,0.001368319,329.3890905,1.01E-05,1.35E-09,2.87E-08,2.645839425,0.035777427,0.000222372,1.99E-05,0.007279439,5.78E-09,0.000141947,0.000388355,3.94E-05,0.001418031,0.966210204,0.001497642,6.313975528,0.001950568,0.230351713,6.40E-08,1.12E-07,0.009629414,5.05E-09,0.001142562,Not available,Not available,Not available,Not available,Not available
1,beneficiation,JP,phosphate,0.20619547,0.031000999,0.040343479,0.014806214,5.21E-05,0.20619547,0.035696984,0.279128182,0.009735108,0.019637593,4.04E-05,2.36E-07,0.000276877,0.000357745,0.000343989,0.019279283,0.000810724,3.572068279,0.003134429,0.24114817,-0.039886429,0.019574022,0.150238857,0.020471353,-0.039886429,0.020207748,0.161136707,0.020615934,2.047467127,0.000831231,325.0401707,9.98E-06,1.30E-09,2.39E-08,1.402218717,0.035585213,0.00022187,1.85E-05,0.007276505,6.44E-09,0.000104761,0.000344718,3.55E-05,0.000877421,0.854447182,0.000937335,5.182168353,0.000781012,0.200420043,5.04E-08,6.91E-08,0.008530114,5.65E-09,0.001099838,Not available,Not available,Not available,Not available,Not available
1,beneficiation,MM,phosphate,0.216551288,0.031238593,0.042956678,0.016086458,9.29E-05,0.216551288,0.040991755,0.344317278,0.00368628,0.02144227,4.32E-05,2.35E-07,0.000286901,0.000337663,0.000325431,0.018981371,0.000843763,3.621474398,0.003602375,0.279856167,-0.034955723,0.014102984,0.167736467,0.020997599,-0.034955723,0.015282767,0.176529514,0.021142175,2.054601767,0.000864096,325.8459505,1.04E-05,1.32E-09,2.40E-08,0.528743778,0.036192667,0.000225103,1.89E-05,0.007191124,6.86E-09,0.000105099,0.000326136,3.71E-05,0.000909117,0.872733723,0.000973965,5.631007637,0.001167434,0.211641141,5.79E-08,8.44E-08,0.008080144,6.06E-09,0.001102598,0.000259219,0.025921902,2.59E-05,2.59E-05,-2.59E-05
1,beneficiation,MY,phosphate,0.216551288,0.031238593,0.042956678,0.016086458,9.29E-05,0.216551288,0.040991755,0.344317278,0.00368628,0.02144227,4.32E-05,2.35E-07,0.000286901,0.000337663,0.000325431,0.018981371,0.000843763,3.621474398,0.003602375,0.279856167,-0.034955723,0.014102984,0.167736467,0.020997599,-0.034955723,0.015282767,0.176529514,0.021142175,2.054601767,0.000864096,325.8459505,1.04E-05,1.32E-09,2.40E-08,0.528743778,0.036192667,0.000225103,1.89E-05,0.007191124,6.86E-09,0.000105099,0.000326136,3.71E-05,0.000909117,0.872733723,0.000973965,5.631007637,0.001167434,0.211641141,5.79E-08,8.44E-08,0.008080144,6.06E-09,0.001102598,Not available,Not available,Not available,Not available,Not available
1,beneficiation,US,phosphate,0.187154592,0.030826788,0.03833395,0.016044638,9.97E-05,0.187154592,0.038421421,0.330557819,0.020674335,0.021284575,4.28E-05,2.34E-07,0.00026955,0.000298188,0.000284927,0.019183108,0.00074952,3.509163987,0.003175451,0.234728898,-0.035866462,0.015282736,0.138869356,0.020467817,-0.035866462,0.015916638,0.147319289,0.020612386,2.15447443,0.000767508,329.7004274,9.98E-06,1.29E-09,2.34E-08,2.781922881,0.035273118,0.000220579,1.65E-05,0.007242306,5.63E-09,0.0001,0.000285615,3.59E-05,0.000811123,0.858415846,0.000858859,5.526740131,0.001145917,0.182659327,5.43E-08,7.94E-08,0.007066016,4.91E-09,0.001108,2.16E-06,2.16E-06,2.16E-06,0.000216016,-2.16E-05
1,chemical transformation,AU,neodynium dysprosium iron alloy,0.888199307,0.008150725,0.214993044,0.057854957,0.001120585,0.888199307,0.119091257,1.739398611,0.021071347,0.078877759,7.26E-05,1.83E-07,0.001465554,0.002219076,0.002183222,0.043329555,0.003855213,5.764789752,0.003584064,1.447147451,-0.014755686,0.01391533,0.835784723,0.000447991,-0.014755686,0.01419842,0.863821239,0.000448102,10.23325084,0.004044259,242.1920026,1.56E-05,2.41E-09,7.86E-08,2.859514029,0.014840947,0.000105601,7.26E-05,0.476212523,6.90E-09,0.000454742,0.002182187,7.40E-05,0.004203973,0.156598439,0.004723292,17.97124744,0.009069708,0.873383298,1.69E-07,4.23E-07,0.053996217,6.52E-09,0.000938062,Not available,Not available,Not available,Not available,Not available
1,chemical transformation,BR,neodynium dysprosium iron alloy,0.523780064,0.008199328,0.1087704,0.031897908,0.000153553,0.523780064,0.056000815,0.672064104,0.034543791,0.043014826,1.37E-05,4.53E-07,0.000972638,0.001341462,0.00130321,0.043010306,0.002221144,5.374023652,0.020463154,0.723920749,-0.021124287,0.026075209,0.422771299,0.017687751,-0.021124287,0.043642357,0.448294843,0.017687864,5.69648206,0.002392121,198.8730284,1.46E-05,2.06E-09,5.05E-08,4.426729032,0.030985868,0.000144424,4.49E-05,0.476247173,7.87E-09,0.000355347,0.00130207,5.58E-05,0.002495599,0.827042927,0.002723474,10.66639183,0.001569,0.503372974,7.87E-08,1.77E-07,0.032132724,7.41E-09,0.000826858,Not available,Not available,Not available,Not available,Not available
1,chemical transformation,CA,neodynium dysprosium iron alloy,Not available,Not available,Not available,Not available,Not available,Not available,Not available,Not available,Not available,Not available,Not available,Not available,Not available,Not available,Not available,Not available,Not available,Not available,Not available,Not available,Not available,Not available,Not available,Not available,Not available,Not available,Not available,Not available,Not available,Not available,Not available,Not available,Not available,Not available,Not available,Not available,Not available,Not available,Not available,Not available,Not available,Not available,Not available,Not available,Not available,Not available,Not available,Not available,Not available,Not available,Not available,Not available,Not available,Not available,Not available,Not available,Not available,Not available,Not available
1,chemical transformation,CN,neodynium dysprosium iron alloy,1.082317625,0.01408632,0.201837942,0.039480717,0.000256177,1.082317625,0.11611159,1.112848553,0.05539338,0.053769042,1.90E-05,1.76E-07,0.001374042,0.001955167,0.001921362,0.043761959,0.002935796,6.060153814,0.004240227,1.551428589,-0.020181642,0.016318279,0.946850124,0.000446692,-0.020181642,0.016628009,1.033521763,0.000446841,10.291091,0.00312505,350.1143189,1.82E-05,2.68E-09,7.53E-08,7.093833003,0.025855682,0.000176609,6.44E-05,0.47670844,4.96E-09,0.000858957,0.001920308,6.43E-05,0.003264392,0.191210806,0.00379913,14.29508772,0.003313705,1.036766162,1.64E-07,3.14E-07,0.047567159,4.80E-09,0.001064278,4.45E-05,0.000444986,4.45E-05,4.45E-05,-0.000444986
1,chemical transformation,EE,neodynium dysprosium iron alloy,1.101814077,0.010663179,0.259565894,0.060513195,0.001195823,1.101814077,0.12996189,1.934917966,0.11881389,0.082790758,7.84E-05,1.66E-07,0.002311125,0.002358414,0.002313604,0.044029515,0.006583657,6.431217424,0.008025332,1.674475333,-0.034566363,0.034859037,1.006137145,0.00055086,-0.034566363,0.035183578,1.050407603,0.000551044,14.08449633,0.006772525,255.4045083,1.55E-05,2.63E-09,1.01E-07,16.44955711,0.018855444,0.000122786,7.74E-05,0.476949423,6.95E-09,0.000657895,0.002312724,7.98E-05,0.006942649,0.89424275,0.00750967,18.94475297,0.009834482,1.07844749,1.84E-07,4.94E-07,0.057192059,6.63E-09,0.001165372,9.57E-07,9.57E-07,9.57E-07,9.57E-07,-9.57E-05
1,chemical transformation,JP,neodynium dysprosium iron alloy,0.913553843,0.009589188,0.210085923,0.03538256,0.000251064,0.913553843,0.068649776,0.80779313,0.059951021,0.048336829,2.34E-05,1.98E-07,0.001258473,0.002083288,0.002028881,0.044561721,0.003138881,6.337547756,0.004091449,1.230169873,-0.053773815,0.05656484,0.787027711,0.000479756,-0.053773815,0.05687148,0.837883283,0.00047995,10.83559451,0.003325744,229.5742182,1.52E-05,2.35E-09,7.04E-08,8.471905443,0.017699639,0.000120021,6.89E-05,0.477048609,1.11E-08,0.000427718,0.002028256,6.62E-05,0.003472862,0.177258653,0.003912927,11.71335332,0.002318101,0.886797287,9.66E-08,2.22E-07,0.050031191,1.04E-08,0.000893728,2.39E-06,2.39E-06,2.39E-06,2.39E-06,-2.39E-06
1,chemical transformation,MM,neodynium dysprosium iron alloy,0.979174086,0.011071804,0.227079928,0.043609511,0.00051453,0.979174086,0.102484527,1.226998764,0.021023539,0.059567399,4.11E-05,1.89E-07,0.00131955,0.00195888,0.001913906,0.043500811,0.003348703,5.846304356,0.007075162,1.478229364,-0.022200363,0.021556752,0.899197063,0.003857524,-0.022200363,0.02536783,0.935947761,0.003857692,10.88983849,0.003534332,232.649938,1.71E-05,2.47E-09,7.09E-08,2.853260505,0.02152217,0.000140328,7.15E-05,0.476382246,1.39E-08,0.000421254,0.001913143,6.53E-05,0.003674324,0.293923168,0.004146543,14.55863232,0.004805076,0.958285434,1.45E-07,3.20E-07,0.047242423,1.32E-08,0.000908716,Not available,Not available,Not available,Not available,Not available
1,chemical transformation,MY,neodynium dysprosium iron alloy,0.979174086,0.011071804,0.227079928,0.043609511,0.00051453,0.979174086,0.102484527,1.226998764,0.021023539,0.059567399,4.11E-05,1.89E-07,0.00131955,0.00195888,0.001913906,0.043500811,0.003348703,5.846304356,0.007075162,1.478229364,-0.022200363,0.021556752,0.899197063,0.003857524,-0.022200363,0.02536783,0.935947761,0.003857692,10.88983849,0.003534332,232.649938,1.71E-05,2.47E-09,7.09E-08,2.853260505,0.02152217,0.000140328,7.15E-05,0.476382246,1.39E-08,0.000421254,0.001913143,6.53E-05,0.003674324,0.293923168,0.004146543,14.55863232,0.004805076,0.958285434,1.45E-07,3.20E-07,0.047242423,1.32E-08,0.000908716,Not available,Not available,Not available,Not available,Not available
1,chemical transformation,US,neodynium dysprosium iron alloy,0.790942912,0.00849087,0.196736116,0.043299516,0.000555388,0.790942912,0.086074535,1.136523747,0.130062826,0.05886343,3.87E-05,1.84E-07,0.001211462,0.001668373,0.001617786,0.043942698,0.002745333,5.932542946,0.004361129,1.187575546,-0.028142596,0.029184103,0.713156301,0.000459712,-0.028142596,0.02949343,0.748529038,0.00045983,11.49987207,0.002915186,257.9862597,1.52E-05,2.28E-09,6.69E-08,17.31568184,0.015733717,0.000111766,5.49E-05,0.476826233,5.94E-09,0.000397675,0.001616889,6.91E-05,0.003043966,0.203031229,0.003398136,13.91751006,0.004650199,0.772280516,1.22E-07,2.88E-07,0.039844892,5.70E-09,0.000947085,Not available,Not available,Not available,Not available,Not available
1,clay mining,AU,ion adsorption clay,20.07454376,0.390699838,4.594572179,2969.691037,0.011952743,20.07454376,4.414014187,7154.732843,0.827579918,4017.949034,0.00586132,3.43E-06,0.037969319,0.052614181,0.050863084,0.632524148,0.121793298,932.278374,0.274207594,160.1645366,-0.534728173,0.60193252,17.4545636,0.014548008,-0.534728173,0.620773668,18.98047683,0.014553152,228.1553082,0.11971751,18934.03956,0.000430845,1.11E-06,0.003048394,118.9895747,0.744818778,0.004759288,0.01894731,0.789014567,2.90E-07,0.014464147,0.050804543,0.005824181,0.1285968,11.31598958,0.139546741,1660542.478,0.120290278,19.26894734,6.09E-06,0.003205053,1.426506392,2.66E-07,0.011743534,6.33E-07,6.33E-07,6.33E-07,6.33E-06,-6.33E-06
1,clay mining,BR,ion adsorption clay,18.74333123,0.39086616,4.206702201,2969.596375,0.00842707,18.74333123,4.183538133,7150.841057,0.876640415,4017.818236,0.005646686,4.41E-06,0.036169865,0.049408962,0.047649876,0.631289727,0.115829318,930.8201911,0.335744376,157.5252598,-0.557931479,0.646251823,15.94690311,0.077403459,-0.557931479,0.728111188,17.46313469,0.077408612,211.5856226,0.113687565,18775.6635,0.000427238,1.11E-06,0.003048292,124.6948437,0.803663208,0.004900619,0.018846135,0.789080213,2.94E-07,0.014101043,0.047590951,0.005757424,0.122361606,13.76018319,0.13224802,1660515.83,0.092942967,17.91762089,5.76E-06,0.003204157,1.346681716,2.70E-07,0.011337198,Not available,Not available,Not available,Not available,Not available
1,clay mining,CA,ion adsorption clay,Not available,Not available,Not available,Not available,Not available,Not available,Not available,Not available,Not available,Not available,Not available,Not available,Not available,Not available,Not available,Not available,Not available,Not available,Not available,Not available,Not available,Not available,Not available,Not available,Not available,Not available,Not available,Not available,Not available,Not available,Not available,Not available,Not available,Not available,Not available,Not available,Not available,Not available,Not available,Not available,Not available,Not available,Not available,Not available,Not available,Not available,Not available,Not available,Not available,Not available,Not available,Not available,Not available,Not available,Not available,Not available,Not available,Not available,Not available
1,clay mining,CN,ion adsorption clay,20.78183741,0.412344906,4.546260463,2969.624066,0.008801494,20.78183741,4.403275795,7152.449228,0.952683131,4017.857519,0.00566572,3.40E-06,0.037635885,0.051655078,0.049911008,0.634129759,0.118441876,933.3632665,0.276597269,160.543977,-0.554508444,0.61068948,17.85886603,0.014541527,-0.554508444,0.629626958,19.59869917,0.014546811,228.3487825,0.116366886,19328.43785,0.000440429,1.11E-06,0.003048383,134.4229999,0.784981871,0.005018211,0.01891767,0.790843305,2.82E-07,0.015938073,0.049852392,0.005788886,0.125172027,11.442023,0.136178739,1660529.083,0.099307561,19.86410794,6.07E-06,0.003204655,1.403128916,2.59E-07,0.012203755,3.96E-06,3.96E-05,3.96E-06,3.96E-06,-3.96E-05
1,clay mining,EE,ion adsorption clay,20.85325459,0.39985878,4.757057952,2969.700727,0.012227015,20.85325459,4.45364203,7155.445588,1.183890356,4017.963298,0.005882288,3.37E-06,0.041051762,0.053122124,0.051338379,0.635075788,0.131739562,934.7077715,0.290397782,160.9932372,-0.606945972,0.678280666,18.07556596,0.014923005,-0.606945972,0.697272917,19.66065836,0.014928416,242.1946298,0.129663124,18982.20441,0.000430492,1.11E-06,0.003048477,168.5306855,0.759453314,0.004821936,0.018964779,0.791700875,2.90E-07,0.01520472,0.051280401,0.00584529,0.138580362,14.00499641,0.149704195,1660546.027,0.123078183,20.01648791,6.15E-06,0.003205313,1.438156511,2.66E-07,0.012572173,Not available,Not available,Not available,Not available,Not available
1,clay mining,JP,ion adsorption clay,20.17033712,0.395966965,4.578047615,2969.609193,0.008783356,20.17033712,4.230796784,7151.338239,0.969381588,4017.837839,0.005682496,3.49E-06,0.037223004,0.052143627,0.050326456,0.637193721,0.119208402,934.4131328,0.276062695,159.3798365,-0.677017568,0.757457782,17.28102578,0.014664403,-0.677017568,0.77638486,18.88948282,0.014669856,230.4164103,0.117125417,18887.74886,0.000429671,1.11E-06,0.003048365,139.4578126,0.7552844,0.004812032,0.018935113,0.792143231,3.06E-07,0.014367892,0.050269413,0.005796249,0.125960479,11.39154639,0.136628987,1660519.701,0.095683865,19.3215495,5.83E-06,0.003204321,1.412709693,2.81E-07,0.011584137,Not available,Not available,Not available,Not available,Not available
1,clay mining,MM,ion adsorption clay,20.40618306,0.401348381,4.63863369,2969.639107,0.009743432,20.40618306,4.353476116,7152.864941,0.827405642,4017.87864,0.00574648,3.45E-06,0.037437076,0.051665664,0.049881321,0.633148452,0.119946866,932.5755308,0.286934033,160.2778426,-0.561866987,0.629788546,17.68572684,0.026977112,-0.561866987,0.661490613,19.24340672,0.026982463,230.5488318,0.117858621,18899.25496,0.000436342,1.11E-06,0.003048366,118.9667783,0.769174593,0.004885884,0.018943402,0.78963329,3.16E-07,0.014342068,0.049823769,0.005792694,0.126666018,11.81659284,0.13744426,1660530.038,0.104744001,19.57844944,6.00E-06,0.003204677,1.401886131,2.90E-07,0.011636558,6.33E-06,0.00063307,6.33E-07,6.33E-07,-6.33E-07
1,clay mining,MY,ion adsorption clay,20.40618306,0.401348381,4.63863369,2969.639107,0.009743432,20.40618306,4.353476116,7152.864941,0.827405642,4017.87864,0.00574648,3.45E-06,0.037437076,0.051665664,0.049881321,0.633148452,0.119946866,932.5755308,0.286934033,160.2778426,-0.561866987,0.629788546,17.68572684,0.026977112,-0.561866987,0.661490613,19.24340672,0.026982463,230.5488318,0.117858621,18899.25496,0.000436342,1.11E-06,0.003048366,118.9667783,0.769174593,0.004885884,0.018943402,0.78963329,3.16E-07,0.014342068,0.049823769,0.005792694,0.126666018,11.81659284,0.13744426,1660530.038,0.104744001,19.57844944,6.00E-06,0.003204677,1.401886131,2.90E-07,0.011636558,Not available,Not available,Not available,Not available,Not available
1,clay mining,US,ion adsorption clay,19.71816858,0.391943839,4.527518095,2969.637979,0.0098925,19.71816858,4.293722435,7152.535426,1.224972454,4017.876072,0.005737421,3.43E-06,0.037041001,0.050601083,0.048796409,0.634763675,0.117740604,932.8990082,0.277043551,159.2165709,-0.583536266,0.657604183,17.00616176,0.014588385,-0.583536266,0.676539714,18.55847803,0.014593553,232.7501679,0.115594687,18995.32833,0.000429602,1.11E-06,0.003048352,171.6980542,0.748074084,0.004782063,0.018882362,0.791299455,2.86E-07,0.014255609,0.048738363,0.005806355,0.12436093,11.48542051,0.134707509,1660527.703,0.104180229,18.89872839,5.92E-06,0.00320456,1.374785696,2.62E-07,0.011776009,5.28E-08,5.28E-08,5.28E-08,5.28E-06,-5.28E-07
1,clay refining,AU,dysprosium_oxide,12.90476126,1.991181389,2.714306403,0.949686732,0.004569401,12.90476126,2.184621657,19.00661573,0.657741475,1.276683309,0.002297806,1.36E-05,0.018680052,0.024632261,0.023810776,0.834696837,0.051391038,130.5232075,0.205032305,16.47866787,-2.752295949,0.672780862,10.84492723,0.163506353,-2.752295949,0.683396509,11.72191361,0.166559165,137.5529886,0.050417838,4378.719857,0.001683001,7.88E-08,1.23E-06,87.97118867,2.06655549,0.007387742,0.002120026,0.229593004,9.44E-07,0.009864301,0.023674102,0.001221107,0.054699895,10.87809695,0.06091438,358.2168863,0.057801338,12.45978947,3.02E-06,5.02E-06,0.641932289,8.09E-07,0.007929563,2.59E-05,2.59E-05,2.59E-05,0.000259219,-0.000259219
1,clay refining,BR,dysprosium_oxide,12.78404744,1.991197508,2.679120169,0.941088469,0.004249072,12.78404744,2.163722992,18.65306134,0.662204223,1.264803726,0.002278301,1.37E-05,0.018516774,0.024341552,0.023519273,0.834591091,0.050849753,130.3937695,0.210623504,16.23909914,-2.754405555,0.676808827,10.70811658,0.169217024,-2.754405555,0.693149818,11.58427054,0.172269837,136.0501848,0.049870568,4364.370469,0.001682678,7.87E-08,1.22E-06,88.49032878,2.071903533,0.007400603,0.002110843,0.229604496,9.44E-07,0.009831377,0.023382563,0.001215082,0.054133996,11.1001817,0.060251941,355.7971564,0.055316728,12.33722361,2.99E-06,4.94E-06,0.634690012,8.09E-07,0.007892727,Not available,Not available,Not available,Not available,Not available
1,clay refining,CA,dysprosium_oxide,Not available,Not available,Not available,Not available,Not available,Not available,Not available,Not available,Not available,Not available,Not available,Not available,Not available,Not available,Not available,Not available,Not available,Not available,Not available,Not available,Not available,Not available,Not available,Not available,Not available,Not available,Not available,Not available,Not available,Not available,Not available,Not available,Not available,Not available,Not available,Not available,Not available,Not available,Not available,Not available,Not available,Not available,Not available,Not available,Not available,Not available,Not available,Not available,Not available,Not available,Not available,Not available,Not available,Not available,Not available,Not available,Not available,Not available,Not available
1,clay refining,CN,dysprosium_oxide,12.96906295,1.993147565,2.709948775,0.943600263,0.004283066,12.96906295,2.183634638,18.79907099,0.669110648,1.268366044,0.002280029,1.36E-05,0.018649739,0.024544841,0.023724035,0.83484007,0.051086481,130.6210466,0.205249659,16.51321098,-2.754093296,0.673576839,10.88171764,0.163505923,-2.754093296,0.68420131,11.7781269,0.166558748,137.5721481,0.05011335,4414.46912,0.001683869,7.89E-08,1.23E-06,89.37380678,2.070204143,0.007411264,0.002117316,0.229757275,9.43E-07,0.009998198,0.023587354,0.00121789,0.054388659,10.88956229,0.060608251,356.9991576,0.055894662,12.51391004,3.02E-06,4.98E-06,0.639802663,8.08E-07,0.007971373,0.000162012,0.001620119,0.000162012,0.000162012,-0.001620119
1,clay refining,EE,dysprosium_oxide,12.97552121,1.992013658,2.729071177,0.950567283,0.004594323,12.97552121,2.188222608,19.07138167,0.690118693,1.277979504,0.002299712,1.36E-05,0.018960148,0.024678417,0.023853966,0.834928705,0.052294835,130.7439657,0.206503476,16.55397034,-2.758858242,0.67971847,10.90135652,0.163540429,-2.758858242,0.690347847,11.7837204,0.166593265,138.8287145,0.051321577,4383.096523,0.001682969,7.89E-08,1.24E-06,92.47289052,2.067885327,0.007393435,0.002121613,0.229837118,9.44E-07,0.009931596,0.023717342,0.001223025,0.055607081,11.12244164,0.061837368,358.5393637,0.058054669,12.52771705,3.03E-06,5.04E-06,0.642990917,8.09E-07,0.00800486,Not available,Not available,Not available,Not available,Not available
1,clay refining,JP,dysprosium_oxide,12.91316003,1.991657906,2.712680941,0.942242793,0.004281372,12.91316003,2.167912955,18.69802208,0.67062037,1.266566681,0.002281503,1.36E-05,0.018611457,0.024587281,0.023759651,0.835104998,0.051153753,130.712937,0.205200377,16.40679435,-2.765220714,0.686908519,10.82877654,0.163516876,-2.765220714,0.697531967,11.71332173,0.166569715,137.752516,0.050179831,4374.540275,0.001682889,7.88E-08,1.23E-06,89.83029366,2.067502482,0.00739252,0.002118794,0.229869986,9.45E-07,0.009855349,0.023623113,0.001218516,0.054457715,10.88494067,0.060645948,356.1439727,0.055564868,12.46423293,3.00E-06,4.95E-06,0.640618881,8.10E-07,0.007914878,Not available,Not available,Not available,Not available,Not available
1,clay refining,MM,dysprosium_oxide,12.9348967,1.992149016,2.718310198,0.944967937,0.004368645,12.9348967,2.179120709,18.83688343,0.65772564,1.270286765,0.002287371,1.36E-05,0.018631688,0.024546071,0.023721566,0.834753569,0.051223256,130.5502115,0.206188732,16.48896385,-2.754762005,0.675312087,10.86593261,0.164635761,-2.754762005,0.687096381,11.74580556,0.167688592,137.770484,0.050248925,4375.559067,0.001683501,7.88E-08,1.23E-06,87.96911732,2.068768682,0.007399246,0.002119671,0.229649237,9.46E-07,0.009853208,0.023584981,0.001218246,0.054524449,10.92358578,0.060723332,357.0864607,0.056388679,12.48791335,3.01E-06,4.99E-06,0.639695099,8.11E-07,0.007919843,0.000259219,0.025921902,2.59E-05,2.59E-05,-2.59E-05
1,clay refining,MY,dysprosium_oxide,12.9348967,1.992149016,2.718310198,0.944967937,0.004368645,12.9348967,2.179120709,18.83688343,0.65772564,1.270286765,0.002287371,1.36E-05,0.018631688,0.024546071,0.023721566,0.834753569,0.051223256,130.5502115,0.206188732,16.48896385,-2.754762005,0.675312087,10.86593261,0.164635761,-2.754762005,0.687096381,11.74580556,0.167688592,137.770484,0.050248925,4375.559067,0.001683501,7.88E-08,1.23E-06,87.96911732,2.068768682,0.007399246,0.002119671,0.229649237,9.46E-07,0.009853208,0.023584981,0.001218246,0.054524449,10.92358578,0.060723332,357.0864607,0.056388679,12.48791335,3.01E-06,4.99E-06,0.639695099,8.11E-07,0.007919843,Not available,Not available,Not available,Not available,Not available
1,clay refining,US,dysprosium_oxide,12.87254507,1.991294052,2.708258795,0.94486524,0.004382179,12.87254507,2.173684865,18.8069134,0.693844902,1.27005356,0.002286577,1.36E-05,0.018595884,0.02444984,0.023623476,0.83489994,0.05102339,130.5787755,0.205289708,16.39268467,-2.756730362,0.677838643,10.80430656,0.163510236,-2.756730362,0.688462981,11.68372306,0.16656305,137.9725569,0.050043833,4383.951701,0.001682887,7.87E-08,1.23E-06,92.75979415,2.066851198,0.007389784,0.002114167,0.229796294,9.43E-07,0.009845398,0.023486847,0.001219476,0.054315642,10.89347781,0.060475422,356.874085,0.056337375,12.42629917,3.01E-06,4.98E-06,0.637244663,8.08E-07,0.007932552,2.16E-06,2.16E-06,2.16E-06,0.000216016,-2.16E-05
1,clay refining,AU,neodynium_oxide,12.90463118,1.991179206,2.71427988,0.949670266,0.004569358,12.90463118,2.184585345,19.00627827,0.657734949,1.27666158,0.002297801,1.36E-05,0.018679836,0.024632064,0.023810586,0.834682521,0.051390395,130.5214882,0.205027729,16.47840926,-2.752292731,0.672767393,10.84482933,0.163506223,-2.752292731,0.683376986,11.72180776,0.166559035,137.5516344,0.050417138,4375.169999,0.001682996,7.88E-08,1.23E-06,87.9703237,2.066551192,0.007387705,0.002120017,0.229589828,9.44E-07,0.009864213,0.023673912,0.001221094,0.054699179,10.86885297,0.060913661,358.2113328,0.057800878,12.45966612,3.02E-06,5.02E-06,0.641927396,8.09E-07,0.007929489,2.59E-05,2.59E-05,2.59E-05,0.000259219,-0.000259219
1,clay refining,BR,neodynium_oxide,12.78391725,1.991195262,2.679093618,0.941071965,0.004249028,12.78391725,2.163686603,18.65272327,0.662197693,1.264781945,0.002278296,1.37E-05,0.018516557,0.024341355,0.023519082,0.834576766,0.05084911,130.3920442,0.210618927,16.23884022,-2.754402323,0.676795348,10.70801859,0.169216893,-2.754402323,0.693130284,11.58416459,0.172269706,136.0488292,0.049869866,4360.820549,0.001682673,7.87E-08,1.22E-06,88.48946324,2.071899104,0.007400564,0.002110834,0.229601284,9.44E-07,0.009831288,0.023382373,0.001215069,0.054133279,11.09093767,0.06025122,355.7915898,0.055316268,12.33710015,2.99E-06,4.94E-06,0.634685111,8.09E-07,0.007892653,Not available,Not available,Not available,Not available,Not available
1,clay refining,CA,neodynium_oxide,Not available,Not available,Not available,Not available,Not available,Not available,Not available,Not available,Not available,Not available,Not available,Not available,Not available,Not available,Not available,Not available,Not available,Not available,Not available,Not available,Not available,Not available,Not available,Not available,Not available,Not available,Not available,Not available,Not available,Not available,Not available,Not available,Not available,Not available,Not available,Not available,Not available,Not available,Not available,Not available,Not available,Not available,Not available,Not available,Not available,Not available,Not available,Not available,Not available,Not available,Not available,Not available,Not available,Not available,Not available,Not available,Not available,Not available,Not available
1,clay refining,CN,neodynium_oxide,12.96893288,1.99314535,2.709922255,0.943583804,0.004283023,12.96893288,2.183598336,18.79873365,0.669104122,1.268344324,0.002280025,1.36E-05,0.018649523,0.024544645,0.023723845,0.834825756,0.051085839,130.619328,0.205245083,16.51295242,-2.75409008,0.67356337,10.88161975,0.163505793,-2.75409008,0.684181788,11.77802106,0.166558617,137.5707941,0.05011265,4410.919271,0.001683864,7.89E-08,1.23E-06,89.3729418,2.070199773,0.007411226,0.002117307,0.229754104,9.43E-07,0.009998109,0.023587164,0.001217877,0.054387943,10.88031832,0.060607532,356.9936065,0.055894203,12.5137867,3.02E-06,4.98E-06,0.639797772,8.08E-07,0.007971299,0.000162012,0.001620119,0.000162012,0.000162012,-0.001620119
1,clay refining,EE,neodynium_oxide,12.97539102,1.992011412,2.729044625,0.950550778,0.00459428,12.97539102,2.188186227,19.07104359,0.690112162,1.277957724,0.002299707,1.36E-05,0.018959931,0.02467822,0.023853775,0.834914381,0.052294192,130.7422411,0.206498898,16.55371142,-2.75885501,0.679704991,10.90125853,0.163540298,-2.75885501,0.690328313,11.78361444,0.166593135,138.8273589,0.051320875,4379.546604,0.001682964,7.89E-08,1.24E-06,92.4720248,2.067880901,0.007393396,0.002121604,0.229833908,9.44E-07,0.009931507,0.023717152,0.001223012,0.055606364,11.11319761,0.061836648,358.5337973,0.058054209,12.52759358,3.03E-06,5.04E-06,0.642986015,8.09E-07,0.008004786,Not available,Not available,Not available,Not available,Not available
1,clay refining,JP,neodynium_oxide,12.91302985,1.991655675,2.712654389,0.942226286,0.004281329,12.91302985,2.167876585,18.69768398,0.670613839,1.266544897,0.002281498,1.36E-05,0.01861124,0.024587084,0.023759461,0.835090674,0.05115311,130.7112128,0.2051958,16.40653542,-2.765217484,0.686895041,10.82867855,0.163516745,-2.765217484,0.697512434,11.71321578,0.166569585,137.7511604,0.050179129,4370.990354,0.001682884,7.88E-08,1.23E-06,89.82942812,2.067498087,0.007392481,0.002118785,0.229866776,9.45E-07,0.009855261,0.023622922,0.001218503,0.054456998,10.87569666,0.060645227,356.1384055,0.055564408,12.46410948,3.00E-06,4.95E-06,0.640613979,8.10E-07,0.007914804,Not available,Not available,Not available,Not available,Not available
1,clay refining,MM,neodynium_oxide,12.93476651,1.992146769,2.718283647,0.944951433,0.004368602,12.93476651,2.179084333,18.83654536,0.65771911,1.270264985,0.002287366,1.36E-05,0.018631472,0.024545874,0.023721375,0.834739246,0.051222613,130.5484873,0.206184154,16.48870493,-2.754758773,0.675298609,10.86583462,0.164635631,-2.754758773,0.687076847,11.74569961,0.167688462,137.7691284,0.050248224,4372.009149,0.001683496,7.88E-08,1.23E-06,87.96825183,2.068764253,0.007399207,0.002119662,0.229646027,9.46E-07,0.00985312,0.023584791,0.001218233,0.054523732,10.91434176,0.060722612,357.0808944,0.056388219,12.48778989,3.01E-06,4.99E-06,0.639690198,8.11E-07,0.007919769,0.000259219,0.025921902,2.59E-05,2.59E-05,-2.59E-05
1,clay refining,MY,neodynium_oxide,12.93476651,1.992146769,2.718283647,0.944951433,0.004368602,12.93476651,2.179084333,18.83654536,0.65771911,1.270264985,0.002287366,1.36E-05,0.018631472,0.024545874,0.023721375,0.834739246,0.051222613,130.5484873,0.206184154,16.48870493,-2.754758773,0.675298609,10.86583462,0.164635631,-2.754758773,0.687076847,11.74569961,0.167688462,137.7691284,0.050248224,4372.009149,0.001683496,7.88E-08,1.23E-06,87.96825183,2.068764253,0.007399207,0.002119662,0.229646027,9.46E-07,0.00985312,0.023584791,0.001218233,0.054523732,10.91434176,0.060722612,357.0808944,0.056388219,12.48778989,3.01E-06,4.99E-06,0.639690198,8.11E-07,0.007919769,Not available,Not available,Not available,Not available,Not available
1,clay refining,US,neodynium_oxide,12.87241502,1.991291801,2.708232275,0.944848782,0.004382136,12.87241502,2.173648562,18.80657606,0.693838374,1.27003184,0.002286572,1.36E-05,0.018595668,0.024449644,0.023623285,0.834885626,0.051022748,130.5770569,0.205285131,16.39242611,-2.756727146,0.677825175,10.80420868,0.163510106,-2.756727146,0.688443458,11.68361723,0.16656292,137.9712028,0.050043132,4380.401853,0.001682882,7.87E-08,1.23E-06,92.758929,2.066846746,0.007389745,0.002114158,0.229793123,9.43E-07,0.009845309,0.023486657,0.001219463,0.054314926,10.88423383,0.060474703,356.8685339,0.056336916,12.42617583,3.01E-06,4.98E-06,0.637239771,8.08E-07,0.007932478,2.16E-06,2.16E-06,2.16E-06,0.000216016,-2.16E-05
1,hydrochloric acid digestion,AU,dysprosium_oxide,23.75437493,0.357695833,4.145596974,1.874238154,0.100192764,23.75437493,6.377890503,79.17423039,0.74465479,2.662293093,0.216547534,2.73E-05,0.020455868,0.033174663,0.031770909,0.924261743,0.054388144,371.223771,0.178286835,37.39924565,-0.535007667,4.66306698,16.35557658,0.017247229,-0.535007667,5.349373016,17.69239992,0.017251797,205.3319373,0.052139951,78343.55718,0.52876848,2.20E-07,8.24E-06,98.84978101,0.633365468,0.003951488,0.215201756,0.793610894,7.06E-07,0.010895776,0.031693911,0.003792557,0.057527999,-1103.132144,0.067211712,649.5846663,2.057759068,22.8068789,9.00E-06,4.86E-05,0.863664068,6.17E-07,0.009648432,Not available,Not available,Not available,Not available,Not available
1,hydrochloric acid digestion,BR,dysprosium_oxide,23.0113605,0.357701944,3.929891538,1.821857385,0.098241375,23.0113605,6.248930098,77.02006686,0.771650617,2.589890008,0.21642994,2.79E-05,0.01945355,0.031392584,0.02998929,0.923471004,0.051068883,370.2929934,0.212346181,35.93452079,-0.547766925,4.687523065,15.51763454,0.052036044,-0.547766925,5.408708838,16.84716211,0.052040618,196.1101407,0.048785484,78250.7551,0.528767837,2.19E-07,8.19E-06,101.9847134,0.665772475,0.004022467,0.21514676,0.793440139,7.11E-07,0.010692412,0.029912073,0.00375426,0.054059826,-1101.772104,0.063155309,634.8133743,2.042625327,22.05374234,8.83E-06,4.81E-05,0.819440621,6.24E-07,0.009421032,Not available,Not available,Not available,Not available,Not available
1,hydrochloric acid digestion,CA,dysprosium_oxide,Not available,Not available,Not available,Not available,Not available,Not available,Not available,Not available,Not available,Not available,Not available,Not available,Not available,Not available,Not available,Not available,Not available,Not available,Not available,Not available,Not available,Not available,Not available,Not available,Not available,Not available,Not available,Not available,Not available,Not available,Not available,Not available,Not available,Not available,Not available,Not available,Not available,Not available,Not available,Not available,Not available,Not available,Not available,Not available,Not available,Not available,Not available,Not available,Not available,Not available,Not available,Not available,Not available,Not available,Not available,Not available,Not available,Not available,Not available
1,hydrochloric acid digestion,CN,dysprosium_oxide,24.43826373,0.371944164,4.123185923,1.838920926,0.098462865,24.43826373,6.384570728,78.01059978,0.813056883,2.662463723,0.216439801,2.73E-05,0.020765573,0.032605286,0.031239578,0.924764318,0.053547416,478.2903793,0.180049998,37.96354964,-0.535635785,4.650488199,16.83345396,0.017197298,-0.535635785,5.336810641,18.32934105,0.017201908,205.4824784,0.051297305,78768.53261,0.528776283,2.21E-07,8.25E-06,107.2586606,0.661176829,0.004146733,0.215187374,0.794512264,6.96E-07,0.012296194,0.031168929,0.005285797,0.056650014,-1103.045248,0.066457585,645.9677287,2.046486815,23.40748784,9.01E-06,4.84E-05,0.851090807,6.08E-07,0.010183644,0.000709289,0.007092891,0.000709289,0.000709289,-0.007092891
1,hydrochloric acid digestion,EE,dysprosium_oxide,24.18529432,0.362756649,4.235678092,1.879524048,0.100344034,24.18529432,6.399792766,79.56631109,0.941971029,2.670096066,0.216559394,2.73E-05,0.022158971,0.033452783,0.032030799,0.925623707,0.059888069,372.5808797,0.187244845,37.85745126,-0.574993517,4.705337308,16.69919562,0.017450341,-0.574993517,5.391725559,18.06878191,0.017455047,213.1118679,0.057636769,78370.00529,0.528767655,2.20E-07,8.28E-06,126.2795535,0.641448171,0.003986563,0.215211603,0.795103614,7.06E-07,0.011304384,0.031954091,0.003804282,0.063047348,-1101.644008,0.072826965,651.5258308,2.05929751,23.22053379,9.02E-06,4.87E-05,0.870031613,6.17E-07,0.010105715,4.17E-05,0.000417229,4.17E-05,0.000417229,-0.000417229
1,hydrochloric acid digestion,JP,dysprosium_oxide,23.80589557,0.360612576,4.135751546,1.828909157,0.098438572,23.80589557,6.276146244,77.29478031,0.823091592,2.600690524,0.216448325,2.74E-05,0.020038239,0.032900916,0.031459707,0.926736736,0.05294435,372.3832318,0.179316373,36.96174999,-0.61372322,4.74911129,16.25751823,0.017309493,-0.61372322,5.435464857,17.64041559,0.017314221,206.549696,0.050691082,78318.12081,0.52876794,2.19E-07,8.23E-06,110.1717468,0.639170045,0.003980573,0.215194347,0.795301457,7.14E-07,0.010841257,0.031383533,0.003776798,0.056054276,-1103.090229,0.065578206,636.9625551,2.044138943,22.83430517,8.86E-06,4.82E-05,0.855668848,6.27E-07,0.00955899,Not available,Not available,Not available,Not available,Not available
1,hydrochloric acid digestion,MM,dysprosium_oxide,23.9382833,0.363603653,4.170036662,1.845506865,0.09897011,23.9382833,6.344407366,78.14052014,0.744556058,2.623347975,0.216484067,2.73E-05,0.020161461,0.032649927,0.031227746,0.924596374,0.053367661,371.3921598,0.185335963,37.46220566,-0.550024318,4.678483068,16.483818,0.024124085,-0.550024318,5.371906781,17.83825901,0.024128758,206.6591322,0.051111903,78324.32599,0.528771665,2.20E-07,8.23E-06,98.83622613,0.646881763,0.004021526,0.215199688,0.793957074,7.19E-07,0.010828216,0.031151294,0.003775153,0.056460721,-1102.854861,0.066049521,642.7028497,2.049156374,22.9785313,8.95E-06,4.84E-05,0.850042554,6.32E-07,0.009589242,Not available,Not available,Not available,Not available,Not available
1,hydrochloric acid digestion,MY,dysprosium_oxide,23.93731959,0.363525785,4.169790093,1.845352139,0.098969426,23.93731959,6.344191749,78.13719739,0.7445152,2.623144717,0.216484088,2.73E-05,0.02015913,0.032647164,0.031225067,0.924565152,0.053361083,371.3773412,0.185315509,37.46025152,-0.549986016,4.678448475,16.48296299,0.024120958,-0.549986016,5.371871301,17.83735093,0.024125622,206.6469217,0.051104859,78323.98104,0.528770885,2.20E-07,8.23E-06,98.83008393,0.646720752,0.004021248,0.215199624,0.793926269,7.19E-07,0.01082716,0.031148619,0.003775046,0.056453492,-1102.855695,0.066041939,642.6524319,2.049149601,22.97759863,8.95E-06,4.84E-05,0.849976777,6.32E-07,0.009588315,4.17E-05,0.000417229,0.004172289,0.417228853,-0.000417229
1,hydrochloric acid digestion,US,dysprosium_oxide,23.45581423,0.353876389,4.11709879,1.841497917,0.098948018,23.45581423,6.306111136,77.80654396,0.962430151,2.61722791,0.216471347,2.73E-05,0.019772722,0.032314623,0.030861459,0.926048549,0.05169334,371.4937704,0.179743818,36.74133809,-0.546798184,4.675178323,16.0266889,0.017214744,-0.546798184,5.361488003,17.37687572,0.017219273,208.3251709,0.049420486,78376.84175,0.528767726,2.19E-07,8.21E-06,127.7440489,0.628635024,0.003950999,0.21517016,0.795834017,7.01E-07,0.010645625,0.030791411,0.003781353,0.054751117,-1103.044345,0.064123716,640.4976229,2.048023237,22.50136654,8.90E-06,4.83E-05,0.840821645,6.12E-07,0.00958885,Not available,Not available,Not available,Not available,Not available
1,hydrochloric acid digestion,AU,neodynium_oxide,23.75437493,0.357695833,4.145596974,1.874238154,0.100192764,23.75437493,6.377890503,79.17423039,0.74465479,2.662293093,0.216547534,2.73E-05,0.020455868,0.033174663,0.031770909,0.924261743,0.054388144,371.223771,0.178286835,37.39924565,-0.535007667,4.66306698,16.35557658,0.017247229,-0.535007667,5.349373016,17.69239992,0.017251797,205.3319373,0.052139951,78343.55718,0.52876848,2.20E-07,8.24E-06,98.84978101,0.633365468,0.003951488,0.215201756,0.793610894,7.06E-07,0.010895776,0.031693911,0.003792557,0.057527999,-1103.132144,0.067211712,649.5846663,2.057759068,22.8068789,9.00E-06,4.86E-05,0.863664068,6.17E-07,0.009648432,Not available,Not available,Not available,Not available,Not available
1,hydrochloric acid digestion,BR,neodynium_oxide,23.0113605,0.357701944,3.929891538,1.821857385,0.098241375,23.0113605,6.248930098,77.02006686,0.771650617,2.589890008,0.21642994,2.79E-05,0.01945355,0.031392584,0.02998929,0.923471004,0.051068883,370.2929934,0.212346181,35.93452079,-0.547766925,4.687523065,15.51763454,0.052036044,-0.547766925,5.408708838,16.84716211,0.052040618,196.1101407,0.048785484,78250.7551,0.528767837,2.19E-07,8.19E-06,101.9847134,0.665772475,0.004022467,0.21514676,0.793440139,7.11E-07,0.010692412,0.029912073,0.00375426,0.054059826,-1101.772104,0.063155309,634.8133743,2.042625327,22.05374234,8.83E-06,4.81E-05,0.819440621,6.24E-07,0.009421032,Not available,Not available,Not available,Not available,Not available
1,hydrochloric acid digestion,CA,neodynium_oxide,Not available,Not available,Not available,Not available,Not available,Not available,Not available,Not available,Not available,Not available,Not available,Not available,Not available,Not available,Not available,Not available,Not available,Not available,Not available,Not available,Not available,Not available,Not available,Not available,Not available,Not available,Not available,Not available,Not available,Not available,Not available,Not available,Not available,Not available,Not available,Not available,Not available,Not available,Not available,Not available,Not available,Not available,Not available,Not available,Not available,Not available,Not available,Not available,Not available,Not available,Not available,Not available,Not available,Not available,Not available,Not available,Not available,Not available,Not available
1,hydrochloric acid digestion,CN,neodynium_oxide,24.43826373,0.371944164,4.123185923,1.838920926,0.098462865,24.43826373,6.384570728,78.01059978,0.813056883,2.662463723,0.216439801,2.73E-05,0.020765573,0.032605286,0.031239578,0.924764318,0.053547416,478.2903793,0.180049998,37.96354964,-0.535635785,4.650488199,16.83345396,0.017197298,-0.535635785,5.336810641,18.32934105,0.017201908,205.4824784,0.051297305,78768.53261,0.528776283,2.21E-07,8.25E-06,107.2586606,0.661176829,0.004146733,0.215187374,0.794512264,6.96E-07,0.012296194,0.031168929,0.005285797,0.056650014,-1103.045248,0.066457585,645.9677287,2.046486815,23.40748784,9.01E-06,4.84E-05,0.851090807,6.08E-07,0.010183644,0.000709289,0.007092891,0.000709289,0.000709289,-0.007092891
1,hydrochloric acid digestion,EE,neodynium_oxide,24.18529432,0.362756649,4.235678092,1.879524048,0.100344034,24.18529432,6.399792766,79.56631109,0.941971029,2.670096066,0.216559394,2.73E-05,0.022158971,0.033452783,0.032030799,0.925623707,0.059888069,372.5808797,0.187244845,37.85745126,-0.574993517,4.705337308,16.69919562,0.017450341,-0.574993517,5.391725559,18.06878191,0.017455047,213.1118679,0.057636769,78370.00529,0.528767655,2.20E-07,8.28E-06,126.2795535,0.641448171,0.003986563,0.215211603,0.795103614,7.06E-07,0.011304384,0.031954091,0.003804282,0.063047348,-1101.644008,0.072826965,651.5258308,2.05929751,23.22053379,9.02E-06,4.87E-05,0.870031613,6.17E-07,0.010105715,4.17E-05,0.000417229,4.17E-05,0.000417229,-0.000417229
1,hydrochloric acid digestion,JP,neodynium_oxide,23.80589557,0.360612576,4.135751546,1.828909157,0.098438572,23.80589557,6.276146244,77.29478031,0.823091592,2.600690524,0.216448325,2.74E-05,0.020038239,0.032900916,0.031459707,0.926736736,0.05294435,372.3832318,0.179316373,36.96174999,-0.61372322,4.74911129,16.25751823,0.017309493,-0.61372322,5.435464857,17.64041559,0.017314221,206.549696,0.050691082,78318.12081,0.52876794,2.19E-07,8.23E-06,110.1717468,0.639170045,0.003980573,0.215194347,0.795301457,7.14E-07,0.010841257,0.031383533,0.003776798,0.056054276,-1103.090229,0.065578206,636.9625551,2.044138943,22.83430517,8.86E-06,4.82E-05,0.855668848,6.27E-07,0.00955899,Not available,Not available,Not available,Not available,Not available
1,hydrochloric acid digestion,MM,neodynium_oxide,23.9382833,0.363603653,4.170036662,1.845506865,0.09897011,23.9382833,6.344407366,78.14052014,0.744556058,2.623347975,0.216484067,2.73E-05,0.020161461,0.032649927,0.031227746,0.924596374,0.053367661,371.3921598,0.185335963,37.46220566,-0.550024318,4.678483068,16.483818,0.024124085,-0.550024318,5.371906781,17.83825901,0.024128758,206.6591322,0.051111903,78324.32599,0.528771665,2.20E-07,8.23E-06,98.83622613,0.646881763,0.004021526,0.215199688,0.793957074,7.19E-07,0.010828216,0.031151294,0.003775153,0.056460721,-1102.854861,0.066049521,642.7028497,2.049156374,22.9785313,8.95E-06,4.84E-05,0.850042554,6.32E-07,0.009589242,Not available,Not available,Not available,Not available,Not available
1,hydrochloric acid digestion,MY,neodynium_oxide,23.93731959,0.363525785,4.169790093,1.845352139,0.098969426,23.93731959,6.344191749,78.13719739,0.7445152,2.623144717,0.216484088,2.73E-05,0.02015913,0.032647164,0.031225067,0.924565152,0.053361083,371.3773412,0.185315509,37.46025152,-0.549986016,4.678448475,16.48296299,0.024120958,-0.549986016,5.371871301,17.83735093,0.024125622,206.6469217,0.051104859,78323.98104,0.528770885,2.20E-07,8.23E-06,98.83008393,0.646720752,0.004021248,0.215199624,0.793926269,7.19E-07,0.01082716,0.031148619,0.003775046,0.056453492,-1102.855695,0.066041939,642.6524319,2.049149601,22.97759863,8.95E-06,4.84E-05,0.849976777,6.32E-07,0.009588315,4.17E-05,0.000417229,0.004172289,0.417228853,-0.000417229
1,hydrochloric acid digestion,US,neodynium_oxide,23.45581423,0.353876389,4.11709879,1.841497917,0.098948018,23.45581423,6.306111136,77.80654396,0.962430151,2.61722791,0.216471347,2.73E-05,0.019772722,0.032314623,0.030861459,0.926048549,0.05169334,371.4937704,0.179743818,36.74133809,-0.546798184,4.675178323,16.0266889,0.017214744,-0.546798184,5.361488003,17.37687572,0.017219273,208.3251709,0.049420486,78376.84175,0.528767726,2.19E-07,8.21E-06,127.7440489,0.628635024,0.003950999,0.21517016,0.795834017,7.01E-07,0.010645625,0.030791411,0.003781353,0.054751117,-1103.044345,0.064123716,640.4976229,2.048023237,22.50136654,8.90E-06,4.83E-05,0.840821645,6.12E-07,0.00958885,Not available,Not available,Not available,Not available,Not available
1,magnet manufacturing,AU,hp_magnet,5.84151326,0.039171821,1.418714226,0.323528235,0.009242347,5.84151326,5.109499662,11.25649336,0.029790938,1.315968286,0.000590538,1.36E-06,0.007847965,0.012010154,0.011866932,0.023046834,0.025320316,20.46589276,0.014993619,12.55654203,-0.118227224,0.127997534,5.554150329,0.000620586,-0.118227224,0.128402653,5.669224684,0.00062152,65.21571959,0.025558073,1225.578809,2.78E-05,0.00013496,4.14E-07,4.310780736,0.066725595,0.000446474,0.000383558,0.026130061,3.55E-08,0.002147994,0.011827759,0.000269428,0.026333481,0.639573308,0.030061521,95.7609979,0.072814548,5.781067712,2.21E-06,2.69E-06,0.29281372,3.37E-08,0.001980646,Not available,Not available,Not available,Not available,Not available
1,magnet manufacturing,BR,hp_magnet,2.506627724,0.03959348,0.446928793,0.086310891,0.000407027,2.506627724,4.531894894,1.503994297,0.152806333,0.988205039,5.31E-05,3.83E-06,0.003340602,0.003983126,0.003819274,0.019958737,0.010380323,16.81038285,0.169194977,5.94355454,-0.176390986,0.239073698,1.776715202,0.158124313,-0.176390986,0.397388359,1.867810989,0.158125267,23.70348407,0.010452864,829.3866477,1.87E-05,0.000134957,1.57E-07,18.6192423,0.214190619,0.000800753,0.000130511,0.026296072,4.56E-08,0.001238541,0.003779138,0.00010211,0.010714137,6.764390981,0.011777947,28.98124249,0.00428351,2.395634168,1.39E-06,4.50E-07,0.092883546,4.29E-08,0.000963084,Not available,Not available,Not available,Not available,Not available
1,magnet manufacturing,CA,hp_magnet,Not available,Not available,Not available,Not available,Not available,Not available,Not available,Not available,Not available,Not available,Not available,Not available,Not available,Not available,Not available,Not available,Not available,Not available,Not available,Not available,Not available,Not available,Not available,Not available,Not available,Not available,Not available,Not available,Not available,Not available,Not available,Not available,Not available,Not available,Not available,Not available,Not available,Not available,Not available,Not available,Not available,Not available,Not available,Not available,Not available,Not available,Not available,Not available,Not available,Not available,Not available,Not available,Not available,Not available,Not available,Not available,Not available,Not available,Not available
1,magnet manufacturing,CN,hp_magnet,7.614860019,0.093404078,1.298346842,0.155669076,0.001345056,7.614860019,5.082060695,5.532932537,0.343335409,1.086589527,0.0001008,1.30E-06,0.007012266,0.009606155,0.00948072,0.026993662,0.016921622,23.15019829,0.020988372,13.50885367,-0.167804091,0.149955108,6.568477208,0.000608093,-0.167804091,0.150603621,7.219419135,0.000609373,65.73491912,0.017161398,2213.410168,5.17E-05,0.000134963,3.85E-07,42.99303821,0.16736471,0.001095322,0.000309569,0.030649788,1.76E-08,0.005841077,0.009441369,0.000180512,0.017750967,0.955702031,0.021621113,62.17450917,0.020229233,7.273522239,2.17E-06,1.70E-06,0.234223361,1.78E-08,0.003133784,4.45E-05,0.000444986,4.45E-05,4.45E-05,-0.000444986
1,magnet manufacturing,EE,hp_magnet,7.793124476,0.06212592,1.825937353,0.347814232,0.00992973,7.793124476,5.208815111,13.04278262,0.922779027,1.351717927,0.000643088,1.21E-06,0.015573208,0.013283163,0.013058119,0.029441759,0.050247724,26.5544588,0.055569597,14.63343794,-0.299220035,0.319341864,7.110511335,0.001560408,-0.299220035,0.320125678,7.373901007,0.00156201,100.4011794,0.050483849,1346.28991,2.69E-05,0.000134962,6.20E-07,128.471112,0.103402541,0.000603479,0.000427338,0.032862475,3.60E-08,0.004004026,0.013020357,0.000322332,0.051354364,7.378783881,0.055518214,104.655066,0.079801617,7.654559779,2.35E-06,3.35E-06,0.322011334,3.47E-08,0.004057386,9.57E-07,9.57E-07,9.57E-07,9.57E-07,-9.57E-05
1,magnet manufacturing,JP,hp_magnet,6.076835953,0.052343517,1.375590925,0.118323004,0.001299084,6.076835953,4.649226659,2.747635727,0.385097839,1.037137064,0.000142271,1.51E-06,0.005969087,0.010806988,0.010496794,0.034516117,0.01881617,25.73725289,0.019637662,10.58237449,-0.474756099,0.517698538,5.114008877,0.000913633,-0.474756099,0.518320024,5.436341563,0.000915334,70.80062693,0.019035163,1110.103376,2.47E-05,0.00013496,3.40E-07,55.59897949,0.092905499,0.000578412,0.000352068,0.033836675,7.54E-08,0.001904368,0.010461367,0.000198417,0.019698093,0.828690774,0.022713583,38.62967758,0.011142428,5.907940025,1.55E-06,8.59E-07,0.257599359,7.08E-08,0.001578884,2.39E-06,2.39E-06,2.39E-06,2.39E-06,-2.39E-06
1,magnet manufacturing,MM,hp_magnet,6.672670199,0.065859169,1.529141511,0.193380066,0.003705353,6.672670199,4.957778488,6.57514435,0.029354161,1.139546418,0.000302724,1.42E-06,0.006514052,0.009632973,0.00940643,0.024611454,0.020692774,21.21061997,0.046888722,12.84051026,-0.186242721,0.19781052,6.133493385,0.031770507,-0.186242721,0.230447778,6.328181589,0.03177196,71.21438634,0.02089931,1138.401313,4.15E-05,0.000134961,3.44E-07,4.253647748,0.127766083,0.000763747,0.000373763,0.027680674,9.96E-08,0.00184204,0.009369735,0.000190516,0.021494537,1.894189187,0.024792265,64.5829197,0.033852342,6.556744232,1.99E-06,1.75E-06,0.231110214,9.45E-08,0.001712541,Not available,Not available,Not available,Not available,Not available
1,magnet manufacturing,MY,hp_magnet,6.672670199,0.065859169,1.529141511,0.193380066,0.003705353,6.672670199,4.957778488,6.57514435,0.029354161,1.139546418,0.000302724,1.42E-06,0.006514052,0.009632973,0.00940643,0.024611454,0.020692774,21.21061997,0.046888722,12.84051026,-0.186242721,0.19781052,6.133493385,0.031770507,-0.186242721,0.230447778,6.328181589,0.03177196,71.21438634,0.02089931,1138.401313,4.15E-05,0.000134961,3.44E-07,4.253647748,0.127766083,0.000763747,0.000373763,0.027680674,9.96E-08,0.00184204,0.009369735,0.000190516,0.021494537,1.894189187,0.024792265,64.5829197,0.033852342,6.556744232,1.99E-06,1.75E-06,0.231110214,9.45E-08,0.001712541,Not available,Not available,Not available,Not available,Not available
1,magnet manufacturing,US,hp_magnet,4.949872858,0.042281725,1.251193488,0.190536438,0.004078801,4.949872858,4.807537448,5.748950226,1.025594839,1.133091317,0.000280798,1.38E-06,0.005523368,0.00697153,0.006693838,0.028599595,0.01517016,21.98295711,0.02209701,10.18233157,-0.240538945,0.267507418,4.431607227,0.000726028,-0.240538945,0.268151437,4.613047288,0.000727019,76.75408363,0.01523236,1376.044459,2.46E-05,0.000134959,3.07E-07,136.3908632,0.074881333,0.000503271,0.000221658,0.031762337,2.60E-08,0.001625691,0.006655912,0.000224228,0.015724769,1.063985435,0.017942177,58.71742765,0.032439095,4.854630359,1.78E-06,1.46E-06,0.16334842,2.55E-08,0.002062301,Not available,Not available,Not available,Not available,Not available
1,metallothermic reduction,AU,dysprosium,5.774280232,0.1128234,1.099475864,0.278685541,0.002184409,5.774280232,0.855857287,6.76596635,0.533089557,0.3804146,0.000269893,9.91E-07,0.005712212,0.008828192,0.00854791,0.479523259,0.016260225,42.49719341,0.058216254,8.311164837,-0.325021927,0.338366039,4.951765058,0.006875837,-0.325021927,0.348515421,5.295125647,0.006877161,60.54165346,0.01477574,1335.206289,0.000284188,1.58E-08,4.26E-07,66.67715661,0.189614075,0.000912906,0.000465262,0.095428525,3.69E-08,0.003590766,0.008499603,0.000356525,0.016585893,2.409312855,0.019744286,97.58440775,0.021787779,5.589998122,1.21E-06,1.78E-06,0.209562417,3.57E-08,0.002410153,Not available,Not available,Not available,Not available,Not available
1,metallothermic reduction,BR,dysprosium,5.70321849,0.112832864,1.078762451,0.273623918,0.001995837,5.70321849,0.843554663,6.557836135,0.535716684,0.373421329,0.000258411,1.04E-06,0.005616093,0.008657058,0.008376308,0.479461007,0.015941581,42.42099472,0.061507676,8.170135643,-0.326263805,0.340737216,4.871227449,0.01023759,-0.326263805,0.35425699,5.214098009,0.010238915,59.65698366,0.014453573,1326.759092,0.000283998,1.57E-08,4.20E-07,66.98276359,0.192762302,0.000920476,0.000459856,0.095435285,3.71E-08,0.003571384,0.008327981,0.000352978,0.01625276,2.540049534,0.019354321,96.15996126,0.020325141,5.51784612,1.19E-06,1.73E-06,0.205299037,3.59E-08,0.002388468,Not available,Not available,Not available,Not available,Not available
1,metallothermic reduction,CA,dysprosium,Not available,Not available,Not available,Not available,Not available,Not available,Not available,Not available,Not available,Not available,Not available,Not available,Not available,Not available,Not available,Not available,Not available,Not available,Not available,Not available,Not available,Not available,Not available,Not available,Not available,Not available,Not available,Not available,Not available,Not available,Not available,Not available,Not available,Not available,Not available,Not available,Not available,Not available,Not available,Not available,Not available,Not available,Not available,Not available,Not available,Not available,Not available,Not available,Not available,Not available,Not available,Not available,Not available,Not available,Not available,Not available,Not available,Not available,Not available
1,metallothermic reduction,CN,dysprosium,5.812133304,0.113980807,1.09691062,0.275102565,0.002015849,5.812133304,0.855276252,6.643789088,0.539782353,0.3755184,0.000259429,9.90E-07,0.005694367,0.00877673,0.008496847,0.479607578,0.016080938,42.55478941,0.058344205,8.331499659,-0.326079988,0.338834614,4.973422811,0.006875583,-0.326079988,0.348989191,5.328217249,0.006876915,60.55293229,0.014596494,1356.251141,0.000284699,1.58E-08,4.25E-07,67.50284882,0.191761871,0.000926751,0.000463666,0.095525229,3.65E-08,0.003669588,0.008448537,0.000354631,0.016402675,2.416062266,0.019564074,96.8675566,0.020665358,5.621857781,1.21E-06,1.76E-06,0.208308751,3.54E-08,0.002434765,0.000255319,0.002553191,0.000255319,0.000255319,-0.002553191
1,metallothermic reduction,EE,dysprosium,5.815935128,0.113313315,1.108167574,0.279203899,0.00219908,5.815935128,0.85797708,6.804092642,0.552149353,0.381177636,0.000271015,9.88E-07,0.005877098,0.008855363,0.008573335,0.479659753,0.016792271,42.62714806,0.059082301,8.355493795,-0.32888501,0.342450063,4.984983795,0.006895896,-0.32888501,0.352607528,5.331510003,0.006897235,61.29264651,0.015307752,1337.782732,0.000284169,1.58E-08,4.30E-07,69.32721509,0.190396869,0.000916256,0.000466196,0.095572225,3.69E-08,0.003630381,0.008525058,0.000357654,0.017119935,2.553153502,0.02028763,97.77424189,0.02193691,5.629985656,1.21E-06,1.79E-06,0.210185607,3.58E-08,0.002454478,Not available,Not available,Not available,Not available,Not available
1,metallothermic reduction,JP,dysprosium,5.779224366,0.113103879,1.098518976,0.274303424,0.002014852,5.779224366,0.846021197,6.584303279,0.540671093,0.374459118,0.000260296,9.94E-07,0.005671831,0.008801714,0.008517814,0.479763531,0.01612054,42.60888119,0.058315194,8.268854208,-0.332630462,0.346682693,4.94225744,0.006882031,-0.332630462,0.356836668,5.290067745,0.006883372,60.65911047,0.014635629,1332.745821,0.000284122,1.58E-08,4.24E-07,67.77157294,0.190171473,0.000915717,0.000464536,0.095591562,3.77E-08,0.003585496,0.008469587,0.000355,0.016443326,2.413341596,0.019586265,96.36411835,0.020471215,5.59261385,1.19E-06,1.74E-06,0.208789237,3.65E-08,0.002401508,Not available,Not available,Not available,Not available,Not available
1,metallothermic reduction,MM,dysprosium,5.792020324,0.113392996,1.101832809,0.27590768,0.002066228,5.792020324,0.852618986,6.666048393,0.533080235,0.376649081,0.00026375,9.93E-07,0.005683741,0.008777454,0.008495394,0.479556655,0.016161455,42.51308934,0.058897018,8.317225822,-0.32647364,0.339856117,4.964130473,0.007540696,-0.32647364,0.350693457,5.309190327,0.007542031,60.66968816,0.014676304,1333.345589,0.000284482,1.58E-08,4.24E-07,66.67593722,0.19091688,0.000919677,0.000465053,0.095461624,3.83E-08,0.003584236,0.00844714,0.000354841,0.016482611,2.43609118,0.01963182,96.91894811,0.020956176,5.606554049,1.20E-06,1.76E-06,0.208245428,3.70E-08,0.00240443,Not available,Not available,Not available,Not available,Not available
1,metallothermic reduction,MY,dysprosium,5.792020324,0.113392996,1.101832809,0.27590768,0.002066228,5.792020324,0.852618986,6.666048393,0.533080235,0.376649081,0.00026375,9.93E-07,0.005683741,0.008777454,0.008495394,0.479556655,0.016161455,42.51308934,0.058897018,8.317225822,-0.32647364,0.339856117,4.964130473,0.007540696,-0.32647364,0.350693457,5.309190327,0.007542031,60.66968816,0.014676304,1333.345589,0.000284482,1.58E-08,4.24E-07,66.67593722,0.19091688,0.000919677,0.000465053,0.095461624,3.83E-08,0.003584236,0.00844714,0.000354841,0.016482611,2.43609118,0.01963182,96.91894811,0.020956176,5.606554049,1.20E-06,1.76E-06,0.208245428,3.70E-08,0.00240443,Not available,Not available,Not available,Not available,Not available
1,metallothermic reduction,US,dysprosium,5.755315234,0.112889708,1.095915763,0.27584723,0.002074195,5.755315234,0.849419026,6.648405751,0.554342895,0.376511806,0.000263283,9.92E-07,0.005662664,0.008720805,0.00843765,0.479642822,0.016043798,42.52990529,0.058367781,8.260548315,-0.327632375,0.34134345,4.927852516,0.006878122,-0.327632375,0.351497948,5.272643667,0.006879448,60.7886446,0.01455557,1338.286169,0.000284121,1.58E-08,4.23E-07,69.49610935,0.18978812,0.000914107,0.000461813,0.095548199,3.67E-08,0.003579638,0.00838937,0.000355565,0.016359692,2.418367249,0.01948588,96.79392896,0.020925974,5.57028308,1.20E-06,1.75E-06,0.206802909,3.56E-08,0.002411912,Not available,Not available,Not available,Not available,Not available
1,mining,AU,bastnasite,1.012809553,0.025262703,0.175149,0.053680162,0.000185614,1.012809553,0.239779536,0.889502775,0.017424314,0.07587606,5.57E-05,8.27E-06,0.011897943,0.069190937,0.067843328,0.013511548,0.048844737,16.23374165,0.008457861,2.119550245,-0.046475821,0.040211816,0.879972845,0.000984781,-0.046475821,0.041657445,0.954876776,0.000985497,8.459705558,0.036022109,55264.59209,3.08E-05,2.85E-09,6.54E-08,2.299545218,0.037323048,0.000136904,0.002936514,0.016644437,8.02E-09,0.004018276,0.067834351,0.000185163,0.05124148,0.332495435,0.070323755,20.90420732,0.00637592,0.987274119,3.41E-07,2.43E-07,1.672271567,7.65E-09,0.002706055,6.33E-07,6.33E-07,6.33E-07,6.33E-06,-6.33E-06
1,mining,BR,bastnasite,1.012809554,0.025262703,0.175149,0.053680162,0.000185614,1.012809554,0.239779536,0.889502774,0.017424314,0.07587606,5.57E-05,8.27E-06,0.011897943,0.069190937,0.067843328,0.013511548,0.048844737,16.23374166,0.008457862,2.119550244,-0.046475821,0.040211816,0.879972845,0.000984781,-0.046475821,0.041657445,0.954876777,0.000985497,8.459705561,0.036022109,55264.59209,3.08E-05,2.85E-09,6.54E-08,2.299545219,0.037323048,0.000136904,0.002936514,0.016644437,8.02E-09,0.004018276,0.067834351,0.000185163,0.05124148,0.332495435,0.070323755,20.9042073,0.00637592,0.987274119,3.41E-07,2.43E-07,1.672271567,7.65E-09,0.002706055,Not available,Not available,Not available,Not available,Not available
1,mining,CA,bastnasite,Not available,Not available,Not available,Not available,Not available,Not available,Not available,Not available,Not available,Not available,Not available,Not available,Not available,Not available,Not available,Not available,Not available,Not available,Not available,Not available,Not available,Not available,Not available,Not available,Not available,Not available,Not available,Not available,Not available,Not available,Not available,Not available,Not available,Not available,Not available,Not available,Not available,Not available,Not available,Not available,Not available,Not available,Not available,Not available,Not available,Not available,Not available,Not available,Not available,Not available,Not available,Not available,Not available,Not available,Not available,Not available,Not available,Not available,Not available
1,mining,CN,bastnasite,1.012809553,0.025262703,0.175149,0.053680162,0.000185614,1.012809553,0.239779536,0.889502775,0.017424314,0.07587606,5.57E-05,8.27E-06,0.011897943,0.069190937,0.067843328,0.013511548,0.048844737,16.23374165,0.008457861,2.119550245,-0.046475821,0.040211816,0.879972845,0.000984781,-0.046475821,0.041657445,0.954876776,0.000985497,8.459705558,0.036022109,55264.59209,3.08E-05,2.85E-09,6.54E-08,2.299545218,0.037323048,0.000136904,0.002936514,0.016644437,8.02E-09,0.004018276,0.067834351,0.000185163,0.05124148,0.332495435,0.070323755,20.90420732,0.00637592,0.987274119,3.41E-07,2.43E-07,1.672271567,7.65E-09,0.002706055,3.96E-06,3.96E-05,3.96E-06,3.96E-06,-3.96E-05
1,mining,EE,bastnasite,1.012809554,0.025262703,0.175149,0.053680162,0.000185614,1.012809554,0.239779536,0.889502774,0.017424314,0.07587606,5.57E-05,8.27E-06,0.011897943,0.069190937,0.067843328,0.013511548,0.048844737,16.23374166,0.008457862,2.119550244,-0.046475821,0.040211816,0.879972845,0.000984781,-0.046475821,0.041657445,0.954876777,0.000985497,8.459705561,0.036022109,55264.59209,3.08E-05,2.85E-09,6.54E-08,2.299545219,0.037323048,0.000136904,0.002936514,0.016644437,8.02E-09,0.004018276,0.067834351,0.000185163,0.05124148,0.332495435,0.070323755,20.9042073,0.00637592,0.987274119,3.41E-07,2.43E-07,1.672271567,7.65E-09,0.002706055,Not available,Not available,Not available,Not available,Not available
1,mining,JP,bastnasite,1.012809553,0.025262703,0.175149,0.053680162,0.000185614,1.012809553,0.239779536,0.889502775,0.017424314,0.07587606,5.57E-05,8.27E-06,0.011897943,0.069190937,0.067843328,0.013511548,0.048844737,16.23374165,0.008457861,2.119550245,-0.046475821,0.040211816,0.879972845,0.000984781,-0.046475821,0.041657445,0.954876776,0.000985497,8.459705558,0.036022109,55264.59209,3.08E-05,2.85E-09,6.54E-08,2.299545218,0.037323048,0.000136904,0.002936514,0.016644437,8.02E-09,0.004018276,0.067834351,0.000185163,0.05124148,0.332495435,0.070323755,20.90420732,0.00637592,0.987274119,3.41E-07,2.43E-07,1.672271567,7.65E-09,0.002706055,Not available,Not available,Not available,Not available,Not available
1,mining,MM,bastnasite,1.012809554,0.025262703,0.175149,0.053680162,0.000185614,1.012809554,0.239779536,0.889502774,0.017424314,0.07587606,5.57E-05,8.27E-06,0.011897943,0.069190937,0.067843328,0.013511548,0.048844737,16.23374166,0.008457862,2.119550244,-0.046475821,0.040211816,0.879972845,0.000984781,-0.046475821,0.041657445,0.954876777,0.000985497,8.459705561,0.036022109,55264.59209,3.08E-05,2.85E-09,6.54E-08,2.299545219,0.037323048,0.000136904,0.002936514,0.016644437,8.02E-09,0.004018276,0.067834351,0.000185163,0.05124148,0.332495435,0.070323755,20.9042073,0.00637592,0.987274119,3.41E-07,2.43E-07,1.672271567,7.65E-09,0.002706055,6.33E-06,0.00063307,6.33E-07,6.33E-07,-6.33E-07
1,mining,MY,bastnasite,1.012809554,0.025262703,0.175149,0.053680162,0.000185614,1.012809554,0.239779536,0.889502774,0.017424314,0.07587606,5.57E-05,8.27E-06,0.011897943,0.069190937,0.067843328,0.013511548,0.048844737,16.23374166,0.008457862,2.119550244,-0.046475821,0.040211816,0.879972845,0.000984781,-0.046475821,0.041657445,0.954876777,0.000985497,8.459705561,0.036022109,55264.59209,3.08E-05,2.85E-09,6.54E-08,2.299545219,0.037323048,0.000136904,0.002936514,0.016644437,8.02E-09,0.004018276,0.067834351,0.000185163,0.05124148,0.332495435,0.070323755,20.9042073,0.00637592,0.987274119,3.41E-07,2.43E-07,1.672271567,7.65E-09,0.002706055,Not available,Not available,Not available,Not available,Not available
1,mining,US,bastnasite,1.012809553,0.025262703,0.175149,0.053680162,0.000185614,1.012809553,0.239779536,0.889502775,0.017424314,0.07587606,5.57E-05,8.27E-06,0.011897943,0.069190937,0.067843328,0.013511548,0.048844737,16.23374165,0.008457861,2.119550245,-0.046475821,0.040211816,0.879972845,0.000984781,-0.046475821,0.041657445,0.954876776,0.000985497,8.459705558,0.036022109,55264.59209,3.08E-05,2.85E-09,6.54E-08,2.299545218,0.037323048,0.000136904,0.002936514,0.016644437,8.02E-09,0.004018276,0.067834351,0.000185163,0.05124148,0.332495435,0.070323755,20.90420732,0.00637592,0.987274119,3.41E-07,2.43E-07,1.672271567,7.65E-09,0.002706055,5.28E-08,5.28E-08,5.28E-08,5.28E-06,-5.28E-07
1,mining,AU,monazaite,1.070767051,-0.009209102,0.136315602,0.100154512,0.008060551,1.070767051,0.388588248,5.355103098,0.027185433,0.144473855,0.018219214,1.95E-06,0.000732148,0.001425474,0.001371219,0.022193309,0.001758742,19.27418711,0.005274316,1.745924645,-0.012536452,0.360778383,0.565150817,0.000653816,-0.012536452,0.416711657,0.616884784,0.000653948,6.796843183,0.00151125,6537.489398,0.044626631,1.31E-08,6.01E-07,3.610551304,-0.025762677,-0.000131717,0.018014267,0.047204535,7.10E-09,0.000412872,0.001370519,0.000198115,0.001808249,-93.61592353,0.002300656,34.96642534,0.169195738,1.023221127,5.51E-07,3.76E-06,0.033697195,6.99E-09,0.001448876,6.33E-07,6.33E-07,6.33E-07,6.33E-06,-6.33E-06
1,mining,BR,monazaite,1.07017701,-0.0092118,0.136177791,0.100146112,0.008060453,1.07017701,0.388482959,5.354896631,0.027174181,0.14445988,0.01821922,1.95E-06,0.000731591,0.001424194,0.001370103,0.022178221,0.001757198,19.2667483,0.005275514,1.745320043,-0.012533304,0.360776282,0.564710745,0.000655855,-0.012533304,0.416711862,0.616332973,0.000655987,6.790153632,0.001509687,6537.38607,0.04462662,1.31E-08,6.01E-07,3.608854866,-0.025765561,-0.00013177,0.018014242,0.04719144,7.20E-09,0.000412704,0.001369403,0.000198018,0.001806633,-93.6158845,0.002298806,34.96218488,0.169194827,1.022688545,5.51E-07,3.76E-06,0.033670789,7.08E-09,0.001448669,Not available,Not available,Not available,Not available,Not available
1,mining,CA,monazaite,Not available,Not available,Not available,Not available,Not available,Not available,Not available,Not available,Not available,Not available,Not available,Not available,Not available,Not available,Not available,Not available,Not available,Not available,Not available,Not available,Not available,Not available,Not available,Not available,Not available,Not available,Not available,Not available,Not available,Not available,Not available,Not available,Not available,Not available,Not available,Not available,Not available,Not available,Not available,Not available,Not available,Not available,Not available,Not available,Not available,Not available,Not available,Not available,Not available,Not available,Not available,Not available,Not available,Not available,Not available,Not available,Not available,Not available,Not available
1,mining,CN,monazaite,1.070682171,-0.009207511,0.136235117,0.100156719,0.008060515,1.070682171,0.388614826,5.355190801,0.027181168,0.144477176,0.01821922,1.95E-06,0.000732189,0.001425784,0.001371443,0.02219936,0.001758734,19.27584621,0.00527378,1.745762438,-0.012536119,0.360777239,0.565017843,0.000653422,-0.012536119,0.416710329,0.616788002,0.000653554,6.792906433,0.001511242,6537.689177,0.044626638,1.31E-08,6.01E-07,3.609880403,-0.025760643,-0.000131702,0.018014297,0.047208837,7.01E-09,0.000412989,0.001370742,0.000198137,0.001808249,-93.61595658,0.002300705,34.967676,0.169195744,1.023117236,5.51E-07,3.76E-06,0.033702146,6.90E-09,0.001448929,3.96E-06,3.96E-05,3.96E-06,3.96E-06,-3.96E-05
1,mining,EE,monazaite,1.070767052,-0.009209102,0.136315602,0.100154512,0.008060551,1.070767052,0.388588249,5.355103095,0.027185433,0.144473855,0.018219214,1.95E-06,0.000732148,0.001425474,0.001371219,0.022193309,0.001758742,19.27418717,0.005274316,1.745924645,-0.012536452,0.360778383,0.565150818,0.000653816,-0.012536452,0.416711657,0.616884785,0.000653948,6.796843192,0.00151125,6537.489397,0.044626631,1.31E-08,6.01E-07,3.610551306,-0.025762677,-0.000131717,0.018014267,0.047204535,7.10E-09,0.000412872,0.001370519,0.000198115,0.001808249,-93.61592353,0.002300656,34.96642528,0.169195738,1.023221128,5.51E-07,3.76E-06,0.033697195,6.99E-09,0.001448876,Not available,Not available,Not available,Not available,Not available
1,mining,JP,monazaite,1.071471071,-0.009204228,0.136600859,0.100170625,0.008060627,1.071471071,0.38872668,5.355410259,0.027200031,0.144502964,0.018219339,1.95E-06,0.000733942,0.001430587,0.001376658,0.022230505,0.001764267,19.28398161,0.005275463,1.747235953,-0.012547497,0.360789016,0.566029457,0.000653942,-0.012547497,0.416722308,0.617629416,0.000654075,6.810505283,0.001516935,6537.427938,0.044626643,1.31E-08,6.01E-07,3.61240018,-0.025753385,-0.000131681,0.018014552,0.047221436,7.23E-09,0.000413344,0.001375959,0.000198236,0.001814287,-93.61587289,0.002308259,34.97371334,0.169196968,1.023995601,5.51E-07,3.76E-06,0.033834694,7.11E-09,0.001449339,Not available,Not available,Not available,Not available,Not available
1,mining,MM,monazaite,1.070767052,-0.009209102,0.136315602,0.100154512,0.008060551,1.070767052,0.388588249,5.355103095,0.027185433,0.144473855,0.018219214,1.95E-06,0.000732148,0.001425474,0.001371219,0.022193309,0.001758742,19.27418717,0.005274316,1.745924645,-0.012536452,0.360778383,0.565150818,0.000653816,-0.012536452,0.416711657,0.616884785,0.000653948,6.796843192,0.00151125,6537.489397,0.044626631,1.31E-08,6.01E-07,3.610551306,-0.025762677,-0.000131717,0.018014267,0.047204535,7.10E-09,0.000412872,0.001370519,0.000198115,0.001808249,-93.61592353,0.002300656,34.96642528,0.169195738,1.023221128,5.51E-07,3.76E-06,0.033697195,6.99E-09,0.001448876,6.33E-06,0.00063307,6.33E-07,6.33E-07,-6.33E-07
1,mining,MY,monazaite,1.070767052,-0.009209102,0.136315602,0.100154512,0.008060551,1.070767052,0.388588249,5.355103095,0.027185433,0.144473855,0.018219214,1.95E-06,0.000732148,0.001425474,0.001371219,0.022193309,0.001758742,19.27418717,0.005274316,1.745924645,-0.012536452,0.360778383,0.565150818,0.000653816,-0.012536452,0.416711657,0.616884785,0.000653948,6.796843192,0.00151125,6537.489397,0.044626631,1.31E-08,6.01E-07,3.610551306,-0.025762677,-0.000131717,0.018014267,0.047204535,7.10E-09,0.000412872,0.001370519,0.000198115,0.001808249,-93.61592353,0.002300656,34.96642528,0.169195738,1.023221128,5.51E-07,3.76E-06,0.033697195,6.99E-09,0.001448876,Not available,Not available,Not available,Not available,Not available
1,mining,US,monazaite,1.070403178,-0.00920836,0.136217621,0.100154748,0.008060567,1.070403178,0.388601882,5.355152656,0.027199125,0.144473167,0.018219146,1.95E-06,0.000731751,0.00142479,0.001370553,0.022194327,0.001757456,19.27615878,0.005274912,1.745587736,-0.012537282,0.360779906,0.564883247,0.000653298,-0.012537282,0.416712898,0.616547375,0.00065343,6.792410541,0.001509946,6538.27356,0.044626633,1.31E-08,6.01E-07,3.612371879,-0.02576277,-0.000131654,0.018014182,0.047214597,6.94E-09,0.000412764,0.001369852,0.000198142,0.001806911,-93.61589365,0.002299154,34.9668286,0.169195847,1.022893774,5.51E-07,3.76E-06,0.033680911,6.83E-09,0.00144878,5.28E-08,5.28E-08,5.28E-08,5.28E-06,-5.28E-07
1,molten_salt electrolysis,AU,neodynium,8.702233707,0.042351874,1.690906536,0.341546739,0.010738245,8.702233707,0.918729526,12.5801624,0.029802634,0.477211235,0.000683657,1.22E-06,0.01250903,0.013360465,0.013187464,0.025624145,0.032735756,30.807704,0.012785007,10.53893618,-0.104147348,0.10438464,8.828340258,0.000683189,-0.104147348,0.106457265,8.506546494,0.00068472,77.62717647,0.032986,803.3872563,2.17E-05,1.29E-08,3.88E-07,3.835731061,0.071448408,0.000628355,0.000422368,0.025417985,4.35E-08,0.005037871,0.01319494,0.000513912,0.033823014,0.519916413,0.038814278,102.6463265,0.084183885,8.638105387,1.31E-06,2.96E-06,0.327195064,4.14E-08,0.005076795,Not available,Not available,Not available,Not available,Not available
1,molten_salt electrolysis,BR,neodynium,4.77699558,0.042860963,0.546797367,0.061971519,0.000323242,4.77699558,0.239122825,1.084539266,0.174887367,0.090938268,4.95E-05,4.12E-06,0.007199719,0.003907479,0.003708886,0.022175064,0.015135164,26.58563794,0.194572353,2.749333061,-0.172720829,0.235333957,4.379885785,0.186355942,-0.172720829,0.423556379,4.030930988,0.186357505,28.7616868,0.015190794,336.6055757,1.12E-05,9.12E-09,8.54E-08,20.71278157,0.245304319,0.001046094,0.000123819,0.025777288,5.42E-08,0.003967165,0.003715229,0.000317917,0.015422112,7.740817808,0.017274393,23.96544665,0.003400493,4.652701146,3.36E-07,3.13E-07,0.091705862,5.12E-08,0.003878881,Not available,Not available,Not available,Not available,Not available
1,molten_salt electrolysis,CA,neodynium,Not available,Not available,Not available,Not available,Not available,Not available,Not available,Not available,Not available,Not available,Not available,Not available,Not available,Not available,Not available,Not available,Not available,Not available,Not available,Not available,Not available,Not available,Not available,Not available,Not available,Not available,Not available,Not available,Not available,Not available,Not available,Not available,Not available,Not available,Not available,Not available,Not available,Not available,Not available,Not available,Not available,Not available,Not available,Not available,Not available,Not available,Not available,Not available,Not available,Not available,Not available,Not available,Not available,Not available,Not available,Not available,Not available,Not available,Not available
1,molten_salt electrolysis,CN,neodynium,10.78817299,0.106293402,1.547016952,0.143638018,0.001426121,10.78817299,0.886901639,5.833016433,0.398977501,0.206753765,0.000105435,1.14E-06,0.011525678,0.010405041,0.010256673,0.030250819,0.022814098,33.96981743,0.019831326,11.65931406,-0.162423557,0.130054613,10.01983114,0.000658349,-0.162423557,0.132406632,10.3296473,0.000660292,78.13869545,0.023063179,1964.483811,4.99E-05,1.58E-08,3.53E-07,49.37338486,0.190064636,0.001393106,0.000331038,0.030730965,2.24E-08,0.009403727,0.010263888,0.000409116,0.023674961,0.891490376,0.028806906,63.06314717,0.022178829,10.39296384,1.26E-06,1.78E-06,0.255230972,2.27E-08,0.006446916,0.000255319,0.002553191,0.000255319,0.000255319,-0.002553191
1,molten_salt electrolysis,EE,neodynium,11.00286485,0.069411023,2.170956148,0.370175968,0.011548558,11.00286485,1.035806244,14.68590596,1.082489861,0.519354231,0.000745605,1.04E-06,0.021615831,0.014861136,0.01459168,0.033162719,0.062121103,37.98513028,0.060617464,12.98725755,-0.317508337,0.329948378,10.6630359,0.001791085,-0.317508337,0.332467423,10.51608169,0.001793404,119.1050916,0.062369423,945.68595,2.07E-05,1.53E-08,6.31E-07,150.2004994,0.114684568,0.000813439,0.000473977,0.033354403,4.41E-08,0.00722583,0.014600818,0.000576277,0.063318551,8.464345881,0.068823565,113.1309823,0.092420499,10.8466468,1.47E-06,3.73E-06,0.361614287,4.26E-08,0.007524933,Not available,Not available,Not available,Not available,Not available
1,molten_salt electrolysis,JP,neodynium,8.975302093,0.057844152,1.638056849,0.099519021,0.001373507,8.975302093,0.375474757,2.546771122,0.448536744,0.148285409,0.000153574,1.38E-06,0.010278766,0.011898023,0.011525219,0.038894577,0.025020861,36.97630865,0.018249542,8.202087632,-0.524372604,0.563719886,8.303227245,0.001025295,-0.524372604,0.56604613,8.227194718,0.001027729,84.11441821,0.025247592,667.4937198,1.81E-05,1.22E-08,3.00E-07,64.28118845,0.102236596,0.000783662,0.000382312,0.034422642,8.89E-08,0.00474682,0.011537101,0.000429673,0.025948947,0.742426926,0.030086645,35.24880551,0.011469071,8.782574069,5.30E-07,7.94E-07,0.284491738,8.36E-08,0.004599327,Not available,Not available,Not available,Not available,Not available
1,molten_salt electrolysis,MM,neodynium,9.682032109,0.073811914,1.821082286,0.188123291,0.004211034,9.682032109,0.739875038,7.061615932,0.029287746,0.269238648,0.000344372,1.29E-06,0.010936564,0.010558157,0.010286934,0.027468578,0.027280639,31.68561674,0.05038413,10.87368842,-0.18432652,0.186682757,9.511291185,0.037403862,-0.18432652,0.226751814,9.283349157,0.037406004,84.69862576,0.027494079,700.619222,3.79E-05,1.36E-08,3.05E-07,3.76838063,0.143405209,0.001002368,0.000410821,0.027245907,1.19E-07,0.004677201,0.010297331,0.000420888,0.028118689,1.998903791,0.032602685,65.89246168,0.038253803,9.552501428,1.05E-06,1.85E-06,0.254456701,1.13E-07,0.004760743,Not available,Not available,Not available,Not available,Not available
1,molten_salt electrolysis,MY,neodynium,9.682032109,0.073811914,1.821082286,0.188123291,0.004211034,9.682032109,0.739875038,7.061615932,0.029287746,0.269238648,0.000344372,1.29E-06,0.010936564,0.010558157,0.010286934,0.027468578,0.027280639,31.68561674,0.05038413,10.87368842,-0.18432652,0.186682757,9.511291185,0.037403862,-0.18432652,0.226751814,9.283349157,0.037406004,84.69862576,0.027494079,700.619222,3.79E-05,1.36E-08,3.05E-07,3.76838063,0.143405209,0.001002368,0.000410821,0.027245907,1.19E-07,0.004677201,0.010297331,0.000420888,0.028118689,1.998903791,0.032602685,65.89246168,0.038253803,9.552501428,1.05E-06,1.85E-06,0.254456701,1.13E-07,0.004760743,Not available,Not available,Not available,Not available,Not available
1,molten_salt electrolysis,US,neodynium,7.662916655,0.046384158,1.496783474,0.184669534,0.004647206,7.662916655,0.562953897,6.082964314,1.202950467,0.26151416,0.000317596,1.24E-06,0.009784916,0.007607347,0.007272297,0.032258326,0.020829371,32.63681954,0.021116603,7.751216985,-0.249356237,0.269210245,7.514855503,0.000795534,-0.249356237,0.271532583,7.272555467,0.000797098,91.37119914,0.020878706,976.7965287,1.80E-05,1.15E-08,2.62E-07,159.4373952,0.081473935,0.000694921,0.000235787,0.032059616,3.33E-08,0.004422909,0.007281308,0.000461011,0.021391509,1.018021177,0.024646192,58.95432147,0.036558433,7.557133381,7.99E-07,1.50E-06,0.17909086,3.27E-08,0.005171277,Not available,Not available,Not available,Not available,Not available
1,sulfuric acid digestion,AU,dysprosium_oxide,20.78668782,0.318794147,3.847076254,1.695413563,0.080679098,20.78668782,5.305774301,67.43179645,0.643911273,2.388388705,0.173285063,2.26E-05,0.023726353,0.029200114,0.027857347,0.804542562,0.067445867,319.255948,0.15683918,32.95302007,-0.512525727,3.926769072,14.48238406,0.014996405,-0.512525727,4.476745148,15.68850979,0.015000476,189.6868935,0.066706519,63259.87892,0.423054296,1.88E-07,6.93E-06,85.65622207,0.561501418,0.003459328,0.172256899,0.658977861,6.57E-07,0.011190082,0.027766284,0.00323085,0.071069828,-881.7173603,0.086185659,582.7360652,1.652988062,19.95777891,7.48E-06,4.00E-05,0.759289852,5.74E-07,0.009622918,Not available,Not available,Not available,Not available,Not available
1,sulfuric acid digestion,BR,dysprosium_oxide,20.16330395,0.318285492,3.668809941,1.65279675,0.079098674,20.16330395,5.196806207,65.68319188,0.665183925,2.329464186,0.17319406,2.30E-05,0.022889861,0.027729919,0.026404033,0.803458154,0.064687288,318.1285082,0.184339339,31.75189772,-0.522722287,3.946427895,13.79185886,0.043143711,-0.522722287,4.524631628,14.9851235,0.043147785,182.0400716,0.06391993,63167.25878,0.423053241,1.87E-07,6.89E-06,88.10905676,0.586609618,0.00349441,0.172215819,0.658119807,6.75E-07,0.011015971,0.026312778,0.003195206,0.068192019,-880.5956379,0.082835413,570.6278121,1.640734094,19.32985039,7.33E-06,3.96E-05,0.723339996,5.93E-07,0.009429021,Not available,Not available,Not available,Not available,Not available
1,sulfuric acid digestion,CA,dysprosium_oxide,Not available,Not available,Not available,Not available,Not available,Not available,Not available,Not available,Not available,Not available,Not available,Not available,Not available,Not available,Not available,Not available,Not available,Not available,Not available,Not available,Not available,Not available,Not available,Not available,Not available,Not available,Not available,Not available,Not available,Not available,Not available,Not available,Not available,Not available,Not available,Not available,Not available,Not available,Not available,Not available,Not available,Not available,Not available,Not available,Not available,Not available,Not available,Not available,Not available,Not available,Not available,Not available,Not available,Not available,Not available,Not available,Not available,Not available,Not available
1,sulfuric acid digestion,CN,dysprosium_oxide,21.34642342,0.33026443,3.833294938,1.666881317,0.079285298,21.34642342,5.31054522,66.48859071,0.700157901,2.388167519,0.173198425,2.26E-05,0.023968141,0.028963969,0.027646598,0.80501191,0.066796302,404.9507025,0.158301683,33.41685681,-0.513440377,3.917162432,14.87583333,0.014977978,-0.513440377,4.467167043,16.20999158,0.014982086,190.0288676,0.066062146,63605.26769,0.42306054,1.89E-07,6.93E-06,92.58644969,0.58396381,0.003616739,0.172251659,0.659759684,6.50E-07,0.012292635,0.027560715,0.004425658,0.070408374,-881.6448682,0.085673774,579.761592,1.643897601,20.45048592,7.48E-06,3.98E-05,0.754510276,5.67E-07,0.010031928,0.000709289,0.007092891,0.000709289,0.000709289,-0.007092891
1,sulfuric acid digestion,EE,dysprosium_oxide,21.13507922,0.322885772,3.919903988,1.699687762,0.080801402,21.13507922,5.323482103,67.74880707,0.803437073,2.394698039,0.173294649,2.25E-05,0.025103307,0.029424994,0.02806749,0.805644108,0.071892502,320.3530381,0.164081597,33.32347508,-0.544853454,3.960943772,14.76019477,0.015160649,-0.544853454,4.51098633,15.99280869,0.015164832,195.9767499,0.071150666,63281.26351,0.423053616,1.88E-07,6.96E-06,107.8326261,0.568036225,0.00348767,0.172264859,0.660184641,6.57E-07,0.011520445,0.027976662,0.003240332,0.075532179,-880.5142269,0.090725549,584.3056538,1.654231904,20.29221236,7.50E-06,4.01E-05,0.764438583,5.74E-07,0.009992636,4.17E-05,0.000417229,4.17E-05,0.000417229,-0.000417229
1,sulfuric acid digestion,JP,dysprosium_oxide,20.82833826,0.321152155,3.839115929,1.658765763,0.07926086,20.82833826,5.223515614,65.91229247,0.707326118,2.338583959,0.173204842,2.26E-05,0.023388706,0.028978792,0.027605743,0.806543644,0.066278571,320.1933189,0.157671494,32.59931008,-0.576165943,3.996334443,14.40310293,0.015046756,-0.576165943,4.546348945,15.64647841,0.015050957,190.6714092,0.065535127,63239.31387,0.423053843,1.88E-07,6.92E-06,94.80984768,0.566193992,0.003482831,0.172250908,0.66034462,6.64E-07,0.011146004,0.027515347,0.003218105,0.069878337,-881.6834746,0.084864986,572.5312758,1.641976411,19.9799495,7.37E-06,3.96E-05,0.752825817,5.82E-07,0.009550623,Not available,Not available,Not available,Not available,Not available
1,sulfuric acid digestion,MM,dysprosium_oxide,20.93537148,0.323570368,3.866834865,1.672184718,0.0796906,20.93537148,5.278703523,66.59605865,0.643831468,2.356902111,0.173233745,2.26E-05,0.023488328,0.028775871,0.027418207,0.804813194,0.066620811,319.3920517,0.16253823,33.00391995,-0.524666457,3.939232719,14.58606245,0.020556237,-0.524666457,4.494963316,15.80643145,0.020560394,190.7598865,0.065875354,63244.33065,0.423056862,1.88E-07,6.92E-06,85.64527105,0.572428738,0.003515951,0.172255225,0.659257702,6.68E-07,0.011135461,0.027327586,0.003216774,0.070206941,-881.4931831,0.085246036,577.1722029,1.64603292,20.09655386,7.44E-06,3.98E-05,0.748277054,5.86E-07,0.009575069,Not available,Not available,Not available,Not available,Not available
1,sulfuric acid digestion,MY,dysprosium_oxide,20.93460051,0.323508073,3.86663761,1.672060938,0.079690053,20.93460051,5.278531029,66.59340045,0.643798781,2.356739505,0.173233762,2.26E-05,0.023486463,0.028773661,0.027416064,0.804788216,0.066615549,319.3801968,0.162521867,33.00235664,-0.524635815,3.939205045,14.58537844,0.020553736,-0.524635815,4.494934932,15.80570499,0.020557885,190.7501181,0.065869718,63244.05469,0.423056237,1.88E-07,6.92E-06,85.64035729,0.572299929,0.003515728,0.172255174,0.659233058,6.68E-07,0.011134616,0.027325446,0.003216689,0.070201158,-881.4938508,0.08523997,577.1318687,1.646027501,20.09580773,7.44E-06,3.98E-05,0.748224432,5.86E-07,0.009574327,4.17E-05,0.000417229,0.004172289,0.417228853,-0.000417229
1,sulfuric acid digestion,US,dysprosium_oxide,20.53133564,0.315814812,3.81910261,1.66921044,0.079680966,20.53133564,5.248109962,66.33720664,0.821491257,2.352291187,0.173223992,2.26E-05,0.02315218,0.028152023,0.026776006,0.805906974,0.0651804,319.4258373,0.158078891,32.40512747,-0.522722607,3.937273125,14.20295073,0.014989842,-0.522722607,4.487266483,15.41890403,0.014993901,191.9069893,0.064409815,63281.16939,0.423053646,1.88E-07,6.91E-06,109.2166698,0.557913232,0.003458306,0.172221379,0.660698925,6.53E-07,0.010990115,0.026690369,0.003221501,0.068708828,-881.642955,0.083490255,575.4636379,1.645169147,19.69729305,7.40E-06,3.97E-05,0.732285323,5.70E-07,0.009581356,Not available,Not available,Not available,Not available,Not available
1,sulfuric acid digestion,AU,neodynium_oxide,20.78668697,0.318794156,3.847076288,1.695413577,0.080679098,20.78668697,5.305774325,67.43179669,0.643911276,2.388388724,0.173285063,2.26E-05,0.023726353,0.029200114,0.027857347,0.804542568,0.067445867,319.2559496,0.15683918,32.95301898,-0.512525731,3.926768155,14.48238413,0.014996405,-0.512525731,4.476744231,15.68850986,0.015000476,189.6868951,0.066706519,63259.87895,0.423054296,1.88E-07,6.93E-06,85.65622251,0.561501437,0.003459328,0.172256899,0.658977869,6.57E-07,0.011190082,0.027766284,0.00323085,0.071069828,-881.7173603,0.08618566,582.73607,1.652988062,19.95777806,7.48E-06,4.00E-05,0.759289857,5.74E-07,0.009622918,Not available,Not available,Not available,Not available,Not available
1,sulfuric acid digestion,BR,neodynium_oxide,20.16330308,0.318285493,3.668809968,1.652796754,0.079098674,20.16330308,5.196806215,65.68319196,0.665183928,2.329464191,0.17319406,2.30E-05,0.022889861,0.027729919,0.026404033,0.803458158,0.064687288,318.1285087,0.184339339,31.75189655,-0.522722288,3.946426976,13.79185891,0.043143711,-0.522722288,4.524630709,14.98512355,0.043147785,182.0400729,0.06391993,63167.2588,0.423053241,1.87E-07,6.89E-06,88.1090571,0.586609619,0.00349441,0.172215819,0.658119808,6.75E-07,0.011015971,0.026312778,0.003195206,0.068192019,-880.5956379,0.082835414,570.6278133,1.640734094,19.32984952,7.33E-06,3.96E-05,0.723339998,5.93E-07,0.009429021,Not available,Not available,Not available,Not available,Not available
1,sulfuric acid digestion,CA,neodynium_oxide,Not available,Not available,Not available,Not available,Not available,Not available,Not available,Not available,Not available,Not available,Not available,Not available,Not available,Not available,Not available,Not available,Not available,Not available,Not available,Not available,Not available,Not available,Not available,Not available,Not available,Not available,Not available,Not available,Not available,Not available,Not available,Not available,Not available,Not available,Not available,Not available,Not available,Not available,Not available,Not available,Not available,Not available,Not available,Not available,Not available,Not available,Not available,Not available,Not available,Not available,Not available,Not available,Not available,Not available,Not available,Not available,Not available,Not available,Not available
1,sulfuric acid digestion,CN,neodynium_oxide,21.34642258,0.330264439,3.833294971,1.666881331,0.079285298,21.34642258,5.310545244,66.48859095,0.700157905,2.388167537,0.173198425,2.26E-05,0.023968141,0.028963969,0.027646598,0.805011916,0.066796302,404.9507042,0.158301684,33.41685572,-0.513440381,3.917161514,14.87583339,0.014977979,-0.513440381,4.467166126,16.20999165,0.014982086,190.0288692,0.066062146,63605.26772,0.42306054,1.89E-07,6.93E-06,92.58645013,0.583963828,0.003616739,0.172251659,0.659759692,6.50E-07,0.012292635,0.027560716,0.004425658,0.070408374,-881.6448682,0.085673774,579.7615967,1.643897601,20.45048507,7.48E-06,3.98E-05,0.754510281,5.67E-07,0.010031928,0.000709289,0.007092891,0.000709289,0.000709289,-0.007092891
1,sulfuric acid digestion,EE,neodynium_oxide,21.13507835,0.322885773,3.919904016,1.699687766,0.080801402,21.13507835,5.323482112,67.74880716,0.803437076,2.394698045,0.173294649,2.25E-05,0.025103307,0.029424994,0.02806749,0.805644112,0.071892503,320.3530386,0.164081598,33.32347392,-0.544853455,3.960942854,14.76019481,0.015160649,-0.544853455,4.510985411,15.99280874,0.015164832,195.9767512,0.071150666,63281.26353,0.423053616,1.88E-07,6.96E-06,107.8326264,0.568036226,0.00348767,0.172264859,0.660184642,6.57E-07,0.011520446,0.027976662,0.003240332,0.075532179,-880.5142269,0.090725549,584.3056553,1.654231904,20.29221149,7.50E-06,4.01E-05,0.764438586,5.74E-07,0.009992636,4.17E-05,0.000417229,4.17E-05,0.000417229,-0.000417229
1,sulfuric acid digestion,JP,neodynium_oxide,20.82833742,0.321152164,3.839115962,1.658765777,0.07926086,20.82833742,5.223515638,65.91229271,0.707326121,2.338583978,0.173204842,2.26E-05,0.023388706,0.028978793,0.027605743,0.80654365,0.066278572,320.1933206,0.157671494,32.59930899,-0.576165947,3.996333525,14.403103,0.015046757,-0.576165947,4.546348029,15.64647848,0.015050957,190.6714108,0.065535127,63239.3139,0.423053843,1.88E-07,6.92E-06,94.80984812,0.566194011,0.003482831,0.172250908,0.660344628,6.64E-07,0.011146004,0.027515347,0.003218105,0.069878338,-881.6834746,0.084864986,572.5312806,1.641976412,19.97994865,7.37E-06,3.96E-05,0.752825822,5.82E-07,0.009550623,Not available,Not available,Not available,Not available,Not available
1,sulfuric acid digestion,MM,neodynium_oxide,20.93537061,0.323570369,3.866834892,1.672184722,0.0796906,20.93537061,5.278703532,66.59605874,0.64383147,2.356902117,0.173233745,2.26E-05,0.023488328,0.028775871,0.027418207,0.804813198,0.066620811,319.3920523,0.162538231,33.00391879,-0.524666458,3.9392318,14.58606249,0.020556237,-0.524666458,4.494962398,15.8064315,0.020560394,190.7598878,0.065875354,63244.33066,0.423056862,1.88E-07,6.92E-06,85.6452714,0.572428739,0.003515951,0.172255225,0.659257703,6.68E-07,0.011135461,0.027327586,0.003216774,0.070206942,-881.493183,0.085246036,577.1722043,1.64603292,20.09655299,7.44E-06,3.98E-05,0.748277057,5.86E-07,0.009575069,Not available,Not available,Not available,Not available,Not available
1,sulfuric acid digestion,MY,neodynium_oxide,20.93459964,0.323508074,3.866637637,1.672060942,0.079690053,20.93459964,5.278531038,66.59340054,0.643798784,2.356739511,0.173233762,2.26E-05,0.023486464,0.028773661,0.027416064,0.80478822,0.066615549,319.3801973,0.162521868,33.00235548,-0.524635817,3.939204126,14.58537849,0.020553736,-0.524635817,4.494934014,15.80570504,0.020557885,190.7501194,0.065869718,63244.0547,0.423056237,1.88E-07,6.92E-06,85.64035764,0.57229993,0.003515728,0.172255174,0.659233059,6.68E-07,0.011134616,0.027325446,0.003216689,0.070201158,-881.4938507,0.08523997,577.1318701,1.646027501,20.09580686,7.44E-06,3.98E-05,0.748224435,5.86E-07,0.009574327,4.17E-05,0.000417229,0.004172289,0.417228853,-0.000417229
1,sulfuric acid digestion,US,neodynium_oxide,20.5313348,0.315814821,3.819102643,1.669210454,0.079680966,20.5313348,5.248109986,66.33720688,0.82149126,2.352291205,0.173223992,2.26E-05,0.02315218,0.028152023,0.026776007,0.805906979,0.065180401,319.425839,0.158078892,32.40512637,-0.522722611,3.937272208,14.20295079,0.014989842,-0.522722611,4.487265566,15.4189041,0.014993901,191.9069909,0.064409815,63281.16942,0.423053646,1.88E-07,6.91E-06,109.2166702,0.55791325,0.003458306,0.172221379,0.660698933,6.53E-07,0.010990115,0.02669037,0.003221501,0.068708828,-881.642955,0.083490255,575.4636426,1.645169147,19.6972922,7.40E-06,3.97E-05,0.732285327,5.70E-07,0.009581356,Not available,Not available,Not available,Not available,Not available
1,cryogenic,US,neodynium dysprosium iron alloy,0,0,0,0,0,0,0,0,0,0,0,0,0,0,0,0,0,0,0,0,0,0,0,0,0,0,0,0,0,0,0,0,0,0,0,0,0,0,0,0,0,0,0,0,0,0,0,0,0,0,0,0,0,0,Not available,Not available,Not available,Not available,Not available
1,direct reuse,US,hp_magnet,0,0,0,0,0,0,0,0,0,0,0,0,0,0,0,0,0,0,0,0,0,0,0,0,0,0,0,0,0,0,0,0,0,0,0,0,0,0,0,0,0,0,0,0,0,0,0,0,0,0,0,0,0,0,Not available,Not available,Not available,Not available,Not available
1,hydrometallurgical,US,neodynium dysprosium iron alloy,0,0,0,0,0,0,0,0,0,0,0,0,0,0,0,0,0,0,0,0,0,0,0,0,0,0,0,0,0,0,0,0,0,0,0,0,0,0,0,0,0,0,0,0,0,0,0,0,0,0,0,0,0,0,Not available,Not available,Not available,Not available,Not available
1,magnet-to-magnet recycling,US,hp_magnet,0,0,0,0,0,0,0,0,0,0,0,0,0,0,0,0,0,0,0,0,0,0,0,0,0,0,0,0,0,0,0,0,0,0,0,0,0,0,0,0,0,0,0,0,0,0,0,0,0,0,0,0,0,0,Not available,Not available,Not available,Not available,Not available
1,magnet_market_mix,US,hp_magnet,0,0,0,0,0,0,0,0,0,0,0,0,0,0,0,0,0,0,0,0,0,0,0,0,0,0,0,0,0,0,0,0,0,0,0,0,0,0,0,0,0,0,0,0,0,0,0,0,0,0,0,0,0,0,Not available,Not available,Not available,Not available,Not available
1,pyrometallurgical,US,neodynium dysprosium iron alloy,0,0,0,0,0,0,0,0,0,0,0,0,0,0,0,0,0,0,0,0,0,0,0,0,0,0,0,0,0,0,0,0,0,0,0,0,0,0,0,0,0,0,0,0,0,0,0,0,0,0,0,0,0,0,Not available,Not available,Not available,Not available,Not available
1,use phase,US,hp_magnet,0,0,0,0,0,0,0,0,0,0,0,0,0,0,0,0,0,0,0,0,0,0,0,0,0,0,0,0,0,0,0,0,0,0,0,0,0,0,0,0,0,0,0,0,0,0,0,0,0,0,0,0,0,0,Not available,Not available,Not available,Not available,Not available
2,beneficiation,AU,flurocarbonate,0.593661098,0.374074271,0.166122169,0.040729897,0.000611379,0.593661098,0.108992864,1.010773525,0.011391336,0.057944439,4.21E-05,2.32E-07,0.000770681,0.001464161,0.001415615,0.021763067,0.002504035,8.436430292,0.003232621,-15.91516681,-12.46283724,0.013605112,0.540127071,0.000240432,-12.46283724,0.014221564,0.568709908,0.000240608,7.85628534,0.002291881,321.0430502,8.04E-05,2.00E-09,5.52E-08,1.496397471,0.838341515,8.91E-05,6.61E-05,0.011019705,1.45E-08,0.000299563,0.001412573,7.98E-05,0.002584603,0.655096545,0.003226091,14.98848681,0.005987682,0.57866583,1.55E-07,2.52E-07,0.034804949,1.30E-08,0.000255847,2.59E-05,2.59E-05,2.59E-05,0.000259219,-0.000259219
2,beneficiation,BR,flurocarbonate,0.40306374,0.374055882,0.110680707,0.027195618,0.000108934,0.40306374,0.075855993,0.455170522,0.018346987,0.039231269,1.16E-05,3.71E-07,0.000512853,0.0010051,0.000956015,0.02156457,0.001650347,8.192467611,0.011997021,-16.29212902,-12.46609501,0.019881856,0.324727469,0.009195155,-12.46609501,0.029475922,0.351712865,0.009195332,5.486586886,0.001428801,297.8288813,7.99E-05,1.81E-09,4.05E-08,2.304663567,0.846650403,0.000108046,5.17E-05,0.010995561,1.55E-08,0.00024727,0.000952916,7.01E-05,0.001692206,1.003927152,0.002181929,11.17184773,0.002090033,0.385316128,1.07E-07,1.24E-07,0.023391786,1.38E-08,0.000197345,Not available,Not available,Not available,Not available,Not available
2,beneficiation,CA,flurocarbonate,Not available,Not available,Not available,Not available,Not available,Not available,Not available,Not available,Not available,Not available,Not available,Not available,Not available,Not available,Not available,Not available,Not available,Not available,Not available,Not available,Not available,Not available,Not available,Not available,Not available,Not available,Not available,Not available,Not available,Not available,Not available,Not available,Not available,Not available,Not available,Not available,Not available,Not available,Not available,Not available,Not available,Not available,Not available,Not available,Not available,Not available,Not available,Not available,Not available,Not available,Not available,Not available,Not available,Not available,Not available,Not available,Not available,Not available,Not available
2,beneficiation,CN,flurocarbonate,0.690411351,0.377169878,0.157381485,0.031171915,0.000160322,0.690411351,0.107673424,0.686077242,0.028806456,0.044873323,1.40E-05,2.26E-07,0.000725081,0.001229374,0.001184108,0.021961483,0.002009638,8.573925154,0.003555599,-15.86564191,-12.46551571,0.014671752,0.593769945,0.000230353,-12.46551571,0.015295511,0.652900571,0.000230548,7.790042728,0.001794657,375.5354515,8.18E-05,2.14E-09,5.36E-08,3.638362042,0.844050962,0.000125951,5.90E-05,0.011254443,1.33E-08,0.000520265,0.001181012,7.46E-05,0.002071763,0.672031594,0.002699336,13.08721312,0.002987141,0.65940133,1.52E-07,1.96E-07,0.029113586,1.19E-08,0.000330705,0.000162012,0.001620119,0.000162012,0.000162012,-0.001620119
2,beneficiation,EE,flurocarbonate,0.70459731,0.375379069,0.189270115,0.042110396,0.000650452,0.70459731,0.11463831,1.11231229,0.062151808,0.059976572,4.51E-05,2.23E-07,0.00120981,0.001536523,0.001483326,0.022126578,0.003920993,8.782526018,0.005539097,-15.79710898,-12.47312549,0.024481773,0.628595919,0.000293855,-12.47312549,0.025119752,0.665609503,0.000294068,9.856346342,0.003708746,327.9046827,8.03E-05,2.11E-09,6.69E-08,8.554091904,0.840426377,9.80E-05,6.86E-05,0.011402401,1.45E-08,0.000405066,0.001480364,8.28E-05,0.004006875,1.038176138,0.004673136,15.49405653,0.006384851,0.685161485,1.63E-07,2.90E-07,0.036464641,1.30E-08,0.000373895,Not available,Not available,Not available,Not available,Not available
2,beneficiation,JP,flurocarbonate,0.606828421,0.3748213,0.16357376,0.029059343,0.000159812,0.606828421,0.082797165,0.526964377,0.031582652,0.042083666,1.65E-05,2.40E-07,0.000663138,0.001393641,0.001335461,0.022402965,0.002132023,8.73387936,0.003496121,-16.02784943,-12.48310046,0.035754211,0.514806169,0.000256928,-12.48310046,0.036382893,0.555239588,0.000257147,8.169099378,0.001918735,314.490274,8.02E-05,1.96E-09,5.10E-08,4.411071314,0.839826102,9.65E-05,6.42E-05,0.011453907,1.67E-08,0.000285528,0.001332632,7.58E-05,0.002204917,0.665825978,0.002805245,11.7385844,0.002481381,0.585632089,1.17E-07,1.48E-07,0.032745798,1.50E-08,0.000232823,Not available,Not available,Not available,Not available,Not available
2,beneficiation,MM,flurocarbonate,0.64090689,0.37559128,0.172399233,0.033331835,0.000296637,0.64090689,0.100368538,0.744669797,0.011366509,0.047916025,2.57E-05,2.35E-07,0.000694857,0.001329034,0.001275751,0.021852007,0.00224099,8.478764174,0.005045647,-15.89902507,-12.46670347,0.01757352,0.573058905,0.002011099,-12.46670347,0.020022156,0.606167265,0.002011304,8.197270031,0.002027061,316.0875903,8.12E-05,2.03E-09,5.12E-08,1.493149885,0.841811282,0.000107126,6.56E-05,0.01110785,1.81E-08,0.000282171,0.00127285,7.53E-05,0.002309541,0.726413172,0.002926569,13.21621994,0.003772938,0.622757926,1.42E-07,1.98E-07,0.031297513,1.64E-08,0.000240607,0.000259219,0.025921902,2.59E-05,2.59E-05,-2.59E-05
2,beneficiation,MY,flurocarbonate,0.64090689,0.37559128,0.172399233,0.033331835,0.000296637,0.64090689,0.100368538,0.744669797,0.011366509,0.047916025,2.57E-05,2.35E-07,0.000694857,0.001329034,0.001275751,0.021852007,0.00224099,8.478764174,0.005045647,-15.89902507,-12.46670347,0.01757352,0.573058905,0.002011099,-12.46670347,0.020022156,0.606167265,0.002011304,8.197270031,0.002027061,316.0875903,8.12E-05,2.03E-09,5.12E-08,1.493149885,0.841811282,0.000107126,6.56E-05,0.01110785,1.81E-08,0.000282171,0.00127285,7.53E-05,0.002309541,0.726413172,0.002926569,13.21621994,0.003772938,0.622757926,1.42E-07,1.98E-07,0.031297513,1.64E-08,0.000240607,Not available,Not available,Not available,Not available,Not available
2,beneficiation,US,flurocarbonate,0.549631098,0.374220197,0.158763601,0.033066874,0.000314653,0.549631098,0.091704864,0.693371756,0.067341341,0.047420713,2.43E-05,2.35E-07,0.000648899,0.001331233,0.001272185,0.022114466,0.001967206,8.544935059,0.003609619,-16.04249433,-12.46955574,0.021292923,0.482652325,0.00023812,-12.46955574,0.021916925,0.515476711,0.0002383,8.599714605,0.001749965,331.6933937,8.02E-05,1.93E-09,4.90E-08,8.917623248,0.838726208,9.26E-05,6.12E-05,0.011368092,1.41E-08,0.000269428,0.001269273,7.74E-05,0.002034408,0.677738833,0.002626226,12.85420082,0.003672692,0.532422866,1.30E-07,1.81E-07,0.03116134,1.26E-08,0.000257938,2.16E-06,2.16E-06,2.16E-06,0.000216016,-2.16E-05
2,beneficiation,AU,phosphate,0.202385493,0.030783748,0.041074614,0.018304633,0.000187281,0.202385493,0.043577605,0.424103668,0.003693724,0.024449109,4.81E-05,2.34E-07,0.000309635,0.000378179,0.000367367,0.018954704,0.000922632,3.608781357,0.003058772,0.27501636,-0.033796503,0.012913128,0.157862452,0.020466696,-0.033796503,0.013543564,0.165298603,0.020611264,1.952363686,0.000943498,327.3317558,1.02E-05,1.31E-09,2.52E-08,0.529717513,0.035152324,0.000219696,1.91E-05,0.007164696,5.77E-09,0.000110314,0.000368029,3.85E-05,0.000991589,0.851350724,0.001063771,6.162389855,0.001831485,0.198420924,6.16E-08,1.00E-07,0.009131785,5.03E-09,0.001107167,2.59E-05,2.59E-05,2.59E-05,0.000259219,-0.000259219
2,beneficiation,BR,phosphate,0.145034674,0.030776845,0.024456635,0.014252823,3.69E-05,0.145034674,0.033660177,0.257699617,0.00575587,0.018791459,3.90E-05,2.76E-07,0.000231886,0.000241213,0.000230092,0.019031395,0.000666406,3.414946356,0.005694139,0.161768447,-0.034773461,0.014800564,0.093135599,0.023162306,-0.034773461,0.018133437,0.100026974,0.023306874,1.241696153,0.000684427,320.1276716,9.88E-06,1.26E-09,2.08E-08,0.768810948,0.037650847,0.000225501,1.48E-05,0.007144503,6.00E-09,9.33E-05,0.000230741,3.38E-05,0.000723774,0.956150538,0.000750439,5.01482867,0.000663511,0.140275594,4.75E-08,6.20E-08,0.005721641,5.24E-09,0.001089263,Not available,Not available,Not available,Not available,Not available
2,beneficiation,CA,phosphate,Not available,Not available,Not available,Not available,Not available,Not available,Not available,Not available,Not available,Not available,Not available,Not available,Not available,Not available,Not available,Not available,Not available,Not available,Not available,Not available,Not available,Not available,Not available,Not available,Not available,Not available,Not available,Not available,Not available,Not available,Not available,Not available,Not available,Not available,Not available,Not available,Not available,Not available,Not available,Not available,Not available,Not available,Not available,Not available,Not available,Not available,Not available,Not available,Not available,Not available,Not available,Not available,Not available,Not available,Not available,Not available,Not available,Not available,Not available
2,beneficiation,CN,phosphate,0.232781907,0.031713134,0.03892517,0.015427334,5.21E-05,0.232781907,0.04311737,0.326069474,0.009004572,0.020544125,3.97E-05,2.33E-07,0.000295268,0.000333144,0.00032278,0.01915408,0.000777253,3.714323216,0.003159106,0.291316185,-0.034635044,0.013274749,0.175207052,0.020465602,-0.034635044,0.013908706,0.191867978,0.020610176,1.956065087,0.000798074,344.2584842,1.05E-05,1.36E-09,2.47E-08,1.184209299,0.036875827,0.000230811,1.77E-05,0.007223921,5.46E-09,0.000174585,0.000323439,3.78E-05,0.000842766,0.856605205,0.00091652,5.587486128,0.000931031,0.223981695,6.09E-08,8.33E-08,0.008037212,4.75E-09,0.001127349,0.000162012,0.001620119,0.000162012,0.000162012,-0.001620119
2,beneficiation,EE,phosphate,0.235647703,0.031174966,0.048015106,0.01871855,0.000198997,0.235647703,0.045270281,0.454548223,0.018913333,0.025058406,4.90E-05,2.31E-07,0.0004413,0.000399875,0.000387669,0.019063695,0.001347481,3.71255136,0.003750327,0.310413855,-0.036881247,0.016174298,0.184388231,0.020482714,-0.036881247,0.016811189,0.194352188,0.020627293,2.55204572,0.001368319,329.3890905,1.01E-05,1.35E-09,2.87E-08,2.645839425,0.035777427,0.000222372,1.99E-05,0.007279439,5.78E-09,0.000141947,0.000388355,3.94E-05,0.001418031,0.966210204,0.001497642,6.313975528,0.001950568,0.230351713,6.40E-08,1.12E-07,0.009629414,5.05E-09,0.001142562,Not available,Not available,Not available,Not available,Not available
2,beneficiation,JP,phosphate,0.20619547,0.031000999,0.040343479,0.014806214,5.21E-05,0.20619547,0.035696984,0.279128182,0.009735108,0.019637593,4.04E-05,2.36E-07,0.000276877,0.000357745,0.000343989,0.019279283,0.000810724,3.572068279,0.003134429,0.24114817,-0.039886429,0.019574022,0.150238857,0.020471353,-0.039886429,0.020207748,0.161136707,0.020615934,2.047467127,0.000831231,325.0401707,9.98E-06,1.30E-09,2.39E-08,1.402218717,0.035585213,0.00022187,1.85E-05,0.007276505,6.44E-09,0.000104761,0.000344718,3.55E-05,0.000877421,0.854447182,0.000937335,5.182168353,0.000781012,0.200420043,5.04E-08,6.91E-08,0.008530114,5.65E-09,0.001099838,Not available,Not available,Not available,Not available,Not available
2,beneficiation,MM,phosphate,0.216551288,0.031238593,0.042956678,0.016086458,9.29E-05,0.216551288,0.040991755,0.344317278,0.00368628,0.02144227,4.32E-05,2.35E-07,0.000286901,0.000337663,0.000325431,0.018981371,0.000843763,3.621474398,0.003602375,0.279856167,-0.034955723,0.014102984,0.167736467,0.020997599,-0.034955723,0.015282767,0.176529514,0.021142175,2.054601767,0.000864096,325.8459505,1.04E-05,1.32E-09,2.40E-08,0.528743778,0.036192667,0.000225103,1.89E-05,0.007191124,6.86E-09,0.000105099,0.000326136,3.71E-05,0.000909117,0.872733723,0.000973965,5.631007637,0.001167434,0.211641141,5.79E-08,8.44E-08,0.008080144,6.06E-09,0.001102598,0.000259219,0.025921902,2.59E-05,2.59E-05,-2.59E-05
2,beneficiation,MY,phosphate,0.216551288,0.031238593,0.042956678,0.016086458,9.29E-05,0.216551288,0.040991755,0.344317278,0.00368628,0.02144227,4.32E-05,2.35E-07,0.000286901,0.000337663,0.000325431,0.018981371,0.000843763,3.621474398,0.003602375,0.279856167,-0.034955723,0.014102984,0.167736467,0.020997599,-0.034955723,0.015282767,0.176529514,0.021142175,2.054601767,0.000864096,325.8459505,1.04E-05,1.32E-09,2.40E-08,0.528743778,0.036192667,0.000225103,1.89E-05,0.007191124,6.86E-09,0.000105099,0.000326136,3.71E-05,0.000909117,0.872733723,0.000973965,5.631007637,0.001167434,0.211641141,5.79E-08,8.44E-08,0.008080144,6.06E-09,0.001102598,Not available,Not available,Not available,Not available,Not available
2,beneficiation,US,phosphate,0.187154592,0.030826788,0.03833395,0.016044638,9.97E-05,0.187154592,0.038421421,0.330557819,0.020674335,0.021284575,4.28E-05,2.34E-07,0.00026955,0.000298188,0.000284927,0.019183108,0.00074952,3.509163987,0.003175451,0.234728898,-0.035866462,0.015282736,0.138869356,0.020467817,-0.035866462,0.015916638,0.147319289,0.020612386,2.15447443,0.000767508,329.7004274,9.98E-06,1.29E-09,2.34E-08,2.781922881,0.035273118,0.000220579,1.65E-05,0.007242306,5.63E-09,0.0001,0.000285615,3.59E-05,0.000811123,0.858415846,0.000858859,5.526740131,0.001145917,0.182659327,5.43E-08,7.94E-08,0.007066016,4.91E-09,0.001108,2.16E-06,2.16E-06,2.16E-06,0.000216016,-2.16E-05
2,chemical transformation,AU,neodynium dysprosium iron alloy,0.888199307,0.008150725,0.214993044,0.057854957,0.001120585,0.888199307,0.119091257,1.739398611,0.021071347,0.078877759,7.26E-05,1.83E-07,0.001465554,0.002219076,0.002183222,0.043329555,0.003855213,5.764789752,0.003584064,1.447147451,-0.014755686,0.01391533,0.835784723,0.000447991,-0.014755686,0.01419842,0.863821239,0.000448102,10.23325084,0.004044259,242.1920026,1.56E-05,2.41E-09,7.86E-08,2.859514029,0.014840947,0.000105601,7.26E-05,0.476212523,6.90E-09,0.000454742,0.002182187,7.40E-05,0.004203973,0.156598439,0.004723292,17.97124744,0.009069708,0.873383298,1.69E-07,4.23E-07,0.053996217,6.52E-09,0.000938062,Not available,Not available,Not available,Not available,Not available
2,chemical transformation,BR,neodynium dysprosium iron alloy,0.523780064,0.008199328,0.1087704,0.031897908,0.000153553,0.523780064,0.056000815,0.672064104,0.034543791,0.043014826,1.37E-05,4.53E-07,0.000972638,0.001341462,0.00130321,0.043010306,0.002221144,5.374023652,0.020463154,0.723920749,-0.021124287,0.026075209,0.422771299,0.017687751,-0.021124287,0.043642357,0.448294843,0.017687864,5.69648206,0.002392121,198.8730284,1.46E-05,2.06E-09,5.05E-08,4.426729032,0.030985868,0.000144424,4.49E-05,0.476247173,7.87E-09,0.000355347,0.00130207,5.58E-05,0.002495599,0.827042927,0.002723474,10.66639183,0.001569,0.503372974,7.87E-08,1.77E-07,0.032132724,7.41E-09,0.000826858,Not available,Not available,Not available,Not available,Not available
2,chemical transformation,CA,neodynium dysprosium iron alloy,Not available,Not available,Not available,Not available,Not available,Not available,Not available,Not available,Not available,Not available,Not available,Not available,Not available,Not available,Not available,Not available,Not available,Not available,Not available,Not available,Not available,Not available,Not available,Not available,Not available,Not available,Not available,Not available,Not available,Not available,Not available,Not available,Not available,Not available,Not available,Not available,Not available,Not available,Not available,Not available,Not available,Not available,Not available,Not available,Not available,Not available,Not available,Not available,Not available,Not available,Not available,Not available,Not available,Not available,Not available,Not available,Not available,Not available,Not available
2,chemical transformation,CN,neodynium dysprosium iron alloy,1.082317625,0.01408632,0.201837942,0.039480717,0.000256177,1.082317625,0.11611159,1.112848553,0.05539338,0.053769042,1.90E-05,1.76E-07,0.001374042,0.001955167,0.001921362,0.043761959,0.002935796,6.060153814,0.004240227,1.551428589,-0.020181642,0.016318279,0.946850124,0.000446692,-0.020181642,0.016628009,1.033521763,0.000446841,10.291091,0.00312505,350.1143189,1.82E-05,2.68E-09,7.53E-08,7.093833003,0.025855682,0.000176609,6.44E-05,0.47670844,4.96E-09,0.000858957,0.001920308,6.43E-05,0.003264392,0.191210806,0.00379913,14.29508772,0.003313705,1.036766162,1.64E-07,3.14E-07,0.047567159,4.80E-09,0.001064278,4.45E-05,0.000444986,4.45E-05,4.45E-05,-0.000444986
2,chemical transformation,EE,neodynium dysprosium iron alloy,1.101814077,0.010663179,0.259565894,0.060513195,0.001195823,1.101814077,0.12996189,1.934917966,0.11881389,0.082790758,7.84E-05,1.66E-07,0.002311125,0.002358414,0.002313604,0.044029515,0.006583657,6.431217424,0.008025332,1.674475333,-0.034566363,0.034859037,1.006137145,0.00055086,-0.034566363,0.035183578,1.050407603,0.000551044,14.08449633,0.006772525,255.4045083,1.55E-05,2.63E-09,1.01E-07,16.44955711,0.018855444,0.000122786,7.74E-05,0.476949423,6.95E-09,0.000657895,0.002312724,7.98E-05,0.006942649,0.89424275,0.00750967,18.94475297,0.009834482,1.07844749,1.84E-07,4.94E-07,0.057192059,6.63E-09,0.001165372,9.57E-07,9.57E-07,9.57E-07,9.57E-07,-9.57E-05
2,chemical transformation,JP,neodynium dysprosium iron alloy,0.913553843,0.009589188,0.210085923,0.03538256,0.000251064,0.913553843,0.068649776,0.80779313,0.059951021,0.048336829,2.34E-05,1.98E-07,0.001258473,0.002083288,0.002028881,0.044561721,0.003138881,6.337547756,0.004091449,1.230169873,-0.053773815,0.05656484,0.787027711,0.000479756,-0.053773815,0.05687148,0.837883283,0.00047995,10.83559451,0.003325744,229.5742182,1.52E-05,2.35E-09,7.04E-08,8.471905443,0.017699639,0.000120021,6.89E-05,0.477048609,1.11E-08,0.000427718,0.002028256,6.62E-05,0.003472862,0.177258653,0.003912927,11.71335332,0.002318101,0.886797287,9.66E-08,2.22E-07,0.050031191,1.04E-08,0.000893728,2.39E-06,2.39E-06,2.39E-06,2.39E-06,-2.39E-06
2,chemical transformation,MM,neodynium dysprosium iron alloy,0.979174086,0.011071804,0.227079928,0.043609511,0.00051453,0.979174086,0.102484527,1.226998764,0.021023539,0.059567399,4.11E-05,1.89E-07,0.00131955,0.00195888,0.001913906,0.043500811,0.003348703,5.846304356,0.007075162,1.478229364,-0.022200363,0.021556752,0.899197063,0.003857524,-0.022200363,0.02536783,0.935947761,0.003857692,10.88983849,0.003534332,232.649938,1.71E-05,2.47E-09,7.09E-08,2.853260505,0.02152217,0.000140328,7.15E-05,0.476382246,1.39E-08,0.000421254,0.001913143,6.53E-05,0.003674324,0.293923168,0.004146543,14.55863232,0.004805076,0.958285434,1.45E-07,3.20E-07,0.047242423,1.32E-08,0.000908716,Not available,Not available,Not available,Not available,Not available
2,chemical transformation,MY,neodynium dysprosium iron alloy,0.979174086,0.011071804,0.227079928,0.043609511,0.00051453,0.979174086,0.102484527,1.226998764,0.021023539,0.059567399,4.11E-05,1.89E-07,0.00131955,0.00195888,0.001913906,0.043500811,0.003348703,5.846304356,0.007075162,1.478229364,-0.022200363,0.021556752,0.899197063,0.003857524,-0.022200363,0.02536783,0.935947761,0.003857692,10.88983849,0.003534332,232.649938,1.71E-05,2.47E-09,7.09E-08,2.853260505,0.02152217,0.000140328,7.15E-05,0.476382246,1.39E-08,0.000421254,0.001913143,6.53E-05,0.003674324,0.293923168,0.004146543,14.55863232,0.004805076,0.958285434,1.45E-07,3.20E-07,0.047242423,1.32E-08,0.000908716,Not available,Not available,Not available,Not available,Not available
2,chemical transformation,US,neodynium dysprosium iron alloy,0.790942912,0.00849087,0.196736116,0.043299516,0.000555388,0.790942912,0.086074535,1.136523747,0.130062826,0.05886343,3.87E-05,1.84E-07,0.001211462,0.001668373,0.001617786,0.043942698,0.002745333,5.932542946,0.004361129,1.187575546,-0.028142596,0.029184103,0.713156301,0.000459712,-0.028142596,0.02949343,0.748529038,0.00045983,11.49987207,0.002915186,257.9862597,1.52E-05,2.28E-09,6.69E-08,17.31568184,0.015733717,0.000111766,5.49E-05,0.476826233,5.94E-09,0.000397675,0.001616889,6.91E-05,0.003043966,0.203031229,0.003398136,13.91751006,0.004650199,0.772280516,1.22E-07,2.88E-07,0.039844892,5.70E-09,0.000947085,Not available,Not available,Not available,Not available,Not available
2,clay mining,AU,ion adsorption clay,20.07454376,0.390699838,4.594572179,2969.691037,0.011952743,20.07454376,4.414014187,7154.732843,0.827579918,4017.949034,0.00586132,3.43E-06,0.037969319,0.052614181,0.050863084,0.632524148,0.121793298,932.278374,0.274207594,160.1645366,-0.534728173,0.60193252,17.4545636,0.014548008,-0.534728173,0.620773668,18.98047683,0.014553152,228.1553082,0.11971751,18934.03956,0.000430845,1.11E-06,0.003048394,118.9895747,0.744818778,0.004759288,0.01894731,0.789014567,2.90E-07,0.014464147,0.050804543,0.005824181,0.1285968,11.31598958,0.139546741,1660542.478,0.120290278,19.26894734,6.09E-06,0.003205053,1.426506392,2.66E-07,0.011743534,6.33E-07,6.33E-07,6.33E-07,6.33E-06,-6.33E-06
2,clay mining,BR,ion adsorption clay,18.74333123,0.39086616,4.206702201,2969.596375,0.00842707,18.74333123,4.183538133,7150.841057,0.876640415,4017.818236,0.005646686,4.41E-06,0.036169865,0.049408962,0.047649876,0.631289727,0.115829318,930.8201911,0.335744376,157.5252598,-0.557931479,0.646251823,15.94690311,0.077403459,-0.557931479,0.728111188,17.46313469,0.077408612,211.5856226,0.113687565,18775.6635,0.000427238,1.11E-06,0.003048292,124.6948437,0.803663208,0.004900619,0.018846135,0.789080213,2.94E-07,0.014101043,0.047590951,0.005757424,0.122361606,13.76018319,0.13224802,1660515.83,0.092942967,17.91762089,5.76E-06,0.003204157,1.346681716,2.70E-07,0.011337198,Not available,Not available,Not available,Not available,Not available
2,clay mining,CA,ion adsorption clay,Not available,Not available,Not available,Not available,Not available,Not available,Not available,Not available,Not available,Not available,Not available,Not available,Not available,Not available,Not available,Not available,Not available,Not available,Not available,Not available,Not available,Not available,Not available,Not available,Not available,Not available,Not available,Not available,Not available,Not available,Not available,Not available,Not available,Not available,Not available,Not available,Not available,Not available,Not available,Not available,Not available,Not available,Not available,Not available,Not available,Not available,Not available,Not available,Not available,Not available,Not available,Not available,Not available,Not available,Not available,Not available,Not available,Not available,Not available
2,clay mining,CN,ion adsorption clay,20.78183741,0.412344906,4.546260463,2969.624066,0.008801494,20.78183741,4.403275795,7152.449228,0.952683131,4017.857519,0.00566572,3.40E-06,0.037635885,0.051655078,0.049911008,0.634129759,0.118441876,933.3632665,0.276597269,160.543977,-0.554508444,0.61068948,17.85886603,0.014541527,-0.554508444,0.629626958,19.59869917,0.014546811,228.3487825,0.116366886,19328.43785,0.000440429,1.11E-06,0.003048383,134.4229999,0.784981871,0.005018211,0.01891767,0.790843305,2.82E-07,0.015938073,0.049852392,0.005788886,0.125172027,11.442023,0.136178739,1660529.083,0.099307561,19.86410794,6.07E-06,0.003204655,1.403128916,2.59E-07,0.012203755,3.96E-06,3.96E-05,3.96E-06,3.96E-06,-3.96E-05
2,clay mining,EE,ion adsorption clay,20.85325459,0.39985878,4.757057952,2969.700727,0.012227015,20.85325459,4.45364203,7155.445588,1.183890356,4017.963298,0.005882288,3.37E-06,0.041051762,0.053122124,0.051338379,0.635075788,0.131739562,934.7077715,0.290397782,160.9932372,-0.606945972,0.678280666,18.07556596,0.014923005,-0.606945972,0.697272917,19.66065836,0.014928416,242.1946298,0.129663124,18982.20441,0.000430492,1.11E-06,0.003048477,168.5306855,0.759453314,0.004821936,0.018964779,0.791700875,2.90E-07,0.01520472,0.051280401,0.00584529,0.138580362,14.00499641,0.149704195,1660546.027,0.123078183,20.01648791,6.15E-06,0.003205313,1.438156511,2.66E-07,0.012572173,Not available,Not available,Not available,Not available,Not available
2,clay mining,JP,ion adsorption clay,20.17033712,0.395966965,4.578047615,2969.609193,0.008783356,20.17033712,4.230796784,7151.338239,0.969381588,4017.837839,0.005682496,3.49E-06,0.037223004,0.052143627,0.050326456,0.637193721,0.119208402,934.4131328,0.276062695,159.3798365,-0.677017568,0.757457782,17.28102578,0.014664403,-0.677017568,0.77638486,18.88948282,0.014669856,230.4164103,0.117125417,18887.74886,0.000429671,1.11E-06,0.003048365,139.4578126,0.7552844,0.004812032,0.018935113,0.792143231,3.06E-07,0.014367892,0.050269413,0.005796249,0.125960479,11.39154639,0.136628987,1660519.701,0.095683865,19.3215495,5.83E-06,0.003204321,1.412709693,2.81E-07,0.011584137,Not available,Not available,Not available,Not available,Not available
2,clay mining,MM,ion adsorption clay,20.40618306,0.401348381,4.63863369,2969.639107,0.009743432,20.40618306,4.353476116,7152.864941,0.827405642,4017.87864,0.00574648,3.45E-06,0.037437076,0.051665664,0.049881321,0.633148452,0.119946866,932.5755308,0.286934033,160.2778426,-0.561866987,0.629788546,17.68572684,0.026977112,-0.561866987,0.661490613,19.24340672,0.026982463,230.5488318,0.117858621,18899.25496,0.000436342,1.11E-06,0.003048366,118.9667783,0.769174593,0.004885884,0.018943402,0.78963329,3.16E-07,0.014342068,0.049823769,0.005792694,0.126666018,11.81659284,0.13744426,1660530.038,0.104744001,19.57844944,6.00E-06,0.003204677,1.401886131,2.90E-07,0.011636558,6.33E-06,0.00063307,6.33E-07,6.33E-07,-6.33E-07
2,clay mining,MY,ion adsorption clay,20.40618306,0.401348381,4.63863369,2969.639107,0.009743432,20.40618306,4.353476116,7152.864941,0.827405642,4017.87864,0.00574648,3.45E-06,0.037437076,0.051665664,0.049881321,0.633148452,0.119946866,932.5755308,0.286934033,160.2778426,-0.561866987,0.629788546,17.68572684,0.026977112,-0.561866987,0.661490613,19.24340672,0.026982463,230.5488318,0.117858621,18899.25496,0.000436342,1.11E-06,0.003048366,118.9667783,0.769174593,0.004885884,0.018943402,0.78963329,3.16E-07,0.014342068,0.049823769,0.005792694,0.126666018,11.81659284,0.13744426,1660530.038,0.104744001,19.57844944,6.00E-06,0.003204677,1.401886131,2.90E-07,0.011636558,Not available,Not available,Not available,Not available,Not available
2,clay mining,US,ion adsorption clay,19.71816858,0.391943839,4.527518095,2969.637979,0.0098925,19.71816858,4.293722435,7152.535426,1.224972454,4017.876072,0.005737421,3.43E-06,0.037041001,0.050601083,0.048796409,0.634763675,0.117740604,932.8990082,0.277043551,159.2165709,-0.583536266,0.657604183,17.00616176,0.014588385,-0.583536266,0.676539714,18.55847803,0.014593553,232.7501679,0.115594687,18995.32833,0.000429602,1.11E-06,0.003048352,171.6980542,0.748074084,0.004782063,0.018882362,0.791299455,2.86E-07,0.014255609,0.048738363,0.005806355,0.12436093,11.48542051,0.134707509,1660527.703,0.104180229,18.89872839,5.92E-06,0.00320456,1.374785696,2.62E-07,0.011776009,5.28E-08,5.28E-08,5.28E-08,5.28E-06,-5.28E-07
2,clay refining,AU,dysprosium_oxide,12.90476126,1.991181389,2.714306403,0.949686732,0.004569401,12.90476126,2.184621657,19.00661573,0.657741475,1.276683309,0.002297806,1.36E-05,0.018680052,0.024632261,0.023810776,0.834696837,0.051391038,130.5232075,0.205032305,16.47866787,-2.752295949,0.672780862,10.84492723,0.163506353,-2.752295949,0.683396509,11.72191361,0.166559165,137.5529886,0.050417838,4378.719857,0.001683001,7.88E-08,1.23E-06,87.97118867,2.06655549,0.007387742,0.002120026,0.229593004,9.44E-07,0.009864301,0.023674102,0.001221107,0.054699895,10.87809695,0.06091438,358.2168863,0.057801338,12.45978947,3.02E-06,5.02E-06,0.641932289,8.09E-07,0.007929563,2.59E-05,2.59E-05,2.59E-05,0.000259219,-0.000259219
2,clay refining,BR,dysprosium_oxide,12.78404744,1.991197508,2.679120169,0.941088469,0.004249072,12.78404744,2.163722992,18.65306134,0.662204223,1.264803726,0.002278301,1.37E-05,0.018516774,0.024341552,0.023519273,0.834591091,0.050849753,130.3937695,0.210623504,16.23909914,-2.754405555,0.676808827,10.70811658,0.169217024,-2.754405555,0.693149818,11.58427054,0.172269837,136.0501848,0.049870568,4364.370469,0.001682678,7.87E-08,1.22E-06,88.49032878,2.071903533,0.007400603,0.002110843,0.229604496,9.44E-07,0.009831377,0.023382563,0.001215082,0.054133996,11.1001817,0.060251941,355.7971564,0.055316728,12.33722361,2.99E-06,4.94E-06,0.634690012,8.09E-07,0.007892727,Not available,Not available,Not available,Not available,Not available
2,clay refining,CA,dysprosium_oxide,Not available,Not available,Not available,Not available,Not available,Not available,Not available,Not available,Not available,Not available,Not available,Not available,Not available,Not available,Not available,Not available,Not available,Not available,Not available,Not available,Not available,Not available,Not available,Not available,Not available,Not available,Not available,Not available,Not available,Not available,Not available,Not available,Not available,Not available,Not available,Not available,Not available,Not available,Not available,Not available,Not available,Not available,Not available,Not available,Not available,Not available,Not available,Not available,Not available,Not available,Not available,Not available,Not available,Not available,Not available,Not available,Not available,Not available,Not available
2,clay refining,CN,dysprosium_oxide,12.96906295,1.993147565,2.709948775,0.943600263,0.004283066,12.96906295,2.183634638,18.79907099,0.669110648,1.268366044,0.002280029,1.36E-05,0.018649739,0.024544841,0.023724035,0.83484007,0.051086481,130.6210466,0.205249659,16.51321098,-2.754093296,0.673576839,10.88171764,0.163505923,-2.754093296,0.68420131,11.7781269,0.166558748,137.5721481,0.05011335,4414.46912,0.001683869,7.89E-08,1.23E-06,89.37380678,2.070204143,0.007411264,0.002117316,0.229757275,9.43E-07,0.009998198,0.023587354,0.00121789,0.054388659,10.88956229,0.060608251,356.9991576,0.055894662,12.51391004,3.02E-06,4.98E-06,0.639802663,8.08E-07,0.007971373,0.000162012,0.001620119,0.000162012,0.000162012,-0.001620119
2,clay refining,EE,dysprosium_oxide,12.97552121,1.992013658,2.729071177,0.950567283,0.004594323,12.97552121,2.188222608,19.07138167,0.690118693,1.277979504,0.002299712,1.36E-05,0.018960148,0.024678417,0.023853966,0.834928705,0.052294835,130.7439657,0.206503476,16.55397034,-2.758858242,0.67971847,10.90135652,0.163540429,-2.758858242,0.690347847,11.7837204,0.166593265,138.8287145,0.051321577,4383.096523,0.001682969,7.89E-08,1.24E-06,92.47289052,2.067885327,0.007393435,0.002121613,0.229837118,9.44E-07,0.009931596,0.023717342,0.001223025,0.055607081,11.12244164,0.061837368,358.5393637,0.058054669,12.52771705,3.03E-06,5.04E-06,0.642990917,8.09E-07,0.00800486,Not available,Not available,Not available,Not available,Not available
2,clay refining,JP,dysprosium_oxide,12.91316003,1.991657906,2.712680941,0.942242793,0.004281372,12.91316003,2.167912955,18.69802208,0.67062037,1.266566681,0.002281503,1.36E-05,0.018611457,0.024587281,0.023759651,0.835104998,0.051153753,130.712937,0.205200377,16.40679435,-2.765220714,0.686908519,10.82877654,0.163516876,-2.765220714,0.697531967,11.71332173,0.166569715,137.752516,0.050179831,4374.540275,0.001682889,7.88E-08,1.23E-06,89.83029366,2.067502482,0.00739252,0.002118794,0.229869986,9.45E-07,0.009855349,0.023623113,0.001218516,0.054457715,10.88494067,0.060645948,356.1439727,0.055564868,12.46423293,3.00E-06,4.95E-06,0.640618881,8.10E-07,0.007914878,Not available,Not available,Not available,Not available,Not available
2,clay refining,MM,dysprosium_oxide,12.9348967,1.992149016,2.718310198,0.944967937,0.004368645,12.9348967,2.179120709,18.83688343,0.65772564,1.270286765,0.002287371,1.36E-05,0.018631688,0.024546071,0.023721566,0.834753569,0.051223256,130.5502115,0.206188732,16.48896385,-2.754762005,0.675312087,10.86593261,0.164635761,-2.754762005,0.687096381,11.74580556,0.167688592,137.770484,0.050248925,4375.559067,0.001683501,7.88E-08,1.23E-06,87.96911732,2.068768682,0.007399246,0.002119671,0.229649237,9.46E-07,0.009853208,0.023584981,0.001218246,0.054524449,10.92358578,0.060723332,357.0864607,0.056388679,12.48791335,3.01E-06,4.99E-06,0.639695099,8.11E-07,0.007919843,0.000259219,0.025921902,2.59E-05,2.59E-05,-2.59E-05
2,clay refining,MY,dysprosium_oxide,12.9348967,1.992149016,2.718310198,0.944967937,0.004368645,12.9348967,2.179120709,18.83688343,0.65772564,1.270286765,0.002287371,1.36E-05,0.018631688,0.024546071,0.023721566,0.834753569,0.051223256,130.5502115,0.206188732,16.48896385,-2.754762005,0.675312087,10.86593261,0.164635761,-2.754762005,0.687096381,11.74580556,0.167688592,137.770484,0.050248925,4375.559067,0.001683501,7.88E-08,1.23E-06,87.96911732,2.068768682,0.007399246,0.002119671,0.229649237,9.46E-07,0.009853208,0.023584981,0.001218246,0.054524449,10.92358578,0.060723332,357.0864607,0.056388679,12.48791335,3.01E-06,4.99E-06,0.639695099,8.11E-07,0.007919843,Not available,Not available,Not available,Not available,Not available
2,clay refining,US,dysprosium_oxide,12.87254507,1.991294052,2.708258795,0.94486524,0.004382179,12.87254507,2.173684865,18.8069134,0.693844902,1.27005356,0.002286577,1.36E-05,0.018595884,0.02444984,0.023623476,0.83489994,0.05102339,130.5787755,0.205289708,16.39268467,-2.756730362,0.677838643,10.80430656,0.163510236,-2.756730362,0.688462981,11.68372306,0.16656305,137.9725569,0.050043833,4383.951701,0.001682887,7.87E-08,1.23E-06,92.75979415,2.066851198,0.007389784,0.002114167,0.229796294,9.43E-07,0.009845398,0.023486847,0.001219476,0.054315642,10.89347781,0.060475422,356.874085,0.056337375,12.42629917,3.01E-06,4.98E-06,0.637244663,8.08E-07,0.007932552,2.16E-06,2.16E-06,2.16E-06,0.000216016,-2.16E-05
2,clay refining,AU,neodynium_oxide,12.90463118,1.991179206,2.71427988,0.949670266,0.004569358,12.90463118,2.184585345,19.00627827,0.657734949,1.27666158,0.002297801,1.36E-05,0.018679836,0.024632064,0.023810586,0.834682521,0.051390395,130.5214882,0.205027729,16.47840926,-2.752292731,0.672767393,10.84482933,0.163506223,-2.752292731,0.683376986,11.72180776,0.166559035,137.5516344,0.050417138,4375.169999,0.001682996,7.88E-08,1.23E-06,87.9703237,2.066551192,0.007387705,0.002120017,0.229589828,9.44E-07,0.009864213,0.023673912,0.001221094,0.054699179,10.86885297,0.060913661,358.2113328,0.057800878,12.45966612,3.02E-06,5.02E-06,0.641927396,8.09E-07,0.007929489,2.59E-05,2.59E-05,2.59E-05,0.000259219,-0.000259219
2,clay refining,BR,neodynium_oxide,12.78391725,1.991195262,2.679093618,0.941071965,0.004249028,12.78391725,2.163686603,18.65272327,0.662197693,1.264781945,0.002278296,1.37E-05,0.018516557,0.024341355,0.023519082,0.834576766,0.05084911,130.3920442,0.210618927,16.23884022,-2.754402323,0.676795348,10.70801859,0.169216893,-2.754402323,0.693130284,11.58416459,0.172269706,136.0488292,0.049869866,4360.820549,0.001682673,7.87E-08,1.22E-06,88.48946324,2.071899104,0.007400564,0.002110834,0.229601284,9.44E-07,0.009831288,0.023382373,0.001215069,0.054133279,11.09093767,0.06025122,355.7915898,0.055316268,12.33710015,2.99E-06,4.94E-06,0.634685111,8.09E-07,0.007892653,Not available,Not available,Not available,Not available,Not available
2,clay refining,CA,neodynium_oxide,Not available,Not available,Not available,Not available,Not available,Not available,Not available,Not available,Not available,Not available,Not available,Not available,Not available,Not available,Not available,Not available,Not available,Not available,Not available,Not available,Not available,Not available,Not available,Not available,Not available,Not available,Not available,Not available,Not available,Not available,Not available,Not available,Not available,Not available,Not available,Not available,Not available,Not available,Not available,Not available,Not available,Not available,Not available,Not available,Not available,Not available,Not available,Not available,Not available,Not available,Not available,Not available,Not available,Not available,Not available,Not available,Not available,Not available,Not available
2,clay refining,CN,neodynium_oxide,12.96893288,1.99314535,2.709922255,0.943583804,0.004283023,12.96893288,2.183598336,18.79873365,0.669104122,1.268344324,0.002280025,1.36E-05,0.018649523,0.024544645,0.023723845,0.834825756,0.051085839,130.619328,0.205245083,16.51295242,-2.75409008,0.67356337,10.88161975,0.163505793,-2.75409008,0.684181788,11.77802106,0.166558617,137.5707941,0.05011265,4410.919271,0.001683864,7.89E-08,1.23E-06,89.3729418,2.070199773,0.007411226,0.002117307,0.229754104,9.43E-07,0.009998109,0.023587164,0.001217877,0.054387943,10.88031832,0.060607532,356.9936065,0.055894203,12.5137867,3.02E-06,4.98E-06,0.639797772,8.08E-07,0.007971299,0.000162012,0.001620119,0.000162012,0.000162012,-0.001620119
2,clay refining,EE,neodynium_oxide,12.97539102,1.992011412,2.729044625,0.950550778,0.00459428,12.97539102,2.188186227,19.07104359,0.690112162,1.277957724,0.002299707,1.36E-05,0.018959931,0.02467822,0.023853775,0.834914381,0.052294192,130.7422411,0.206498898,16.55371142,-2.75885501,0.679704991,10.90125853,0.163540298,-2.75885501,0.690328313,11.78361444,0.166593135,138.8273589,0.051320875,4379.546604,0.001682964,7.89E-08,1.24E-06,92.4720248,2.067880901,0.007393396,0.002121604,0.229833908,9.44E-07,0.009931507,0.023717152,0.001223012,0.055606364,11.11319761,0.061836648,358.5337973,0.058054209,12.52759358,3.03E-06,5.04E-06,0.642986015,8.09E-07,0.008004786,Not available,Not available,Not available,Not available,Not available
2,clay refining,JP,neodynium_oxide,12.91302985,1.991655675,2.712654389,0.942226286,0.004281329,12.91302985,2.167876585,18.69768398,0.670613839,1.266544897,0.002281498,1.36E-05,0.01861124,0.024587084,0.023759461,0.835090674,0.05115311,130.7112128,0.2051958,16.40653542,-2.765217484,0.686895041,10.82867855,0.163516745,-2.765217484,0.697512434,11.71321578,0.166569585,137.7511604,0.050179129,4370.990354,0.001682884,7.88E-08,1.23E-06,89.82942812,2.067498087,0.007392481,0.002118785,0.229866776,9.45E-07,0.009855261,0.023622922,0.001218503,0.054456998,10.87569666,0.060645227,356.1384055,0.055564408,12.46410948,3.00E-06,4.95E-06,0.640613979,8.10E-07,0.007914804,Not available,Not available,Not available,Not available,Not available
2,clay refining,MM,neodynium_oxide,12.93476651,1.992146769,2.718283647,0.944951433,0.004368602,12.93476651,2.179084333,18.83654536,0.65771911,1.270264985,0.002287366,1.36E-05,0.018631472,0.024545874,0.023721375,0.834739246,0.051222613,130.5484873,0.206184154,16.48870493,-2.754758773,0.675298609,10.86583462,0.164635631,-2.754758773,0.687076847,11.74569961,0.167688462,137.7691284,0.050248224,4372.009149,0.001683496,7.88E-08,1.23E-06,87.96825183,2.068764253,0.007399207,0.002119662,0.229646027,9.46E-07,0.00985312,0.023584791,0.001218233,0.054523732,10.91434176,0.060722612,357.0808944,0.056388219,12.48778989,3.01E-06,4.99E-06,0.639690198,8.11E-07,0.007919769,0.000259219,0.025921902,2.59E-05,2.59E-05,-2.59E-05
2,clay refining,MY,neodynium_oxide,12.93476651,1.992146769,2.718283647,0.944951433,0.004368602,12.93476651,2.179084333,18.83654536,0.65771911,1.270264985,0.002287366,1.36E-05,0.018631472,0.024545874,0.023721375,0.834739246,0.051222613,130.5484873,0.206184154,16.48870493,-2.754758773,0.675298609,10.86583462,0.164635631,-2.754758773,0.687076847,11.74569961,0.167688462,137.7691284,0.050248224,4372.009149,0.001683496,7.88E-08,1.23E-06,87.96825183,2.068764253,0.007399207,0.002119662,0.229646027,9.46E-07,0.00985312,0.023584791,0.001218233,0.054523732,10.91434176,0.060722612,357.0808944,0.056388219,12.48778989,3.01E-06,4.99E-06,0.639690198,8.11E-07,0.007919769,Not available,Not available,Not available,Not available,Not available
2,clay refining,US,neodynium_oxide,12.87241502,1.991291801,2.708232275,0.944848782,0.004382136,12.87241502,2.173648562,18.80657606,0.693838374,1.27003184,0.002286572,1.36E-05,0.018595668,0.024449644,0.023623285,0.834885626,0.051022748,130.5770569,0.205285131,16.39242611,-2.756727146,0.677825175,10.80420868,0.163510106,-2.756727146,0.688443458,11.68361723,0.16656292,137.9712028,0.050043132,4380.401853,0.001682882,7.87E-08,1.23E-06,92.758929,2.066846746,0.007389745,0.002114158,0.229793123,9.43E-07,0.009845309,0.023486657,0.001219463,0.054314926,10.88423383,0.060474703,356.8685339,0.056336916,12.42617583,3.01E-06,4.98E-06,0.637239771,8.08E-07,0.007932478,2.16E-06,2.16E-06,2.16E-06,0.000216016,-2.16E-05
2,hydrochloric acid digestion,AU,dysprosium_oxide,23.75437493,0.357695833,4.145596974,1.874238154,0.100192764,23.75437493,6.377890503,79.17423039,0.74465479,2.662293093,0.216547534,2.73E-05,0.020455868,0.033174663,0.031770909,0.924261743,0.054388144,371.223771,0.178286835,37.39924565,-0.535007667,4.66306698,16.35557658,0.017247229,-0.535007667,5.349373016,17.69239992,0.017251797,205.3319373,0.052139951,78343.55718,0.52876848,2.20E-07,8.24E-06,98.84978101,0.633365468,0.003951488,0.215201756,0.793610894,7.06E-07,0.010895776,0.031693911,0.003792557,0.057527999,-1103.132144,0.067211712,649.5846663,2.057759068,22.8068789,9.00E-06,4.86E-05,0.863664068,6.17E-07,0.009648432,Not available,Not available,Not available,Not available,Not available
2,hydrochloric acid digestion,BR,dysprosium_oxide,23.0113605,0.357701944,3.929891538,1.821857385,0.098241375,23.0113605,6.248930098,77.02006686,0.771650617,2.589890008,0.21642994,2.79E-05,0.01945355,0.031392584,0.02998929,0.923471004,0.051068883,370.2929934,0.212346181,35.93452079,-0.547766925,4.687523065,15.51763454,0.052036044,-0.547766925,5.408708838,16.84716211,0.052040618,196.1101407,0.048785484,78250.7551,0.528767837,2.19E-07,8.19E-06,101.9847134,0.665772475,0.004022467,0.21514676,0.793440139,7.11E-07,0.010692412,0.029912073,0.00375426,0.054059826,-1101.772104,0.063155309,634.8133743,2.042625327,22.05374234,8.83E-06,4.81E-05,0.819440621,6.24E-07,0.009421032,Not available,Not available,Not available,Not available,Not available
2,hydrochloric acid digestion,CA,dysprosium_oxide,Not available,Not available,Not available,Not available,Not available,Not available,Not available,Not available,Not available,Not available,Not available,Not available,Not available,Not available,Not available,Not available,Not available,Not available,Not available,Not available,Not available,Not available,Not available,Not available,Not available,Not available,Not available,Not available,Not available,Not available,Not available,Not available,Not available,Not available,Not available,Not available,Not available,Not available,Not available,Not available,Not available,Not available,Not available,Not available,Not available,Not available,Not available,Not available,Not available,Not available,Not available,Not available,Not available,Not available,Not available,Not available,Not available,Not available,Not available
2,hydrochloric acid digestion,CN,dysprosium_oxide,24.43826373,0.371944164,4.123185923,1.838920926,0.098462865,24.43826373,6.384570728,78.01059978,0.813056883,2.662463723,0.216439801,2.73E-05,0.020765573,0.032605286,0.031239578,0.924764318,0.053547416,478.2903793,0.180049998,37.96354964,-0.535635785,4.650488199,16.83345396,0.017197298,-0.535635785,5.336810641,18.32934105,0.017201908,205.4824784,0.051297305,78768.53261,0.528776283,2.21E-07,8.25E-06,107.2586606,0.661176829,0.004146733,0.215187374,0.794512264,6.96E-07,0.012296194,0.031168929,0.005285797,0.056650014,-1103.045248,0.066457585,645.9677287,2.046486815,23.40748784,9.01E-06,4.84E-05,0.851090807,6.08E-07,0.010183644,0.000709289,0.007092891,0.000709289,0.000709289,-0.007092891
2,hydrochloric acid digestion,EE,dysprosium_oxide,24.18529432,0.362756649,4.235678092,1.879524048,0.100344034,24.18529432,6.399792766,79.56631109,0.941971029,2.670096066,0.216559394,2.73E-05,0.022158971,0.033452783,0.032030799,0.925623707,0.059888069,372.5808797,0.187244845,37.85745126,-0.574993517,4.705337308,16.69919562,0.017450341,-0.574993517,5.391725559,18.06878191,0.017455047,213.1118679,0.057636769,78370.00529,0.528767655,2.20E-07,8.28E-06,126.2795535,0.641448171,0.003986563,0.215211603,0.795103614,7.06E-07,0.011304384,0.031954091,0.003804282,0.063047348,-1101.644008,0.072826965,651.5258308,2.05929751,23.22053379,9.02E-06,4.87E-05,0.870031613,6.17E-07,0.010105715,4.17E-05,0.000417229,4.17E-05,0.000417229,-0.000417229
2,hydrochloric acid digestion,JP,dysprosium_oxide,23.80589557,0.360612576,4.135751546,1.828909157,0.098438572,23.80589557,6.276146244,77.29478031,0.823091592,2.600690524,0.216448325,2.74E-05,0.020038239,0.032900916,0.031459707,0.926736736,0.05294435,372.3832318,0.179316373,36.96174999,-0.61372322,4.74911129,16.25751823,0.017309493,-0.61372322,5.435464857,17.64041559,0.017314221,206.549696,0.050691082,78318.12081,0.52876794,2.19E-07,8.23E-06,110.1717468,0.639170045,0.003980573,0.215194347,0.795301457,7.14E-07,0.010841257,0.031383533,0.003776798,0.056054276,-1103.090229,0.065578206,636.9625551,2.044138943,22.83430517,8.86E-06,4.82E-05,0.855668848,6.27E-07,0.00955899,Not available,Not available,Not available,Not available,Not available
2,hydrochloric acid digestion,MM,dysprosium_oxide,23.9382833,0.363603653,4.170036662,1.845506865,0.09897011,23.9382833,6.344407366,78.14052014,0.744556058,2.623347975,0.216484067,2.73E-05,0.020161461,0.032649927,0.031227746,0.924596374,0.053367661,371.3921598,0.185335963,37.46220566,-0.550024318,4.678483068,16.483818,0.024124085,-0.550024318,5.371906781,17.83825901,0.024128758,206.6591322,0.051111903,78324.32599,0.528771665,2.20E-07,8.23E-06,98.83622613,0.646881763,0.004021526,0.215199688,0.793957074,7.19E-07,0.010828216,0.031151294,0.003775153,0.056460721,-1102.854861,0.066049521,642.7028497,2.049156374,22.9785313,8.95E-06,4.84E-05,0.850042554,6.32E-07,0.009589242,Not available,Not available,Not available,Not available,Not available
2,hydrochloric acid digestion,MY,dysprosium_oxide,23.93731959,0.363525785,4.169790093,1.845352139,0.098969426,23.93731959,6.344191749,78.13719739,0.7445152,2.623144717,0.216484088,2.73E-05,0.02015913,0.032647164,0.031225067,0.924565152,0.053361083,371.3773412,0.185315509,37.46025152,-0.549986016,4.678448475,16.48296299,0.024120958,-0.549986016,5.371871301,17.83735093,0.024125622,206.6469217,0.051104859,78323.98104,0.528770885,2.20E-07,8.23E-06,98.83008393,0.646720752,0.004021248,0.215199624,0.793926269,7.19E-07,0.01082716,0.031148619,0.003775046,0.056453492,-1102.855695,0.066041939,642.6524319,2.049149601,22.97759863,8.95E-06,4.84E-05,0.849976777,6.32E-07,0.009588315,4.17E-05,0.000417229,0.004172289,0.417228853,-0.000417229
2,hydrochloric acid digestion,US,dysprosium_oxide,23.45581423,0.353876389,4.11709879,1.841497917,0.098948018,23.45581423,6.306111136,77.80654396,0.962430151,2.61722791,0.216471347,2.73E-05,0.019772722,0.032314623,0.030861459,0.926048549,0.05169334,371.4937704,0.179743818,36.74133809,-0.546798184,4.675178323,16.0266889,0.017214744,-0.546798184,5.361488003,17.37687572,0.017219273,208.3251709,0.049420486,78376.84175,0.528767726,2.19E-07,8.21E-06,127.7440489,0.628635024,0.003950999,0.21517016,0.795834017,7.01E-07,0.010645625,0.030791411,0.003781353,0.054751117,-1103.044345,0.064123716,640.4976229,2.048023237,22.50136654,8.90E-06,4.83E-05,0.840821645,6.12E-07,0.00958885,Not available,Not available,Not available,Not available,Not available
2,hydrochloric acid digestion,AU,neodynium_oxide,23.75437493,0.357695833,4.145596974,1.874238154,0.100192764,23.75437493,6.377890503,79.17423039,0.74465479,2.662293093,0.216547534,2.73E-05,0.020455868,0.033174663,0.031770909,0.924261743,0.054388144,371.223771,0.178286835,37.39924565,-0.535007667,4.66306698,16.35557658,0.017247229,-0.535007667,5.349373016,17.69239992,0.017251797,205.3319373,0.052139951,78343.55718,0.52876848,2.20E-07,8.24E-06,98.84978101,0.633365468,0.003951488,0.215201756,0.793610894,7.06E-07,0.010895776,0.031693911,0.003792557,0.057527999,-1103.132144,0.067211712,649.5846663,2.057759068,22.8068789,9.00E-06,4.86E-05,0.863664068,6.17E-07,0.009648432,Not available,Not available,Not available,Not available,Not available
2,hydrochloric acid digestion,BR,neodynium_oxide,23.0113605,0.357701944,3.929891538,1.821857385,0.098241375,23.0113605,6.248930098,77.02006686,0.771650617,2.589890008,0.21642994,2.79E-05,0.01945355,0.031392584,0.02998929,0.923471004,0.051068883,370.2929934,0.212346181,35.93452079,-0.547766925,4.687523065,15.51763454,0.052036044,-0.547766925,5.408708838,16.84716211,0.052040618,196.1101407,0.048785484,78250.7551,0.528767837,2.19E-07,8.19E-06,101.9847134,0.665772475,0.004022467,0.21514676,0.793440139,7.11E-07,0.010692412,0.029912073,0.00375426,0.054059826,-1101.772104,0.063155309,634.8133743,2.042625327,22.05374234,8.83E-06,4.81E-05,0.819440621,6.24E-07,0.009421032,Not available,Not available,Not available,Not available,Not available
2,hydrochloric acid digestion,CA,neodynium_oxide,Not available,Not available,Not available,Not available,Not available,Not available,Not available,Not available,Not available,Not available,Not available,Not available,Not available,Not available,Not available,Not available,Not available,Not available,Not available,Not available,Not available,Not available,Not available,Not available,Not available,Not available,Not available,Not available,Not available,Not available,Not available,Not available,Not available,Not available,Not available,Not available,Not available,Not available,Not available,Not available,Not available,Not available,Not available,Not available,Not available,Not available,Not available,Not available,Not available,Not available,Not available,Not available,Not available,Not available,Not available,Not available,Not available,Not available,Not available
2,hydrochloric acid digestion,CN,neodynium_oxide,24.43826373,0.371944164,4.123185923,1.838920926,0.098462865,24.43826373,6.384570728,78.01059978,0.813056883,2.662463723,0.216439801,2.73E-05,0.020765573,0.032605286,0.031239578,0.924764318,0.053547416,478.2903793,0.180049998,37.96354964,-0.535635785,4.650488199,16.83345396,0.017197298,-0.535635785,5.336810641,18.32934105,0.017201908,205.4824784,0.051297305,78768.53261,0.528776283,2.21E-07,8.25E-06,107.2586606,0.661176829,0.004146733,0.215187374,0.794512264,6.96E-07,0.012296194,0.031168929,0.005285797,0.056650014,-1103.045248,0.066457585,645.9677287,2.046486815,23.40748784,9.01E-06,4.84E-05,0.851090807,6.08E-07,0.010183644,0.000709289,0.007092891,0.000709289,0.000709289,-0.007092891
2,hydrochloric acid digestion,EE,neodynium_oxide,24.18529432,0.362756649,4.235678092,1.879524048,0.100344034,24.18529432,6.399792766,79.56631109,0.941971029,2.670096066,0.216559394,2.73E-05,0.022158971,0.033452783,0.032030799,0.925623707,0.059888069,372.5808797,0.187244845,37.85745126,-0.574993517,4.705337308,16.69919562,0.017450341,-0.574993517,5.391725559,18.06878191,0.017455047,213.1118679,0.057636769,78370.00529,0.528767655,2.20E-07,8.28E-06,126.2795535,0.641448171,0.003986563,0.215211603,0.795103614,7.06E-07,0.011304384,0.031954091,0.003804282,0.063047348,-1101.644008,0.072826965,651.5258308,2.05929751,23.22053379,9.02E-06,4.87E-05,0.870031613,6.17E-07,0.010105715,4.17E-05,0.000417229,4.17E-05,0.000417229,-0.000417229
2,hydrochloric acid digestion,JP,neodynium_oxide,23.80589557,0.360612576,4.135751546,1.828909157,0.098438572,23.80589557,6.276146244,77.29478031,0.823091592,2.600690524,0.216448325,2.74E-05,0.020038239,0.032900916,0.031459707,0.926736736,0.05294435,372.3832318,0.179316373,36.96174999,-0.61372322,4.74911129,16.25751823,0.017309493,-0.61372322,5.435464857,17.64041559,0.017314221,206.549696,0.050691082,78318.12081,0.52876794,2.19E-07,8.23E-06,110.1717468,0.639170045,0.003980573,0.215194347,0.795301457,7.14E-07,0.010841257,0.031383533,0.003776798,0.056054276,-1103.090229,0.065578206,636.9625551,2.044138943,22.83430517,8.86E-06,4.82E-05,0.855668848,6.27E-07,0.00955899,Not available,Not available,Not available,Not available,Not available
2,hydrochloric acid digestion,MM,neodynium_oxide,23.9382833,0.363603653,4.170036662,1.845506865,0.09897011,23.9382833,6.344407366,78.14052014,0.744556058,2.623347975,0.216484067,2.73E-05,0.020161461,0.032649927,0.031227746,0.924596374,0.053367661,371.3921598,0.185335963,37.46220566,-0.550024318,4.678483068,16.483818,0.024124085,-0.550024318,5.371906781,17.83825901,0.024128758,206.6591322,0.051111903,78324.32599,0.528771665,2.20E-07,8.23E-06,98.83622613,0.646881763,0.004021526,0.215199688,0.793957074,7.19E-07,0.010828216,0.031151294,0.003775153,0.056460721,-1102.854861,0.066049521,642.7028497,2.049156374,22.9785313,8.95E-06,4.84E-05,0.850042554,6.32E-07,0.009589242,Not available,Not available,Not available,Not available,Not available
2,hydrochloric acid digestion,MY,neodynium_oxide,23.93731959,0.363525785,4.169790093,1.845352139,0.098969426,23.93731959,6.344191749,78.13719739,0.7445152,2.623144717,0.216484088,2.73E-05,0.02015913,0.032647164,0.031225067,0.924565152,0.053361083,371.3773412,0.185315509,37.46025152,-0.549986016,4.678448475,16.48296299,0.024120958,-0.549986016,5.371871301,17.83735093,0.024125622,206.6469217,0.051104859,78323.98104,0.528770885,2.20E-07,8.23E-06,98.83008393,0.646720752,0.004021248,0.215199624,0.793926269,7.19E-07,0.01082716,0.031148619,0.003775046,0.056453492,-1102.855695,0.066041939,642.6524319,2.049149601,22.97759863,8.95E-06,4.84E-05,0.849976777,6.32E-07,0.009588315,4.17E-05,0.000417229,0.004172289,0.417228853,-0.000417229
2,hydrochloric acid digestion,US,neodynium_oxide,23.45581423,0.353876389,4.11709879,1.841497917,0.098948018,23.45581423,6.306111136,77.80654396,0.962430151,2.61722791,0.216471347,2.73E-05,0.019772722,0.032314623,0.030861459,0.926048549,0.05169334,371.4937704,0.179743818,36.74133809,-0.546798184,4.675178323,16.0266889,0.017214744,-0.546798184,5.361488003,17.37687572,0.017219273,208.3251709,0.049420486,78376.84175,0.528767726,2.19E-07,8.21E-06,127.7440489,0.628635024,0.003950999,0.21517016,0.795834017,7.01E-07,0.010645625,0.030791411,0.003781353,0.054751117,-1103.044345,0.064123716,640.4976229,2.048023237,22.50136654,8.90E-06,4.83E-05,0.840821645,6.12E-07,0.00958885,Not available,Not available,Not available,Not available,Not available
2,magnet manufacturing,AU,hp_magnet,5.84151326,0.039171821,1.418714226,0.323528235,0.009242347,5.84151326,5.109499662,11.25649336,0.029790938,1.315968286,0.000590538,1.36E-06,0.007847965,0.012010154,0.011866932,0.023046834,0.025320316,20.46589276,0.014993619,12.55654203,-0.118227224,0.127997534,5.554150329,0.000620586,-0.118227224,0.128402653,5.669224684,0.00062152,65.21571959,0.025558073,1225.578809,2.78E-05,0.00013496,4.14E-07,4.310780736,0.066725595,0.000446474,0.000383558,0.026130061,3.55E-08,0.002147994,0.011827759,0.000269428,0.026333481,0.639573308,0.030061521,95.7609979,0.072814548,5.781067712,2.21E-06,2.69E-06,0.29281372,3.37E-08,0.001980646,Not available,Not available,Not available,Not available,Not available
2,magnet manufacturing,BR,hp_magnet,2.506627724,0.03959348,0.446928793,0.086310891,0.000407027,2.506627724,4.531894894,1.503994297,0.152806333,0.988205039,5.31E-05,3.83E-06,0.003340602,0.003983126,0.003819274,0.019958737,0.010380323,16.81038285,0.169194977,5.94355454,-0.176390986,0.239073698,1.776715202,0.158124313,-0.176390986,0.397388359,1.867810989,0.158125267,23.70348407,0.010452864,829.3866477,1.87E-05,0.000134957,1.57E-07,18.6192423,0.214190619,0.000800753,0.000130511,0.026296072,4.56E-08,0.001238541,0.003779138,0.00010211,0.010714137,6.764390981,0.011777947,28.98124249,0.00428351,2.395634168,1.39E-06,4.50E-07,0.092883546,4.29E-08,0.000963084,Not available,Not available,Not available,Not available,Not available
2,magnet manufacturing,CA,hp_magnet,Not available,Not available,Not available,Not available,Not available,Not available,Not available,Not available,Not available,Not available,Not available,Not available,Not available,Not available,Not available,Not available,Not available,Not available,Not available,Not available,Not available,Not available,Not available,Not available,Not available,Not available,Not available,Not available,Not available,Not available,Not available,Not available,Not available,Not available,Not available,Not available,Not available,Not available,Not available,Not available,Not available,Not available,Not available,Not available,Not available,Not available,Not available,Not available,Not available,Not available,Not available,Not available,Not available,Not available,Not available,Not available,Not available,Not available,Not available
2,magnet manufacturing,CN,hp_magnet,7.614860019,0.093404078,1.298346842,0.155669076,0.001345056,7.614860019,5.082060695,5.532932537,0.343335409,1.086589527,0.0001008,1.30E-06,0.007012266,0.009606155,0.00948072,0.026993662,0.016921622,23.15019829,0.020988372,13.50885367,-0.167804091,0.149955108,6.568477208,0.000608093,-0.167804091,0.150603621,7.219419135,0.000609373,65.73491912,0.017161398,2213.410168,5.17E-05,0.000134963,3.85E-07,42.99303821,0.16736471,0.001095322,0.000309569,0.030649788,1.76E-08,0.005841077,0.009441369,0.000180512,0.017750967,0.955702031,0.021621113,62.17450917,0.020229233,7.273522239,2.17E-06,1.70E-06,0.234223361,1.78E-08,0.003133784,4.45E-05,0.000444986,4.45E-05,4.45E-05,-0.000444986
2,magnet manufacturing,EE,hp_magnet,7.793124476,0.06212592,1.825937353,0.347814232,0.00992973,7.793124476,5.208815111,13.04278262,0.922779027,1.351717927,0.000643088,1.21E-06,0.015573208,0.013283163,0.013058119,0.029441759,0.050247724,26.5544588,0.055569597,14.63343794,-0.299220035,0.319341864,7.110511335,0.001560408,-0.299220035,0.320125678,7.373901007,0.00156201,100.4011794,0.050483849,1346.28991,2.69E-05,0.000134962,6.20E-07,128.471112,0.103402541,0.000603479,0.000427338,0.032862475,3.60E-08,0.004004026,0.013020357,0.000322332,0.051354364,7.378783881,0.055518214,104.655066,0.079801617,7.654559779,2.35E-06,3.35E-06,0.322011334,3.47E-08,0.004057386,9.57E-07,9.57E-07,9.57E-07,9.57E-07,-9.57E-05
2,magnet manufacturing,JP,hp_magnet,6.076835953,0.052343517,1.375590925,0.118323004,0.001299084,6.076835953,4.649226659,2.747635727,0.385097839,1.037137064,0.000142271,1.51E-06,0.005969087,0.010806988,0.010496794,0.034516117,0.01881617,25.73725289,0.019637662,10.58237449,-0.474756099,0.517698538,5.114008877,0.000913633,-0.474756099,0.518320024,5.436341563,0.000915334,70.80062693,0.019035163,1110.103376,2.47E-05,0.00013496,3.40E-07,55.59897949,0.092905499,0.000578412,0.000352068,0.033836675,7.54E-08,0.001904368,0.010461367,0.000198417,0.019698093,0.828690774,0.022713583,38.62967758,0.011142428,5.907940025,1.55E-06,8.59E-07,0.257599359,7.08E-08,0.001578884,2.39E-06,2.39E-06,2.39E-06,2.39E-06,-2.39E-06
2,magnet manufacturing,MM,hp_magnet,6.672670199,0.065859169,1.529141511,0.193380066,0.003705353,6.672670199,4.957778488,6.57514435,0.029354161,1.139546418,0.000302724,1.42E-06,0.006514052,0.009632973,0.00940643,0.024611454,0.020692774,21.21061997,0.046888722,12.84051026,-0.186242721,0.19781052,6.133493385,0.031770507,-0.186242721,0.230447778,6.328181589,0.03177196,71.21438634,0.02089931,1138.401313,4.15E-05,0.000134961,3.44E-07,4.253647748,0.127766083,0.000763747,0.000373763,0.027680674,9.96E-08,0.00184204,0.009369735,0.000190516,0.021494537,1.894189187,0.024792265,64.5829197,0.033852342,6.556744232,1.99E-06,1.75E-06,0.231110214,9.45E-08,0.001712541,Not available,Not available,Not available,Not available,Not available
2,magnet manufacturing,MY,hp_magnet,6.672670199,0.065859169,1.529141511,0.193380066,0.003705353,6.672670199,4.957778488,6.57514435,0.029354161,1.139546418,0.000302724,1.42E-06,0.006514052,0.009632973,0.00940643,0.024611454,0.020692774,21.21061997,0.046888722,12.84051026,-0.186242721,0.19781052,6.133493385,0.031770507,-0.186242721,0.230447778,6.328181589,0.03177196,71.21438634,0.02089931,1138.401313,4.15E-05,0.000134961,3.44E-07,4.253647748,0.127766083,0.000763747,0.000373763,0.027680674,9.96E-08,0.00184204,0.009369735,0.000190516,0.021494537,1.894189187,0.024792265,64.5829197,0.033852342,6.556744232,1.99E-06,1.75E-06,0.231110214,9.45E-08,0.001712541,Not available,Not available,Not available,Not available,Not available
2,magnet manufacturing,US,hp_magnet,4.949872858,0.042281725,1.251193488,0.190536438,0.004078801,4.949872858,4.807537448,5.748950226,1.025594839,1.133091317,0.000280798,1.38E-06,0.005523368,0.00697153,0.006693838,0.028599595,0.01517016,21.98295711,0.02209701,10.18233157,-0.240538945,0.267507418,4.431607227,0.000726028,-0.240538945,0.268151437,4.613047288,0.000727019,76.75408363,0.01523236,1376.044459,2.46E-05,0.000134959,3.07E-07,136.3908632,0.074881333,0.000503271,0.000221658,0.031762337,2.60E-08,0.001625691,0.006655912,0.000224228,0.015724769,1.063985435,0.017942177,58.71742765,0.032439095,4.854630359,1.78E-06,1.46E-06,0.16334842,2.55E-08,0.002062301,Not available,Not available,Not available,Not available,Not available
2,metallothermic reduction,AU,dysprosium,5.774280232,0.1128234,1.099475864,0.278685541,0.002184409,5.774280232,0.855857287,6.76596635,0.533089557,0.3804146,0.000269893,9.91E-07,0.005712212,0.008828192,0.00854791,0.479523259,0.016260225,42.49719341,0.058216254,8.311164837,-0.325021927,0.338366039,4.951765058,0.006875837,-0.325021927,0.348515421,5.295125647,0.006877161,60.54165346,0.01477574,1335.206289,0.000284188,1.58E-08,4.26E-07,66.67715661,0.189614075,0.000912906,0.000465262,0.095428525,3.69E-08,0.003590766,0.008499603,0.000356525,0.016585893,2.409312855,0.019744286,97.58440775,0.021787779,5.589998122,1.21E-06,1.78E-06,0.209562417,3.57E-08,0.002410153,Not available,Not available,Not available,Not available,Not available
2,metallothermic reduction,BR,dysprosium,5.70321849,0.112832864,1.078762451,0.273623918,0.001995837,5.70321849,0.843554663,6.557836135,0.535716684,0.373421329,0.000258411,1.04E-06,0.005616093,0.008657058,0.008376308,0.479461007,0.015941581,42.42099472,0.061507676,8.170135643,-0.326263805,0.340737216,4.871227449,0.01023759,-0.326263805,0.35425699,5.214098009,0.010238915,59.65698366,0.014453573,1326.759092,0.000283998,1.57E-08,4.20E-07,66.98276359,0.192762302,0.000920476,0.000459856,0.095435285,3.71E-08,0.003571384,0.008327981,0.000352978,0.01625276,2.540049534,0.019354321,96.15996126,0.020325141,5.51784612,1.19E-06,1.73E-06,0.205299037,3.59E-08,0.002388468,Not available,Not available,Not available,Not available,Not available
2,metallothermic reduction,CA,dysprosium,Not available,Not available,Not available,Not available,Not available,Not available,Not available,Not available,Not available,Not available,Not available,Not available,Not available,Not available,Not available,Not available,Not available,Not available,Not available,Not available,Not available,Not available,Not available,Not available,Not available,Not available,Not available,Not available,Not available,Not available,Not available,Not available,Not available,Not available,Not available,Not available,Not available,Not available,Not available,Not available,Not available,Not available,Not available,Not available,Not available,Not available,Not available,Not available,Not available,Not available,Not available,Not available,Not available,Not available,Not available,Not available,Not available,Not available,Not available
2,metallothermic reduction,CN,dysprosium,5.812133304,0.113980807,1.09691062,0.275102565,0.002015849,5.812133304,0.855276252,6.643789088,0.539782353,0.3755184,0.000259429,9.90E-07,0.005694367,0.00877673,0.008496847,0.479607578,0.016080938,42.55478941,0.058344205,8.331499659,-0.326079988,0.338834614,4.973422811,0.006875583,-0.326079988,0.348989191,5.328217249,0.006876915,60.55293229,0.014596494,1356.251141,0.000284699,1.58E-08,4.25E-07,67.50284882,0.191761871,0.000926751,0.000463666,0.095525229,3.65E-08,0.003669588,0.008448537,0.000354631,0.016402675,2.416062266,0.019564074,96.8675566,0.020665358,5.621857781,1.21E-06,1.76E-06,0.208308751,3.54E-08,0.002434765,0.000255319,0.002553191,0.000255319,0.000255319,-0.002553191
2,metallothermic reduction,EE,dysprosium,5.815935128,0.113313315,1.108167574,0.279203899,0.00219908,5.815935128,0.85797708,6.804092642,0.552149353,0.381177636,0.000271015,9.88E-07,0.005877098,0.008855363,0.008573335,0.479659753,0.016792271,42.62714806,0.059082301,8.355493795,-0.32888501,0.342450063,4.984983795,0.006895896,-0.32888501,0.352607528,5.331510003,0.006897235,61.29264651,0.015307752,1337.782732,0.000284169,1.58E-08,4.30E-07,69.32721509,0.190396869,0.000916256,0.000466196,0.095572225,3.69E-08,0.003630381,0.008525058,0.000357654,0.017119935,2.553153502,0.02028763,97.77424189,0.02193691,5.629985656,1.21E-06,1.79E-06,0.210185607,3.58E-08,0.002454478,Not available,Not available,Not available,Not available,Not available
2,metallothermic reduction,JP,dysprosium,5.779224366,0.113103879,1.098518976,0.274303424,0.002014852,5.779224366,0.846021197,6.584303279,0.540671093,0.374459118,0.000260296,9.94E-07,0.005671831,0.008801714,0.008517814,0.479763531,0.01612054,42.60888119,0.058315194,8.268854208,-0.332630462,0.346682693,4.94225744,0.006882031,-0.332630462,0.356836668,5.290067745,0.006883372,60.65911047,0.014635629,1332.745821,0.000284122,1.58E-08,4.24E-07,67.77157294,0.190171473,0.000915717,0.000464536,0.095591562,3.77E-08,0.003585496,0.008469587,0.000355,0.016443326,2.413341596,0.019586265,96.36411835,0.020471215,5.59261385,1.19E-06,1.74E-06,0.208789237,3.65E-08,0.002401508,Not available,Not available,Not available,Not available,Not available
2,metallothermic reduction,MM,dysprosium,5.792020324,0.113392996,1.101832809,0.27590768,0.002066228,5.792020324,0.852618986,6.666048393,0.533080235,0.376649081,0.00026375,9.93E-07,0.005683741,0.008777454,0.008495394,0.479556655,0.016161455,42.51308934,0.058897018,8.317225822,-0.32647364,0.339856117,4.964130473,0.007540696,-0.32647364,0.350693457,5.309190327,0.007542031,60.66968816,0.014676304,1333.345589,0.000284482,1.58E-08,4.24E-07,66.67593722,0.19091688,0.000919677,0.000465053,0.095461624,3.83E-08,0.003584236,0.00844714,0.000354841,0.016482611,2.43609118,0.01963182,96.91894811,0.020956176,5.606554049,1.20E-06,1.76E-06,0.208245428,3.70E-08,0.00240443,Not available,Not available,Not available,Not available,Not available
2,metallothermic reduction,MY,dysprosium,5.792020324,0.113392996,1.101832809,0.27590768,0.002066228,5.792020324,0.852618986,6.666048393,0.533080235,0.376649081,0.00026375,9.93E-07,0.005683741,0.008777454,0.008495394,0.479556655,0.016161455,42.51308934,0.058897018,8.317225822,-0.32647364,0.339856117,4.964130473,0.007540696,-0.32647364,0.350693457,5.309190327,0.007542031,60.66968816,0.014676304,1333.345589,0.000284482,1.58E-08,4.24E-07,66.67593722,0.19091688,0.000919677,0.000465053,0.095461624,3.83E-08,0.003584236,0.00844714,0.000354841,0.016482611,2.43609118,0.01963182,96.91894811,0.020956176,5.606554049,1.20E-06,1.76E-06,0.208245428,3.70E-08,0.00240443,Not available,Not available,Not available,Not available,Not available
2,metallothermic reduction,US,dysprosium,5.755315234,0.112889708,1.095915763,0.27584723,0.002074195,5.755315234,0.849419026,6.648405751,0.554342895,0.376511806,0.000263283,9.92E-07,0.005662664,0.008720805,0.00843765,0.479642822,0.016043798,42.52990529,0.058367781,8.260548315,-0.327632375,0.34134345,4.927852516,0.006878122,-0.327632375,0.351497948,5.272643667,0.006879448,60.7886446,0.01455557,1338.286169,0.000284121,1.58E-08,4.23E-07,69.49610935,0.18978812,0.000914107,0.000461813,0.095548199,3.67E-08,0.003579638,0.00838937,0.000355565,0.016359692,2.418367249,0.01948588,96.79392896,0.020925974,5.57028308,1.20E-06,1.75E-06,0.206802909,3.56E-08,0.002411912,Not available,Not available,Not available,Not available,Not available
2,mining,AU,bastnasite,1.012809553,0.025262703,0.175149,0.053680162,0.000185614,1.012809553,0.239779536,0.889502775,0.017424314,0.07587606,5.57E-05,8.27E-06,0.011897943,0.069190937,0.067843328,0.013511548,0.048844737,16.23374165,0.008457861,2.119550245,-0.046475821,0.040211816,0.879972845,0.000984781,-0.046475821,0.041657445,0.954876776,0.000985497,8.459705558,0.036022109,55264.59209,3.08E-05,2.85E-09,6.54E-08,2.299545218,0.037323048,0.000136904,0.002936514,0.016644437,8.02E-09,0.004018276,0.067834351,0.000185163,0.05124148,0.332495435,0.070323755,20.90420732,0.00637592,0.987274119,3.41E-07,2.43E-07,1.672271567,7.65E-09,0.002706055,6.33E-07,6.33E-07,6.33E-07,6.33E-06,-6.33E-06
2,mining,BR,bastnasite,1.012809554,0.025262703,0.175149,0.053680162,0.000185614,1.012809554,0.239779536,0.889502774,0.017424314,0.07587606,5.57E-05,8.27E-06,0.011897943,0.069190937,0.067843328,0.013511548,0.048844737,16.23374166,0.008457862,2.119550244,-0.046475821,0.040211816,0.879972845,0.000984781,-0.046475821,0.041657445,0.954876777,0.000985497,8.459705561,0.036022109,55264.59209,3.08E-05,2.85E-09,6.54E-08,2.299545219,0.037323048,0.000136904,0.002936514,0.016644437,8.02E-09,0.004018276,0.067834351,0.000185163,0.05124148,0.332495435,0.070323755,20.9042073,0.00637592,0.987274119,3.41E-07,2.43E-07,1.672271567,7.65E-09,0.002706055,Not available,Not available,Not available,Not available,Not available
2,mining,CA,bastnasite,Not available,Not available,Not available,Not available,Not available,Not available,Not available,Not available,Not available,Not available,Not available,Not available,Not available,Not available,Not available,Not available,Not available,Not available,Not available,Not available,Not available,Not available,Not available,Not available,Not available,Not available,Not available,Not available,Not available,Not available,Not available,Not available,Not available,Not available,Not available,Not available,Not available,Not available,Not available,Not available,Not available,Not available,Not available,Not available,Not available,Not available,Not available,Not available,Not available,Not available,Not available,Not available,Not available,Not available,Not available,Not available,Not available,Not available,Not available
2,mining,CN,bastnasite,1.012809553,0.025262703,0.175149,0.053680162,0.000185614,1.012809553,0.239779536,0.889502775,0.017424314,0.07587606,5.57E-05,8.27E-06,0.011897943,0.069190937,0.067843328,0.013511548,0.048844737,16.23374165,0.008457861,2.119550245,-0.046475821,0.040211816,0.879972845,0.000984781,-0.046475821,0.041657445,0.954876776,0.000985497,8.459705558,0.036022109,55264.59209,3.08E-05,2.85E-09,6.54E-08,2.299545218,0.037323048,0.000136904,0.002936514,0.016644437,8.02E-09,0.004018276,0.067834351,0.000185163,0.05124148,0.332495435,0.070323755,20.90420732,0.00637592,0.987274119,3.41E-07,2.43E-07,1.672271567,7.65E-09,0.002706055,3.96E-06,3.96E-05,3.96E-06,3.96E-06,-3.96E-05
2,mining,EE,bastnasite,1.012809554,0.025262703,0.175149,0.053680162,0.000185614,1.012809554,0.239779536,0.889502774,0.017424314,0.07587606,5.57E-05,8.27E-06,0.011897943,0.069190937,0.067843328,0.013511548,0.048844737,16.23374166,0.008457862,2.119550244,-0.046475821,0.040211816,0.879972845,0.000984781,-0.046475821,0.041657445,0.954876777,0.000985497,8.459705561,0.036022109,55264.59209,3.08E-05,2.85E-09,6.54E-08,2.299545219,0.037323048,0.000136904,0.002936514,0.016644437,8.02E-09,0.004018276,0.067834351,0.000185163,0.05124148,0.332495435,0.070323755,20.9042073,0.00637592,0.987274119,3.41E-07,2.43E-07,1.672271567,7.65E-09,0.002706055,Not available,Not available,Not available,Not available,Not available
2,mining,JP,bastnasite,1.012809553,0.025262703,0.175149,0.053680162,0.000185614,1.012809553,0.239779536,0.889502775,0.017424314,0.07587606,5.57E-05,8.27E-06,0.011897943,0.069190937,0.067843328,0.013511548,0.048844737,16.23374165,0.008457861,2.119550245,-0.046475821,0.040211816,0.879972845,0.000984781,-0.046475821,0.041657445,0.954876776,0.000985497,8.459705558,0.036022109,55264.59209,3.08E-05,2.85E-09,6.54E-08,2.299545218,0.037323048,0.000136904,0.002936514,0.016644437,8.02E-09,0.004018276,0.067834351,0.000185163,0.05124148,0.332495435,0.070323755,20.90420732,0.00637592,0.987274119,3.41E-07,2.43E-07,1.672271567,7.65E-09,0.002706055,Not available,Not available,Not available,Not available,Not available
2,mining,MM,bastnasite,1.012809554,0.025262703,0.175149,0.053680162,0.000185614,1.012809554,0.239779536,0.889502774,0.017424314,0.07587606,5.57E-05,8.27E-06,0.011897943,0.069190937,0.067843328,0.013511548,0.048844737,16.23374166,0.008457862,2.119550244,-0.046475821,0.040211816,0.879972845,0.000984781,-0.046475821,0.041657445,0.954876777,0.000985497,8.459705561,0.036022109,55264.59209,3.08E-05,2.85E-09,6.54E-08,2.299545219,0.037323048,0.000136904,0.002936514,0.016644437,8.02E-09,0.004018276,0.067834351,0.000185163,0.05124148,0.332495435,0.070323755,20.9042073,0.00637592,0.987274119,3.41E-07,2.43E-07,1.672271567,7.65E-09,0.002706055,6.33E-06,0.00063307,6.33E-07,6.33E-07,-6.33E-07
2,mining,MY,bastnasite,1.012809554,0.025262703,0.175149,0.053680162,0.000185614,1.012809554,0.239779536,0.889502774,0.017424314,0.07587606,5.57E-05,8.27E-06,0.011897943,0.069190937,0.067843328,0.013511548,0.048844737,16.23374166,0.008457862,2.119550244,-0.046475821,0.040211816,0.879972845,0.000984781,-0.046475821,0.041657445,0.954876777,0.000985497,8.459705561,0.036022109,55264.59209,3.08E-05,2.85E-09,6.54E-08,2.299545219,0.037323048,0.000136904,0.002936514,0.016644437,8.02E-09,0.004018276,0.067834351,0.000185163,0.05124148,0.332495435,0.070323755,20.9042073,0.00637592,0.987274119,3.41E-07,2.43E-07,1.672271567,7.65E-09,0.002706055,Not available,Not available,Not available,Not available,Not available
2,mining,US,bastnasite,1.012809553,0.025262703,0.175149,0.053680162,0.000185614,1.012809553,0.239779536,0.889502775,0.017424314,0.07587606,5.57E-05,8.27E-06,0.011897943,0.069190937,0.067843328,0.013511548,0.048844737,16.23374165,0.008457861,2.119550245,-0.046475821,0.040211816,0.879972845,0.000984781,-0.046475821,0.041657445,0.954876776,0.000985497,8.459705558,0.036022109,55264.59209,3.08E-05,2.85E-09,6.54E-08,2.299545218,0.037323048,0.000136904,0.002936514,0.016644437,8.02E-09,0.004018276,0.067834351,0.000185163,0.05124148,0.332495435,0.070323755,20.90420732,0.00637592,0.987274119,3.41E-07,2.43E-07,1.672271567,7.65E-09,0.002706055,5.28E-08,5.28E-08,5.28E-08,5.28E-06,-5.28E-07
2,mining,AU,monazaite,1.070767051,-0.009209102,0.136315602,0.100154512,0.008060551,1.070767051,0.388588248,5.355103098,0.027185433,0.144473855,0.018219214,1.95E-06,0.000732148,0.001425474,0.001371219,0.022193309,0.001758742,19.27418711,0.005274316,1.745924645,-0.012536452,0.360778383,0.565150817,0.000653816,-0.012536452,0.416711657,0.616884784,0.000653948,6.796843183,0.00151125,6537.489398,0.044626631,1.31E-08,6.01E-07,3.610551304,-0.025762677,-0.000131717,0.018014267,0.047204535,7.10E-09,0.000412872,0.001370519,0.000198115,0.001808249,-93.61592353,0.002300656,34.96642534,0.169195738,1.023221127,5.51E-07,3.76E-06,0.033697195,6.99E-09,0.001448876,6.33E-07,6.33E-07,6.33E-07,6.33E-06,-6.33E-06
2,mining,BR,monazaite,1.07017701,-0.0092118,0.136177791,0.100146112,0.008060453,1.07017701,0.388482959,5.354896631,0.027174181,0.14445988,0.01821922,1.95E-06,0.000731591,0.001424194,0.001370103,0.022178221,0.001757198,19.2667483,0.005275514,1.745320043,-0.012533304,0.360776282,0.564710745,0.000655855,-0.012533304,0.416711862,0.616332973,0.000655987,6.790153632,0.001509687,6537.38607,0.04462662,1.31E-08,6.01E-07,3.608854866,-0.025765561,-0.00013177,0.018014242,0.04719144,7.20E-09,0.000412704,0.001369403,0.000198018,0.001806633,-93.6158845,0.002298806,34.96218488,0.169194827,1.022688545,5.51E-07,3.76E-06,0.033670789,7.08E-09,0.001448669,Not available,Not available,Not available,Not available,Not available
2,mining,CA,monazaite,Not available,Not available,Not available,Not available,Not available,Not available,Not available,Not available,Not available,Not available,Not available,Not available,Not available,Not available,Not available,Not available,Not available,Not available,Not available,Not available,Not available,Not available,Not available,Not available,Not available,Not available,Not available,Not available,Not available,Not available,Not available,Not available,Not available,Not available,Not available,Not available,Not available,Not available,Not available,Not available,Not available,Not available,Not available,Not available,Not available,Not available,Not available,Not available,Not available,Not available,Not available,Not available,Not available,Not available,Not available,Not available,Not available,Not available,Not available
2,mining,CN,monazaite,1.070682171,-0.009207511,0.136235117,0.100156719,0.008060515,1.070682171,0.388614826,5.355190801,0.027181168,0.144477176,0.01821922,1.95E-06,0.000732189,0.001425784,0.001371443,0.02219936,0.001758734,19.27584621,0.00527378,1.745762438,-0.012536119,0.360777239,0.565017843,0.000653422,-0.012536119,0.416710329,0.616788002,0.000653554,6.792906433,0.001511242,6537.689177,0.044626638,1.31E-08,6.01E-07,3.609880403,-0.025760643,-0.000131702,0.018014297,0.047208837,7.01E-09,0.000412989,0.001370742,0.000198137,0.001808249,-93.61595658,0.002300705,34.967676,0.169195744,1.023117236,5.51E-07,3.76E-06,0.033702146,6.90E-09,0.001448929,3.96E-06,3.96E-05,3.96E-06,3.96E-06,-3.96E-05
2,mining,EE,monazaite,1.070767052,-0.009209102,0.136315602,0.100154512,0.008060551,1.070767052,0.388588249,5.355103095,0.027185433,0.144473855,0.018219214,1.95E-06,0.000732148,0.001425474,0.001371219,0.022193309,0.001758742,19.27418717,0.005274316,1.745924645,-0.012536452,0.360778383,0.565150818,0.000653816,-0.012536452,0.416711657,0.616884785,0.000653948,6.796843192,0.00151125,6537.489397,0.044626631,1.31E-08,6.01E-07,3.610551306,-0.025762677,-0.000131717,0.018014267,0.047204535,7.10E-09,0.000412872,0.001370519,0.000198115,0.001808249,-93.61592353,0.002300656,34.96642528,0.169195738,1.023221128,5.51E-07,3.76E-06,0.033697195,6.99E-09,0.001448876,Not available,Not available,Not available,Not available,Not available
2,mining,JP,monazaite,1.071471071,-0.009204228,0.136600859,0.100170625,0.008060627,1.071471071,0.38872668,5.355410259,0.027200031,0.144502964,0.018219339,1.95E-06,0.000733942,0.001430587,0.001376658,0.022230505,0.001764267,19.28398161,0.005275463,1.747235953,-0.012547497,0.360789016,0.566029457,0.000653942,-0.012547497,0.416722308,0.617629416,0.000654075,6.810505283,0.001516935,6537.427938,0.044626643,1.31E-08,6.01E-07,3.61240018,-0.025753385,-0.000131681,0.018014552,0.047221436,7.23E-09,0.000413344,0.001375959,0.000198236,0.001814287,-93.61587289,0.002308259,34.97371334,0.169196968,1.023995601,5.51E-07,3.76E-06,0.033834694,7.11E-09,0.001449339,Not available,Not available,Not available,Not available,Not available
2,mining,MM,monazaite,1.070767052,-0.009209102,0.136315602,0.100154512,0.008060551,1.070767052,0.388588249,5.355103095,0.027185433,0.144473855,0.018219214,1.95E-06,0.000732148,0.001425474,0.001371219,0.022193309,0.001758742,19.27418717,0.005274316,1.745924645,-0.012536452,0.360778383,0.565150818,0.000653816,-0.012536452,0.416711657,0.616884785,0.000653948,6.796843192,0.00151125,6537.489397,0.044626631,1.31E-08,6.01E-07,3.610551306,-0.025762677,-0.000131717,0.018014267,0.047204535,7.10E-09,0.000412872,0.001370519,0.000198115,0.001808249,-93.61592353,0.002300656,34.96642528,0.169195738,1.023221128,5.51E-07,3.76E-06,0.033697195,6.99E-09,0.001448876,6.33E-06,0.00063307,6.33E-07,6.33E-07,-6.33E-07
2,mining,MY,monazaite,1.070767052,-0.009209102,0.136315602,0.100154512,0.008060551,1.070767052,0.388588249,5.355103095,0.027185433,0.144473855,0.018219214,1.95E-06,0.000732148,0.001425474,0.001371219,0.022193309,0.001758742,19.27418717,0.005274316,1.745924645,-0.012536452,0.360778383,0.565150818,0.000653816,-0.012536452,0.416711657,0.616884785,0.000653948,6.796843192,0.00151125,6537.489397,0.044626631,1.31E-08,6.01E-07,3.610551306,-0.025762677,-0.000131717,0.018014267,0.047204535,7.10E-09,0.000412872,0.001370519,0.000198115,0.001808249,-93.61592353,0.002300656,34.96642528,0.169195738,1.023221128,5.51E-07,3.76E-06,0.033697195,6.99E-09,0.001448876,Not available,Not available,Not available,Not available,Not available
2,mining,US,monazaite,1.070403178,-0.00920836,0.136217621,0.100154748,0.008060567,1.070403178,0.388601882,5.355152656,0.027199125,0.144473167,0.018219146,1.95E-06,0.000731751,0.00142479,0.001370553,0.022194327,0.001757456,19.27615878,0.005274912,1.745587736,-0.012537282,0.360779906,0.564883247,0.000653298,-0.012537282,0.416712898,0.616547375,0.00065343,6.792410541,0.001509946,6538.27356,0.044626633,1.31E-08,6.01E-07,3.612371879,-0.02576277,-0.000131654,0.018014182,0.047214597,6.94E-09,0.000412764,0.001369852,0.000198142,0.001806911,-93.61589365,0.002299154,34.9668286,0.169195847,1.022893774,5.51E-07,3.76E-06,0.033680911,6.83E-09,0.00144878,5.28E-08,5.28E-08,5.28E-08,5.28E-06,-5.28E-07
2,molten_salt electrolysis,AU,neodynium,8.702233707,0.042351874,1.690906536,0.341546739,0.010738245,8.702233707,0.918729526,12.5801624,0.029802634,0.477211235,0.000683657,1.22E-06,0.01250903,0.013360465,0.013187464,0.025624145,0.032735756,30.807704,0.012785007,10.53893618,-0.104147348,0.10438464,8.828340258,0.000683189,-0.104147348,0.106457265,8.506546494,0.00068472,77.62717647,0.032986,803.3872563,2.17E-05,1.29E-08,3.88E-07,3.835731061,0.071448408,0.000628355,0.000422368,0.025417985,4.35E-08,0.005037871,0.01319494,0.000513912,0.033823014,0.519916413,0.038814278,102.6463265,0.084183885,8.638105387,1.31E-06,2.96E-06,0.327195064,4.14E-08,0.005076795,Not available,Not available,Not available,Not available,Not available
2,molten_salt electrolysis,BR,neodynium,4.77699558,0.042860963,0.546797367,0.061971519,0.000323242,4.77699558,0.239122825,1.084539266,0.174887367,0.090938268,4.95E-05,4.12E-06,0.007199719,0.003907479,0.003708886,0.022175064,0.015135164,26.58563794,0.194572353,2.749333061,-0.172720829,0.235333957,4.379885785,0.186355942,-0.172720829,0.423556379,4.030930988,0.186357505,28.7616868,0.015190794,336.6055757,1.12E-05,9.12E-09,8.54E-08,20.71278157,0.245304319,0.001046094,0.000123819,0.025777288,5.42E-08,0.003967165,0.003715229,0.000317917,0.015422112,7.740817808,0.017274393,23.96544665,0.003400493,4.652701146,3.36E-07,3.13E-07,0.091705862,5.12E-08,0.003878881,Not available,Not available,Not available,Not available,Not available
2,molten_salt electrolysis,CA,neodynium,Not available,Not available,Not available,Not available,Not available,Not available,Not available,Not available,Not available,Not available,Not available,Not available,Not available,Not available,Not available,Not available,Not available,Not available,Not available,Not available,Not available,Not available,Not available,Not available,Not available,Not available,Not available,Not available,Not available,Not available,Not available,Not available,Not available,Not available,Not available,Not available,Not available,Not available,Not available,Not available,Not available,Not available,Not available,Not available,Not available,Not available,Not available,Not available,Not available,Not available,Not available,Not available,Not available,Not available,Not available,Not available,Not available,Not available,Not available
2,molten_salt electrolysis,CN,neodynium,10.78817299,0.106293402,1.547016952,0.143638018,0.001426121,10.78817299,0.886901639,5.833016433,0.398977501,0.206753765,0.000105435,1.14E-06,0.011525678,0.010405041,0.010256673,0.030250819,0.022814098,33.96981743,0.019831326,11.65931406,-0.162423557,0.130054613,10.01983114,0.000658349,-0.162423557,0.132406632,10.3296473,0.000660292,78.13869545,0.023063179,1964.483811,4.99E-05,1.58E-08,3.53E-07,49.37338486,0.190064636,0.001393106,0.000331038,0.030730965,2.24E-08,0.009403727,0.010263888,0.000409116,0.023674961,0.891490376,0.028806906,63.06314717,0.022178829,10.39296384,1.26E-06,1.78E-06,0.255230972,2.27E-08,0.006446916,0.000255319,0.002553191,0.000255319,0.000255319,-0.002553191
2,molten_salt electrolysis,EE,neodynium,11.00286485,0.069411023,2.170956148,0.370175968,0.011548558,11.00286485,1.035806244,14.68590596,1.082489861,0.519354231,0.000745605,1.04E-06,0.021615831,0.014861136,0.01459168,0.033162719,0.062121103,37.98513028,0.060617464,12.98725755,-0.317508337,0.329948378,10.6630359,0.001791085,-0.317508337,0.332467423,10.51608169,0.001793404,119.1050916,0.062369423,945.68595,2.07E-05,1.53E-08,6.31E-07,150.2004994,0.114684568,0.000813439,0.000473977,0.033354403,4.41E-08,0.00722583,0.014600818,0.000576277,0.063318551,8.464345881,0.068823565,113.1309823,0.092420499,10.8466468,1.47E-06,3.73E-06,0.361614287,4.26E-08,0.007524933,Not available,Not available,Not available,Not available,Not available
2,molten_salt electrolysis,JP,neodynium,8.975302093,0.057844152,1.638056849,0.099519021,0.001373507,8.975302093,0.375474757,2.546771122,0.448536744,0.148285409,0.000153574,1.38E-06,0.010278766,0.011898023,0.011525219,0.038894577,0.025020861,36.97630865,0.018249542,8.202087632,-0.524372604,0.563719886,8.303227245,0.001025295,-0.524372604,0.56604613,8.227194718,0.001027729,84.11441821,0.025247592,667.4937198,1.81E-05,1.22E-08,3.00E-07,64.28118845,0.102236596,0.000783662,0.000382312,0.034422642,8.89E-08,0.00474682,0.011537101,0.000429673,0.025948947,0.742426926,0.030086645,35.24880551,0.011469071,8.782574069,5.30E-07,7.94E-07,0.284491738,8.36E-08,0.004599327,Not available,Not available,Not available,Not available,Not available
2,molten_salt electrolysis,MM,neodynium,9.682032109,0.073811914,1.821082286,0.188123291,0.004211034,9.682032109,0.739875038,7.061615932,0.029287746,0.269238648,0.000344372,1.29E-06,0.010936564,0.010558157,0.010286934,0.027468578,0.027280639,31.68561674,0.05038413,10.87368842,-0.18432652,0.186682757,9.511291185,0.037403862,-0.18432652,0.226751814,9.283349157,0.037406004,84.69862576,0.027494079,700.619222,3.79E-05,1.36E-08,3.05E-07,3.76838063,0.143405209,0.001002368,0.000410821,0.027245907,1.19E-07,0.004677201,0.010297331,0.000420888,0.028118689,1.998903791,0.032602685,65.89246168,0.038253803,9.552501428,1.05E-06,1.85E-06,0.254456701,1.13E-07,0.004760743,Not available,Not available,Not available,Not available,Not available
2,molten_salt electrolysis,MY,neodynium,9.682032109,0.073811914,1.821082286,0.188123291,0.004211034,9.682032109,0.739875038,7.061615932,0.029287746,0.269238648,0.000344372,1.29E-06,0.010936564,0.010558157,0.010286934,0.027468578,0.027280639,31.68561674,0.05038413,10.87368842,-0.18432652,0.186682757,9.511291185,0.037403862,-0.18432652,0.226751814,9.283349157,0.037406004,84.69862576,0.027494079,700.619222,3.79E-05,1.36E-08,3.05E-07,3.76838063,0.143405209,0.001002368,0.000410821,0.027245907,1.19E-07,0.004677201,0.010297331,0.000420888,0.028118689,1.998903791,0.032602685,65.89246168,0.038253803,9.552501428,1.05E-06,1.85E-06,0.254456701,1.13E-07,0.004760743,Not available,Not available,Not available,Not available,Not available
2,molten_salt electrolysis,US,neodynium,7.662916655,0.046384158,1.496783474,0.184669534,0.004647206,7.662916655,0.562953897,6.082964314,1.202950467,0.26151416,0.000317596,1.24E-06,0.009784916,0.007607347,0.007272297,0.032258326,0.020829371,32.63681954,0.021116603,7.751216985,-0.249356237,0.269210245,7.514855503,0.000795534,-0.249356237,0.271532583,7.272555467,0.000797098,91.37119914,0.020878706,976.7965287,1.80E-05,1.15E-08,2.62E-07,159.4373952,0.081473935,0.000694921,0.000235787,0.032059616,3.33E-08,0.004422909,0.007281308,0.000461011,0.021391509,1.018021177,0.024646192,58.95432147,0.036558433,7.557133381,7.99E-07,1.50E-06,0.17909086,3.27E-08,0.005171277,Not available,Not available,Not available,Not available,Not available
2,sulfuric acid digestion,AU,dysprosium_oxide,20.78668782,0.318794147,3.847076254,1.695413563,0.080679098,20.78668782,5.305774301,67.43179645,0.643911273,2.388388705,0.173285063,2.26E-05,0.023726353,0.029200114,0.027857347,0.804542562,0.067445867,319.255948,0.15683918,32.95302007,-0.512525727,3.926769072,14.48238406,0.014996405,-0.512525727,4.476745148,15.68850979,0.015000476,189.6868935,0.066706519,63259.87892,0.423054296,1.88E-07,6.93E-06,85.65622207,0.561501418,0.003459328,0.172256899,0.658977861,6.57E-07,0.011190082,0.027766284,0.00323085,0.071069828,-881.7173603,0.086185659,582.7360652,1.652988062,19.95777891,7.48E-06,4.00E-05,0.759289852,5.74E-07,0.009622918,Not available,Not available,Not available,Not available,Not available
2,sulfuric acid digestion,BR,dysprosium_oxide,20.16330395,0.318285492,3.668809941,1.65279675,0.079098674,20.16330395,5.196806207,65.68319188,0.665183925,2.329464186,0.17319406,2.30E-05,0.022889861,0.027729919,0.026404033,0.803458154,0.064687288,318.1285082,0.184339339,31.75189772,-0.522722287,3.946427895,13.79185886,0.043143711,-0.522722287,4.524631628,14.9851235,0.043147785,182.0400716,0.06391993,63167.25878,0.423053241,1.87E-07,6.89E-06,88.10905676,0.586609618,0.00349441,0.172215819,0.658119807,6.75E-07,0.011015971,0.026312778,0.003195206,0.068192019,-880.5956379,0.082835413,570.6278121,1.640734094,19.32985039,7.33E-06,3.96E-05,0.723339996,5.93E-07,0.009429021,Not available,Not available,Not available,Not available,Not available
2,sulfuric acid digestion,CA,dysprosium_oxide,Not available,Not available,Not available,Not available,Not available,Not available,Not available,Not available,Not available,Not available,Not available,Not available,Not available,Not available,Not available,Not available,Not available,Not available,Not available,Not available,Not available,Not available,Not available,Not available,Not available,Not available,Not available,Not available,Not available,Not available,Not available,Not available,Not available,Not available,Not available,Not available,Not available,Not available,Not available,Not available,Not available,Not available,Not available,Not available,Not available,Not available,Not available,Not available,Not available,Not available,Not available,Not available,Not available,Not available,Not available,Not available,Not available,Not available,Not available
2,sulfuric acid digestion,CN,dysprosium_oxide,21.34642342,0.33026443,3.833294938,1.666881317,0.079285298,21.34642342,5.31054522,66.48859071,0.700157901,2.388167519,0.173198425,2.26E-05,0.023968141,0.028963969,0.027646598,0.80501191,0.066796302,404.9507025,0.158301683,33.41685681,-0.513440377,3.917162432,14.87583333,0.014977978,-0.513440377,4.467167043,16.20999158,0.014982086,190.0288676,0.066062146,63605.26769,0.42306054,1.89E-07,6.93E-06,92.58644969,0.58396381,0.003616739,0.172251659,0.659759684,6.50E-07,0.012292635,0.027560715,0.004425658,0.070408374,-881.6448682,0.085673774,579.761592,1.643897601,20.45048592,7.48E-06,3.98E-05,0.754510276,5.67E-07,0.010031928,0.000709289,0.007092891,0.000709289,0.000709289,-0.007092891
2,sulfuric acid digestion,EE,dysprosium_oxide,21.13507922,0.322885772,3.919903988,1.699687762,0.080801402,21.13507922,5.323482103,67.74880707,0.803437073,2.394698039,0.173294649,2.25E-05,0.025103307,0.029424994,0.02806749,0.805644108,0.071892502,320.3530381,0.164081597,33.32347508,-0.544853454,3.960943772,14.76019477,0.015160649,-0.544853454,4.51098633,15.99280869,0.015164832,195.9767499,0.071150666,63281.26351,0.423053616,1.88E-07,6.96E-06,107.8326261,0.568036225,0.00348767,0.172264859,0.660184641,6.57E-07,0.011520445,0.027976662,0.003240332,0.075532179,-880.5142269,0.090725549,584.3056538,1.654231904,20.29221236,7.50E-06,4.01E-05,0.764438583,5.74E-07,0.009992636,4.17E-05,0.000417229,4.17E-05,0.000417229,-0.000417229
2,sulfuric acid digestion,JP,dysprosium_oxide,20.82833826,0.321152155,3.839115929,1.658765763,0.07926086,20.82833826,5.223515614,65.91229247,0.707326118,2.338583959,0.173204842,2.26E-05,0.023388706,0.028978792,0.027605743,0.806543644,0.066278571,320.1933189,0.157671494,32.59931008,-0.576165943,3.996334443,14.40310293,0.015046756,-0.576165943,4.546348945,15.64647841,0.015050957,190.6714092,0.065535127,63239.31387,0.423053843,1.88E-07,6.92E-06,94.80984768,0.566193992,0.003482831,0.172250908,0.66034462,6.64E-07,0.011146004,0.027515347,0.003218105,0.069878337,-881.6834746,0.084864986,572.5312758,1.641976411,19.9799495,7.37E-06,3.96E-05,0.752825817,5.82E-07,0.009550623,Not available,Not available,Not available,Not available,Not available
2,sulfuric acid digestion,MM,dysprosium_oxide,20.93537148,0.323570368,3.866834865,1.672184718,0.0796906,20.93537148,5.278703523,66.59605865,0.643831468,2.356902111,0.173233745,2.26E-05,0.023488328,0.028775871,0.027418207,0.804813194,0.066620811,319.3920517,0.16253823,33.00391995,-0.524666457,3.939232719,14.58606245,0.020556237,-0.524666457,4.494963316,15.80643145,0.020560394,190.7598865,0.065875354,63244.33065,0.423056862,1.88E-07,6.92E-06,85.64527105,0.572428738,0.003515951,0.172255225,0.659257702,6.68E-07,0.011135461,0.027327586,0.003216774,0.070206941,-881.4931831,0.085246036,577.1722029,1.64603292,20.09655386,7.44E-06,3.98E-05,0.748277054,5.86E-07,0.009575069,Not available,Not available,Not available,Not available,Not available
2,sulfuric acid digestion,MY,dysprosium_oxide,20.93460051,0.323508073,3.86663761,1.672060938,0.079690053,20.93460051,5.278531029,66.59340045,0.643798781,2.356739505,0.173233762,2.26E-05,0.023486463,0.028773661,0.027416064,0.804788216,0.066615549,319.3801968,0.162521867,33.00235664,-0.524635815,3.939205045,14.58537844,0.020553736,-0.524635815,4.494934932,15.80570499,0.020557885,190.7501181,0.065869718,63244.05469,0.423056237,1.88E-07,6.92E-06,85.64035729,0.572299929,0.003515728,0.172255174,0.659233058,6.68E-07,0.011134616,0.027325446,0.003216689,0.070201158,-881.4938508,0.08523997,577.1318687,1.646027501,20.09580773,7.44E-06,3.98E-05,0.748224432,5.86E-07,0.009574327,4.17E-05,0.000417229,0.004172289,0.417228853,-0.000417229
2,sulfuric acid digestion,US,dysprosium_oxide,20.53133564,0.315814812,3.81910261,1.66921044,0.079680966,20.53133564,5.248109962,66.33720664,0.821491257,2.352291187,0.173223992,2.26E-05,0.02315218,0.028152023,0.026776006,0.805906974,0.0651804,319.4258373,0.158078891,32.40512747,-0.522722607,3.937273125,14.20295073,0.014989842,-0.522722607,4.487266483,15.41890403,0.014993901,191.9069893,0.064409815,63281.16939,0.423053646,1.88E-07,6.91E-06,109.2166698,0.557913232,0.003458306,0.172221379,0.660698925,6.53E-07,0.010990115,0.026690369,0.003221501,0.068708828,-881.642955,0.083490255,575.4636379,1.645169147,19.69729305,7.40E-06,3.97E-05,0.732285323,5.70E-07,0.009581356,Not available,Not available,Not available,Not available,Not available
2,sulfuric acid digestion,AU,neodynium_oxide,20.78668697,0.318794156,3.847076288,1.695413577,0.080679098,20.78668697,5.305774325,67.43179669,0.643911276,2.388388724,0.173285063,2.26E-05,0.023726353,0.029200114,0.027857347,0.804542568,0.067445867,319.2559496,0.15683918,32.95301898,-0.512525731,3.926768155,14.48238413,0.014996405,-0.512525731,4.476744231,15.68850986,0.015000476,189.6868951,0.066706519,63259.87895,0.423054296,1.88E-07,6.93E-06,85.65622251,0.561501437,0.003459328,0.172256899,0.658977869,6.57E-07,0.011190082,0.027766284,0.00323085,0.071069828,-881.7173603,0.08618566,582.73607,1.652988062,19.95777806,7.48E-06,4.00E-05,0.759289857,5.74E-07,0.009622918,Not available,Not available,Not available,Not available,Not available
2,sulfuric acid digestion,BR,neodynium_oxide,20.16330308,0.318285493,3.668809968,1.652796754,0.079098674,20.16330308,5.196806215,65.68319196,0.665183928,2.329464191,0.17319406,2.30E-05,0.022889861,0.027729919,0.026404033,0.803458158,0.064687288,318.1285087,0.184339339,31.75189655,-0.522722288,3.946426976,13.79185891,0.043143711,-0.522722288,4.524630709,14.98512355,0.043147785,182.0400729,0.06391993,63167.2588,0.423053241,1.87E-07,6.89E-06,88.1090571,0.586609619,0.00349441,0.172215819,0.658119808,6.75E-07,0.011015971,0.026312778,0.003195206,0.068192019,-880.5956379,0.082835414,570.6278133,1.640734094,19.32984952,7.33E-06,3.96E-05,0.723339998,5.93E-07,0.009429021,Not available,Not available,Not available,Not available,Not available
2,sulfuric acid digestion,CA,neodynium_oxide,Not available,Not available,Not available,Not available,Not available,Not available,Not available,Not available,Not available,Not available,Not available,Not available,Not available,Not available,Not available,Not available,Not available,Not available,Not available,Not available,Not available,Not available,Not available,Not available,Not available,Not available,Not available,Not available,Not available,Not available,Not available,Not available,Not available,Not available,Not available,Not available,Not available,Not available,Not available,Not available,Not available,Not available,Not available,Not available,Not available,Not available,Not available,Not available,Not available,Not available,Not available,Not available,Not available,Not available,Not available,Not available,Not available,Not available,Not available
2,sulfuric acid digestion,CN,neodynium_oxide,21.34642258,0.330264439,3.833294971,1.666881331,0.079285298,21.34642258,5.310545244,66.48859095,0.700157905,2.388167537,0.173198425,2.26E-05,0.023968141,0.028963969,0.027646598,0.805011916,0.066796302,404.9507042,0.158301684,33.41685572,-0.513440381,3.917161514,14.87583339,0.014977979,-0.513440381,4.467166126,16.20999165,0.014982086,190.0288692,0.066062146,63605.26772,0.42306054,1.89E-07,6.93E-06,92.58645013,0.583963828,0.003616739,0.172251659,0.659759692,6.50E-07,0.012292635,0.027560716,0.004425658,0.070408374,-881.6448682,0.085673774,579.7615967,1.643897601,20.45048507,7.48E-06,3.98E-05,0.754510281,5.67E-07,0.010031928,0.000709289,0.007092891,0.000709289,0.000709289,-0.007092891
2,sulfuric acid digestion,EE,neodynium_oxide,21.13507835,0.322885773,3.919904016,1.699687766,0.080801402,21.13507835,5.323482112,67.74880716,0.803437076,2.394698045,0.173294649,2.25E-05,0.025103307,0.029424994,0.02806749,0.805644112,0.071892503,320.3530386,0.164081598,33.32347392,-0.544853455,3.960942854,14.76019481,0.015160649,-0.544853455,4.510985411,15.99280874,0.015164832,195.9767512,0.071150666,63281.26353,0.423053616,1.88E-07,6.96E-06,107.8326264,0.568036226,0.00348767,0.172264859,0.660184642,6.57E-07,0.011520446,0.027976662,0.003240332,0.075532179,-880.5142269,0.090725549,584.3056553,1.654231904,20.29221149,7.50E-06,4.01E-05,0.764438586,5.74E-07,0.009992636,4.17E-05,0.000417229,4.17E-05,0.000417229,-0.000417229
2,sulfuric acid digestion,JP,neodynium_oxide,20.82833742,0.321152164,3.839115962,1.658765777,0.07926086,20.82833742,5.223515638,65.91229271,0.707326121,2.338583978,0.173204842,2.26E-05,0.023388706,0.028978793,0.027605743,0.80654365,0.066278572,320.1933206,0.157671494,32.59930899,-0.576165947,3.996333525,14.403103,0.015046757,-0.576165947,4.546348029,15.64647848,0.015050957,190.6714108,0.065535127,63239.3139,0.423053843,1.88E-07,6.92E-06,94.80984812,0.566194011,0.003482831,0.172250908,0.660344628,6.64E-07,0.011146004,0.027515347,0.003218105,0.069878338,-881.6834746,0.084864986,572.5312806,1.641976412,19.97994865,7.37E-06,3.96E-05,0.752825822,5.82E-07,0.009550623,Not available,Not available,Not available,Not available,Not available
2,sulfuric acid digestion,MM,neodynium_oxide,20.93537061,0.323570369,3.866834892,1.672184722,0.0796906,20.93537061,5.278703532,66.59605874,0.64383147,2.356902117,0.173233745,2.26E-05,0.023488328,0.028775871,0.027418207,0.804813198,0.066620811,319.3920523,0.162538231,33.00391879,-0.524666458,3.9392318,14.58606249,0.020556237,-0.524666458,4.494962398,15.8064315,0.020560394,190.7598878,0.065875354,63244.33066,0.423056862,1.88E-07,6.92E-06,85.6452714,0.572428739,0.003515951,0.172255225,0.659257703,6.68E-07,0.011135461,0.027327586,0.003216774,0.070206942,-881.493183,0.085246036,577.1722043,1.64603292,20.09655299,7.44E-06,3.98E-05,0.748277057,5.86E-07,0.009575069,Not available,Not available,Not available,Not available,Not available
2,sulfuric acid digestion,MY,neodynium_oxide,20.93459964,0.323508074,3.866637637,1.672060942,0.079690053,20.93459964,5.278531038,66.59340054,0.643798784,2.356739511,0.173233762,2.26E-05,0.023486464,0.028773661,0.027416064,0.80478822,0.066615549,319.3801973,0.162521868,33.00235548,-0.524635817,3.939204126,14.58537849,0.020553736,-0.524635817,4.494934014,15.80570504,0.020557885,190.7501194,0.065869718,63244.0547,0.423056237,1.88E-07,6.92E-06,85.64035764,0.57229993,0.003515728,0.172255174,0.659233059,6.68E-07,0.011134616,0.027325446,0.003216689,0.070201158,-881.4938507,0.08523997,577.1318701,1.646027501,20.09580686,7.44E-06,3.98E-05,0.748224435,5.86E-07,0.009574327,4.17E-05,0.000417229,0.004172289,0.417228853,-0.000417229
2,sulfuric acid digestion,US,neodynium_oxide,20.5313348,0.315814821,3.819102643,1.669210454,0.079680966,20.5313348,5.248109986,66.33720688,0.82149126,2.352291205,0.173223992,2.26E-05,0.02315218,0.028152023,0.026776007,0.805906979,0.065180401,319.425839,0.158078892,32.40512637,-0.522722611,3.937272208,14.20295079,0.014989842,-0.522722611,4.487265566,15.4189041,0.014993901,191.9069909,0.064409815,63281.16942,0.423053646,1.88E-07,6.91E-06,109.2166702,0.55791325,0.003458306,0.172221379,0.660698933,6.53E-07,0.010990115,0.02669037,0.003221501,0.068708828,-881.642955,0.083490255,575.4636426,1.645169147,19.6972922,7.40E-06,3.97E-05,0.732285327,5.70E-07,0.009581356,Not available,Not available,Not available,Not available,Not available
2,cryogenic,US,neodynium dysprosium iron alloy,0,0,0,0,0,0,0,0,0,0,0,0,0,0,0,0,0,0,0,0,0,0,0,0,0,0,0,0,0,0,0,0,0,0,0,0,0,0,0,0,0,0,0,0,0,0,0,0,0,0,0,0,0,0,Not available,Not available,Not available,Not available,Not available
2,direct reuse,US,hp_magnet,0,0,0,0,0,0,0,0,0,0,0,0,0,0,0,0,0,0,0,0,0,0,0,0,0,0,0,0,0,0,0,0,0,0,0,0,0,0,0,0,0,0,0,0,0,0,0,0,0,0,0,0,0,0,Not available,Not available,Not available,Not available,Not available
2,hydrometallurgical,US,neodynium dysprosium iron alloy,0,0,0,0,0,0,0,0,0,0,0,0,0,0,0,0,0,0,0,0,0,0,0,0,0,0,0,0,0,0,0,0,0,0,0,0,0,0,0,0,0,0,0,0,0,0,0,0,0,0,0,0,0,0,Not available,Not available,Not available,Not available,Not available
2,magnet-to-magnet recycling,US,hp_magnet,0,0,0,0,0,0,0,0,0,0,0,0,0,0,0,0,0,0,0,0,0,0,0,0,0,0,0,0,0,0,0,0,0,0,0,0,0,0,0,0,0,0,0,0,0,0,0,0,0,0,0,0,0,0,Not available,Not available,Not available,Not available,Not available
2,magnet_market_mix,US,hp_magnet,0,0,0,0,0,0,0,0,0,0,0,0,0,0,0,0,0,0,0,0,0,0,0,0,0,0,0,0,0,0,0,0,0,0,0,0,0,0,0,0,0,0,0,0,0,0,0,0,0,0,0,0,0,0,Not available,Not available,Not available,Not available,Not available
2,pyrometallurgical,US,neodynium dysprosium iron alloy,0,0,0,0,0,0,0,0,0,0,0,0,0,0,0,0,0,0,0,0,0,0,0,0,0,0,0,0,0,0,0,0,0,0,0,0,0,0,0,0,0,0,0,0,0,0,0,0,0,0,0,0,0,0,Not available,Not available,Not available,Not available,Not available
2,use phase,US,hp_magnet,0,0,0,0,0,0,0,0,0,0,0,0,0,0,0,0,0,0,0,0,0,0,0,0,0,0,0,0,0,0,0,0,0,0,0,0,0,0,0,0,0,0,0,0,0,0,0,0,0,0,0,0,0,0,Not available,Not available,Not available,Not available,Not available
3,beneficiation,AU,flurocarbonate,0.593661098,0.374074271,0.166122169,0.040729897,0.000611379,0.593661098,0.108992864,1.010773525,0.011391336,0.057944439,4.21E-05,2.32E-07,0.000770681,0.001464161,0.001415615,0.021763067,0.002504035,8.436430292,0.003232621,-15.91516681,-12.46283724,0.013605112,0.540127071,0.000240432,-12.46283724,0.014221564,0.568709908,0.000240608,7.85628534,0.002291881,321.0430502,8.04E-05,2.00E-09,5.52E-08,1.496397471,0.838341515,8.91E-05,6.61E-05,0.011019705,1.45E-08,0.000299563,0.001412573,7.98E-05,0.002584603,0.655096545,0.003226091,14.98848681,0.005987682,0.57866583,1.55E-07,2.52E-07,0.034804949,1.30E-08,0.000255847,2.59E-05,2.59E-05,2.59E-05,0.000259219,-0.000259219
3,beneficiation,BR,flurocarbonate,0.40306374,0.374055882,0.110680707,0.027195618,0.000108934,0.40306374,0.075855993,0.455170522,0.018346987,0.039231269,1.16E-05,3.71E-07,0.000512853,0.0010051,0.000956015,0.02156457,0.001650347,8.192467611,0.011997021,-16.29212902,-12.46609501,0.019881856,0.324727469,0.009195155,-12.46609501,0.029475922,0.351712865,0.009195332,5.486586886,0.001428801,297.8288813,7.99E-05,1.81E-09,4.05E-08,2.304663567,0.846650403,0.000108046,5.17E-05,0.010995561,1.55E-08,0.00024727,0.000952916,7.01E-05,0.001692206,1.003927152,0.002181929,11.17184773,0.002090033,0.385316128,1.07E-07,1.24E-07,0.023391786,1.38E-08,0.000197345,Not available,Not available,Not available,Not available,Not available
3,beneficiation,CA,flurocarbonate,Not available,Not available,Not available,Not available,Not available,Not available,Not available,Not available,Not available,Not available,Not available,Not available,Not available,Not available,Not available,Not available,Not available,Not available,Not available,Not available,Not available,Not available,Not available,Not available,Not available,Not available,Not available,Not available,Not available,Not available,Not available,Not available,Not available,Not available,Not available,Not available,Not available,Not available,Not available,Not available,Not available,Not available,Not available,Not available,Not available,Not available,Not available,Not available,Not available,Not available,Not available,Not available,Not available,Not available,Not available,Not available,Not available,Not available,Not available
3,beneficiation,CN,flurocarbonate,0.690411351,0.377169878,0.157381485,0.031171915,0.000160322,0.690411351,0.107673424,0.686077242,0.028806456,0.044873323,1.40E-05,2.26E-07,0.000725081,0.001229374,0.001184108,0.021961483,0.002009638,8.573925154,0.003555599,-15.86564191,-12.46551571,0.014671752,0.593769945,0.000230353,-12.46551571,0.015295511,0.652900571,0.000230548,7.790042728,0.001794657,375.5354515,8.18E-05,2.14E-09,5.36E-08,3.638362042,0.844050962,0.000125951,5.90E-05,0.011254443,1.33E-08,0.000520265,0.001181012,7.46E-05,0.002071763,0.672031594,0.002699336,13.08721312,0.002987141,0.65940133,1.52E-07,1.96E-07,0.029113586,1.19E-08,0.000330705,0.000162012,0.001620119,0.000162012,0.000162012,-0.001620119
3,beneficiation,EE,flurocarbonate,0.70459731,0.375379069,0.189270115,0.042110396,0.000650452,0.70459731,0.11463831,1.11231229,0.062151808,0.059976572,4.51E-05,2.23E-07,0.00120981,0.001536523,0.001483326,0.022126578,0.003920993,8.782526018,0.005539097,-15.79710898,-12.47312549,0.024481773,0.628595919,0.000293855,-12.47312549,0.025119752,0.665609503,0.000294068,9.856346342,0.003708746,327.9046827,8.03E-05,2.11E-09,6.69E-08,8.554091904,0.840426377,9.80E-05,6.86E-05,0.011402401,1.45E-08,0.000405066,0.001480364,8.28E-05,0.004006875,1.038176138,0.004673136,15.49405653,0.006384851,0.685161485,1.63E-07,2.90E-07,0.036464641,1.30E-08,0.000373895,Not available,Not available,Not available,Not available,Not available
3,beneficiation,JP,flurocarbonate,0.606828421,0.3748213,0.16357376,0.029059343,0.000159812,0.606828421,0.082797165,0.526964377,0.031582652,0.042083666,1.65E-05,2.40E-07,0.000663138,0.001393641,0.001335461,0.022402965,0.002132023,8.73387936,0.003496121,-16.02784943,-12.48310046,0.035754211,0.514806169,0.000256928,-12.48310046,0.036382893,0.555239588,0.000257147,8.169099378,0.001918735,314.490274,8.02E-05,1.96E-09,5.10E-08,4.411071314,0.839826102,9.65E-05,6.42E-05,0.011453907,1.67E-08,0.000285528,0.001332632,7.58E-05,0.002204917,0.665825978,0.002805245,11.7385844,0.002481381,0.585632089,1.17E-07,1.48E-07,0.032745798,1.50E-08,0.000232823,Not available,Not available,Not available,Not available,Not available
3,beneficiation,MM,flurocarbonate,0.64090689,0.37559128,0.172399233,0.033331835,0.000296637,0.64090689,0.100368538,0.744669797,0.011366509,0.047916025,2.57E-05,2.35E-07,0.000694857,0.001329034,0.001275751,0.021852007,0.00224099,8.478764174,0.005045647,-15.89902507,-12.46670347,0.01757352,0.573058905,0.002011099,-12.46670347,0.020022156,0.606167265,0.002011304,8.197270031,0.002027061,316.0875903,8.12E-05,2.03E-09,5.12E-08,1.493149885,0.841811282,0.000107126,6.56E-05,0.01110785,1.81E-08,0.000282171,0.00127285,7.53E-05,0.002309541,0.726413172,0.002926569,13.21621994,0.003772938,0.622757926,1.42E-07,1.98E-07,0.031297513,1.64E-08,0.000240607,0.000259219,0.025921902,2.59E-05,2.59E-05,-2.59E-05
3,beneficiation,MY,flurocarbonate,0.64090689,0.37559128,0.172399233,0.033331835,0.000296637,0.64090689,0.100368538,0.744669797,0.011366509,0.047916025,2.57E-05,2.35E-07,0.000694857,0.001329034,0.001275751,0.021852007,0.00224099,8.478764174,0.005045647,-15.89902507,-12.46670347,0.01757352,0.573058905,0.002011099,-12.46670347,0.020022156,0.606167265,0.002011304,8.197270031,0.002027061,316.0875903,8.12E-05,2.03E-09,5.12E-08,1.493149885,0.841811282,0.000107126,6.56E-05,0.01110785,1.81E-08,0.000282171,0.00127285,7.53E-05,0.002309541,0.726413172,0.002926569,13.21621994,0.003772938,0.622757926,1.42E-07,1.98E-07,0.031297513,1.64E-08,0.000240607,Not available,Not available,Not available,Not available,Not available
3,beneficiation,US,flurocarbonate,0.549631098,0.374220197,0.158763601,0.033066874,0.000314653,0.549631098,0.091704864,0.693371756,0.067341341,0.047420713,2.43E-05,2.35E-07,0.000648899,0.001331233,0.001272185,0.022114466,0.001967206,8.544935059,0.003609619,-16.04249433,-12.46955574,0.021292923,0.482652325,0.00023812,-12.46955574,0.021916925,0.515476711,0.0002383,8.599714605,0.001749965,331.6933937,8.02E-05,1.93E-09,4.90E-08,8.917623248,0.838726208,9.26E-05,6.12E-05,0.011368092,1.41E-08,0.000269428,0.001269273,7.74E-05,0.002034408,0.677738833,0.002626226,12.85420082,0.003672692,0.532422866,1.30E-07,1.81E-07,0.03116134,1.26E-08,0.000257938,2.16E-06,2.16E-06,2.16E-06,0.000216016,-2.16E-05
3,beneficiation,AU,phosphate,0.202385493,0.030783748,0.041074614,0.018304633,0.000187281,0.202385493,0.043577605,0.424103668,0.003693724,0.024449109,4.81E-05,2.34E-07,0.000309635,0.000378179,0.000367367,0.018954704,0.000922632,3.608781357,0.003058772,0.27501636,-0.033796503,0.012913128,0.157862452,0.020466696,-0.033796503,0.013543564,0.165298603,0.020611264,1.952363686,0.000943498,327.3317558,1.02E-05,1.31E-09,2.52E-08,0.529717513,0.035152324,0.000219696,1.91E-05,0.007164696,5.77E-09,0.000110314,0.000368029,3.85E-05,0.000991589,0.851350724,0.001063771,6.162389855,0.001831485,0.198420924,6.16E-08,1.00E-07,0.009131785,5.03E-09,0.001107167,2.59E-05,2.59E-05,2.59E-05,0.000259219,-0.000259219
3,beneficiation,BR,phosphate,0.145034674,0.030776845,0.024456635,0.014252823,3.69E-05,0.145034674,0.033660177,0.257699617,0.00575587,0.018791459,3.90E-05,2.76E-07,0.000231886,0.000241213,0.000230092,0.019031395,0.000666406,3.414946356,0.005694139,0.161768447,-0.034773461,0.014800564,0.093135599,0.023162306,-0.034773461,0.018133437,0.100026974,0.023306874,1.241696153,0.000684427,320.1276716,9.88E-06,1.26E-09,2.08E-08,0.768810948,0.037650847,0.000225501,1.48E-05,0.007144503,6.00E-09,9.33E-05,0.000230741,3.38E-05,0.000723774,0.956150538,0.000750439,5.01482867,0.000663511,0.140275594,4.75E-08,6.20E-08,0.005721641,5.24E-09,0.001089263,Not available,Not available,Not available,Not available,Not available
3,beneficiation,CA,phosphate,Not available,Not available,Not available,Not available,Not available,Not available,Not available,Not available,Not available,Not available,Not available,Not available,Not available,Not available,Not available,Not available,Not available,Not available,Not available,Not available,Not available,Not available,Not available,Not available,Not available,Not available,Not available,Not available,Not available,Not available,Not available,Not available,Not available,Not available,Not available,Not available,Not available,Not available,Not available,Not available,Not available,Not available,Not available,Not available,Not available,Not available,Not available,Not available,Not available,Not available,Not available,Not available,Not available,Not available,Not available,Not available,Not available,Not available,Not available
3,beneficiation,CN,phosphate,0.232781907,0.031713134,0.03892517,0.015427334,5.21E-05,0.232781907,0.04311737,0.326069474,0.009004572,0.020544125,3.97E-05,2.33E-07,0.000295268,0.000333144,0.00032278,0.01915408,0.000777253,3.714323216,0.003159106,0.291316185,-0.034635044,0.013274749,0.175207052,0.020465602,-0.034635044,0.013908706,0.191867978,0.020610176,1.956065087,0.000798074,344.2584842,1.05E-05,1.36E-09,2.47E-08,1.184209299,0.036875827,0.000230811,1.77E-05,0.007223921,5.46E-09,0.000174585,0.000323439,3.78E-05,0.000842766,0.856605205,0.00091652,5.587486128,0.000931031,0.223981695,6.09E-08,8.33E-08,0.008037212,4.75E-09,0.001127349,0.000162012,0.001620119,0.000162012,0.000162012,-0.001620119
3,beneficiation,EE,phosphate,0.235647703,0.031174966,0.048015106,0.01871855,0.000198997,0.235647703,0.045270281,0.454548223,0.018913333,0.025058406,4.90E-05,2.31E-07,0.0004413,0.000399875,0.000387669,0.019063695,0.001347481,3.71255136,0.003750327,0.310413855,-0.036881247,0.016174298,0.184388231,0.020482714,-0.036881247,0.016811189,0.194352188,0.020627293,2.55204572,0.001368319,329.3890905,1.01E-05,1.35E-09,2.87E-08,2.645839425,0.035777427,0.000222372,1.99E-05,0.007279439,5.78E-09,0.000141947,0.000388355,3.94E-05,0.001418031,0.966210204,0.001497642,6.313975528,0.001950568,0.230351713,6.40E-08,1.12E-07,0.009629414,5.05E-09,0.001142562,Not available,Not available,Not available,Not available,Not available
3,beneficiation,JP,phosphate,0.20619547,0.031000999,0.040343479,0.014806214,5.21E-05,0.20619547,0.035696984,0.279128182,0.009735108,0.019637593,4.04E-05,2.36E-07,0.000276877,0.000357745,0.000343989,0.019279283,0.000810724,3.572068279,0.003134429,0.24114817,-0.039886429,0.019574022,0.150238857,0.020471353,-0.039886429,0.020207748,0.161136707,0.020615934,2.047467127,0.000831231,325.0401707,9.98E-06,1.30E-09,2.39E-08,1.402218717,0.035585213,0.00022187,1.85E-05,0.007276505,6.44E-09,0.000104761,0.000344718,3.55E-05,0.000877421,0.854447182,0.000937335,5.182168353,0.000781012,0.200420043,5.04E-08,6.91E-08,0.008530114,5.65E-09,0.001099838,Not available,Not available,Not available,Not available,Not available
3,beneficiation,MM,phosphate,0.216551288,0.031238593,0.042956678,0.016086458,9.29E-05,0.216551288,0.040991755,0.344317278,0.00368628,0.02144227,4.32E-05,2.35E-07,0.000286901,0.000337663,0.000325431,0.018981371,0.000843763,3.621474398,0.003602375,0.279856167,-0.034955723,0.014102984,0.167736467,0.020997599,-0.034955723,0.015282767,0.176529514,0.021142175,2.054601767,0.000864096,325.8459505,1.04E-05,1.32E-09,2.40E-08,0.528743778,0.036192667,0.000225103,1.89E-05,0.007191124,6.86E-09,0.000105099,0.000326136,3.71E-05,0.000909117,0.872733723,0.000973965,5.631007637,0.001167434,0.211641141,5.79E-08,8.44E-08,0.008080144,6.06E-09,0.001102598,0.000259219,0.025921902,2.59E-05,2.59E-05,-2.59E-05
3,beneficiation,MY,phosphate,0.216551288,0.031238593,0.042956678,0.016086458,9.29E-05,0.216551288,0.040991755,0.344317278,0.00368628,0.02144227,4.32E-05,2.35E-07,0.000286901,0.000337663,0.000325431,0.018981371,0.000843763,3.621474398,0.003602375,0.279856167,-0.034955723,0.014102984,0.167736467,0.020997599,-0.034955723,0.015282767,0.176529514,0.021142175,2.054601767,0.000864096,325.8459505,1.04E-05,1.32E-09,2.40E-08,0.528743778,0.036192667,0.000225103,1.89E-05,0.007191124,6.86E-09,0.000105099,0.000326136,3.71E-05,0.000909117,0.872733723,0.000973965,5.631007637,0.001167434,0.211641141,5.79E-08,8.44E-08,0.008080144,6.06E-09,0.001102598,Not available,Not available,Not available,Not available,Not available
3,beneficiation,US,phosphate,0.187154592,0.030826788,0.03833395,0.016044638,9.97E-05,0.187154592,0.038421421,0.330557819,0.020674335,0.021284575,4.28E-05,2.34E-07,0.00026955,0.000298188,0.000284927,0.019183108,0.00074952,3.509163987,0.003175451,0.234728898,-0.035866462,0.015282736,0.138869356,0.020467817,-0.035866462,0.015916638,0.147319289,0.020612386,2.15447443,0.000767508,329.7004274,9.98E-06,1.29E-09,2.34E-08,2.781922881,0.035273118,0.000220579,1.65E-05,0.007242306,5.63E-09,0.0001,0.000285615,3.59E-05,0.000811123,0.858415846,0.000858859,5.526740131,0.001145917,0.182659327,5.43E-08,7.94E-08,0.007066016,4.91E-09,0.001108,2.16E-06,2.16E-06,2.16E-06,0.000216016,-2.16E-05
3,chemical transformation,AU,neodynium dysprosium iron alloy,0.888199307,0.008150725,0.214993044,0.057854957,0.001120585,0.888199307,0.119091257,1.739398611,0.021071347,0.078877759,7.26E-05,1.83E-07,0.001465554,0.002219076,0.002183222,0.043329555,0.003855213,5.764789752,0.003584064,1.447147451,-0.014755686,0.01391533,0.835784723,0.000447991,-0.014755686,0.01419842,0.863821239,0.000448102,10.23325084,0.004044259,242.1920026,1.56E-05,2.41E-09,7.86E-08,2.859514029,0.014840947,0.000105601,7.26E-05,0.476212523,6.90E-09,0.000454742,0.002182187,7.40E-05,0.004203973,0.156598439,0.004723292,17.97124744,0.009069708,0.873383298,1.69E-07,4.23E-07,0.053996217,6.52E-09,0.000938062,Not available,Not available,Not available,Not available,Not available
3,chemical transformation,BR,neodynium dysprosium iron alloy,0.523780064,0.008199328,0.1087704,0.031897908,0.000153553,0.523780064,0.056000815,0.672064104,0.034543791,0.043014826,1.37E-05,4.53E-07,0.000972638,0.001341462,0.00130321,0.043010306,0.002221144,5.374023652,0.020463154,0.723920749,-0.021124287,0.026075209,0.422771299,0.017687751,-0.021124287,0.043642357,0.448294843,0.017687864,5.69648206,0.002392121,198.8730284,1.46E-05,2.06E-09,5.05E-08,4.426729032,0.030985868,0.000144424,4.49E-05,0.476247173,7.87E-09,0.000355347,0.00130207,5.58E-05,0.002495599,0.827042927,0.002723474,10.66639183,0.001569,0.503372974,7.87E-08,1.77E-07,0.032132724,7.41E-09,0.000826858,Not available,Not available,Not available,Not available,Not available
3,chemical transformation,CA,neodynium dysprosium iron alloy,Not available,Not available,Not available,Not available,Not available,Not available,Not available,Not available,Not available,Not available,Not available,Not available,Not available,Not available,Not available,Not available,Not available,Not available,Not available,Not available,Not available,Not available,Not available,Not available,Not available,Not available,Not available,Not available,Not available,Not available,Not available,Not available,Not available,Not available,Not available,Not available,Not available,Not available,Not available,Not available,Not available,Not available,Not available,Not available,Not available,Not available,Not available,Not available,Not available,Not available,Not available,Not available,Not available,Not available,Not available,Not available,Not available,Not available,Not available
3,chemical transformation,CN,neodynium dysprosium iron alloy,1.082317625,0.01408632,0.201837942,0.039480717,0.000256177,1.082317625,0.11611159,1.112848553,0.05539338,0.053769042,1.90E-05,1.76E-07,0.001374042,0.001955167,0.001921362,0.043761959,0.002935796,6.060153814,0.004240227,1.551428589,-0.020181642,0.016318279,0.946850124,0.000446692,-0.020181642,0.016628009,1.033521763,0.000446841,10.291091,0.00312505,350.1143189,1.82E-05,2.68E-09,7.53E-08,7.093833003,0.025855682,0.000176609,6.44E-05,0.47670844,4.96E-09,0.000858957,0.001920308,6.43E-05,0.003264392,0.191210806,0.00379913,14.29508772,0.003313705,1.036766162,1.64E-07,3.14E-07,0.047567159,4.80E-09,0.001064278,4.45E-05,0.000444986,4.45E-05,4.45E-05,-0.000444986
3,chemical transformation,EE,neodynium dysprosium iron alloy,1.101814077,0.010663179,0.259565894,0.060513195,0.001195823,1.101814077,0.12996189,1.934917966,0.11881389,0.082790758,7.84E-05,1.66E-07,0.002311125,0.002358414,0.002313604,0.044029515,0.006583657,6.431217424,0.008025332,1.674475333,-0.034566363,0.034859037,1.006137145,0.00055086,-0.034566363,0.035183578,1.050407603,0.000551044,14.08449633,0.006772525,255.4045083,1.55E-05,2.63E-09,1.01E-07,16.44955711,0.018855444,0.000122786,7.74E-05,0.476949423,6.95E-09,0.000657895,0.002312724,7.98E-05,0.006942649,0.89424275,0.00750967,18.94475297,0.009834482,1.07844749,1.84E-07,4.94E-07,0.057192059,6.63E-09,0.001165372,9.57E-07,9.57E-07,9.57E-07,9.57E-07,-9.57E-05
3,chemical transformation,JP,neodynium dysprosium iron alloy,0.913553843,0.009589188,0.210085923,0.03538256,0.000251064,0.913553843,0.068649776,0.80779313,0.059951021,0.048336829,2.34E-05,1.98E-07,0.001258473,0.002083288,0.002028881,0.044561721,0.003138881,6.337547756,0.004091449,1.230169873,-0.053773815,0.05656484,0.787027711,0.000479756,-0.053773815,0.05687148,0.837883283,0.00047995,10.83559451,0.003325744,229.5742182,1.52E-05,2.35E-09,7.04E-08,8.471905443,0.017699639,0.000120021,6.89E-05,0.477048609,1.11E-08,0.000427718,0.002028256,6.62E-05,0.003472862,0.177258653,0.003912927,11.71335332,0.002318101,0.886797287,9.66E-08,2.22E-07,0.050031191,1.04E-08,0.000893728,2.39E-06,2.39E-06,2.39E-06,2.39E-06,-2.39E-06
3,chemical transformation,MM,neodynium dysprosium iron alloy,0.979174086,0.011071804,0.227079928,0.043609511,0.00051453,0.979174086,0.102484527,1.226998764,0.021023539,0.059567399,4.11E-05,1.89E-07,0.00131955,0.00195888,0.001913906,0.043500811,0.003348703,5.846304356,0.007075162,1.478229364,-0.022200363,0.021556752,0.899197063,0.003857524,-0.022200363,0.02536783,0.935947761,0.003857692,10.88983849,0.003534332,232.649938,1.71E-05,2.47E-09,7.09E-08,2.853260505,0.02152217,0.000140328,7.15E-05,0.476382246,1.39E-08,0.000421254,0.001913143,6.53E-05,0.003674324,0.293923168,0.004146543,14.55863232,0.004805076,0.958285434,1.45E-07,3.20E-07,0.047242423,1.32E-08,0.000908716,Not available,Not available,Not available,Not available,Not available
3,chemical transformation,MY,neodynium dysprosium iron alloy,0.979174086,0.011071804,0.227079928,0.043609511,0.00051453,0.979174086,0.102484527,1.226998764,0.021023539,0.059567399,4.11E-05,1.89E-07,0.00131955,0.00195888,0.001913906,0.043500811,0.003348703,5.846304356,0.007075162,1.478229364,-0.022200363,0.021556752,0.899197063,0.003857524,-0.022200363,0.02536783,0.935947761,0.003857692,10.88983849,0.003534332,232.649938,1.71E-05,2.47E-09,7.09E-08,2.853260505,0.02152217,0.000140328,7.15E-05,0.476382246,1.39E-08,0.000421254,0.001913143,6.53E-05,0.003674324,0.293923168,0.004146543,14.55863232,0.004805076,0.958285434,1.45E-07,3.20E-07,0.047242423,1.32E-08,0.000908716,Not available,Not available,Not available,Not available,Not available
3,chemical transformation,US,neodynium dysprosium iron alloy,0.790942912,0.00849087,0.196736116,0.043299516,0.000555388,0.790942912,0.086074535,1.136523747,0.130062826,0.05886343,3.87E-05,1.84E-07,0.001211462,0.001668373,0.001617786,0.043942698,0.002745333,5.932542946,0.004361129,1.187575546,-0.028142596,0.029184103,0.713156301,0.000459712,-0.028142596,0.02949343,0.748529038,0.00045983,11.49987207,0.002915186,257.9862597,1.52E-05,2.28E-09,6.69E-08,17.31568184,0.015733717,0.000111766,5.49E-05,0.476826233,5.94E-09,0.000397675,0.001616889,6.91E-05,0.003043966,0.203031229,0.003398136,13.91751006,0.004650199,0.772280516,1.22E-07,2.88E-07,0.039844892,5.70E-09,0.000947085,Not available,Not available,Not available,Not available,Not available
3,clay mining,AU,ion adsorption clay,20.07454376,0.390699838,4.594572179,2969.691037,0.011952743,20.07454376,4.414014187,7154.732843,0.827579918,4017.949034,0.00586132,3.43E-06,0.037969319,0.052614181,0.050863084,0.632524148,0.121793298,932.278374,0.274207594,160.1645366,-0.534728173,0.60193252,17.4545636,0.014548008,-0.534728173,0.620773668,18.98047683,0.014553152,228.1553082,0.11971751,18934.03956,0.000430845,1.11E-06,0.003048394,118.9895747,0.744818778,0.004759288,0.01894731,0.789014567,2.90E-07,0.014464147,0.050804543,0.005824181,0.1285968,11.31598958,0.139546741,1660542.478,0.120290278,19.26894734,6.09E-06,0.003205053,1.426506392,2.66E-07,0.011743534,6.33E-07,6.33E-07,6.33E-07,6.33E-06,-6.33E-06
3,clay mining,BR,ion adsorption clay,18.74333123,0.39086616,4.206702201,2969.596375,0.00842707,18.74333123,4.183538133,7150.841057,0.876640415,4017.818236,0.005646686,4.41E-06,0.036169865,0.049408962,0.047649876,0.631289727,0.115829318,930.8201911,0.335744376,157.5252598,-0.557931479,0.646251823,15.94690311,0.077403459,-0.557931479,0.728111188,17.46313469,0.077408612,211.5856226,0.113687565,18775.6635,0.000427238,1.11E-06,0.003048292,124.6948437,0.803663208,0.004900619,0.018846135,0.789080213,2.94E-07,0.014101043,0.047590951,0.005757424,0.122361606,13.76018319,0.13224802,1660515.83,0.092942967,17.91762089,5.76E-06,0.003204157,1.346681716,2.70E-07,0.011337198,Not available,Not available,Not available,Not available,Not available
3,clay mining,CA,ion adsorption clay,Not available,Not available,Not available,Not available,Not available,Not available,Not available,Not available,Not available,Not available,Not available,Not available,Not available,Not available,Not available,Not available,Not available,Not available,Not available,Not available,Not available,Not available,Not available,Not available,Not available,Not available,Not available,Not available,Not available,Not available,Not available,Not available,Not available,Not available,Not available,Not available,Not available,Not available,Not available,Not available,Not available,Not available,Not available,Not available,Not available,Not available,Not available,Not available,Not available,Not available,Not available,Not available,Not available,Not available,Not available,Not available,Not available,Not available,Not available
3,clay mining,CN,ion adsorption clay,20.78183741,0.412344906,4.546260463,2969.624066,0.008801494,20.78183741,4.403275795,7152.449228,0.952683131,4017.857519,0.00566572,3.40E-06,0.037635885,0.051655078,0.049911008,0.634129759,0.118441876,933.3632665,0.276597269,160.543977,-0.554508444,0.61068948,17.85886603,0.014541527,-0.554508444,0.629626958,19.59869917,0.014546811,228.3487825,0.116366886,19328.43785,0.000440429,1.11E-06,0.003048383,134.4229999,0.784981871,0.005018211,0.01891767,0.790843305,2.82E-07,0.015938073,0.049852392,0.005788886,0.125172027,11.442023,0.136178739,1660529.083,0.099307561,19.86410794,6.07E-06,0.003204655,1.403128916,2.59E-07,0.012203755,3.96E-06,3.96E-05,3.96E-06,3.96E-06,-3.96E-05
3,clay mining,EE,ion adsorption clay,20.85325459,0.39985878,4.757057952,2969.700727,0.012227015,20.85325459,4.45364203,7155.445588,1.183890356,4017.963298,0.005882288,3.37E-06,0.041051762,0.053122124,0.051338379,0.635075788,0.131739562,934.7077715,0.290397782,160.9932372,-0.606945972,0.678280666,18.07556596,0.014923005,-0.606945972,0.697272917,19.66065836,0.014928416,242.1946298,0.129663124,18982.20441,0.000430492,1.11E-06,0.003048477,168.5306855,0.759453314,0.004821936,0.018964779,0.791700875,2.90E-07,0.01520472,0.051280401,0.00584529,0.138580362,14.00499641,0.149704195,1660546.027,0.123078183,20.01648791,6.15E-06,0.003205313,1.438156511,2.66E-07,0.012572173,Not available,Not available,Not available,Not available,Not available
3,clay mining,JP,ion adsorption clay,20.17033712,0.395966965,4.578047615,2969.609193,0.008783356,20.17033712,4.230796784,7151.338239,0.969381588,4017.837839,0.005682496,3.49E-06,0.037223004,0.052143627,0.050326456,0.637193721,0.119208402,934.4131328,0.276062695,159.3798365,-0.677017568,0.757457782,17.28102578,0.014664403,-0.677017568,0.77638486,18.88948282,0.014669856,230.4164103,0.117125417,18887.74886,0.000429671,1.11E-06,0.003048365,139.4578126,0.7552844,0.004812032,0.018935113,0.792143231,3.06E-07,0.014367892,0.050269413,0.005796249,0.125960479,11.39154639,0.136628987,1660519.701,0.095683865,19.3215495,5.83E-06,0.003204321,1.412709693,2.81E-07,0.011584137,Not available,Not available,Not available,Not available,Not available
3,clay mining,MM,ion adsorption clay,20.40618306,0.401348381,4.63863369,2969.639107,0.009743432,20.40618306,4.353476116,7152.864941,0.827405642,4017.87864,0.00574648,3.45E-06,0.037437076,0.051665664,0.049881321,0.633148452,0.119946866,932.5755308,0.286934033,160.2778426,-0.561866987,0.629788546,17.68572684,0.026977112,-0.561866987,0.661490613,19.24340672,0.026982463,230.5488318,0.117858621,18899.25496,0.000436342,1.11E-06,0.003048366,118.9667783,0.769174593,0.004885884,0.018943402,0.78963329,3.16E-07,0.014342068,0.049823769,0.005792694,0.126666018,11.81659284,0.13744426,1660530.038,0.104744001,19.57844944,6.00E-06,0.003204677,1.401886131,2.90E-07,0.011636558,6.33E-06,0.00063307,6.33E-07,6.33E-07,-6.33E-07
3,clay mining,MY,ion adsorption clay,20.40618306,0.401348381,4.63863369,2969.639107,0.009743432,20.40618306,4.353476116,7152.864941,0.827405642,4017.87864,0.00574648,3.45E-06,0.037437076,0.051665664,0.049881321,0.633148452,0.119946866,932.5755308,0.286934033,160.2778426,-0.561866987,0.629788546,17.68572684,0.026977112,-0.561866987,0.661490613,19.24340672,0.026982463,230.5488318,0.117858621,18899.25496,0.000436342,1.11E-06,0.003048366,118.9667783,0.769174593,0.004885884,0.018943402,0.78963329,3.16E-07,0.014342068,0.049823769,0.005792694,0.126666018,11.81659284,0.13744426,1660530.038,0.104744001,19.57844944,6.00E-06,0.003204677,1.401886131,2.90E-07,0.011636558,Not available,Not available,Not available,Not available,Not available
3,clay mining,US,ion adsorption clay,19.71816858,0.391943839,4.527518095,2969.637979,0.0098925,19.71816858,4.293722435,7152.535426,1.224972454,4017.876072,0.005737421,3.43E-06,0.037041001,0.050601083,0.048796409,0.634763675,0.117740604,932.8990082,0.277043551,159.2165709,-0.583536266,0.657604183,17.00616176,0.014588385,-0.583536266,0.676539714,18.55847803,0.014593553,232.7501679,0.115594687,18995.32833,0.000429602,1.11E-06,0.003048352,171.6980542,0.748074084,0.004782063,0.018882362,0.791299455,2.86E-07,0.014255609,0.048738363,0.005806355,0.12436093,11.48542051,0.134707509,1660527.703,0.104180229,18.89872839,5.92E-06,0.00320456,1.374785696,2.62E-07,0.011776009,5.28E-08,5.28E-08,5.28E-08,5.28E-06,-5.28E-07
3,clay refining,AU,dysprosium_oxide,12.90476126,1.991181389,2.714306403,0.949686732,0.004569401,12.90476126,2.184621657,19.00661573,0.657741475,1.276683309,0.002297806,1.36E-05,0.018680052,0.024632261,0.023810776,0.834696837,0.051391038,130.5232075,0.205032305,16.47866787,-2.752295949,0.672780862,10.84492723,0.163506353,-2.752295949,0.683396509,11.72191361,0.166559165,137.5529886,0.050417838,4378.719857,0.001683001,7.88E-08,1.23E-06,87.97118867,2.06655549,0.007387742,0.002120026,0.229593004,9.44E-07,0.009864301,0.023674102,0.001221107,0.054699895,10.87809695,0.06091438,358.2168863,0.057801338,12.45978947,3.02E-06,5.02E-06,0.641932289,8.09E-07,0.007929563,2.59E-05,2.59E-05,2.59E-05,0.000259219,-0.000259219
3,clay refining,BR,dysprosium_oxide,12.78404744,1.991197508,2.679120169,0.941088469,0.004249072,12.78404744,2.163722992,18.65306134,0.662204223,1.264803726,0.002278301,1.37E-05,0.018516774,0.024341552,0.023519273,0.834591091,0.050849753,130.3937695,0.210623504,16.23909914,-2.754405555,0.676808827,10.70811658,0.169217024,-2.754405555,0.693149818,11.58427054,0.172269837,136.0501848,0.049870568,4364.370469,0.001682678,7.87E-08,1.22E-06,88.49032878,2.071903533,0.007400603,0.002110843,0.229604496,9.44E-07,0.009831377,0.023382563,0.001215082,0.054133996,11.1001817,0.060251941,355.7971564,0.055316728,12.33722361,2.99E-06,4.94E-06,0.634690012,8.09E-07,0.007892727,Not available,Not available,Not available,Not available,Not available
3,clay refining,CA,dysprosium_oxide,Not available,Not available,Not available,Not available,Not available,Not available,Not available,Not available,Not available,Not available,Not available,Not available,Not available,Not available,Not available,Not available,Not available,Not available,Not available,Not available,Not available,Not available,Not available,Not available,Not available,Not available,Not available,Not available,Not available,Not available,Not available,Not available,Not available,Not available,Not available,Not available,Not available,Not available,Not available,Not available,Not available,Not available,Not available,Not available,Not available,Not available,Not available,Not available,Not available,Not available,Not available,Not available,Not available,Not available,Not available,Not available,Not available,Not available,Not available
3,clay refining,CN,dysprosium_oxide,12.96906295,1.993147565,2.709948775,0.943600263,0.004283066,12.96906295,2.183634638,18.79907099,0.669110648,1.268366044,0.002280029,1.36E-05,0.018649739,0.024544841,0.023724035,0.83484007,0.051086481,130.6210466,0.205249659,16.51321098,-2.754093296,0.673576839,10.88171764,0.163505923,-2.754093296,0.68420131,11.7781269,0.166558748,137.5721481,0.05011335,4414.46912,0.001683869,7.89E-08,1.23E-06,89.37380678,2.070204143,0.007411264,0.002117316,0.229757275,9.43E-07,0.009998198,0.023587354,0.00121789,0.054388659,10.88956229,0.060608251,356.9991576,0.055894662,12.51391004,3.02E-06,4.98E-06,0.639802663,8.08E-07,0.007971373,0.000162012,0.001620119,0.000162012,0.000162012,-0.001620119
3,clay refining,EE,dysprosium_oxide,12.97552121,1.992013658,2.729071177,0.950567283,0.004594323,12.97552121,2.188222608,19.07138167,0.690118693,1.277979504,0.002299712,1.36E-05,0.018960148,0.024678417,0.023853966,0.834928705,0.052294835,130.7439657,0.206503476,16.55397034,-2.758858242,0.67971847,10.90135652,0.163540429,-2.758858242,0.690347847,11.7837204,0.166593265,138.8287145,0.051321577,4383.096523,0.001682969,7.89E-08,1.24E-06,92.47289052,2.067885327,0.007393435,0.002121613,0.229837118,9.44E-07,0.009931596,0.023717342,0.001223025,0.055607081,11.12244164,0.061837368,358.5393637,0.058054669,12.52771705,3.03E-06,5.04E-06,0.642990917,8.09E-07,0.00800486,Not available,Not available,Not available,Not available,Not available
3,clay refining,JP,dysprosium_oxide,12.91316003,1.991657906,2.712680941,0.942242793,0.004281372,12.91316003,2.167912955,18.69802208,0.67062037,1.266566681,0.002281503,1.36E-05,0.018611457,0.024587281,0.023759651,0.835104998,0.051153753,130.712937,0.205200377,16.40679435,-2.765220714,0.686908519,10.82877654,0.163516876,-2.765220714,0.697531967,11.71332173,0.166569715,137.752516,0.050179831,4374.540275,0.001682889,7.88E-08,1.23E-06,89.83029366,2.067502482,0.00739252,0.002118794,0.229869986,9.45E-07,0.009855349,0.023623113,0.001218516,0.054457715,10.88494067,0.060645948,356.1439727,0.055564868,12.46423293,3.00E-06,4.95E-06,0.640618881,8.10E-07,0.007914878,Not available,Not available,Not available,Not available,Not available
3,clay refining,MM,dysprosium_oxide,12.9348967,1.992149016,2.718310198,0.944967937,0.004368645,12.9348967,2.179120709,18.83688343,0.65772564,1.270286765,0.002287371,1.36E-05,0.018631688,0.024546071,0.023721566,0.834753569,0.051223256,130.5502115,0.206188732,16.48896385,-2.754762005,0.675312087,10.86593261,0.164635761,-2.754762005,0.687096381,11.74580556,0.167688592,137.770484,0.050248925,4375.559067,0.001683501,7.88E-08,1.23E-06,87.96911732,2.068768682,0.007399246,0.002119671,0.229649237,9.46E-07,0.009853208,0.023584981,0.001218246,0.054524449,10.92358578,0.060723332,357.0864607,0.056388679,12.48791335,3.01E-06,4.99E-06,0.639695099,8.11E-07,0.007919843,0.000259219,0.025921902,2.59E-05,2.59E-05,-2.59E-05
3,clay refining,MY,dysprosium_oxide,12.9348967,1.992149016,2.718310198,0.944967937,0.004368645,12.9348967,2.179120709,18.83688343,0.65772564,1.270286765,0.002287371,1.36E-05,0.018631688,0.024546071,0.023721566,0.834753569,0.051223256,130.5502115,0.206188732,16.48896385,-2.754762005,0.675312087,10.86593261,0.164635761,-2.754762005,0.687096381,11.74580556,0.167688592,137.770484,0.050248925,4375.559067,0.001683501,7.88E-08,1.23E-06,87.96911732,2.068768682,0.007399246,0.002119671,0.229649237,9.46E-07,0.009853208,0.023584981,0.001218246,0.054524449,10.92358578,0.060723332,357.0864607,0.056388679,12.48791335,3.01E-06,4.99E-06,0.639695099,8.11E-07,0.007919843,Not available,Not available,Not available,Not available,Not available
3,clay refining,US,dysprosium_oxide,12.87254507,1.991294052,2.708258795,0.94486524,0.004382179,12.87254507,2.173684865,18.8069134,0.693844902,1.27005356,0.002286577,1.36E-05,0.018595884,0.02444984,0.023623476,0.83489994,0.05102339,130.5787755,0.205289708,16.39268467,-2.756730362,0.677838643,10.80430656,0.163510236,-2.756730362,0.688462981,11.68372306,0.16656305,137.9725569,0.050043833,4383.951701,0.001682887,7.87E-08,1.23E-06,92.75979415,2.066851198,0.007389784,0.002114167,0.229796294,9.43E-07,0.009845398,0.023486847,0.001219476,0.054315642,10.89347781,0.060475422,356.874085,0.056337375,12.42629917,3.01E-06,4.98E-06,0.637244663,8.08E-07,0.007932552,2.16E-06,2.16E-06,2.16E-06,0.000216016,-2.16E-05
3,clay refining,AU,neodynium_oxide,12.90463118,1.991179206,2.71427988,0.949670266,0.004569358,12.90463118,2.184585345,19.00627827,0.657734949,1.27666158,0.002297801,1.36E-05,0.018679836,0.024632064,0.023810586,0.834682521,0.051390395,130.5214882,0.205027729,16.47840926,-2.752292731,0.672767393,10.84482933,0.163506223,-2.752292731,0.683376986,11.72180776,0.166559035,137.5516344,0.050417138,4375.169999,0.001682996,7.88E-08,1.23E-06,87.9703237,2.066551192,0.007387705,0.002120017,0.229589828,9.44E-07,0.009864213,0.023673912,0.001221094,0.054699179,10.86885297,0.060913661,358.2113328,0.057800878,12.45966612,3.02E-06,5.02E-06,0.641927396,8.09E-07,0.007929489,2.59E-05,2.59E-05,2.59E-05,0.000259219,-0.000259219
3,clay refining,BR,neodynium_oxide,12.78391725,1.991195262,2.679093618,0.941071965,0.004249028,12.78391725,2.163686603,18.65272327,0.662197693,1.264781945,0.002278296,1.37E-05,0.018516557,0.024341355,0.023519082,0.834576766,0.05084911,130.3920442,0.210618927,16.23884022,-2.754402323,0.676795348,10.70801859,0.169216893,-2.754402323,0.693130284,11.58416459,0.172269706,136.0488292,0.049869866,4360.820549,0.001682673,7.87E-08,1.22E-06,88.48946324,2.071899104,0.007400564,0.002110834,0.229601284,9.44E-07,0.009831288,0.023382373,0.001215069,0.054133279,11.09093767,0.06025122,355.7915898,0.055316268,12.33710015,2.99E-06,4.94E-06,0.634685111,8.09E-07,0.007892653,Not available,Not available,Not available,Not available,Not available
3,clay refining,CA,neodynium_oxide,Not available,Not available,Not available,Not available,Not available,Not available,Not available,Not available,Not available,Not available,Not available,Not available,Not available,Not available,Not available,Not available,Not available,Not available,Not available,Not available,Not available,Not available,Not available,Not available,Not available,Not available,Not available,Not available,Not available,Not available,Not available,Not available,Not available,Not available,Not available,Not available,Not available,Not available,Not available,Not available,Not available,Not available,Not available,Not available,Not available,Not available,Not available,Not available,Not available,Not available,Not available,Not available,Not available,Not available,Not available,Not available,Not available,Not available,Not available
3,clay refining,CN,neodynium_oxide,12.96893288,1.99314535,2.709922255,0.943583804,0.004283023,12.96893288,2.183598336,18.79873365,0.669104122,1.268344324,0.002280025,1.36E-05,0.018649523,0.024544645,0.023723845,0.834825756,0.051085839,130.619328,0.205245083,16.51295242,-2.75409008,0.67356337,10.88161975,0.163505793,-2.75409008,0.684181788,11.77802106,0.166558617,137.5707941,0.05011265,4410.919271,0.001683864,7.89E-08,1.23E-06,89.3729418,2.070199773,0.007411226,0.002117307,0.229754104,9.43E-07,0.009998109,0.023587164,0.001217877,0.054387943,10.88031832,0.060607532,356.9936065,0.055894203,12.5137867,3.02E-06,4.98E-06,0.639797772,8.08E-07,0.007971299,0.000162012,0.001620119,0.000162012,0.000162012,-0.001620119
3,clay refining,EE,neodynium_oxide,12.97539102,1.992011412,2.729044625,0.950550778,0.00459428,12.97539102,2.188186227,19.07104359,0.690112162,1.277957724,0.002299707,1.36E-05,0.018959931,0.02467822,0.023853775,0.834914381,0.052294192,130.7422411,0.206498898,16.55371142,-2.75885501,0.679704991,10.90125853,0.163540298,-2.75885501,0.690328313,11.78361444,0.166593135,138.8273589,0.051320875,4379.546604,0.001682964,7.89E-08,1.24E-06,92.4720248,2.067880901,0.007393396,0.002121604,0.229833908,9.44E-07,0.009931507,0.023717152,0.001223012,0.055606364,11.11319761,0.061836648,358.5337973,0.058054209,12.52759358,3.03E-06,5.04E-06,0.642986015,8.09E-07,0.008004786,Not available,Not available,Not available,Not available,Not available
3,clay refining,JP,neodynium_oxide,12.91302985,1.991655675,2.712654389,0.942226286,0.004281329,12.91302985,2.167876585,18.69768398,0.670613839,1.266544897,0.002281498,1.36E-05,0.01861124,0.024587084,0.023759461,0.835090674,0.05115311,130.7112128,0.2051958,16.40653542,-2.765217484,0.686895041,10.82867855,0.163516745,-2.765217484,0.697512434,11.71321578,0.166569585,137.7511604,0.050179129,4370.990354,0.001682884,7.88E-08,1.23E-06,89.82942812,2.067498087,0.007392481,0.002118785,0.229866776,9.45E-07,0.009855261,0.023622922,0.001218503,0.054456998,10.87569666,0.060645227,356.1384055,0.055564408,12.46410948,3.00E-06,4.95E-06,0.640613979,8.10E-07,0.007914804,Not available,Not available,Not available,Not available,Not available
3,clay refining,MM,neodynium_oxide,12.93476651,1.992146769,2.718283647,0.944951433,0.004368602,12.93476651,2.179084333,18.83654536,0.65771911,1.270264985,0.002287366,1.36E-05,0.018631472,0.024545874,0.023721375,0.834739246,0.051222613,130.5484873,0.206184154,16.48870493,-2.754758773,0.675298609,10.86583462,0.164635631,-2.754758773,0.687076847,11.74569961,0.167688462,137.7691284,0.050248224,4372.009149,0.001683496,7.88E-08,1.23E-06,87.96825183,2.068764253,0.007399207,0.002119662,0.229646027,9.46E-07,0.00985312,0.023584791,0.001218233,0.054523732,10.91434176,0.060722612,357.0808944,0.056388219,12.48778989,3.01E-06,4.99E-06,0.639690198,8.11E-07,0.007919769,0.000259219,0.025921902,2.59E-05,2.59E-05,-2.59E-05
3,clay refining,MY,neodynium_oxide,12.93476651,1.992146769,2.718283647,0.944951433,0.004368602,12.93476651,2.179084333,18.83654536,0.65771911,1.270264985,0.002287366,1.36E-05,0.018631472,0.024545874,0.023721375,0.834739246,0.051222613,130.5484873,0.206184154,16.48870493,-2.754758773,0.675298609,10.86583462,0.164635631,-2.754758773,0.687076847,11.74569961,0.167688462,137.7691284,0.050248224,4372.009149,0.001683496,7.88E-08,1.23E-06,87.96825183,2.068764253,0.007399207,0.002119662,0.229646027,9.46E-07,0.00985312,0.023584791,0.001218233,0.054523732,10.91434176,0.060722612,357.0808944,0.056388219,12.48778989,3.01E-06,4.99E-06,0.639690198,8.11E-07,0.007919769,Not available,Not available,Not available,Not available,Not available
3,clay refining,US,neodynium_oxide,12.87241502,1.991291801,2.708232275,0.944848782,0.004382136,12.87241502,2.173648562,18.80657606,0.693838374,1.27003184,0.002286572,1.36E-05,0.018595668,0.024449644,0.023623285,0.834885626,0.051022748,130.5770569,0.205285131,16.39242611,-2.756727146,0.677825175,10.80420868,0.163510106,-2.756727146,0.688443458,11.68361723,0.16656292,137.9712028,0.050043132,4380.401853,0.001682882,7.87E-08,1.23E-06,92.758929,2.066846746,0.007389745,0.002114158,0.229793123,9.43E-07,0.009845309,0.023486657,0.001219463,0.054314926,10.88423383,0.060474703,356.8685339,0.056336916,12.42617583,3.01E-06,4.98E-06,0.637239771,8.08E-07,0.007932478,2.16E-06,2.16E-06,2.16E-06,0.000216016,-2.16E-05
3,hydrochloric acid digestion,AU,dysprosium_oxide,23.75437493,0.357695833,4.145596974,1.874238154,0.100192764,23.75437493,6.377890503,79.17423039,0.74465479,2.662293093,0.216547534,2.73E-05,0.020455868,0.033174663,0.031770909,0.924261743,0.054388144,371.223771,0.178286835,37.39924565,-0.535007667,4.66306698,16.35557658,0.017247229,-0.535007667,5.349373016,17.69239992,0.017251797,205.3319373,0.052139951,78343.55718,0.52876848,2.20E-07,8.24E-06,98.84978101,0.633365468,0.003951488,0.215201756,0.793610894,7.06E-07,0.010895776,0.031693911,0.003792557,0.057527999,-1103.132144,0.067211712,649.5846663,2.057759068,22.8068789,9.00E-06,4.86E-05,0.863664068,6.17E-07,0.009648432,Not available,Not available,Not available,Not available,Not available
3,hydrochloric acid digestion,BR,dysprosium_oxide,23.0113605,0.357701944,3.929891538,1.821857385,0.098241375,23.0113605,6.248930098,77.02006686,0.771650617,2.589890008,0.21642994,2.79E-05,0.01945355,0.031392584,0.02998929,0.923471004,0.051068883,370.2929934,0.212346181,35.93452079,-0.547766925,4.687523065,15.51763454,0.052036044,-0.547766925,5.408708838,16.84716211,0.052040618,196.1101407,0.048785484,78250.7551,0.528767837,2.19E-07,8.19E-06,101.9847134,0.665772475,0.004022467,0.21514676,0.793440139,7.11E-07,0.010692412,0.029912073,0.00375426,0.054059826,-1101.772104,0.063155309,634.8133743,2.042625327,22.05374234,8.83E-06,4.81E-05,0.819440621,6.24E-07,0.009421032,Not available,Not available,Not available,Not available,Not available
3,hydrochloric acid digestion,CA,dysprosium_oxide,Not available,Not available,Not available,Not available,Not available,Not available,Not available,Not available,Not available,Not available,Not available,Not available,Not available,Not available,Not available,Not available,Not available,Not available,Not available,Not available,Not available,Not available,Not available,Not available,Not available,Not available,Not available,Not available,Not available,Not available,Not available,Not available,Not available,Not available,Not available,Not available,Not available,Not available,Not available,Not available,Not available,Not available,Not available,Not available,Not available,Not available,Not available,Not available,Not available,Not available,Not available,Not available,Not available,Not available,Not available,Not available,Not available,Not available,Not available
3,hydrochloric acid digestion,CN,dysprosium_oxide,24.43826373,0.371944164,4.123185923,1.838920926,0.098462865,24.43826373,6.384570728,78.01059978,0.813056883,2.662463723,0.216439801,2.73E-05,0.020765573,0.032605286,0.031239578,0.924764318,0.053547416,478.2903793,0.180049998,37.96354964,-0.535635785,4.650488199,16.83345396,0.017197298,-0.535635785,5.336810641,18.32934105,0.017201908,205.4824784,0.051297305,78768.53261,0.528776283,2.21E-07,8.25E-06,107.2586606,0.661176829,0.004146733,0.215187374,0.794512264,6.96E-07,0.012296194,0.031168929,0.005285797,0.056650014,-1103.045248,0.066457585,645.9677287,2.046486815,23.40748784,9.01E-06,4.84E-05,0.851090807,6.08E-07,0.010183644,0.000709289,0.007092891,0.000709289,0.000709289,-0.007092891
3,hydrochloric acid digestion,EE,dysprosium_oxide,24.18529432,0.362756649,4.235678092,1.879524048,0.100344034,24.18529432,6.399792766,79.56631109,0.941971029,2.670096066,0.216559394,2.73E-05,0.022158971,0.033452783,0.032030799,0.925623707,0.059888069,372.5808797,0.187244845,37.85745126,-0.574993517,4.705337308,16.69919562,0.017450341,-0.574993517,5.391725559,18.06878191,0.017455047,213.1118679,0.057636769,78370.00529,0.528767655,2.20E-07,8.28E-06,126.2795535,0.641448171,0.003986563,0.215211603,0.795103614,7.06E-07,0.011304384,0.031954091,0.003804282,0.063047348,-1101.644008,0.072826965,651.5258308,2.05929751,23.22053379,9.02E-06,4.87E-05,0.870031613,6.17E-07,0.010105715,4.17E-05,0.000417229,4.17E-05,0.000417229,-0.000417229
3,hydrochloric acid digestion,JP,dysprosium_oxide,23.80589557,0.360612576,4.135751546,1.828909157,0.098438572,23.80589557,6.276146244,77.29478031,0.823091592,2.600690524,0.216448325,2.74E-05,0.020038239,0.032900916,0.031459707,0.926736736,0.05294435,372.3832318,0.179316373,36.96174999,-0.61372322,4.74911129,16.25751823,0.017309493,-0.61372322,5.435464857,17.64041559,0.017314221,206.549696,0.050691082,78318.12081,0.52876794,2.19E-07,8.23E-06,110.1717468,0.639170045,0.003980573,0.215194347,0.795301457,7.14E-07,0.010841257,0.031383533,0.003776798,0.056054276,-1103.090229,0.065578206,636.9625551,2.044138943,22.83430517,8.86E-06,4.82E-05,0.855668848,6.27E-07,0.00955899,Not available,Not available,Not available,Not available,Not available
3,hydrochloric acid digestion,MM,dysprosium_oxide,23.9382833,0.363603653,4.170036662,1.845506865,0.09897011,23.9382833,6.344407366,78.14052014,0.744556058,2.623347975,0.216484067,2.73E-05,0.020161461,0.032649927,0.031227746,0.924596374,0.053367661,371.3921598,0.185335963,37.46220566,-0.550024318,4.678483068,16.483818,0.024124085,-0.550024318,5.371906781,17.83825901,0.024128758,206.6591322,0.051111903,78324.32599,0.528771665,2.20E-07,8.23E-06,98.83622613,0.646881763,0.004021526,0.215199688,0.793957074,7.19E-07,0.010828216,0.031151294,0.003775153,0.056460721,-1102.854861,0.066049521,642.7028497,2.049156374,22.9785313,8.95E-06,4.84E-05,0.850042554,6.32E-07,0.009589242,Not available,Not available,Not available,Not available,Not available
3,hydrochloric acid digestion,MY,dysprosium_oxide,23.93731959,0.363525785,4.169790093,1.845352139,0.098969426,23.93731959,6.344191749,78.13719739,0.7445152,2.623144717,0.216484088,2.73E-05,0.02015913,0.032647164,0.031225067,0.924565152,0.053361083,371.3773412,0.185315509,37.46025152,-0.549986016,4.678448475,16.48296299,0.024120958,-0.549986016,5.371871301,17.83735093,0.024125622,206.6469217,0.051104859,78323.98104,0.528770885,2.20E-07,8.23E-06,98.83008393,0.646720752,0.004021248,0.215199624,0.793926269,7.19E-07,0.01082716,0.031148619,0.003775046,0.056453492,-1102.855695,0.066041939,642.6524319,2.049149601,22.97759863,8.95E-06,4.84E-05,0.849976777,6.32E-07,0.009588315,4.17E-05,0.000417229,0.004172289,0.417228853,-0.000417229
3,hydrochloric acid digestion,US,dysprosium_oxide,23.45581423,0.353876389,4.11709879,1.841497917,0.098948018,23.45581423,6.306111136,77.80654396,0.962430151,2.61722791,0.216471347,2.73E-05,0.019772722,0.032314623,0.030861459,0.926048549,0.05169334,371.4937704,0.179743818,36.74133809,-0.546798184,4.675178323,16.0266889,0.017214744,-0.546798184,5.361488003,17.37687572,0.017219273,208.3251709,0.049420486,78376.84175,0.528767726,2.19E-07,8.21E-06,127.7440489,0.628635024,0.003950999,0.21517016,0.795834017,7.01E-07,0.010645625,0.030791411,0.003781353,0.054751117,-1103.044345,0.064123716,640.4976229,2.048023237,22.50136654,8.90E-06,4.83E-05,0.840821645,6.12E-07,0.00958885,Not available,Not available,Not available,Not available,Not available
3,hydrochloric acid digestion,AU,neodynium_oxide,23.75437493,0.357695833,4.145596974,1.874238154,0.100192764,23.75437493,6.377890503,79.17423039,0.74465479,2.662293093,0.216547534,2.73E-05,0.020455868,0.033174663,0.031770909,0.924261743,0.054388144,371.223771,0.178286835,37.39924565,-0.535007667,4.66306698,16.35557658,0.017247229,-0.535007667,5.349373016,17.69239992,0.017251797,205.3319373,0.052139951,78343.55718,0.52876848,2.20E-07,8.24E-06,98.84978101,0.633365468,0.003951488,0.215201756,0.793610894,7.06E-07,0.010895776,0.031693911,0.003792557,0.057527999,-1103.132144,0.067211712,649.5846663,2.057759068,22.8068789,9.00E-06,4.86E-05,0.863664068,6.17E-07,0.009648432,Not available,Not available,Not available,Not available,Not available
3,hydrochloric acid digestion,BR,neodynium_oxide,23.0113605,0.357701944,3.929891538,1.821857385,0.098241375,23.0113605,6.248930098,77.02006686,0.771650617,2.589890008,0.21642994,2.79E-05,0.01945355,0.031392584,0.02998929,0.923471004,0.051068883,370.2929934,0.212346181,35.93452079,-0.547766925,4.687523065,15.51763454,0.052036044,-0.547766925,5.408708838,16.84716211,0.052040618,196.1101407,0.048785484,78250.7551,0.528767837,2.19E-07,8.19E-06,101.9847134,0.665772475,0.004022467,0.21514676,0.793440139,7.11E-07,0.010692412,0.029912073,0.00375426,0.054059826,-1101.772104,0.063155309,634.8133743,2.042625327,22.05374234,8.83E-06,4.81E-05,0.819440621,6.24E-07,0.009421032,Not available,Not available,Not available,Not available,Not available
3,hydrochloric acid digestion,CA,neodynium_oxide,Not available,Not available,Not available,Not available,Not available,Not available,Not available,Not available,Not available,Not available,Not available,Not available,Not available,Not available,Not available,Not available,Not available,Not available,Not available,Not available,Not available,Not available,Not available,Not available,Not available,Not available,Not available,Not available,Not available,Not available,Not available,Not available,Not available,Not available,Not available,Not available,Not available,Not available,Not available,Not available,Not available,Not available,Not available,Not available,Not available,Not available,Not available,Not available,Not available,Not available,Not available,Not available,Not available,Not available,Not available,Not available,Not available,Not available,Not available
3,hydrochloric acid digestion,CN,neodynium_oxide,24.43826373,0.371944164,4.123185923,1.838920926,0.098462865,24.43826373,6.384570728,78.01059978,0.813056883,2.662463723,0.216439801,2.73E-05,0.020765573,0.032605286,0.031239578,0.924764318,0.053547416,478.2903793,0.180049998,37.96354964,-0.535635785,4.650488199,16.83345396,0.017197298,-0.535635785,5.336810641,18.32934105,0.017201908,205.4824784,0.051297305,78768.53261,0.528776283,2.21E-07,8.25E-06,107.2586606,0.661176829,0.004146733,0.215187374,0.794512264,6.96E-07,0.012296194,0.031168929,0.005285797,0.056650014,-1103.045248,0.066457585,645.9677287,2.046486815,23.40748784,9.01E-06,4.84E-05,0.851090807,6.08E-07,0.010183644,0.000709289,0.007092891,0.000709289,0.000709289,-0.007092891
3,hydrochloric acid digestion,EE,neodynium_oxide,24.18529432,0.362756649,4.235678092,1.879524048,0.100344034,24.18529432,6.399792766,79.56631109,0.941971029,2.670096066,0.216559394,2.73E-05,0.022158971,0.033452783,0.032030799,0.925623707,0.059888069,372.5808797,0.187244845,37.85745126,-0.574993517,4.705337308,16.69919562,0.017450341,-0.574993517,5.391725559,18.06878191,0.017455047,213.1118679,0.057636769,78370.00529,0.528767655,2.20E-07,8.28E-06,126.2795535,0.641448171,0.003986563,0.215211603,0.795103614,7.06E-07,0.011304384,0.031954091,0.003804282,0.063047348,-1101.644008,0.072826965,651.5258308,2.05929751,23.22053379,9.02E-06,4.87E-05,0.870031613,6.17E-07,0.010105715,4.17E-05,0.000417229,4.17E-05,0.000417229,-0.000417229
3,hydrochloric acid digestion,JP,neodynium_oxide,23.80589557,0.360612576,4.135751546,1.828909157,0.098438572,23.80589557,6.276146244,77.29478031,0.823091592,2.600690524,0.216448325,2.74E-05,0.020038239,0.032900916,0.031459707,0.926736736,0.05294435,372.3832318,0.179316373,36.96174999,-0.61372322,4.74911129,16.25751823,0.017309493,-0.61372322,5.435464857,17.64041559,0.017314221,206.549696,0.050691082,78318.12081,0.52876794,2.19E-07,8.23E-06,110.1717468,0.639170045,0.003980573,0.215194347,0.795301457,7.14E-07,0.010841257,0.031383533,0.003776798,0.056054276,-1103.090229,0.065578206,636.9625551,2.044138943,22.83430517,8.86E-06,4.82E-05,0.855668848,6.27E-07,0.00955899,Not available,Not available,Not available,Not available,Not available
3,hydrochloric acid digestion,MM,neodynium_oxide,23.9382833,0.363603653,4.170036662,1.845506865,0.09897011,23.9382833,6.344407366,78.14052014,0.744556058,2.623347975,0.216484067,2.73E-05,0.020161461,0.032649927,0.031227746,0.924596374,0.053367661,371.3921598,0.185335963,37.46220566,-0.550024318,4.678483068,16.483818,0.024124085,-0.550024318,5.371906781,17.83825901,0.024128758,206.6591322,0.051111903,78324.32599,0.528771665,2.20E-07,8.23E-06,98.83622613,0.646881763,0.004021526,0.215199688,0.793957074,7.19E-07,0.010828216,0.031151294,0.003775153,0.056460721,-1102.854861,0.066049521,642.7028497,2.049156374,22.9785313,8.95E-06,4.84E-05,0.850042554,6.32E-07,0.009589242,Not available,Not available,Not available,Not available,Not available
3,hydrochloric acid digestion,MY,neodynium_oxide,23.93731959,0.363525785,4.169790093,1.845352139,0.098969426,23.93731959,6.344191749,78.13719739,0.7445152,2.623144717,0.216484088,2.73E-05,0.02015913,0.032647164,0.031225067,0.924565152,0.053361083,371.3773412,0.185315509,37.46025152,-0.549986016,4.678448475,16.48296299,0.024120958,-0.549986016,5.371871301,17.83735093,0.024125622,206.6469217,0.051104859,78323.98104,0.528770885,2.20E-07,8.23E-06,98.83008393,0.646720752,0.004021248,0.215199624,0.793926269,7.19E-07,0.01082716,0.031148619,0.003775046,0.056453492,-1102.855695,0.066041939,642.6524319,2.049149601,22.97759863,8.95E-06,4.84E-05,0.849976777,6.32E-07,0.009588315,4.17E-05,0.000417229,0.004172289,0.417228853,-0.000417229
3,hydrochloric acid digestion,US,neodynium_oxide,23.45581423,0.353876389,4.11709879,1.841497917,0.098948018,23.45581423,6.306111136,77.80654396,0.962430151,2.61722791,0.216471347,2.73E-05,0.019772722,0.032314623,0.030861459,0.926048549,0.05169334,371.4937704,0.179743818,36.74133809,-0.546798184,4.675178323,16.0266889,0.017214744,-0.546798184,5.361488003,17.37687572,0.017219273,208.3251709,0.049420486,78376.84175,0.528767726,2.19E-07,8.21E-06,127.7440489,0.628635024,0.003950999,0.21517016,0.795834017,7.01E-07,0.010645625,0.030791411,0.003781353,0.054751117,-1103.044345,0.064123716,640.4976229,2.048023237,22.50136654,8.90E-06,4.83E-05,0.840821645,6.12E-07,0.00958885,Not available,Not available,Not available,Not available,Not available
3,magnet manufacturing,AU,hp_magnet,5.84151326,0.039171821,1.418714226,0.323528235,0.009242347,5.84151326,5.109499662,11.25649336,0.029790938,1.315968286,0.000590538,1.36E-06,0.007847965,0.012010154,0.011866932,0.023046834,0.025320316,20.46589276,0.014993619,12.55654203,-0.118227224,0.127997534,5.554150329,0.000620586,-0.118227224,0.128402653,5.669224684,0.00062152,65.21571959,0.025558073,1225.578809,2.78E-05,0.00013496,4.14E-07,4.310780736,0.066725595,0.000446474,0.000383558,0.026130061,3.55E-08,0.002147994,0.011827759,0.000269428,0.026333481,0.639573308,0.030061521,95.7609979,0.072814548,5.781067712,2.21E-06,2.69E-06,0.29281372,3.37E-08,0.001980646,Not available,Not available,Not available,Not available,Not available
3,magnet manufacturing,BR,hp_magnet,2.506627724,0.03959348,0.446928793,0.086310891,0.000407027,2.506627724,4.531894894,1.503994297,0.152806333,0.988205039,5.31E-05,3.83E-06,0.003340602,0.003983126,0.003819274,0.019958737,0.010380323,16.81038285,0.169194977,5.94355454,-0.176390986,0.239073698,1.776715202,0.158124313,-0.176390986,0.397388359,1.867810989,0.158125267,23.70348407,0.010452864,829.3866477,1.87E-05,0.000134957,1.57E-07,18.6192423,0.214190619,0.000800753,0.000130511,0.026296072,4.56E-08,0.001238541,0.003779138,0.00010211,0.010714137,6.764390981,0.011777947,28.98124249,0.00428351,2.395634168,1.39E-06,4.50E-07,0.092883546,4.29E-08,0.000963084,Not available,Not available,Not available,Not available,Not available
3,magnet manufacturing,CA,hp_magnet,Not available,Not available,Not available,Not available,Not available,Not available,Not available,Not available,Not available,Not available,Not available,Not available,Not available,Not available,Not available,Not available,Not available,Not available,Not available,Not available,Not available,Not available,Not available,Not available,Not available,Not available,Not available,Not available,Not available,Not available,Not available,Not available,Not available,Not available,Not available,Not available,Not available,Not available,Not available,Not available,Not available,Not available,Not available,Not available,Not available,Not available,Not available,Not available,Not available,Not available,Not available,Not available,Not available,Not available,Not available,Not available,Not available,Not available,Not available
3,magnet manufacturing,CN,hp_magnet,7.614860019,0.093404078,1.298346842,0.155669076,0.001345056,7.614860019,5.082060695,5.532932537,0.343335409,1.086589527,0.0001008,1.30E-06,0.007012266,0.009606155,0.00948072,0.026993662,0.016921622,23.15019829,0.020988372,13.50885367,-0.167804091,0.149955108,6.568477208,0.000608093,-0.167804091,0.150603621,7.219419135,0.000609373,65.73491912,0.017161398,2213.410168,5.17E-05,0.000134963,3.85E-07,42.99303821,0.16736471,0.001095322,0.000309569,0.030649788,1.76E-08,0.005841077,0.009441369,0.000180512,0.017750967,0.955702031,0.021621113,62.17450917,0.020229233,7.273522239,2.17E-06,1.70E-06,0.234223361,1.78E-08,0.003133784,4.45E-05,0.000444986,4.45E-05,4.45E-05,-0.000444986
3,magnet manufacturing,EE,hp_magnet,7.793124476,0.06212592,1.825937353,0.347814232,0.00992973,7.793124476,5.208815111,13.04278262,0.922779027,1.351717927,0.000643088,1.21E-06,0.015573208,0.013283163,0.013058119,0.029441759,0.050247724,26.5544588,0.055569597,14.63343794,-0.299220035,0.319341864,7.110511335,0.001560408,-0.299220035,0.320125678,7.373901007,0.00156201,100.4011794,0.050483849,1346.28991,2.69E-05,0.000134962,6.20E-07,128.471112,0.103402541,0.000603479,0.000427338,0.032862475,3.60E-08,0.004004026,0.013020357,0.000322332,0.051354364,7.378783881,0.055518214,104.655066,0.079801617,7.654559779,2.35E-06,3.35E-06,0.322011334,3.47E-08,0.004057386,9.57E-07,9.57E-07,9.57E-07,9.57E-07,-9.57E-05
3,magnet manufacturing,JP,hp_magnet,6.076835953,0.052343517,1.375590925,0.118323004,0.001299084,6.076835953,4.649226659,2.747635727,0.385097839,1.037137064,0.000142271,1.51E-06,0.005969087,0.010806988,0.010496794,0.034516117,0.01881617,25.73725289,0.019637662,10.58237449,-0.474756099,0.517698538,5.114008877,0.000913633,-0.474756099,0.518320024,5.436341563,0.000915334,70.80062693,0.019035163,1110.103376,2.47E-05,0.00013496,3.40E-07,55.59897949,0.092905499,0.000578412,0.000352068,0.033836675,7.54E-08,0.001904368,0.010461367,0.000198417,0.019698093,0.828690774,0.022713583,38.62967758,0.011142428,5.907940025,1.55E-06,8.59E-07,0.257599359,7.08E-08,0.001578884,2.39E-06,2.39E-06,2.39E-06,2.39E-06,-2.39E-06
3,magnet manufacturing,MM,hp_magnet,6.672670199,0.065859169,1.529141511,0.193380066,0.003705353,6.672670199,4.957778488,6.57514435,0.029354161,1.139546418,0.000302724,1.42E-06,0.006514052,0.009632973,0.00940643,0.024611454,0.020692774,21.21061997,0.046888722,12.84051026,-0.186242721,0.19781052,6.133493385,0.031770507,-0.186242721,0.230447778,6.328181589,0.03177196,71.21438634,0.02089931,1138.401313,4.15E-05,0.000134961,3.44E-07,4.253647748,0.127766083,0.000763747,0.000373763,0.027680674,9.96E-08,0.00184204,0.009369735,0.000190516,0.021494537,1.894189187,0.024792265,64.5829197,0.033852342,6.556744232,1.99E-06,1.75E-06,0.231110214,9.45E-08,0.001712541,Not available,Not available,Not available,Not available,Not available
3,magnet manufacturing,MY,hp_magnet,6.672670199,0.065859169,1.529141511,0.193380066,0.003705353,6.672670199,4.957778488,6.57514435,0.029354161,1.139546418,0.000302724,1.42E-06,0.006514052,0.009632973,0.00940643,0.024611454,0.020692774,21.21061997,0.046888722,12.84051026,-0.186242721,0.19781052,6.133493385,0.031770507,-0.186242721,0.230447778,6.328181589,0.03177196,71.21438634,0.02089931,1138.401313,4.15E-05,0.000134961,3.44E-07,4.253647748,0.127766083,0.000763747,0.000373763,0.027680674,9.96E-08,0.00184204,0.009369735,0.000190516,0.021494537,1.894189187,0.024792265,64.5829197,0.033852342,6.556744232,1.99E-06,1.75E-06,0.231110214,9.45E-08,0.001712541,Not available,Not available,Not available,Not available,Not available
3,magnet manufacturing,US,hp_magnet,4.949872858,0.042281725,1.251193488,0.190536438,0.004078801,4.949872858,4.807537448,5.748950226,1.025594839,1.133091317,0.000280798,1.38E-06,0.005523368,0.00697153,0.006693838,0.028599595,0.01517016,21.98295711,0.02209701,10.18233157,-0.240538945,0.267507418,4.431607227,0.000726028,-0.240538945,0.268151437,4.613047288,0.000727019,76.75408363,0.01523236,1376.044459,2.46E-05,0.000134959,3.07E-07,136.3908632,0.074881333,0.000503271,0.000221658,0.031762337,2.60E-08,0.001625691,0.006655912,0.000224228,0.015724769,1.063985435,0.017942177,58.71742765,0.032439095,4.854630359,1.78E-06,1.46E-06,0.16334842,2.55E-08,0.002062301,Not available,Not available,Not available,Not available,Not available
3,metallothermic reduction,AU,dysprosium,5.774280232,0.1128234,1.099475864,0.278685541,0.002184409,5.774280232,0.855857287,6.76596635,0.533089557,0.3804146,0.000269893,9.91E-07,0.005712212,0.008828192,0.00854791,0.479523259,0.016260225,42.49719341,0.058216254,8.311164837,-0.325021927,0.338366039,4.951765058,0.006875837,-0.325021927,0.348515421,5.295125647,0.006877161,60.54165346,0.01477574,1335.206289,0.000284188,1.58E-08,4.26E-07,66.67715661,0.189614075,0.000912906,0.000465262,0.095428525,3.69E-08,0.003590766,0.008499603,0.000356525,0.016585893,2.409312855,0.019744286,97.58440775,0.021787779,5.589998122,1.21E-06,1.78E-06,0.209562417,3.57E-08,0.002410153,Not available,Not available,Not available,Not available,Not available
3,metallothermic reduction,BR,dysprosium,5.70321849,0.112832864,1.078762451,0.273623918,0.001995837,5.70321849,0.843554663,6.557836135,0.535716684,0.373421329,0.000258411,1.04E-06,0.005616093,0.008657058,0.008376308,0.479461007,0.015941581,42.42099472,0.061507676,8.170135643,-0.326263805,0.340737216,4.871227449,0.01023759,-0.326263805,0.35425699,5.214098009,0.010238915,59.65698366,0.014453573,1326.759092,0.000283998,1.57E-08,4.20E-07,66.98276359,0.192762302,0.000920476,0.000459856,0.095435285,3.71E-08,0.003571384,0.008327981,0.000352978,0.01625276,2.540049534,0.019354321,96.15996126,0.020325141,5.51784612,1.19E-06,1.73E-06,0.205299037,3.59E-08,0.002388468,Not available,Not available,Not available,Not available,Not available
3,metallothermic reduction,CA,dysprosium,Not available,Not available,Not available,Not available,Not available,Not available,Not available,Not available,Not available,Not available,Not available,Not available,Not available,Not available,Not available,Not available,Not available,Not available,Not available,Not available,Not available,Not available,Not available,Not available,Not available,Not available,Not available,Not available,Not available,Not available,Not available,Not available,Not available,Not available,Not available,Not available,Not available,Not available,Not available,Not available,Not available,Not available,Not available,Not available,Not available,Not available,Not available,Not available,Not available,Not available,Not available,Not available,Not available,Not available,Not available,Not available,Not available,Not available,Not available
3,metallothermic reduction,CN,dysprosium,5.812133304,0.113980807,1.09691062,0.275102565,0.002015849,5.812133304,0.855276252,6.643789088,0.539782353,0.3755184,0.000259429,9.90E-07,0.005694367,0.00877673,0.008496847,0.479607578,0.016080938,42.55478941,0.058344205,8.331499659,-0.326079988,0.338834614,4.973422811,0.006875583,-0.326079988,0.348989191,5.328217249,0.006876915,60.55293229,0.014596494,1356.251141,0.000284699,1.58E-08,4.25E-07,67.50284882,0.191761871,0.000926751,0.000463666,0.095525229,3.65E-08,0.003669588,0.008448537,0.000354631,0.016402675,2.416062266,0.019564074,96.8675566,0.020665358,5.621857781,1.21E-06,1.76E-06,0.208308751,3.54E-08,0.002434765,0.000255319,0.002553191,0.000255319,0.000255319,-0.002553191
3,metallothermic reduction,EE,dysprosium,5.815935128,0.113313315,1.108167574,0.279203899,0.00219908,5.815935128,0.85797708,6.804092642,0.552149353,0.381177636,0.000271015,9.88E-07,0.005877098,0.008855363,0.008573335,0.479659753,0.016792271,42.62714806,0.059082301,8.355493795,-0.32888501,0.342450063,4.984983795,0.006895896,-0.32888501,0.352607528,5.331510003,0.006897235,61.29264651,0.015307752,1337.782732,0.000284169,1.58E-08,4.30E-07,69.32721509,0.190396869,0.000916256,0.000466196,0.095572225,3.69E-08,0.003630381,0.008525058,0.000357654,0.017119935,2.553153502,0.02028763,97.77424189,0.02193691,5.629985656,1.21E-06,1.79E-06,0.210185607,3.58E-08,0.002454478,Not available,Not available,Not available,Not available,Not available
3,metallothermic reduction,JP,dysprosium,5.779224366,0.113103879,1.098518976,0.274303424,0.002014852,5.779224366,0.846021197,6.584303279,0.540671093,0.374459118,0.000260296,9.94E-07,0.005671831,0.008801714,0.008517814,0.479763531,0.01612054,42.60888119,0.058315194,8.268854208,-0.332630462,0.346682693,4.94225744,0.006882031,-0.332630462,0.356836668,5.290067745,0.006883372,60.65911047,0.014635629,1332.745821,0.000284122,1.58E-08,4.24E-07,67.77157294,0.190171473,0.000915717,0.000464536,0.095591562,3.77E-08,0.003585496,0.008469587,0.000355,0.016443326,2.413341596,0.019586265,96.36411835,0.020471215,5.59261385,1.19E-06,1.74E-06,0.208789237,3.65E-08,0.002401508,Not available,Not available,Not available,Not available,Not available
3,metallothermic reduction,MM,dysprosium,5.792020324,0.113392996,1.101832809,0.27590768,0.002066228,5.792020324,0.852618986,6.666048393,0.533080235,0.376649081,0.00026375,9.93E-07,0.005683741,0.008777454,0.008495394,0.479556655,0.016161455,42.51308934,0.058897018,8.317225822,-0.32647364,0.339856117,4.964130473,0.007540696,-0.32647364,0.350693457,5.309190327,0.007542031,60.66968816,0.014676304,1333.345589,0.000284482,1.58E-08,4.24E-07,66.67593722,0.19091688,0.000919677,0.000465053,0.095461624,3.83E-08,0.003584236,0.00844714,0.000354841,0.016482611,2.43609118,0.01963182,96.91894811,0.020956176,5.606554049,1.20E-06,1.76E-06,0.208245428,3.70E-08,0.00240443,Not available,Not available,Not available,Not available,Not available
3,metallothermic reduction,MY,dysprosium,5.792020324,0.113392996,1.101832809,0.27590768,0.002066228,5.792020324,0.852618986,6.666048393,0.533080235,0.376649081,0.00026375,9.93E-07,0.005683741,0.008777454,0.008495394,0.479556655,0.016161455,42.51308934,0.058897018,8.317225822,-0.32647364,0.339856117,4.964130473,0.007540696,-0.32647364,0.350693457,5.309190327,0.007542031,60.66968816,0.014676304,1333.345589,0.000284482,1.58E-08,4.24E-07,66.67593722,0.19091688,0.000919677,0.000465053,0.095461624,3.83E-08,0.003584236,0.00844714,0.000354841,0.016482611,2.43609118,0.01963182,96.91894811,0.020956176,5.606554049,1.20E-06,1.76E-06,0.208245428,3.70E-08,0.00240443,Not available,Not available,Not available,Not available,Not available
3,metallothermic reduction,US,dysprosium,5.755315234,0.112889708,1.095915763,0.27584723,0.002074195,5.755315234,0.849419026,6.648405751,0.554342895,0.376511806,0.000263283,9.92E-07,0.005662664,0.008720805,0.00843765,0.479642822,0.016043798,42.52990529,0.058367781,8.260548315,-0.327632375,0.34134345,4.927852516,0.006878122,-0.327632375,0.351497948,5.272643667,0.006879448,60.7886446,0.01455557,1338.286169,0.000284121,1.58E-08,4.23E-07,69.49610935,0.18978812,0.000914107,0.000461813,0.095548199,3.67E-08,0.003579638,0.00838937,0.000355565,0.016359692,2.418367249,0.01948588,96.79392896,0.020925974,5.57028308,1.20E-06,1.75E-06,0.206802909,3.56E-08,0.002411912,Not available,Not available,Not available,Not available,Not available
3,mining,AU,bastnasite,1.012809553,0.025262703,0.175149,0.053680162,0.000185614,1.012809553,0.239779536,0.889502775,0.017424314,0.07587606,5.57E-05,8.27E-06,0.011897943,0.069190937,0.067843328,0.013511548,0.048844737,16.23374165,0.008457861,2.119550245,-0.046475821,0.040211816,0.879972845,0.000984781,-0.046475821,0.041657445,0.954876776,0.000985497,8.459705558,0.036022109,55264.59209,3.08E-05,2.85E-09,6.54E-08,2.299545218,0.037323048,0.000136904,0.002936514,0.016644437,8.02E-09,0.004018276,0.067834351,0.000185163,0.05124148,0.332495435,0.070323755,20.90420732,0.00637592,0.987274119,3.41E-07,2.43E-07,1.672271567,7.65E-09,0.002706055,6.33E-07,6.33E-07,6.33E-07,6.33E-06,-6.33E-06
3,mining,BR,bastnasite,1.012809554,0.025262703,0.175149,0.053680162,0.000185614,1.012809554,0.239779536,0.889502774,0.017424314,0.07587606,5.57E-05,8.27E-06,0.011897943,0.069190937,0.067843328,0.013511548,0.048844737,16.23374166,0.008457862,2.119550244,-0.046475821,0.040211816,0.879972845,0.000984781,-0.046475821,0.041657445,0.954876777,0.000985497,8.459705561,0.036022109,55264.59209,3.08E-05,2.85E-09,6.54E-08,2.299545219,0.037323048,0.000136904,0.002936514,0.016644437,8.02E-09,0.004018276,0.067834351,0.000185163,0.05124148,0.332495435,0.070323755,20.9042073,0.00637592,0.987274119,3.41E-07,2.43E-07,1.672271567,7.65E-09,0.002706055,Not available,Not available,Not available,Not available,Not available
3,mining,CA,bastnasite,Not available,Not available,Not available,Not available,Not available,Not available,Not available,Not available,Not available,Not available,Not available,Not available,Not available,Not available,Not available,Not available,Not available,Not available,Not available,Not available,Not available,Not available,Not available,Not available,Not available,Not available,Not available,Not available,Not available,Not available,Not available,Not available,Not available,Not available,Not available,Not available,Not available,Not available,Not available,Not available,Not available,Not available,Not available,Not available,Not available,Not available,Not available,Not available,Not available,Not available,Not available,Not available,Not available,Not available,Not available,Not available,Not available,Not available,Not available
3,mining,CN,bastnasite,1.012809553,0.025262703,0.175149,0.053680162,0.000185614,1.012809553,0.239779536,0.889502775,0.017424314,0.07587606,5.57E-05,8.27E-06,0.011897943,0.069190937,0.067843328,0.013511548,0.048844737,16.23374165,0.008457861,2.119550245,-0.046475821,0.040211816,0.879972845,0.000984781,-0.046475821,0.041657445,0.954876776,0.000985497,8.459705558,0.036022109,55264.59209,3.08E-05,2.85E-09,6.54E-08,2.299545218,0.037323048,0.000136904,0.002936514,0.016644437,8.02E-09,0.004018276,0.067834351,0.000185163,0.05124148,0.332495435,0.070323755,20.90420732,0.00637592,0.987274119,3.41E-07,2.43E-07,1.672271567,7.65E-09,0.002706055,3.96E-06,3.96E-05,3.96E-06,3.96E-06,-3.96E-05
3,mining,EE,bastnasite,1.012809554,0.025262703,0.175149,0.053680162,0.000185614,1.012809554,0.239779536,0.889502774,0.017424314,0.07587606,5.57E-05,8.27E-06,0.011897943,0.069190937,0.067843328,0.013511548,0.048844737,16.23374166,0.008457862,2.119550244,-0.046475821,0.040211816,0.879972845,0.000984781,-0.046475821,0.041657445,0.954876777,0.000985497,8.459705561,0.036022109,55264.59209,3.08E-05,2.85E-09,6.54E-08,2.299545219,0.037323048,0.000136904,0.002936514,0.016644437,8.02E-09,0.004018276,0.067834351,0.000185163,0.05124148,0.332495435,0.070323755,20.9042073,0.00637592,0.987274119,3.41E-07,2.43E-07,1.672271567,7.65E-09,0.002706055,Not available,Not available,Not available,Not available,Not available
3,mining,JP,bastnasite,1.012809553,0.025262703,0.175149,0.053680162,0.000185614,1.012809553,0.239779536,0.889502775,0.017424314,0.07587606,5.57E-05,8.27E-06,0.011897943,0.069190937,0.067843328,0.013511548,0.048844737,16.23374165,0.008457861,2.119550245,-0.046475821,0.040211816,0.879972845,0.000984781,-0.046475821,0.041657445,0.954876776,0.000985497,8.459705558,0.036022109,55264.59209,3.08E-05,2.85E-09,6.54E-08,2.299545218,0.037323048,0.000136904,0.002936514,0.016644437,8.02E-09,0.004018276,0.067834351,0.000185163,0.05124148,0.332495435,0.070323755,20.90420732,0.00637592,0.987274119,3.41E-07,2.43E-07,1.672271567,7.65E-09,0.002706055,Not available,Not available,Not available,Not available,Not available
3,mining,MM,bastnasite,1.012809554,0.025262703,0.175149,0.053680162,0.000185614,1.012809554,0.239779536,0.889502774,0.017424314,0.07587606,5.57E-05,8.27E-06,0.011897943,0.069190937,0.067843328,0.013511548,0.048844737,16.23374166,0.008457862,2.119550244,-0.046475821,0.040211816,0.879972845,0.000984781,-0.046475821,0.041657445,0.954876777,0.000985497,8.459705561,0.036022109,55264.59209,3.08E-05,2.85E-09,6.54E-08,2.299545219,0.037323048,0.000136904,0.002936514,0.016644437,8.02E-09,0.004018276,0.067834351,0.000185163,0.05124148,0.332495435,0.070323755,20.9042073,0.00637592,0.987274119,3.41E-07,2.43E-07,1.672271567,7.65E-09,0.002706055,6.33E-06,0.00063307,6.33E-07,6.33E-07,-6.33E-07
3,mining,MY,bastnasite,1.012809554,0.025262703,0.175149,0.053680162,0.000185614,1.012809554,0.239779536,0.889502774,0.017424314,0.07587606,5.57E-05,8.27E-06,0.011897943,0.069190937,0.067843328,0.013511548,0.048844737,16.23374166,0.008457862,2.119550244,-0.046475821,0.040211816,0.879972845,0.000984781,-0.046475821,0.041657445,0.954876777,0.000985497,8.459705561,0.036022109,55264.59209,3.08E-05,2.85E-09,6.54E-08,2.299545219,0.037323048,0.000136904,0.002936514,0.016644437,8.02E-09,0.004018276,0.067834351,0.000185163,0.05124148,0.332495435,0.070323755,20.9042073,0.00637592,0.987274119,3.41E-07,2.43E-07,1.672271567,7.65E-09,0.002706055,Not available,Not available,Not available,Not available,Not available
3,mining,US,bastnasite,1.012809553,0.025262703,0.175149,0.053680162,0.000185614,1.012809553,0.239779536,0.889502775,0.017424314,0.07587606,5.57E-05,8.27E-06,0.011897943,0.069190937,0.067843328,0.013511548,0.048844737,16.23374165,0.008457861,2.119550245,-0.046475821,0.040211816,0.879972845,0.000984781,-0.046475821,0.041657445,0.954876776,0.000985497,8.459705558,0.036022109,55264.59209,3.08E-05,2.85E-09,6.54E-08,2.299545218,0.037323048,0.000136904,0.002936514,0.016644437,8.02E-09,0.004018276,0.067834351,0.000185163,0.05124148,0.332495435,0.070323755,20.90420732,0.00637592,0.987274119,3.41E-07,2.43E-07,1.672271567,7.65E-09,0.002706055,5.28E-08,5.28E-08,5.28E-08,5.28E-06,-5.28E-07
3,mining,AU,monazaite,1.070767051,-0.009209102,0.136315602,0.100154512,0.008060551,1.070767051,0.388588248,5.355103098,0.027185433,0.144473855,0.018219214,1.95E-06,0.000732148,0.001425474,0.001371219,0.022193309,0.001758742,19.27418711,0.005274316,1.745924645,-0.012536452,0.360778383,0.565150817,0.000653816,-0.012536452,0.416711657,0.616884784,0.000653948,6.796843183,0.00151125,6537.489398,0.044626631,1.31E-08,6.01E-07,3.610551304,-0.025762677,-0.000131717,0.018014267,0.047204535,7.10E-09,0.000412872,0.001370519,0.000198115,0.001808249,-93.61592353,0.002300656,34.96642534,0.169195738,1.023221127,5.51E-07,3.76E-06,0.033697195,6.99E-09,0.001448876,6.33E-07,6.33E-07,6.33E-07,6.33E-06,-6.33E-06
3,mining,BR,monazaite,1.07017701,-0.0092118,0.136177791,0.100146112,0.008060453,1.07017701,0.388482959,5.354896631,0.027174181,0.14445988,0.01821922,1.95E-06,0.000731591,0.001424194,0.001370103,0.022178221,0.001757198,19.2667483,0.005275514,1.745320043,-0.012533304,0.360776282,0.564710745,0.000655855,-0.012533304,0.416711862,0.616332973,0.000655987,6.790153632,0.001509687,6537.38607,0.04462662,1.31E-08,6.01E-07,3.608854866,-0.025765561,-0.00013177,0.018014242,0.04719144,7.20E-09,0.000412704,0.001369403,0.000198018,0.001806633,-93.6158845,0.002298806,34.96218488,0.169194827,1.022688545,5.51E-07,3.76E-06,0.033670789,7.08E-09,0.001448669,Not available,Not available,Not available,Not available,Not available
3,mining,CA,monazaite,Not available,Not available,Not available,Not available,Not available,Not available,Not available,Not available,Not available,Not available,Not available,Not available,Not available,Not available,Not available,Not available,Not available,Not available,Not available,Not available,Not available,Not available,Not available,Not available,Not available,Not available,Not available,Not available,Not available,Not available,Not available,Not available,Not available,Not available,Not available,Not available,Not available,Not available,Not available,Not available,Not available,Not available,Not available,Not available,Not available,Not available,Not available,Not available,Not available,Not available,Not available,Not available,Not available,Not available,Not available,Not available,Not available,Not available,Not available
3,mining,CN,monazaite,1.070682171,-0.009207511,0.136235117,0.100156719,0.008060515,1.070682171,0.388614826,5.355190801,0.027181168,0.144477176,0.01821922,1.95E-06,0.000732189,0.001425784,0.001371443,0.02219936,0.001758734,19.27584621,0.00527378,1.745762438,-0.012536119,0.360777239,0.565017843,0.000653422,-0.012536119,0.416710329,0.616788002,0.000653554,6.792906433,0.001511242,6537.689177,0.044626638,1.31E-08,6.01E-07,3.609880403,-0.025760643,-0.000131702,0.018014297,0.047208837,7.01E-09,0.000412989,0.001370742,0.000198137,0.001808249,-93.61595658,0.002300705,34.967676,0.169195744,1.023117236,5.51E-07,3.76E-06,0.033702146,6.90E-09,0.001448929,3.96E-06,3.96E-05,3.96E-06,3.96E-06,-3.96E-05
3,mining,EE,monazaite,1.070767052,-0.009209102,0.136315602,0.100154512,0.008060551,1.070767052,0.388588249,5.355103095,0.027185433,0.144473855,0.018219214,1.95E-06,0.000732148,0.001425474,0.001371219,0.022193309,0.001758742,19.27418717,0.005274316,1.745924645,-0.012536452,0.360778383,0.565150818,0.000653816,-0.012536452,0.416711657,0.616884785,0.000653948,6.796843192,0.00151125,6537.489397,0.044626631,1.31E-08,6.01E-07,3.610551306,-0.025762677,-0.000131717,0.018014267,0.047204535,7.10E-09,0.000412872,0.001370519,0.000198115,0.001808249,-93.61592353,0.002300656,34.96642528,0.169195738,1.023221128,5.51E-07,3.76E-06,0.033697195,6.99E-09,0.001448876,Not available,Not available,Not available,Not available,Not available
3,mining,JP,monazaite,1.071471071,-0.009204228,0.136600859,0.100170625,0.008060627,1.071471071,0.38872668,5.355410259,0.027200031,0.144502964,0.018219339,1.95E-06,0.000733942,0.001430587,0.001376658,0.022230505,0.001764267,19.28398161,0.005275463,1.747235953,-0.012547497,0.360789016,0.566029457,0.000653942,-0.012547497,0.416722308,0.617629416,0.000654075,6.810505283,0.001516935,6537.427938,0.044626643,1.31E-08,6.01E-07,3.61240018,-0.025753385,-0.000131681,0.018014552,0.047221436,7.23E-09,0.000413344,0.001375959,0.000198236,0.001814287,-93.61587289,0.002308259,34.97371334,0.169196968,1.023995601,5.51E-07,3.76E-06,0.033834694,7.11E-09,0.001449339,Not available,Not available,Not available,Not available,Not available
3,mining,MM,monazaite,1.070767052,-0.009209102,0.136315602,0.100154512,0.008060551,1.070767052,0.388588249,5.355103095,0.027185433,0.144473855,0.018219214,1.95E-06,0.000732148,0.001425474,0.001371219,0.022193309,0.001758742,19.27418717,0.005274316,1.745924645,-0.012536452,0.360778383,0.565150818,0.000653816,-0.012536452,0.416711657,0.616884785,0.000653948,6.796843192,0.00151125,6537.489397,0.044626631,1.31E-08,6.01E-07,3.610551306,-0.025762677,-0.000131717,0.018014267,0.047204535,7.10E-09,0.000412872,0.001370519,0.000198115,0.001808249,-93.61592353,0.002300656,34.96642528,0.169195738,1.023221128,5.51E-07,3.76E-06,0.033697195,6.99E-09,0.001448876,6.33E-06,0.00063307,6.33E-07,6.33E-07,-6.33E-07
3,mining,MY,monazaite,1.070767052,-0.009209102,0.136315602,0.100154512,0.008060551,1.070767052,0.388588249,5.355103095,0.027185433,0.144473855,0.018219214,1.95E-06,0.000732148,0.001425474,0.001371219,0.022193309,0.001758742,19.27418717,0.005274316,1.745924645,-0.012536452,0.360778383,0.565150818,0.000653816,-0.012536452,0.416711657,0.616884785,0.000653948,6.796843192,0.00151125,6537.489397,0.044626631,1.31E-08,6.01E-07,3.610551306,-0.025762677,-0.000131717,0.018014267,0.047204535,7.10E-09,0.000412872,0.001370519,0.000198115,0.001808249,-93.61592353,0.002300656,34.96642528,0.169195738,1.023221128,5.51E-07,3.76E-06,0.033697195,6.99E-09,0.001448876,Not available,Not available,Not available,Not available,Not available
3,mining,US,monazaite,1.070403178,-0.00920836,0.136217621,0.100154748,0.008060567,1.070403178,0.388601882,5.355152656,0.027199125,0.144473167,0.018219146,1.95E-06,0.000731751,0.00142479,0.001370553,0.022194327,0.001757456,19.27615878,0.005274912,1.745587736,-0.012537282,0.360779906,0.564883247,0.000653298,-0.012537282,0.416712898,0.616547375,0.00065343,6.792410541,0.001509946,6538.27356,0.044626633,1.31E-08,6.01E-07,3.612371879,-0.02576277,-0.000131654,0.018014182,0.047214597,6.94E-09,0.000412764,0.001369852,0.000198142,0.001806911,-93.61589365,0.002299154,34.9668286,0.169195847,1.022893774,5.51E-07,3.76E-06,0.033680911,6.83E-09,0.00144878,5.28E-08,5.28E-08,5.28E-08,5.28E-06,-5.28E-07
3,molten_salt electrolysis,AU,neodynium,8.702233707,0.042351874,1.690906536,0.341546739,0.010738245,8.702233707,0.918729526,12.5801624,0.029802634,0.477211235,0.000683657,1.22E-06,0.01250903,0.013360465,0.013187464,0.025624145,0.032735756,30.807704,0.012785007,10.53893618,-0.104147348,0.10438464,8.828340258,0.000683189,-0.104147348,0.106457265,8.506546494,0.00068472,77.62717647,0.032986,803.3872563,2.17E-05,1.29E-08,3.88E-07,3.835731061,0.071448408,0.000628355,0.000422368,0.025417985,4.35E-08,0.005037871,0.01319494,0.000513912,0.033823014,0.519916413,0.038814278,102.6463265,0.084183885,8.638105387,1.31E-06,2.96E-06,0.327195064,4.14E-08,0.005076795,Not available,Not available,Not available,Not available,Not available
3,molten_salt electrolysis,BR,neodynium,4.77699558,0.042860963,0.546797367,0.061971519,0.000323242,4.77699558,0.239122825,1.084539266,0.174887367,0.090938268,4.95E-05,4.12E-06,0.007199719,0.003907479,0.003708886,0.022175064,0.015135164,26.58563794,0.194572353,2.749333061,-0.172720829,0.235333957,4.379885785,0.186355942,-0.172720829,0.423556379,4.030930988,0.186357505,28.7616868,0.015190794,336.6055757,1.12E-05,9.12E-09,8.54E-08,20.71278157,0.245304319,0.001046094,0.000123819,0.025777288,5.42E-08,0.003967165,0.003715229,0.000317917,0.015422112,7.740817808,0.017274393,23.96544665,0.003400493,4.652701146,3.36E-07,3.13E-07,0.091705862,5.12E-08,0.003878881,Not available,Not available,Not available,Not available,Not available
3,molten_salt electrolysis,CA,neodynium,Not available,Not available,Not available,Not available,Not available,Not available,Not available,Not available,Not available,Not available,Not available,Not available,Not available,Not available,Not available,Not available,Not available,Not available,Not available,Not available,Not available,Not available,Not available,Not available,Not available,Not available,Not available,Not available,Not available,Not available,Not available,Not available,Not available,Not available,Not available,Not available,Not available,Not available,Not available,Not available,Not available,Not available,Not available,Not available,Not available,Not available,Not available,Not available,Not available,Not available,Not available,Not available,Not available,Not available,Not available,Not available,Not available,Not available,Not available
3,molten_salt electrolysis,CN,neodynium,10.78817299,0.106293402,1.547016952,0.143638018,0.001426121,10.78817299,0.886901639,5.833016433,0.398977501,0.206753765,0.000105435,1.14E-06,0.011525678,0.010405041,0.010256673,0.030250819,0.022814098,33.96981743,0.019831326,11.65931406,-0.162423557,0.130054613,10.01983114,0.000658349,-0.162423557,0.132406632,10.3296473,0.000660292,78.13869545,0.023063179,1964.483811,4.99E-05,1.58E-08,3.53E-07,49.37338486,0.190064636,0.001393106,0.000331038,0.030730965,2.24E-08,0.009403727,0.010263888,0.000409116,0.023674961,0.891490376,0.028806906,63.06314717,0.022178829,10.39296384,1.26E-06,1.78E-06,0.255230972,2.27E-08,0.006446916,0.000255319,0.002553191,0.000255319,0.000255319,-0.002553191
3,molten_salt electrolysis,EE,neodynium,11.00286485,0.069411023,2.170956148,0.370175968,0.011548558,11.00286485,1.035806244,14.68590596,1.082489861,0.519354231,0.000745605,1.04E-06,0.021615831,0.014861136,0.01459168,0.033162719,0.062121103,37.98513028,0.060617464,12.98725755,-0.317508337,0.329948378,10.6630359,0.001791085,-0.317508337,0.332467423,10.51608169,0.001793404,119.1050916,0.062369423,945.68595,2.07E-05,1.53E-08,6.31E-07,150.2004994,0.114684568,0.000813439,0.000473977,0.033354403,4.41E-08,0.00722583,0.014600818,0.000576277,0.063318551,8.464345881,0.068823565,113.1309823,0.092420499,10.8466468,1.47E-06,3.73E-06,0.361614287,4.26E-08,0.007524933,Not available,Not available,Not available,Not available,Not available
3,molten_salt electrolysis,JP,neodynium,8.975302093,0.057844152,1.638056849,0.099519021,0.001373507,8.975302093,0.375474757,2.546771122,0.448536744,0.148285409,0.000153574,1.38E-06,0.010278766,0.011898023,0.011525219,0.038894577,0.025020861,36.97630865,0.018249542,8.202087632,-0.524372604,0.563719886,8.303227245,0.001025295,-0.524372604,0.56604613,8.227194718,0.001027729,84.11441821,0.025247592,667.4937198,1.81E-05,1.22E-08,3.00E-07,64.28118845,0.102236596,0.000783662,0.000382312,0.034422642,8.89E-08,0.00474682,0.011537101,0.000429673,0.025948947,0.742426926,0.030086645,35.24880551,0.011469071,8.782574069,5.30E-07,7.94E-07,0.284491738,8.36E-08,0.004599327,Not available,Not available,Not available,Not available,Not available
3,molten_salt electrolysis,MM,neodynium,9.682032109,0.073811914,1.821082286,0.188123291,0.004211034,9.682032109,0.739875038,7.061615932,0.029287746,0.269238648,0.000344372,1.29E-06,0.010936564,0.010558157,0.010286934,0.027468578,0.027280639,31.68561674,0.05038413,10.87368842,-0.18432652,0.186682757,9.511291185,0.037403862,-0.18432652,0.226751814,9.283349157,0.037406004,84.69862576,0.027494079,700.619222,3.79E-05,1.36E-08,3.05E-07,3.76838063,0.143405209,0.001002368,0.000410821,0.027245907,1.19E-07,0.004677201,0.010297331,0.000420888,0.028118689,1.998903791,0.032602685,65.89246168,0.038253803,9.552501428,1.05E-06,1.85E-06,0.254456701,1.13E-07,0.004760743,Not available,Not available,Not available,Not available,Not available
3,molten_salt electrolysis,MY,neodynium,9.682032109,0.073811914,1.821082286,0.188123291,0.004211034,9.682032109,0.739875038,7.061615932,0.029287746,0.269238648,0.000344372,1.29E-06,0.010936564,0.010558157,0.010286934,0.027468578,0.027280639,31.68561674,0.05038413,10.87368842,-0.18432652,0.186682757,9.511291185,0.037403862,-0.18432652,0.226751814,9.283349157,0.037406004,84.69862576,0.027494079,700.619222,3.79E-05,1.36E-08,3.05E-07,3.76838063,0.143405209,0.001002368,0.000410821,0.027245907,1.19E-07,0.004677201,0.010297331,0.000420888,0.028118689,1.998903791,0.032602685,65.89246168,0.038253803,9.552501428,1.05E-06,1.85E-06,0.254456701,1.13E-07,0.004760743,Not available,Not available,Not available,Not available,Not available
3,molten_salt electrolysis,US,neodynium,7.662916655,0.046384158,1.496783474,0.184669534,0.004647206,7.662916655,0.562953897,6.082964314,1.202950467,0.26151416,0.000317596,1.24E-06,0.009784916,0.007607347,0.007272297,0.032258326,0.020829371,32.63681954,0.021116603,7.751216985,-0.249356237,0.269210245,7.514855503,0.000795534,-0.249356237,0.271532583,7.272555467,0.000797098,91.37119914,0.020878706,976.7965287,1.80E-05,1.15E-08,2.62E-07,159.4373952,0.081473935,0.000694921,0.000235787,0.032059616,3.33E-08,0.004422909,0.007281308,0.000461011,0.021391509,1.018021177,0.024646192,58.95432147,0.036558433,7.557133381,7.99E-07,1.50E-06,0.17909086,3.27E-08,0.005171277,Not available,Not available,Not available,Not available,Not available
3,sulfuric acid digestion,AU,dysprosium_oxide,20.78668782,0.318794147,3.847076254,1.695413563,0.080679098,20.78668782,5.305774301,67.43179645,0.643911273,2.388388705,0.173285063,2.26E-05,0.023726353,0.029200114,0.027857347,0.804542562,0.067445867,319.255948,0.15683918,32.95302007,-0.512525727,3.926769072,14.48238406,0.014996405,-0.512525727,4.476745148,15.68850979,0.015000476,189.6868935,0.066706519,63259.87892,0.423054296,1.88E-07,6.93E-06,85.65622207,0.561501418,0.003459328,0.172256899,0.658977861,6.57E-07,0.011190082,0.027766284,0.00323085,0.071069828,-881.7173603,0.086185659,582.7360652,1.652988062,19.95777891,7.48E-06,4.00E-05,0.759289852,5.74E-07,0.009622918,Not available,Not available,Not available,Not available,Not available
3,sulfuric acid digestion,BR,dysprosium_oxide,20.16330395,0.318285492,3.668809941,1.65279675,0.079098674,20.16330395,5.196806207,65.68319188,0.665183925,2.329464186,0.17319406,2.30E-05,0.022889861,0.027729919,0.026404033,0.803458154,0.064687288,318.1285082,0.184339339,31.75189772,-0.522722287,3.946427895,13.79185886,0.043143711,-0.522722287,4.524631628,14.9851235,0.043147785,182.0400716,0.06391993,63167.25878,0.423053241,1.87E-07,6.89E-06,88.10905676,0.586609618,0.00349441,0.172215819,0.658119807,6.75E-07,0.011015971,0.026312778,0.003195206,0.068192019,-880.5956379,0.082835413,570.6278121,1.640734094,19.32985039,7.33E-06,3.96E-05,0.723339996,5.93E-07,0.009429021,Not available,Not available,Not available,Not available,Not available
3,sulfuric acid digestion,CA,dysprosium_oxide,Not available,Not available,Not available,Not available,Not available,Not available,Not available,Not available,Not available,Not available,Not available,Not available,Not available,Not available,Not available,Not available,Not available,Not available,Not available,Not available,Not available,Not available,Not available,Not available,Not available,Not available,Not available,Not available,Not available,Not available,Not available,Not available,Not available,Not available,Not available,Not available,Not available,Not available,Not available,Not available,Not available,Not available,Not available,Not available,Not available,Not available,Not available,Not available,Not available,Not available,Not available,Not available,Not available,Not available,Not available,Not available,Not available,Not available,Not available
3,sulfuric acid digestion,CN,dysprosium_oxide,21.34642342,0.33026443,3.833294938,1.666881317,0.079285298,21.34642342,5.31054522,66.48859071,0.700157901,2.388167519,0.173198425,2.26E-05,0.023968141,0.028963969,0.027646598,0.80501191,0.066796302,404.9507025,0.158301683,33.41685681,-0.513440377,3.917162432,14.87583333,0.014977978,-0.513440377,4.467167043,16.20999158,0.014982086,190.0288676,0.066062146,63605.26769,0.42306054,1.89E-07,6.93E-06,92.58644969,0.58396381,0.003616739,0.172251659,0.659759684,6.50E-07,0.012292635,0.027560715,0.004425658,0.070408374,-881.6448682,0.085673774,579.761592,1.643897601,20.45048592,7.48E-06,3.98E-05,0.754510276,5.67E-07,0.010031928,0.000709289,0.007092891,0.000709289,0.000709289,-0.007092891
3,sulfuric acid digestion,EE,dysprosium_oxide,21.13507922,0.322885772,3.919903988,1.699687762,0.080801402,21.13507922,5.323482103,67.74880707,0.803437073,2.394698039,0.173294649,2.25E-05,0.025103307,0.029424994,0.02806749,0.805644108,0.071892502,320.3530381,0.164081597,33.32347508,-0.544853454,3.960943772,14.76019477,0.015160649,-0.544853454,4.51098633,15.99280869,0.015164832,195.9767499,0.071150666,63281.26351,0.423053616,1.88E-07,6.96E-06,107.8326261,0.568036225,0.00348767,0.172264859,0.660184641,6.57E-07,0.011520445,0.027976662,0.003240332,0.075532179,-880.5142269,0.090725549,584.3056538,1.654231904,20.29221236,7.50E-06,4.01E-05,0.764438583,5.74E-07,0.009992636,4.17E-05,0.000417229,4.17E-05,0.000417229,-0.000417229
3,sulfuric acid digestion,JP,dysprosium_oxide,20.82833826,0.321152155,3.839115929,1.658765763,0.07926086,20.82833826,5.223515614,65.91229247,0.707326118,2.338583959,0.173204842,2.26E-05,0.023388706,0.028978792,0.027605743,0.806543644,0.066278571,320.1933189,0.157671494,32.59931008,-0.576165943,3.996334443,14.40310293,0.015046756,-0.576165943,4.546348945,15.64647841,0.015050957,190.6714092,0.065535127,63239.31387,0.423053843,1.88E-07,6.92E-06,94.80984768,0.566193992,0.003482831,0.172250908,0.66034462,6.64E-07,0.011146004,0.027515347,0.003218105,0.069878337,-881.6834746,0.084864986,572.5312758,1.641976411,19.9799495,7.37E-06,3.96E-05,0.752825817,5.82E-07,0.009550623,Not available,Not available,Not available,Not available,Not available
3,sulfuric acid digestion,MM,dysprosium_oxide,20.93537148,0.323570368,3.866834865,1.672184718,0.0796906,20.93537148,5.278703523,66.59605865,0.643831468,2.356902111,0.173233745,2.26E-05,0.023488328,0.028775871,0.027418207,0.804813194,0.066620811,319.3920517,0.16253823,33.00391995,-0.524666457,3.939232719,14.58606245,0.020556237,-0.524666457,4.494963316,15.80643145,0.020560394,190.7598865,0.065875354,63244.33065,0.423056862,1.88E-07,6.92E-06,85.64527105,0.572428738,0.003515951,0.172255225,0.659257702,6.68E-07,0.011135461,0.027327586,0.003216774,0.070206941,-881.4931831,0.085246036,577.1722029,1.64603292,20.09655386,7.44E-06,3.98E-05,0.748277054,5.86E-07,0.009575069,Not available,Not available,Not available,Not available,Not available
3,sulfuric acid digestion,MY,dysprosium_oxide,20.93460051,0.323508073,3.86663761,1.672060938,0.079690053,20.93460051,5.278531029,66.59340045,0.643798781,2.356739505,0.173233762,2.26E-05,0.023486463,0.028773661,0.027416064,0.804788216,0.066615549,319.3801968,0.162521867,33.00235664,-0.524635815,3.939205045,14.58537844,0.020553736,-0.524635815,4.494934932,15.80570499,0.020557885,190.7501181,0.065869718,63244.05469,0.423056237,1.88E-07,6.92E-06,85.64035729,0.572299929,0.003515728,0.172255174,0.659233058,6.68E-07,0.011134616,0.027325446,0.003216689,0.070201158,-881.4938508,0.08523997,577.1318687,1.646027501,20.09580773,7.44E-06,3.98E-05,0.748224432,5.86E-07,0.009574327,4.17E-05,0.000417229,0.004172289,0.417228853,-0.000417229
3,sulfuric acid digestion,US,dysprosium_oxide,20.53133564,0.315814812,3.81910261,1.66921044,0.079680966,20.53133564,5.248109962,66.33720664,0.821491257,2.352291187,0.173223992,2.26E-05,0.02315218,0.028152023,0.026776006,0.805906974,0.0651804,319.4258373,0.158078891,32.40512747,-0.522722607,3.937273125,14.20295073,0.014989842,-0.522722607,4.487266483,15.41890403,0.014993901,191.9069893,0.064409815,63281.16939,0.423053646,1.88E-07,6.91E-06,109.2166698,0.557913232,0.003458306,0.172221379,0.660698925,6.53E-07,0.010990115,0.026690369,0.003221501,0.068708828,-881.642955,0.083490255,575.4636379,1.645169147,19.69729305,7.40E-06,3.97E-05,0.732285323,5.70E-07,0.009581356,Not available,Not available,Not available,Not available,Not available
3,sulfuric acid digestion,AU,neodynium_oxide,20.78668697,0.318794156,3.847076288,1.695413577,0.080679098,20.78668697,5.305774325,67.43179669,0.643911276,2.388388724,0.173285063,2.26E-05,0.023726353,0.029200114,0.027857347,0.804542568,0.067445867,319.2559496,0.15683918,32.95301898,-0.512525731,3.926768155,14.48238413,0.014996405,-0.512525731,4.476744231,15.68850986,0.015000476,189.6868951,0.066706519,63259.87895,0.423054296,1.88E-07,6.93E-06,85.65622251,0.561501437,0.003459328,0.172256899,0.658977869,6.57E-07,0.011190082,0.027766284,0.00323085,0.071069828,-881.7173603,0.08618566,582.73607,1.652988062,19.95777806,7.48E-06,4.00E-05,0.759289857,5.74E-07,0.009622918,Not available,Not available,Not available,Not available,Not available
3,sulfuric acid digestion,BR,neodynium_oxide,20.16330308,0.318285493,3.668809968,1.652796754,0.079098674,20.16330308,5.196806215,65.68319196,0.665183928,2.329464191,0.17319406,2.30E-05,0.022889861,0.027729919,0.026404033,0.803458158,0.064687288,318.1285087,0.184339339,31.75189655,-0.522722288,3.946426976,13.79185891,0.043143711,-0.522722288,4.524630709,14.98512355,0.043147785,182.0400729,0.06391993,63167.2588,0.423053241,1.87E-07,6.89E-06,88.1090571,0.586609619,0.00349441,0.172215819,0.658119808,6.75E-07,0.011015971,0.026312778,0.003195206,0.068192019,-880.5956379,0.082835414,570.6278133,1.640734094,19.32984952,7.33E-06,3.96E-05,0.723339998,5.93E-07,0.009429021,Not available,Not available,Not available,Not available,Not available
3,sulfuric acid digestion,CA,neodynium_oxide,Not available,Not available,Not available,Not available,Not available,Not available,Not available,Not available,Not available,Not available,Not available,Not available,Not available,Not available,Not available,Not available,Not available,Not available,Not available,Not available,Not available,Not available,Not available,Not available,Not available,Not available,Not available,Not available,Not available,Not available,Not available,Not available,Not available,Not available,Not available,Not available,Not available,Not available,Not available,Not available,Not available,Not available,Not available,Not available,Not available,Not available,Not available,Not available,Not available,Not available,Not available,Not available,Not available,Not available,Not available,Not available,Not available,Not available,Not available
3,sulfuric acid digestion,CN,neodynium_oxide,21.34642258,0.330264439,3.833294971,1.666881331,0.079285298,21.34642258,5.310545244,66.48859095,0.700157905,2.388167537,0.173198425,2.26E-05,0.023968141,0.028963969,0.027646598,0.805011916,0.066796302,404.9507042,0.158301684,33.41685572,-0.513440381,3.917161514,14.87583339,0.014977979,-0.513440381,4.467166126,16.20999165,0.014982086,190.0288692,0.066062146,63605.26772,0.42306054,1.89E-07,6.93E-06,92.58645013,0.583963828,0.003616739,0.172251659,0.659759692,6.50E-07,0.012292635,0.027560716,0.004425658,0.070408374,-881.6448682,0.085673774,579.7615967,1.643897601,20.45048507,7.48E-06,3.98E-05,0.754510281,5.67E-07,0.010031928,0.000709289,0.007092891,0.000709289,0.000709289,-0.007092891
3,sulfuric acid digestion,EE,neodynium_oxide,21.13507835,0.322885773,3.919904016,1.699687766,0.080801402,21.13507835,5.323482112,67.74880716,0.803437076,2.394698045,0.173294649,2.25E-05,0.025103307,0.029424994,0.02806749,0.805644112,0.071892503,320.3530386,0.164081598,33.32347392,-0.544853455,3.960942854,14.76019481,0.015160649,-0.544853455,4.510985411,15.99280874,0.015164832,195.9767512,0.071150666,63281.26353,0.423053616,1.88E-07,6.96E-06,107.8326264,0.568036226,0.00348767,0.172264859,0.660184642,6.57E-07,0.011520446,0.027976662,0.003240332,0.075532179,-880.5142269,0.090725549,584.3056553,1.654231904,20.29221149,7.50E-06,4.01E-05,0.764438586,5.74E-07,0.009992636,4.17E-05,0.000417229,4.17E-05,0.000417229,-0.000417229
3,sulfuric acid digestion,JP,neodynium_oxide,20.82833742,0.321152164,3.839115962,1.658765777,0.07926086,20.82833742,5.223515638,65.91229271,0.707326121,2.338583978,0.173204842,2.26E-05,0.023388706,0.028978793,0.027605743,0.80654365,0.066278572,320.1933206,0.157671494,32.59930899,-0.576165947,3.996333525,14.403103,0.015046757,-0.576165947,4.546348029,15.64647848,0.015050957,190.6714108,0.065535127,63239.3139,0.423053843,1.88E-07,6.92E-06,94.80984812,0.566194011,0.003482831,0.172250908,0.660344628,6.64E-07,0.011146004,0.027515347,0.003218105,0.069878338,-881.6834746,0.084864986,572.5312806,1.641976412,19.97994865,7.37E-06,3.96E-05,0.752825822,5.82E-07,0.009550623,Not available,Not available,Not available,Not available,Not available
3,sulfuric acid digestion,MM,neodynium_oxide,20.93537061,0.323570369,3.866834892,1.672184722,0.0796906,20.93537061,5.278703532,66.59605874,0.64383147,2.356902117,0.173233745,2.26E-05,0.023488328,0.028775871,0.027418207,0.804813198,0.066620811,319.3920523,0.162538231,33.00391879,-0.524666458,3.9392318,14.58606249,0.020556237,-0.524666458,4.494962398,15.8064315,0.020560394,190.7598878,0.065875354,63244.33066,0.423056862,1.88E-07,6.92E-06,85.6452714,0.572428739,0.003515951,0.172255225,0.659257703,6.68E-07,0.011135461,0.027327586,0.003216774,0.070206942,-881.493183,0.085246036,577.1722043,1.64603292,20.09655299,7.44E-06,3.98E-05,0.748277057,5.86E-07,0.009575069,Not available,Not available,Not available,Not available,Not available
3,sulfuric acid digestion,MY,neodynium_oxide,20.93459964,0.323508074,3.866637637,1.672060942,0.079690053,20.93459964,5.278531038,66.59340054,0.643798784,2.356739511,0.173233762,2.26E-05,0.023486464,0.028773661,0.027416064,0.80478822,0.066615549,319.3801973,0.162521868,33.00235548,-0.524635817,3.939204126,14.58537849,0.020553736,-0.524635817,4.494934014,15.80570504,0.020557885,190.7501194,0.065869718,63244.0547,0.423056237,1.88E-07,6.92E-06,85.64035764,0.57229993,0.003515728,0.172255174,0.659233059,6.68E-07,0.011134616,0.027325446,0.003216689,0.070201158,-881.4938507,0.08523997,577.1318701,1.646027501,20.09580686,7.44E-06,3.98E-05,0.748224435,5.86E-07,0.009574327,4.17E-05,0.000417229,0.004172289,0.417228853,-0.000417229
3,sulfuric acid digestion,US,neodynium_oxide,20.5313348,0.315814821,3.819102643,1.669210454,0.079680966,20.5313348,5.248109986,66.33720688,0.82149126,2.352291205,0.173223992,2.26E-05,0.02315218,0.028152023,0.026776007,0.805906979,0.065180401,319.425839,0.158078892,32.40512637,-0.522722611,3.937272208,14.20295079,0.014989842,-0.522722611,4.487265566,15.4189041,0.014993901,191.9069909,0.064409815,63281.16942,0.423053646,1.88E-07,6.91E-06,109.2166702,0.55791325,0.003458306,0.172221379,0.660698933,6.53E-07,0.010990115,0.02669037,0.003221501,0.068708828,-881.642955,0.083490255,575.4636426,1.645169147,19.6972922,7.40E-06,3.97E-05,0.732285327,5.70E-07,0.009581356,Not available,Not available,Not available,Not available,Not available
3,cryogenic,US,neodynium dysprosium iron alloy,0,0,0,0,0,0,0,0,0,0,0,0,0,0,0,0,0,0,0,0,0,0,0,0,0,0,0,0,0,0,0,0,0,0,0,0,0,0,0,0,0,0,0,0,0,0,0,0,0,0,0,0,0,0,Not available,Not available,Not available,Not available,Not available
3,direct reuse,US,hp_magnet,0,0,0,0,0,0,0,0,0,0,0,0,0,0,0,0,0,0,0,0,0,0,0,0,0,0,0,0,0,0,0,0,0,0,0,0,0,0,0,0,0,0,0,0,0,0,0,0,0,0,0,0,0,0,Not available,Not available,Not available,Not available,Not available
3,hydrometallurgical,US,neodynium dysprosium iron alloy,0,0,0,0,0,0,0,0,0,0,0,0,0,0,0,0,0,0,0,0,0,0,0,0,0,0,0,0,0,0,0,0,0,0,0,0,0,0,0,0,0,0,0,0,0,0,0,0,0,0,0,0,0,0,Not available,Not available,Not available,Not available,Not available
3,magnet-to-magnet recycling,US,hp_magnet,0,0,0,0,0,0,0,0,0,0,0,0,0,0,0,0,0,0,0,0,0,0,0,0,0,0,0,0,0,0,0,0,0,0,0,0,0,0,0,0,0,0,0,0,0,0,0,0,0,0,0,0,0,0,Not available,Not available,Not available,Not available,Not available
3,magnet_market_mix,US,hp_magnet,0,0,0,0,0,0,0,0,0,0,0,0,0,0,0,0,0,0,0,0,0,0,0,0,0,0,0,0,0,0,0,0,0,0,0,0,0,0,0,0,0,0,0,0,0,0,0,0,0,0,0,0,0,0,Not available,Not available,Not available,Not available,Not available
3,pyrometallurgical,US,neodynium dysprosium iron alloy,0,0,0,0,0,0,0,0,0,0,0,0,0,0,0,0,0,0,0,0,0,0,0,0,0,0,0,0,0,0,0,0,0,0,0,0,0,0,0,0,0,0,0,0,0,0,0,0,0,0,0,0,0,0,Not available,Not available,Not available,Not available,Not available
3,use phase,US,hp_magnet,0,0,0,0,0,0,0,0,0,0,0,0,0,0,0,0,0,0,0,0,0,0,0,0,0,0,0,0,0,0,0,0,0,0,0,0,0,0,0,0,0,0,0,0,0,0,0,0,0,0,0,0,0,0,Not available,Not available,Not available,Not available,Not available
4,beneficiation,AU,flurocarbonate,0.593661098,0.374074271,0.166122169,0.040729897,0.000611379,0.593661098,0.108992864,1.010773525,0.011391336,0.057944439,4.21E-05,2.32E-07,0.000770681,0.001464161,0.001415615,0.021763067,0.002504035,8.436430292,0.003232621,-15.91516681,-12.46283724,0.013605112,0.540127071,0.000240432,-12.46283724,0.014221564,0.568709908,0.000240608,7.85628534,0.002291881,321.0430502,8.04E-05,2.00E-09,5.52E-08,1.496397471,0.838341515,8.91E-05,6.61E-05,0.011019705,1.45E-08,0.000299563,0.001412573,7.98E-05,0.002584603,0.655096545,0.003226091,14.98848681,0.005987682,0.57866583,1.55E-07,2.52E-07,0.034804949,1.30E-08,0.000255847,2.59E-05,2.59E-05,2.59E-05,0.000259219,-0.000259219
4,beneficiation,BR,flurocarbonate,0.40306374,0.374055882,0.110680707,0.027195618,0.000108934,0.40306374,0.075855993,0.455170522,0.018346987,0.039231269,1.16E-05,3.71E-07,0.000512853,0.0010051,0.000956015,0.02156457,0.001650347,8.192467611,0.011997021,-16.29212902,-12.46609501,0.019881856,0.324727469,0.009195155,-12.46609501,0.029475922,0.351712865,0.009195332,5.486586886,0.001428801,297.8288813,7.99E-05,1.81E-09,4.05E-08,2.304663567,0.846650403,0.000108046,5.17E-05,0.010995561,1.55E-08,0.00024727,0.000952916,7.01E-05,0.001692206,1.003927152,0.002181929,11.17184773,0.002090033,0.385316128,1.07E-07,1.24E-07,0.023391786,1.38E-08,0.000197345,Not available,Not available,Not available,Not available,Not available
4,beneficiation,CA,flurocarbonate,Not available,Not available,Not available,Not available,Not available,Not available,Not available,Not available,Not available,Not available,Not available,Not available,Not available,Not available,Not available,Not available,Not available,Not available,Not available,Not available,Not available,Not available,Not available,Not available,Not available,Not available,Not available,Not available,Not available,Not available,Not available,Not available,Not available,Not available,Not available,Not available,Not available,Not available,Not available,Not available,Not available,Not available,Not available,Not available,Not available,Not available,Not available,Not available,Not available,Not available,Not available,Not available,Not available,Not available,Not available,Not available,Not available,Not available,Not available
4,beneficiation,CN,flurocarbonate,0.690411351,0.377169878,0.157381485,0.031171915,0.000160322,0.690411351,0.107673424,0.686077242,0.028806456,0.044873323,1.40E-05,2.26E-07,0.000725081,0.001229374,0.001184108,0.021961483,0.002009638,8.573925154,0.003555599,-15.86564191,-12.46551571,0.014671752,0.593769945,0.000230353,-12.46551571,0.015295511,0.652900571,0.000230548,7.790042728,0.001794657,375.5354515,8.18E-05,2.14E-09,5.36E-08,3.638362042,0.844050962,0.000125951,5.90E-05,0.011254443,1.33E-08,0.000520265,0.001181012,7.46E-05,0.002071763,0.672031594,0.002699336,13.08721312,0.002987141,0.65940133,1.52E-07,1.96E-07,0.029113586,1.19E-08,0.000330705,0.000162012,0.001620119,0.000162012,0.000162012,-0.001620119
4,beneficiation,EE,flurocarbonate,0.70459731,0.375379069,0.189270115,0.042110396,0.000650452,0.70459731,0.11463831,1.11231229,0.062151808,0.059976572,4.51E-05,2.23E-07,0.00120981,0.001536523,0.001483326,0.022126578,0.003920993,8.782526018,0.005539097,-15.79710898,-12.47312549,0.024481773,0.628595919,0.000293855,-12.47312549,0.025119752,0.665609503,0.000294068,9.856346342,0.003708746,327.9046827,8.03E-05,2.11E-09,6.69E-08,8.554091904,0.840426377,9.80E-05,6.86E-05,0.011402401,1.45E-08,0.000405066,0.001480364,8.28E-05,0.004006875,1.038176138,0.004673136,15.49405653,0.006384851,0.685161485,1.63E-07,2.90E-07,0.036464641,1.30E-08,0.000373895,Not available,Not available,Not available,Not available,Not available
4,beneficiation,JP,flurocarbonate,0.606828421,0.3748213,0.16357376,0.029059343,0.000159812,0.606828421,0.082797165,0.526964377,0.031582652,0.042083666,1.65E-05,2.40E-07,0.000663138,0.001393641,0.001335461,0.022402965,0.002132023,8.73387936,0.003496121,-16.02784943,-12.48310046,0.035754211,0.514806169,0.000256928,-12.48310046,0.036382893,0.555239588,0.000257147,8.169099378,0.001918735,314.490274,8.02E-05,1.96E-09,5.10E-08,4.411071314,0.839826102,9.65E-05,6.42E-05,0.011453907,1.67E-08,0.000285528,0.001332632,7.58E-05,0.002204917,0.665825978,0.002805245,11.7385844,0.002481381,0.585632089,1.17E-07,1.48E-07,0.032745798,1.50E-08,0.000232823,Not available,Not available,Not available,Not available,Not available
4,beneficiation,MM,flurocarbonate,0.64090689,0.37559128,0.172399233,0.033331835,0.000296637,0.64090689,0.100368538,0.744669797,0.011366509,0.047916025,2.57E-05,2.35E-07,0.000694857,0.001329034,0.001275751,0.021852007,0.00224099,8.478764174,0.005045647,-15.89902507,-12.46670347,0.01757352,0.573058905,0.002011099,-12.46670347,0.020022156,0.606167265,0.002011304,8.197270031,0.002027061,316.0875903,8.12E-05,2.03E-09,5.12E-08,1.493149885,0.841811282,0.000107126,6.56E-05,0.01110785,1.81E-08,0.000282171,0.00127285,7.53E-05,0.002309541,0.726413172,0.002926569,13.21621994,0.003772938,0.622757926,1.42E-07,1.98E-07,0.031297513,1.64E-08,0.000240607,0.000259219,0.025921902,2.59E-05,2.59E-05,-2.59E-05
4,beneficiation,MY,flurocarbonate,0.64090689,0.37559128,0.172399233,0.033331835,0.000296637,0.64090689,0.100368538,0.744669797,0.011366509,0.047916025,2.57E-05,2.35E-07,0.000694857,0.001329034,0.001275751,0.021852007,0.00224099,8.478764174,0.005045647,-15.89902507,-12.46670347,0.01757352,0.573058905,0.002011099,-12.46670347,0.020022156,0.606167265,0.002011304,8.197270031,0.002027061,316.0875903,8.12E-05,2.03E-09,5.12E-08,1.493149885,0.841811282,0.000107126,6.56E-05,0.01110785,1.81E-08,0.000282171,0.00127285,7.53E-05,0.002309541,0.726413172,0.002926569,13.21621994,0.003772938,0.622757926,1.42E-07,1.98E-07,0.031297513,1.64E-08,0.000240607,Not available,Not available,Not available,Not available,Not available
4,beneficiation,US,flurocarbonate,0.549631098,0.374220197,0.158763601,0.033066874,0.000314653,0.549631098,0.091704864,0.693371756,0.067341341,0.047420713,2.43E-05,2.35E-07,0.000648899,0.001331233,0.001272185,0.022114466,0.001967206,8.544935059,0.003609619,-16.04249433,-12.46955574,0.021292923,0.482652325,0.00023812,-12.46955574,0.021916925,0.515476711,0.0002383,8.599714605,0.001749965,331.6933937,8.02E-05,1.93E-09,4.90E-08,8.917623248,0.838726208,9.26E-05,6.12E-05,0.011368092,1.41E-08,0.000269428,0.001269273,7.74E-05,0.002034408,0.677738833,0.002626226,12.85420082,0.003672692,0.532422866,1.30E-07,1.81E-07,0.03116134,1.26E-08,0.000257938,2.16E-06,2.16E-06,2.16E-06,0.000216016,-2.16E-05
4,beneficiation,AU,phosphate,0.202385493,0.030783748,0.041074614,0.018304633,0.000187281,0.202385493,0.043577605,0.424103668,0.003693724,0.024449109,4.81E-05,2.34E-07,0.000309635,0.000378179,0.000367367,0.018954704,0.000922632,3.608781357,0.003058772,0.27501636,-0.033796503,0.012913128,0.157862452,0.020466696,-0.033796503,0.013543564,0.165298603,0.020611264,1.952363686,0.000943498,327.3317558,1.02E-05,1.31E-09,2.52E-08,0.529717513,0.035152324,0.000219696,1.91E-05,0.007164696,5.77E-09,0.000110314,0.000368029,3.85E-05,0.000991589,0.851350724,0.001063771,6.162389855,0.001831485,0.198420924,6.16E-08,1.00E-07,0.009131785,5.03E-09,0.001107167,2.59E-05,2.59E-05,2.59E-05,0.000259219,-0.000259219
4,beneficiation,BR,phosphate,0.145034674,0.030776845,0.024456635,0.014252823,3.69E-05,0.145034674,0.033660177,0.257699617,0.00575587,0.018791459,3.90E-05,2.76E-07,0.000231886,0.000241213,0.000230092,0.019031395,0.000666406,3.414946356,0.005694139,0.161768447,-0.034773461,0.014800564,0.093135599,0.023162306,-0.034773461,0.018133437,0.100026974,0.023306874,1.241696153,0.000684427,320.1276716,9.88E-06,1.26E-09,2.08E-08,0.768810948,0.037650847,0.000225501,1.48E-05,0.007144503,6.00E-09,9.33E-05,0.000230741,3.38E-05,0.000723774,0.956150538,0.000750439,5.01482867,0.000663511,0.140275594,4.75E-08,6.20E-08,0.005721641,5.24E-09,0.001089263,Not available,Not available,Not available,Not available,Not available
4,beneficiation,CA,phosphate,Not available,Not available,Not available,Not available,Not available,Not available,Not available,Not available,Not available,Not available,Not available,Not available,Not available,Not available,Not available,Not available,Not available,Not available,Not available,Not available,Not available,Not available,Not available,Not available,Not available,Not available,Not available,Not available,Not available,Not available,Not available,Not available,Not available,Not available,Not available,Not available,Not available,Not available,Not available,Not available,Not available,Not available,Not available,Not available,Not available,Not available,Not available,Not available,Not available,Not available,Not available,Not available,Not available,Not available,Not available,Not available,Not available,Not available,Not available
4,beneficiation,CN,phosphate,0.232781907,0.031713134,0.03892517,0.015427334,5.21E-05,0.232781907,0.04311737,0.326069474,0.009004572,0.020544125,3.97E-05,2.33E-07,0.000295268,0.000333144,0.00032278,0.01915408,0.000777253,3.714323216,0.003159106,0.291316185,-0.034635044,0.013274749,0.175207052,0.020465602,-0.034635044,0.013908706,0.191867978,0.020610176,1.956065087,0.000798074,344.2584842,1.05E-05,1.36E-09,2.47E-08,1.184209299,0.036875827,0.000230811,1.77E-05,0.007223921,5.46E-09,0.000174585,0.000323439,3.78E-05,0.000842766,0.856605205,0.00091652,5.587486128,0.000931031,0.223981695,6.09E-08,8.33E-08,0.008037212,4.75E-09,0.001127349,0.000162012,0.001620119,0.000162012,0.000162012,-0.001620119
4,beneficiation,EE,phosphate,0.235647703,0.031174966,0.048015106,0.01871855,0.000198997,0.235647703,0.045270281,0.454548223,0.018913333,0.025058406,4.90E-05,2.31E-07,0.0004413,0.000399875,0.000387669,0.019063695,0.001347481,3.71255136,0.003750327,0.310413855,-0.036881247,0.016174298,0.184388231,0.020482714,-0.036881247,0.016811189,0.194352188,0.020627293,2.55204572,0.001368319,329.3890905,1.01E-05,1.35E-09,2.87E-08,2.645839425,0.035777427,0.000222372,1.99E-05,0.007279439,5.78E-09,0.000141947,0.000388355,3.94E-05,0.001418031,0.966210204,0.001497642,6.313975528,0.001950568,0.230351713,6.40E-08,1.12E-07,0.009629414,5.05E-09,0.001142562,Not available,Not available,Not available,Not available,Not available
4,beneficiation,JP,phosphate,0.20619547,0.031000999,0.040343479,0.014806214,5.21E-05,0.20619547,0.035696984,0.279128182,0.009735108,0.019637593,4.04E-05,2.36E-07,0.000276877,0.000357745,0.000343989,0.019279283,0.000810724,3.572068279,0.003134429,0.24114817,-0.039886429,0.019574022,0.150238857,0.020471353,-0.039886429,0.020207748,0.161136707,0.020615934,2.047467127,0.000831231,325.0401707,9.98E-06,1.30E-09,2.39E-08,1.402218717,0.035585213,0.00022187,1.85E-05,0.007276505,6.44E-09,0.000104761,0.000344718,3.55E-05,0.000877421,0.854447182,0.000937335,5.182168353,0.000781012,0.200420043,5.04E-08,6.91E-08,0.008530114,5.65E-09,0.001099838,Not available,Not available,Not available,Not available,Not available
4,beneficiation,MM,phosphate,0.216551288,0.031238593,0.042956678,0.016086458,9.29E-05,0.216551288,0.040991755,0.344317278,0.00368628,0.02144227,4.32E-05,2.35E-07,0.000286901,0.000337663,0.000325431,0.018981371,0.000843763,3.621474398,0.003602375,0.279856167,-0.034955723,0.014102984,0.167736467,0.020997599,-0.034955723,0.015282767,0.176529514,0.021142175,2.054601767,0.000864096,325.8459505,1.04E-05,1.32E-09,2.40E-08,0.528743778,0.036192667,0.000225103,1.89E-05,0.007191124,6.86E-09,0.000105099,0.000326136,3.71E-05,0.000909117,0.872733723,0.000973965,5.631007637,0.001167434,0.211641141,5.79E-08,8.44E-08,0.008080144,6.06E-09,0.001102598,0.000259219,0.025921902,2.59E-05,2.59E-05,-2.59E-05
4,beneficiation,MY,phosphate,0.216551288,0.031238593,0.042956678,0.016086458,9.29E-05,0.216551288,0.040991755,0.344317278,0.00368628,0.02144227,4.32E-05,2.35E-07,0.000286901,0.000337663,0.000325431,0.018981371,0.000843763,3.621474398,0.003602375,0.279856167,-0.034955723,0.014102984,0.167736467,0.020997599,-0.034955723,0.015282767,0.176529514,0.021142175,2.054601767,0.000864096,325.8459505,1.04E-05,1.32E-09,2.40E-08,0.528743778,0.036192667,0.000225103,1.89E-05,0.007191124,6.86E-09,0.000105099,0.000326136,3.71E-05,0.000909117,0.872733723,0.000973965,5.631007637,0.001167434,0.211641141,5.79E-08,8.44E-08,0.008080144,6.06E-09,0.001102598,Not available,Not available,Not available,Not available,Not available
4,beneficiation,US,phosphate,0.187154592,0.030826788,0.03833395,0.016044638,9.97E-05,0.187154592,0.038421421,0.330557819,0.020674335,0.021284575,4.28E-05,2.34E-07,0.00026955,0.000298188,0.000284927,0.019183108,0.00074952,3.509163987,0.003175451,0.234728898,-0.035866462,0.015282736,0.138869356,0.020467817,-0.035866462,0.015916638,0.147319289,0.020612386,2.15447443,0.000767508,329.7004274,9.98E-06,1.29E-09,2.34E-08,2.781922881,0.035273118,0.000220579,1.65E-05,0.007242306,5.63E-09,0.0001,0.000285615,3.59E-05,0.000811123,0.858415846,0.000858859,5.526740131,0.001145917,0.182659327,5.43E-08,7.94E-08,0.007066016,4.91E-09,0.001108,2.16E-06,2.16E-06,2.16E-06,0.000216016,-2.16E-05
4,chemical transformation,AU,neodynium dysprosium iron alloy,0.888199307,0.008150725,0.214993044,0.057854957,0.001120585,0.888199307,0.119091257,1.739398611,0.021071347,0.078877759,7.26E-05,1.83E-07,0.001465554,0.002219076,0.002183222,0.043329555,0.003855213,5.764789752,0.003584064,1.447147451,-0.014755686,0.01391533,0.835784723,0.000447991,-0.014755686,0.01419842,0.863821239,0.000448102,10.23325084,0.004044259,242.1920026,1.56E-05,2.41E-09,7.86E-08,2.859514029,0.014840947,0.000105601,7.26E-05,0.476212523,6.90E-09,0.000454742,0.002182187,7.40E-05,0.004203973,0.156598439,0.004723292,17.97124744,0.009069708,0.873383298,1.69E-07,4.23E-07,0.053996217,6.52E-09,0.000938062,Not available,Not available,Not available,Not available,Not available
4,chemical transformation,BR,neodynium dysprosium iron alloy,0.523780064,0.008199328,0.1087704,0.031897908,0.000153553,0.523780064,0.056000815,0.672064104,0.034543791,0.043014826,1.37E-05,4.53E-07,0.000972638,0.001341462,0.00130321,0.043010306,0.002221144,5.374023652,0.020463154,0.723920749,-0.021124287,0.026075209,0.422771299,0.017687751,-0.021124287,0.043642357,0.448294843,0.017687864,5.69648206,0.002392121,198.8730284,1.46E-05,2.06E-09,5.05E-08,4.426729032,0.030985868,0.000144424,4.49E-05,0.476247173,7.87E-09,0.000355347,0.00130207,5.58E-05,0.002495599,0.827042927,0.002723474,10.66639183,0.001569,0.503372974,7.87E-08,1.77E-07,0.032132724,7.41E-09,0.000826858,Not available,Not available,Not available,Not available,Not available
4,chemical transformation,CA,neodynium dysprosium iron alloy,Not available,Not available,Not available,Not available,Not available,Not available,Not available,Not available,Not available,Not available,Not available,Not available,Not available,Not available,Not available,Not available,Not available,Not available,Not available,Not available,Not available,Not available,Not available,Not available,Not available,Not available,Not available,Not available,Not available,Not available,Not available,Not available,Not available,Not available,Not available,Not available,Not available,Not available,Not available,Not available,Not available,Not available,Not available,Not available,Not available,Not available,Not available,Not available,Not available,Not available,Not available,Not available,Not available,Not available,Not available,Not available,Not available,Not available,Not available
4,chemical transformation,CN,neodynium dysprosium iron alloy,1.082317625,0.01408632,0.201837942,0.039480717,0.000256177,1.082317625,0.11611159,1.112848553,0.05539338,0.053769042,1.90E-05,1.76E-07,0.001374042,0.001955167,0.001921362,0.043761959,0.002935796,6.060153814,0.004240227,1.551428589,-0.020181642,0.016318279,0.946850124,0.000446692,-0.020181642,0.016628009,1.033521763,0.000446841,10.291091,0.00312505,350.1143189,1.82E-05,2.68E-09,7.53E-08,7.093833003,0.025855682,0.000176609,6.44E-05,0.47670844,4.96E-09,0.000858957,0.001920308,6.43E-05,0.003264392,0.191210806,0.00379913,14.29508772,0.003313705,1.036766162,1.64E-07,3.14E-07,0.047567159,4.80E-09,0.001064278,4.45E-05,0.000444986,4.45E-05,4.45E-05,-0.000444986
4,chemical transformation,EE,neodynium dysprosium iron alloy,1.101814077,0.010663179,0.259565894,0.060513195,0.001195823,1.101814077,0.12996189,1.934917966,0.11881389,0.082790758,7.84E-05,1.66E-07,0.002311125,0.002358414,0.002313604,0.044029515,0.006583657,6.431217424,0.008025332,1.674475333,-0.034566363,0.034859037,1.006137145,0.00055086,-0.034566363,0.035183578,1.050407603,0.000551044,14.08449633,0.006772525,255.4045083,1.55E-05,2.63E-09,1.01E-07,16.44955711,0.018855444,0.000122786,7.74E-05,0.476949423,6.95E-09,0.000657895,0.002312724,7.98E-05,0.006942649,0.89424275,0.00750967,18.94475297,0.009834482,1.07844749,1.84E-07,4.94E-07,0.057192059,6.63E-09,0.001165372,9.57E-07,9.57E-07,9.57E-07,9.57E-07,-9.57E-05
4,chemical transformation,JP,neodynium dysprosium iron alloy,0.913553843,0.009589188,0.210085923,0.03538256,0.000251064,0.913553843,0.068649776,0.80779313,0.059951021,0.048336829,2.34E-05,1.98E-07,0.001258473,0.002083288,0.002028881,0.044561721,0.003138881,6.337547756,0.004091449,1.230169873,-0.053773815,0.05656484,0.787027711,0.000479756,-0.053773815,0.05687148,0.837883283,0.00047995,10.83559451,0.003325744,229.5742182,1.52E-05,2.35E-09,7.04E-08,8.471905443,0.017699639,0.000120021,6.89E-05,0.477048609,1.11E-08,0.000427718,0.002028256,6.62E-05,0.003472862,0.177258653,0.003912927,11.71335332,0.002318101,0.886797287,9.66E-08,2.22E-07,0.050031191,1.04E-08,0.000893728,2.39E-06,2.39E-06,2.39E-06,2.39E-06,-2.39E-06
4,chemical transformation,MM,neodynium dysprosium iron alloy,0.979174086,0.011071804,0.227079928,0.043609511,0.00051453,0.979174086,0.102484527,1.226998764,0.021023539,0.059567399,4.11E-05,1.89E-07,0.00131955,0.00195888,0.001913906,0.043500811,0.003348703,5.846304356,0.007075162,1.478229364,-0.022200363,0.021556752,0.899197063,0.003857524,-0.022200363,0.02536783,0.935947761,0.003857692,10.88983849,0.003534332,232.649938,1.71E-05,2.47E-09,7.09E-08,2.853260505,0.02152217,0.000140328,7.15E-05,0.476382246,1.39E-08,0.000421254,0.001913143,6.53E-05,0.003674324,0.293923168,0.004146543,14.55863232,0.004805076,0.958285434,1.45E-07,3.20E-07,0.047242423,1.32E-08,0.000908716,Not available,Not available,Not available,Not available,Not available
4,chemical transformation,MY,neodynium dysprosium iron alloy,0.979174086,0.011071804,0.227079928,0.043609511,0.00051453,0.979174086,0.102484527,1.226998764,0.021023539,0.059567399,4.11E-05,1.89E-07,0.00131955,0.00195888,0.001913906,0.043500811,0.003348703,5.846304356,0.007075162,1.478229364,-0.022200363,0.021556752,0.899197063,0.003857524,-0.022200363,0.02536783,0.935947761,0.003857692,10.88983849,0.003534332,232.649938,1.71E-05,2.47E-09,7.09E-08,2.853260505,0.02152217,0.000140328,7.15E-05,0.476382246,1.39E-08,0.000421254,0.001913143,6.53E-05,0.003674324,0.293923168,0.004146543,14.55863232,0.004805076,0.958285434,1.45E-07,3.20E-07,0.047242423,1.32E-08,0.000908716,Not available,Not available,Not available,Not available,Not available
4,chemical transformation,US,neodynium dysprosium iron alloy,0.790942912,0.00849087,0.196736116,0.043299516,0.000555388,0.790942912,0.086074535,1.136523747,0.130062826,0.05886343,3.87E-05,1.84E-07,0.001211462,0.001668373,0.001617786,0.043942698,0.002745333,5.932542946,0.004361129,1.187575546,-0.028142596,0.029184103,0.713156301,0.000459712,-0.028142596,0.02949343,0.748529038,0.00045983,11.49987207,0.002915186,257.9862597,1.52E-05,2.28E-09,6.69E-08,17.31568184,0.015733717,0.000111766,5.49E-05,0.476826233,5.94E-09,0.000397675,0.001616889,6.91E-05,0.003043966,0.203031229,0.003398136,13.91751006,0.004650199,0.772280516,1.22E-07,2.88E-07,0.039844892,5.70E-09,0.000947085,Not available,Not available,Not available,Not available,Not available
4,clay mining,AU,ion adsorption clay,20.07454376,0.390699838,4.594572179,2969.691037,0.011952743,20.07454376,4.414014187,7154.732843,0.827579918,4017.949034,0.00586132,3.43E-06,0.037969319,0.052614181,0.050863084,0.632524148,0.121793298,932.278374,0.274207594,160.1645366,-0.534728173,0.60193252,17.4545636,0.014548008,-0.534728173,0.620773668,18.98047683,0.014553152,228.1553082,0.11971751,18934.03956,0.000430845,1.11E-06,0.003048394,118.9895747,0.744818778,0.004759288,0.01894731,0.789014567,2.90E-07,0.014464147,0.050804543,0.005824181,0.1285968,11.31598958,0.139546741,1660542.478,0.120290278,19.26894734,6.09E-06,0.003205053,1.426506392,2.66E-07,0.011743534,6.33E-07,6.33E-07,6.33E-07,6.33E-06,-6.33E-06
4,clay mining,BR,ion adsorption clay,18.74333123,0.39086616,4.206702201,2969.596375,0.00842707,18.74333123,4.183538133,7150.841057,0.876640415,4017.818236,0.005646686,4.41E-06,0.036169865,0.049408962,0.047649876,0.631289727,0.115829318,930.8201911,0.335744376,157.5252598,-0.557931479,0.646251823,15.94690311,0.077403459,-0.557931479,0.728111188,17.46313469,0.077408612,211.5856226,0.113687565,18775.6635,0.000427238,1.11E-06,0.003048292,124.6948437,0.803663208,0.004900619,0.018846135,0.789080213,2.94E-07,0.014101043,0.047590951,0.005757424,0.122361606,13.76018319,0.13224802,1660515.83,0.092942967,17.91762089,5.76E-06,0.003204157,1.346681716,2.70E-07,0.011337198,Not available,Not available,Not available,Not available,Not available
4,clay mining,CA,ion adsorption clay,Not available,Not available,Not available,Not available,Not available,Not available,Not available,Not available,Not available,Not available,Not available,Not available,Not available,Not available,Not available,Not available,Not available,Not available,Not available,Not available,Not available,Not available,Not available,Not available,Not available,Not available,Not available,Not available,Not available,Not available,Not available,Not available,Not available,Not available,Not available,Not available,Not available,Not available,Not available,Not available,Not available,Not available,Not available,Not available,Not available,Not available,Not available,Not available,Not available,Not available,Not available,Not available,Not available,Not available,Not available,Not available,Not available,Not available,Not available
4,clay mining,CN,ion adsorption clay,20.78183741,0.412344906,4.546260463,2969.624066,0.008801494,20.78183741,4.403275795,7152.449228,0.952683131,4017.857519,0.00566572,3.40E-06,0.037635885,0.051655078,0.049911008,0.634129759,0.118441876,933.3632665,0.276597269,160.543977,-0.554508444,0.61068948,17.85886603,0.014541527,-0.554508444,0.629626958,19.59869917,0.014546811,228.3487825,0.116366886,19328.43785,0.000440429,1.11E-06,0.003048383,134.4229999,0.784981871,0.005018211,0.01891767,0.790843305,2.82E-07,0.015938073,0.049852392,0.005788886,0.125172027,11.442023,0.136178739,1660529.083,0.099307561,19.86410794,6.07E-06,0.003204655,1.403128916,2.59E-07,0.012203755,3.96E-06,3.96E-05,3.96E-06,3.96E-06,-3.96E-05
4,clay mining,EE,ion adsorption clay,20.85325459,0.39985878,4.757057952,2969.700727,0.012227015,20.85325459,4.45364203,7155.445588,1.183890356,4017.963298,0.005882288,3.37E-06,0.041051762,0.053122124,0.051338379,0.635075788,0.131739562,934.7077715,0.290397782,160.9932372,-0.606945972,0.678280666,18.07556596,0.014923005,-0.606945972,0.697272917,19.66065836,0.014928416,242.1946298,0.129663124,18982.20441,0.000430492,1.11E-06,0.003048477,168.5306855,0.759453314,0.004821936,0.018964779,0.791700875,2.90E-07,0.01520472,0.051280401,0.00584529,0.138580362,14.00499641,0.149704195,1660546.027,0.123078183,20.01648791,6.15E-06,0.003205313,1.438156511,2.66E-07,0.012572173,Not available,Not available,Not available,Not available,Not available
4,clay mining,JP,ion adsorption clay,20.17033712,0.395966965,4.578047615,2969.609193,0.008783356,20.17033712,4.230796784,7151.338239,0.969381588,4017.837839,0.005682496,3.49E-06,0.037223004,0.052143627,0.050326456,0.637193721,0.119208402,934.4131328,0.276062695,159.3798365,-0.677017568,0.757457782,17.28102578,0.014664403,-0.677017568,0.77638486,18.88948282,0.014669856,230.4164103,0.117125417,18887.74886,0.000429671,1.11E-06,0.003048365,139.4578126,0.7552844,0.004812032,0.018935113,0.792143231,3.06E-07,0.014367892,0.050269413,0.005796249,0.125960479,11.39154639,0.136628987,1660519.701,0.095683865,19.3215495,5.83E-06,0.003204321,1.412709693,2.81E-07,0.011584137,Not available,Not available,Not available,Not available,Not available
4,clay mining,MM,ion adsorption clay,20.40618306,0.401348381,4.63863369,2969.639107,0.009743432,20.40618306,4.353476116,7152.864941,0.827405642,4017.87864,0.00574648,3.45E-06,0.037437076,0.051665664,0.049881321,0.633148452,0.119946866,932.5755308,0.286934033,160.2778426,-0.561866987,0.629788546,17.68572684,0.026977112,-0.561866987,0.661490613,19.24340672,0.026982463,230.5488318,0.117858621,18899.25496,0.000436342,1.11E-06,0.003048366,118.9667783,0.769174593,0.004885884,0.018943402,0.78963329,3.16E-07,0.014342068,0.049823769,0.005792694,0.126666018,11.81659284,0.13744426,1660530.038,0.104744001,19.57844944,6.00E-06,0.003204677,1.401886131,2.90E-07,0.011636558,6.33E-06,0.00063307,6.33E-07,6.33E-07,-6.33E-07
4,clay mining,MY,ion adsorption clay,20.40618306,0.401348381,4.63863369,2969.639107,0.009743432,20.40618306,4.353476116,7152.864941,0.827405642,4017.87864,0.00574648,3.45E-06,0.037437076,0.051665664,0.049881321,0.633148452,0.119946866,932.5755308,0.286934033,160.2778426,-0.561866987,0.629788546,17.68572684,0.026977112,-0.561866987,0.661490613,19.24340672,0.026982463,230.5488318,0.117858621,18899.25496,0.000436342,1.11E-06,0.003048366,118.9667783,0.769174593,0.004885884,0.018943402,0.78963329,3.16E-07,0.014342068,0.049823769,0.005792694,0.126666018,11.81659284,0.13744426,1660530.038,0.104744001,19.57844944,6.00E-06,0.003204677,1.401886131,2.90E-07,0.011636558,Not available,Not available,Not available,Not available,Not available
4,clay mining,US,ion adsorption clay,19.71816858,0.391943839,4.527518095,2969.637979,0.0098925,19.71816858,4.293722435,7152.535426,1.224972454,4017.876072,0.005737421,3.43E-06,0.037041001,0.050601083,0.048796409,0.634763675,0.117740604,932.8990082,0.277043551,159.2165709,-0.583536266,0.657604183,17.00616176,0.014588385,-0.583536266,0.676539714,18.55847803,0.014593553,232.7501679,0.115594687,18995.32833,0.000429602,1.11E-06,0.003048352,171.6980542,0.748074084,0.004782063,0.018882362,0.791299455,2.86E-07,0.014255609,0.048738363,0.005806355,0.12436093,11.48542051,0.134707509,1660527.703,0.104180229,18.89872839,5.92E-06,0.00320456,1.374785696,2.62E-07,0.011776009,5.28E-08,5.28E-08,5.28E-08,5.28E-06,-5.28E-07
4,clay refining,AU,dysprosium_oxide,12.90476126,1.991181389,2.714306403,0.949686732,0.004569401,12.90476126,2.184621657,19.00661573,0.657741475,1.276683309,0.002297806,1.36E-05,0.018680052,0.024632261,0.023810776,0.834696837,0.051391038,130.5232075,0.205032305,16.47866787,-2.752295949,0.672780862,10.84492723,0.163506353,-2.752295949,0.683396509,11.72191361,0.166559165,137.5529886,0.050417838,4378.719857,0.001683001,7.88E-08,1.23E-06,87.97118867,2.06655549,0.007387742,0.002120026,0.229593004,9.44E-07,0.009864301,0.023674102,0.001221107,0.054699895,10.87809695,0.06091438,358.2168863,0.057801338,12.45978947,3.02E-06,5.02E-06,0.641932289,8.09E-07,0.007929563,2.59E-05,2.59E-05,2.59E-05,0.000259219,-0.000259219
4,clay refining,BR,dysprosium_oxide,12.78404744,1.991197508,2.679120169,0.941088469,0.004249072,12.78404744,2.163722992,18.65306134,0.662204223,1.264803726,0.002278301,1.37E-05,0.018516774,0.024341552,0.023519273,0.834591091,0.050849753,130.3937695,0.210623504,16.23909914,-2.754405555,0.676808827,10.70811658,0.169217024,-2.754405555,0.693149818,11.58427054,0.172269837,136.0501848,0.049870568,4364.370469,0.001682678,7.87E-08,1.22E-06,88.49032878,2.071903533,0.007400603,0.002110843,0.229604496,9.44E-07,0.009831377,0.023382563,0.001215082,0.054133996,11.1001817,0.060251941,355.7971564,0.055316728,12.33722361,2.99E-06,4.94E-06,0.634690012,8.09E-07,0.007892727,Not available,Not available,Not available,Not available,Not available
4,clay refining,CA,dysprosium_oxide,Not available,Not available,Not available,Not available,Not available,Not available,Not available,Not available,Not available,Not available,Not available,Not available,Not available,Not available,Not available,Not available,Not available,Not available,Not available,Not available,Not available,Not available,Not available,Not available,Not available,Not available,Not available,Not available,Not available,Not available,Not available,Not available,Not available,Not available,Not available,Not available,Not available,Not available,Not available,Not available,Not available,Not available,Not available,Not available,Not available,Not available,Not available,Not available,Not available,Not available,Not available,Not available,Not available,Not available,Not available,Not available,Not available,Not available,Not available
4,clay refining,CN,dysprosium_oxide,12.96906295,1.993147565,2.709948775,0.943600263,0.004283066,12.96906295,2.183634638,18.79907099,0.669110648,1.268366044,0.002280029,1.36E-05,0.018649739,0.024544841,0.023724035,0.83484007,0.051086481,130.6210466,0.205249659,16.51321098,-2.754093296,0.673576839,10.88171764,0.163505923,-2.754093296,0.68420131,11.7781269,0.166558748,137.5721481,0.05011335,4414.46912,0.001683869,7.89E-08,1.23E-06,89.37380678,2.070204143,0.007411264,0.002117316,0.229757275,9.43E-07,0.009998198,0.023587354,0.00121789,0.054388659,10.88956229,0.060608251,356.9991576,0.055894662,12.51391004,3.02E-06,4.98E-06,0.639802663,8.08E-07,0.007971373,0.000162012,0.001620119,0.000162012,0.000162012,-0.001620119
4,clay refining,EE,dysprosium_oxide,12.97552121,1.992013658,2.729071177,0.950567283,0.004594323,12.97552121,2.188222608,19.07138167,0.690118693,1.277979504,0.002299712,1.36E-05,0.018960148,0.024678417,0.023853966,0.834928705,0.052294835,130.7439657,0.206503476,16.55397034,-2.758858242,0.67971847,10.90135652,0.163540429,-2.758858242,0.690347847,11.7837204,0.166593265,138.8287145,0.051321577,4383.096523,0.001682969,7.89E-08,1.24E-06,92.47289052,2.067885327,0.007393435,0.002121613,0.229837118,9.44E-07,0.009931596,0.023717342,0.001223025,0.055607081,11.12244164,0.061837368,358.5393637,0.058054669,12.52771705,3.03E-06,5.04E-06,0.642990917,8.09E-07,0.00800486,Not available,Not available,Not available,Not available,Not available
4,clay refining,JP,dysprosium_oxide,12.91316003,1.991657906,2.712680941,0.942242793,0.004281372,12.91316003,2.167912955,18.69802208,0.67062037,1.266566681,0.002281503,1.36E-05,0.018611457,0.024587281,0.023759651,0.835104998,0.051153753,130.712937,0.205200377,16.40679435,-2.765220714,0.686908519,10.82877654,0.163516876,-2.765220714,0.697531967,11.71332173,0.166569715,137.752516,0.050179831,4374.540275,0.001682889,7.88E-08,1.23E-06,89.83029366,2.067502482,0.00739252,0.002118794,0.229869986,9.45E-07,0.009855349,0.023623113,0.001218516,0.054457715,10.88494067,0.060645948,356.1439727,0.055564868,12.46423293,3.00E-06,4.95E-06,0.640618881,8.10E-07,0.007914878,Not available,Not available,Not available,Not available,Not available
4,clay refining,MM,dysprosium_oxide,12.9348967,1.992149016,2.718310198,0.944967937,0.004368645,12.9348967,2.179120709,18.83688343,0.65772564,1.270286765,0.002287371,1.36E-05,0.018631688,0.024546071,0.023721566,0.834753569,0.051223256,130.5502115,0.206188732,16.48896385,-2.754762005,0.675312087,10.86593261,0.164635761,-2.754762005,0.687096381,11.74580556,0.167688592,137.770484,0.050248925,4375.559067,0.001683501,7.88E-08,1.23E-06,87.96911732,2.068768682,0.007399246,0.002119671,0.229649237,9.46E-07,0.009853208,0.023584981,0.001218246,0.054524449,10.92358578,0.060723332,357.0864607,0.056388679,12.48791335,3.01E-06,4.99E-06,0.639695099,8.11E-07,0.007919843,0.000259219,0.025921902,2.59E-05,2.59E-05,-2.59E-05
4,clay refining,MY,dysprosium_oxide,12.9348967,1.992149016,2.718310198,0.944967937,0.004368645,12.9348967,2.179120709,18.83688343,0.65772564,1.270286765,0.002287371,1.36E-05,0.018631688,0.024546071,0.023721566,0.834753569,0.051223256,130.5502115,0.206188732,16.48896385,-2.754762005,0.675312087,10.86593261,0.164635761,-2.754762005,0.687096381,11.74580556,0.167688592,137.770484,0.050248925,4375.559067,0.001683501,7.88E-08,1.23E-06,87.96911732,2.068768682,0.007399246,0.002119671,0.229649237,9.46E-07,0.009853208,0.023584981,0.001218246,0.054524449,10.92358578,0.060723332,357.0864607,0.056388679,12.48791335,3.01E-06,4.99E-06,0.639695099,8.11E-07,0.007919843,Not available,Not available,Not available,Not available,Not available
4,clay refining,US,dysprosium_oxide,12.87254507,1.991294052,2.708258795,0.94486524,0.004382179,12.87254507,2.173684865,18.8069134,0.693844902,1.27005356,0.002286577,1.36E-05,0.018595884,0.02444984,0.023623476,0.83489994,0.05102339,130.5787755,0.205289708,16.39268467,-2.756730362,0.677838643,10.80430656,0.163510236,-2.756730362,0.688462981,11.68372306,0.16656305,137.9725569,0.050043833,4383.951701,0.001682887,7.87E-08,1.23E-06,92.75979415,2.066851198,0.007389784,0.002114167,0.229796294,9.43E-07,0.009845398,0.023486847,0.001219476,0.054315642,10.89347781,0.060475422,356.874085,0.056337375,12.42629917,3.01E-06,4.98E-06,0.637244663,8.08E-07,0.007932552,2.16E-06,2.16E-06,2.16E-06,0.000216016,-2.16E-05
4,clay refining,AU,neodynium_oxide,12.90463118,1.991179206,2.71427988,0.949670266,0.004569358,12.90463118,2.184585345,19.00627827,0.657734949,1.27666158,0.002297801,1.36E-05,0.018679836,0.024632064,0.023810586,0.834682521,0.051390395,130.5214882,0.205027729,16.47840926,-2.752292731,0.672767393,10.84482933,0.163506223,-2.752292731,0.683376986,11.72180776,0.166559035,137.5516344,0.050417138,4375.169999,0.001682996,7.88E-08,1.23E-06,87.9703237,2.066551192,0.007387705,0.002120017,0.229589828,9.44E-07,0.009864213,0.023673912,0.001221094,0.054699179,10.86885297,0.060913661,358.2113328,0.057800878,12.45966612,3.02E-06,5.02E-06,0.641927396,8.09E-07,0.007929489,2.59E-05,2.59E-05,2.59E-05,0.000259219,-0.000259219
4,clay refining,BR,neodynium_oxide,12.78391725,1.991195262,2.679093618,0.941071965,0.004249028,12.78391725,2.163686603,18.65272327,0.662197693,1.264781945,0.002278296,1.37E-05,0.018516557,0.024341355,0.023519082,0.834576766,0.05084911,130.3920442,0.210618927,16.23884022,-2.754402323,0.676795348,10.70801859,0.169216893,-2.754402323,0.693130284,11.58416459,0.172269706,136.0488292,0.049869866,4360.820549,0.001682673,7.87E-08,1.22E-06,88.48946324,2.071899104,0.007400564,0.002110834,0.229601284,9.44E-07,0.009831288,0.023382373,0.001215069,0.054133279,11.09093767,0.06025122,355.7915898,0.055316268,12.33710015,2.99E-06,4.94E-06,0.634685111,8.09E-07,0.007892653,Not available,Not available,Not available,Not available,Not available
4,clay refining,CA,neodynium_oxide,Not available,Not available,Not available,Not available,Not available,Not available,Not available,Not available,Not available,Not available,Not available,Not available,Not available,Not available,Not available,Not available,Not available,Not available,Not available,Not available,Not available,Not available,Not available,Not available,Not available,Not available,Not available,Not available,Not available,Not available,Not available,Not available,Not available,Not available,Not available,Not available,Not available,Not available,Not available,Not available,Not available,Not available,Not available,Not available,Not available,Not available,Not available,Not available,Not available,Not available,Not available,Not available,Not available,Not available,Not available,Not available,Not available,Not available,Not available
4,clay refining,CN,neodynium_oxide,12.96893288,1.99314535,2.709922255,0.943583804,0.004283023,12.96893288,2.183598336,18.79873365,0.669104122,1.268344324,0.002280025,1.36E-05,0.018649523,0.024544645,0.023723845,0.834825756,0.051085839,130.619328,0.205245083,16.51295242,-2.75409008,0.67356337,10.88161975,0.163505793,-2.75409008,0.684181788,11.77802106,0.166558617,137.5707941,0.05011265,4410.919271,0.001683864,7.89E-08,1.23E-06,89.3729418,2.070199773,0.007411226,0.002117307,0.229754104,9.43E-07,0.009998109,0.023587164,0.001217877,0.054387943,10.88031832,0.060607532,356.9936065,0.055894203,12.5137867,3.02E-06,4.98E-06,0.639797772,8.08E-07,0.007971299,0.000162012,0.001620119,0.000162012,0.000162012,-0.001620119
4,clay refining,EE,neodynium_oxide,12.97539102,1.992011412,2.729044625,0.950550778,0.00459428,12.97539102,2.188186227,19.07104359,0.690112162,1.277957724,0.002299707,1.36E-05,0.018959931,0.02467822,0.023853775,0.834914381,0.052294192,130.7422411,0.206498898,16.55371142,-2.75885501,0.679704991,10.90125853,0.163540298,-2.75885501,0.690328313,11.78361444,0.166593135,138.8273589,0.051320875,4379.546604,0.001682964,7.89E-08,1.24E-06,92.4720248,2.067880901,0.007393396,0.002121604,0.229833908,9.44E-07,0.009931507,0.023717152,0.001223012,0.055606364,11.11319761,0.061836648,358.5337973,0.058054209,12.52759358,3.03E-06,5.04E-06,0.642986015,8.09E-07,0.008004786,Not available,Not available,Not available,Not available,Not available
4,clay refining,JP,neodynium_oxide,12.91302985,1.991655675,2.712654389,0.942226286,0.004281329,12.91302985,2.167876585,18.69768398,0.670613839,1.266544897,0.002281498,1.36E-05,0.01861124,0.024587084,0.023759461,0.835090674,0.05115311,130.7112128,0.2051958,16.40653542,-2.765217484,0.686895041,10.82867855,0.163516745,-2.765217484,0.697512434,11.71321578,0.166569585,137.7511604,0.050179129,4370.990354,0.001682884,7.88E-08,1.23E-06,89.82942812,2.067498087,0.007392481,0.002118785,0.229866776,9.45E-07,0.009855261,0.023622922,0.001218503,0.054456998,10.87569666,0.060645227,356.1384055,0.055564408,12.46410948,3.00E-06,4.95E-06,0.640613979,8.10E-07,0.007914804,Not available,Not available,Not available,Not available,Not available
4,clay refining,MM,neodynium_oxide,12.93476651,1.992146769,2.718283647,0.944951433,0.004368602,12.93476651,2.179084333,18.83654536,0.65771911,1.270264985,0.002287366,1.36E-05,0.018631472,0.024545874,0.023721375,0.834739246,0.051222613,130.5484873,0.206184154,16.48870493,-2.754758773,0.675298609,10.86583462,0.164635631,-2.754758773,0.687076847,11.74569961,0.167688462,137.7691284,0.050248224,4372.009149,0.001683496,7.88E-08,1.23E-06,87.96825183,2.068764253,0.007399207,0.002119662,0.229646027,9.46E-07,0.00985312,0.023584791,0.001218233,0.054523732,10.91434176,0.060722612,357.0808944,0.056388219,12.48778989,3.01E-06,4.99E-06,0.639690198,8.11E-07,0.007919769,0.000259219,0.025921902,2.59E-05,2.59E-05,-2.59E-05
4,clay refining,MY,neodynium_oxide,12.93476651,1.992146769,2.718283647,0.944951433,0.004368602,12.93476651,2.179084333,18.83654536,0.65771911,1.270264985,0.002287366,1.36E-05,0.018631472,0.024545874,0.023721375,0.834739246,0.051222613,130.5484873,0.206184154,16.48870493,-2.754758773,0.675298609,10.86583462,0.164635631,-2.754758773,0.687076847,11.74569961,0.167688462,137.7691284,0.050248224,4372.009149,0.001683496,7.88E-08,1.23E-06,87.96825183,2.068764253,0.007399207,0.002119662,0.229646027,9.46E-07,0.00985312,0.023584791,0.001218233,0.054523732,10.91434176,0.060722612,357.0808944,0.056388219,12.48778989,3.01E-06,4.99E-06,0.639690198,8.11E-07,0.007919769,Not available,Not available,Not available,Not available,Not available
4,clay refining,US,neodynium_oxide,12.87241502,1.991291801,2.708232275,0.944848782,0.004382136,12.87241502,2.173648562,18.80657606,0.693838374,1.27003184,0.002286572,1.36E-05,0.018595668,0.024449644,0.023623285,0.834885626,0.051022748,130.5770569,0.205285131,16.39242611,-2.756727146,0.677825175,10.80420868,0.163510106,-2.756727146,0.688443458,11.68361723,0.16656292,137.9712028,0.050043132,4380.401853,0.001682882,7.87E-08,1.23E-06,92.758929,2.066846746,0.007389745,0.002114158,0.229793123,9.43E-07,0.009845309,0.023486657,0.001219463,0.054314926,10.88423383,0.060474703,356.8685339,0.056336916,12.42617583,3.01E-06,4.98E-06,0.637239771,8.08E-07,0.007932478,2.16E-06,2.16E-06,2.16E-06,0.000216016,-2.16E-05
4,hydrochloric acid digestion,AU,dysprosium_oxide,23.75437493,0.357695833,4.145596974,1.874238154,0.100192764,23.75437493,6.377890503,79.17423039,0.74465479,2.662293093,0.216547534,2.73E-05,0.020455868,0.033174663,0.031770909,0.924261743,0.054388144,371.223771,0.178286835,37.39924565,-0.535007667,4.66306698,16.35557658,0.017247229,-0.535007667,5.349373016,17.69239992,0.017251797,205.3319373,0.052139951,78343.55718,0.52876848,2.20E-07,8.24E-06,98.84978101,0.633365468,0.003951488,0.215201756,0.793610894,7.06E-07,0.010895776,0.031693911,0.003792557,0.057527999,-1103.132144,0.067211712,649.5846663,2.057759068,22.8068789,9.00E-06,4.86E-05,0.863664068,6.17E-07,0.009648432,Not available,Not available,Not available,Not available,Not available
4,hydrochloric acid digestion,BR,dysprosium_oxide,23.0113605,0.357701944,3.929891538,1.821857385,0.098241375,23.0113605,6.248930098,77.02006686,0.771650617,2.589890008,0.21642994,2.79E-05,0.01945355,0.031392584,0.02998929,0.923471004,0.051068883,370.2929934,0.212346181,35.93452079,-0.547766925,4.687523065,15.51763454,0.052036044,-0.547766925,5.408708838,16.84716211,0.052040618,196.1101407,0.048785484,78250.7551,0.528767837,2.19E-07,8.19E-06,101.9847134,0.665772475,0.004022467,0.21514676,0.793440139,7.11E-07,0.010692412,0.029912073,0.00375426,0.054059826,-1101.772104,0.063155309,634.8133743,2.042625327,22.05374234,8.83E-06,4.81E-05,0.819440621,6.24E-07,0.009421032,Not available,Not available,Not available,Not available,Not available
4,hydrochloric acid digestion,CA,dysprosium_oxide,Not available,Not available,Not available,Not available,Not available,Not available,Not available,Not available,Not available,Not available,Not available,Not available,Not available,Not available,Not available,Not available,Not available,Not available,Not available,Not available,Not available,Not available,Not available,Not available,Not available,Not available,Not available,Not available,Not available,Not available,Not available,Not available,Not available,Not available,Not available,Not available,Not available,Not available,Not available,Not available,Not available,Not available,Not available,Not available,Not available,Not available,Not available,Not available,Not available,Not available,Not available,Not available,Not available,Not available,Not available,Not available,Not available,Not available,Not available
4,hydrochloric acid digestion,CN,dysprosium_oxide,24.43826373,0.371944164,4.123185923,1.838920926,0.098462865,24.43826373,6.384570728,78.01059978,0.813056883,2.662463723,0.216439801,2.73E-05,0.020765573,0.032605286,0.031239578,0.924764318,0.053547416,478.2903793,0.180049998,37.96354964,-0.535635785,4.650488199,16.83345396,0.017197298,-0.535635785,5.336810641,18.32934105,0.017201908,205.4824784,0.051297305,78768.53261,0.528776283,2.21E-07,8.25E-06,107.2586606,0.661176829,0.004146733,0.215187374,0.794512264,6.96E-07,0.012296194,0.031168929,0.005285797,0.056650014,-1103.045248,0.066457585,645.9677287,2.046486815,23.40748784,9.01E-06,4.84E-05,0.851090807,6.08E-07,0.010183644,0.000709289,0.007092891,0.000709289,0.000709289,-0.007092891
4,hydrochloric acid digestion,EE,dysprosium_oxide,24.18529432,0.362756649,4.235678092,1.879524048,0.100344034,24.18529432,6.399792766,79.56631109,0.941971029,2.670096066,0.216559394,2.73E-05,0.022158971,0.033452783,0.032030799,0.925623707,0.059888069,372.5808797,0.187244845,37.85745126,-0.574993517,4.705337308,16.69919562,0.017450341,-0.574993517,5.391725559,18.06878191,0.017455047,213.1118679,0.057636769,78370.00529,0.528767655,2.20E-07,8.28E-06,126.2795535,0.641448171,0.003986563,0.215211603,0.795103614,7.06E-07,0.011304384,0.031954091,0.003804282,0.063047348,-1101.644008,0.072826965,651.5258308,2.05929751,23.22053379,9.02E-06,4.87E-05,0.870031613,6.17E-07,0.010105715,4.17E-05,0.000417229,4.17E-05,0.000417229,-0.000417229
4,hydrochloric acid digestion,JP,dysprosium_oxide,23.80589557,0.360612576,4.135751546,1.828909157,0.098438572,23.80589557,6.276146244,77.29478031,0.823091592,2.600690524,0.216448325,2.74E-05,0.020038239,0.032900916,0.031459707,0.926736736,0.05294435,372.3832318,0.179316373,36.96174999,-0.61372322,4.74911129,16.25751823,0.017309493,-0.61372322,5.435464857,17.64041559,0.017314221,206.549696,0.050691082,78318.12081,0.52876794,2.19E-07,8.23E-06,110.1717468,0.639170045,0.003980573,0.215194347,0.795301457,7.14E-07,0.010841257,0.031383533,0.003776798,0.056054276,-1103.090229,0.065578206,636.9625551,2.044138943,22.83430517,8.86E-06,4.82E-05,0.855668848,6.27E-07,0.00955899,Not available,Not available,Not available,Not available,Not available
4,hydrochloric acid digestion,MM,dysprosium_oxide,23.9382833,0.363603653,4.170036662,1.845506865,0.09897011,23.9382833,6.344407366,78.14052014,0.744556058,2.623347975,0.216484067,2.73E-05,0.020161461,0.032649927,0.031227746,0.924596374,0.053367661,371.3921598,0.185335963,37.46220566,-0.550024318,4.678483068,16.483818,0.024124085,-0.550024318,5.371906781,17.83825901,0.024128758,206.6591322,0.051111903,78324.32599,0.528771665,2.20E-07,8.23E-06,98.83622613,0.646881763,0.004021526,0.215199688,0.793957074,7.19E-07,0.010828216,0.031151294,0.003775153,0.056460721,-1102.854861,0.066049521,642.7028497,2.049156374,22.9785313,8.95E-06,4.84E-05,0.850042554,6.32E-07,0.009589242,Not available,Not available,Not available,Not available,Not available
4,hydrochloric acid digestion,MY,dysprosium_oxide,23.93731959,0.363525785,4.169790093,1.845352139,0.098969426,23.93731959,6.344191749,78.13719739,0.7445152,2.623144717,0.216484088,2.73E-05,0.02015913,0.032647164,0.031225067,0.924565152,0.053361083,371.3773412,0.185315509,37.46025152,-0.549986016,4.678448475,16.48296299,0.024120958,-0.549986016,5.371871301,17.83735093,0.024125622,206.6469217,0.051104859,78323.98104,0.528770885,2.20E-07,8.23E-06,98.83008393,0.646720752,0.004021248,0.215199624,0.793926269,7.19E-07,0.01082716,0.031148619,0.003775046,0.056453492,-1102.855695,0.066041939,642.6524319,2.049149601,22.97759863,8.95E-06,4.84E-05,0.849976777,6.32E-07,0.009588315,4.17E-05,0.000417229,0.004172289,0.417228853,-0.000417229
4,hydrochloric acid digestion,US,dysprosium_oxide,23.45581423,0.353876389,4.11709879,1.841497917,0.098948018,23.45581423,6.306111136,77.80654396,0.962430151,2.61722791,0.216471347,2.73E-05,0.019772722,0.032314623,0.030861459,0.926048549,0.05169334,371.4937704,0.179743818,36.74133809,-0.546798184,4.675178323,16.0266889,0.017214744,-0.546798184,5.361488003,17.37687572,0.017219273,208.3251709,0.049420486,78376.84175,0.528767726,2.19E-07,8.21E-06,127.7440489,0.628635024,0.003950999,0.21517016,0.795834017,7.01E-07,0.010645625,0.030791411,0.003781353,0.054751117,-1103.044345,0.064123716,640.4976229,2.048023237,22.50136654,8.90E-06,4.83E-05,0.840821645,6.12E-07,0.00958885,Not available,Not available,Not available,Not available,Not available
4,hydrochloric acid digestion,AU,neodynium_oxide,23.75437493,0.357695833,4.145596974,1.874238154,0.100192764,23.75437493,6.377890503,79.17423039,0.74465479,2.662293093,0.216547534,2.73E-05,0.020455868,0.033174663,0.031770909,0.924261743,0.054388144,371.223771,0.178286835,37.39924565,-0.535007667,4.66306698,16.35557658,0.017247229,-0.535007667,5.349373016,17.69239992,0.017251797,205.3319373,0.052139951,78343.55718,0.52876848,2.20E-07,8.24E-06,98.84978101,0.633365468,0.003951488,0.215201756,0.793610894,7.06E-07,0.010895776,0.031693911,0.003792557,0.057527999,-1103.132144,0.067211712,649.5846663,2.057759068,22.8068789,9.00E-06,4.86E-05,0.863664068,6.17E-07,0.009648432,Not available,Not available,Not available,Not available,Not available
4,hydrochloric acid digestion,BR,neodynium_oxide,23.0113605,0.357701944,3.929891538,1.821857385,0.098241375,23.0113605,6.248930098,77.02006686,0.771650617,2.589890008,0.21642994,2.79E-05,0.01945355,0.031392584,0.02998929,0.923471004,0.051068883,370.2929934,0.212346181,35.93452079,-0.547766925,4.687523065,15.51763454,0.052036044,-0.547766925,5.408708838,16.84716211,0.052040618,196.1101407,0.048785484,78250.7551,0.528767837,2.19E-07,8.19E-06,101.9847134,0.665772475,0.004022467,0.21514676,0.793440139,7.11E-07,0.010692412,0.029912073,0.00375426,0.054059826,-1101.772104,0.063155309,634.8133743,2.042625327,22.05374234,8.83E-06,4.81E-05,0.819440621,6.24E-07,0.009421032,Not available,Not available,Not available,Not available,Not available
4,hydrochloric acid digestion,CA,neodynium_oxide,Not available,Not available,Not available,Not available,Not available,Not available,Not available,Not available,Not available,Not available,Not available,Not available,Not available,Not available,Not available,Not available,Not available,Not available,Not available,Not available,Not available,Not available,Not available,Not available,Not available,Not available,Not available,Not available,Not available,Not available,Not available,Not available,Not available,Not available,Not available,Not available,Not available,Not available,Not available,Not available,Not available,Not available,Not available,Not available,Not available,Not available,Not available,Not available,Not available,Not available,Not available,Not available,Not available,Not available,Not available,Not available,Not available,Not available,Not available
4,hydrochloric acid digestion,CN,neodynium_oxide,24.43826373,0.371944164,4.123185923,1.838920926,0.098462865,24.43826373,6.384570728,78.01059978,0.813056883,2.662463723,0.216439801,2.73E-05,0.020765573,0.032605286,0.031239578,0.924764318,0.053547416,478.2903793,0.180049998,37.96354964,-0.535635785,4.650488199,16.83345396,0.017197298,-0.535635785,5.336810641,18.32934105,0.017201908,205.4824784,0.051297305,78768.53261,0.528776283,2.21E-07,8.25E-06,107.2586606,0.661176829,0.004146733,0.215187374,0.794512264,6.96E-07,0.012296194,0.031168929,0.005285797,0.056650014,-1103.045248,0.066457585,645.9677287,2.046486815,23.40748784,9.01E-06,4.84E-05,0.851090807,6.08E-07,0.010183644,0.000709289,0.007092891,0.000709289,0.000709289,-0.007092891
4,hydrochloric acid digestion,EE,neodynium_oxide,24.18529432,0.362756649,4.235678092,1.879524048,0.100344034,24.18529432,6.399792766,79.56631109,0.941971029,2.670096066,0.216559394,2.73E-05,0.022158971,0.033452783,0.032030799,0.925623707,0.059888069,372.5808797,0.187244845,37.85745126,-0.574993517,4.705337308,16.69919562,0.017450341,-0.574993517,5.391725559,18.06878191,0.017455047,213.1118679,0.057636769,78370.00529,0.528767655,2.20E-07,8.28E-06,126.2795535,0.641448171,0.003986563,0.215211603,0.795103614,7.06E-07,0.011304384,0.031954091,0.003804282,0.063047348,-1101.644008,0.072826965,651.5258308,2.05929751,23.22053379,9.02E-06,4.87E-05,0.870031613,6.17E-07,0.010105715,4.17E-05,0.000417229,4.17E-05,0.000417229,-0.000417229
4,hydrochloric acid digestion,JP,neodynium_oxide,23.80589557,0.360612576,4.135751546,1.828909157,0.098438572,23.80589557,6.276146244,77.29478031,0.823091592,2.600690524,0.216448325,2.74E-05,0.020038239,0.032900916,0.031459707,0.926736736,0.05294435,372.3832318,0.179316373,36.96174999,-0.61372322,4.74911129,16.25751823,0.017309493,-0.61372322,5.435464857,17.64041559,0.017314221,206.549696,0.050691082,78318.12081,0.52876794,2.19E-07,8.23E-06,110.1717468,0.639170045,0.003980573,0.215194347,0.795301457,7.14E-07,0.010841257,0.031383533,0.003776798,0.056054276,-1103.090229,0.065578206,636.9625551,2.044138943,22.83430517,8.86E-06,4.82E-05,0.855668848,6.27E-07,0.00955899,Not available,Not available,Not available,Not available,Not available
4,hydrochloric acid digestion,MM,neodynium_oxide,23.9382833,0.363603653,4.170036662,1.845506865,0.09897011,23.9382833,6.344407366,78.14052014,0.744556058,2.623347975,0.216484067,2.73E-05,0.020161461,0.032649927,0.031227746,0.924596374,0.053367661,371.3921598,0.185335963,37.46220566,-0.550024318,4.678483068,16.483818,0.024124085,-0.550024318,5.371906781,17.83825901,0.024128758,206.6591322,0.051111903,78324.32599,0.528771665,2.20E-07,8.23E-06,98.83622613,0.646881763,0.004021526,0.215199688,0.793957074,7.19E-07,0.010828216,0.031151294,0.003775153,0.056460721,-1102.854861,0.066049521,642.7028497,2.049156374,22.9785313,8.95E-06,4.84E-05,0.850042554,6.32E-07,0.009589242,Not available,Not available,Not available,Not available,Not available
4,hydrochloric acid digestion,MY,neodynium_oxide,23.93731959,0.363525785,4.169790093,1.845352139,0.098969426,23.93731959,6.344191749,78.13719739,0.7445152,2.623144717,0.216484088,2.73E-05,0.02015913,0.032647164,0.031225067,0.924565152,0.053361083,371.3773412,0.185315509,37.46025152,-0.549986016,4.678448475,16.48296299,0.024120958,-0.549986016,5.371871301,17.83735093,0.024125622,206.6469217,0.051104859,78323.98104,0.528770885,2.20E-07,8.23E-06,98.83008393,0.646720752,0.004021248,0.215199624,0.793926269,7.19E-07,0.01082716,0.031148619,0.003775046,0.056453492,-1102.855695,0.066041939,642.6524319,2.049149601,22.97759863,8.95E-06,4.84E-05,0.849976777,6.32E-07,0.009588315,4.17E-05,0.000417229,0.004172289,0.417228853,-0.000417229
4,hydrochloric acid digestion,US,neodynium_oxide,23.45581423,0.353876389,4.11709879,1.841497917,0.098948018,23.45581423,6.306111136,77.80654396,0.962430151,2.61722791,0.216471347,2.73E-05,0.019772722,0.032314623,0.030861459,0.926048549,0.05169334,371.4937704,0.179743818,36.74133809,-0.546798184,4.675178323,16.0266889,0.017214744,-0.546798184,5.361488003,17.37687572,0.017219273,208.3251709,0.049420486,78376.84175,0.528767726,2.19E-07,8.21E-06,127.7440489,0.628635024,0.003950999,0.21517016,0.795834017,7.01E-07,0.010645625,0.030791411,0.003781353,0.054751117,-1103.044345,0.064123716,640.4976229,2.048023237,22.50136654,8.90E-06,4.83E-05,0.840821645,6.12E-07,0.00958885,Not available,Not available,Not available,Not available,Not available
4,magnet manufacturing,AU,hp_magnet,5.84151326,0.039171821,1.418714226,0.323528235,0.009242347,5.84151326,5.109499662,11.25649336,0.029790938,1.315968286,0.000590538,1.36E-06,0.007847965,0.012010154,0.011866932,0.023046834,0.025320316,20.46589276,0.014993619,12.55654203,-0.118227224,0.127997534,5.554150329,0.000620586,-0.118227224,0.128402653,5.669224684,0.00062152,65.21571959,0.025558073,1225.578809,2.78E-05,0.00013496,4.14E-07,4.310780736,0.066725595,0.000446474,0.000383558,0.026130061,3.55E-08,0.002147994,0.011827759,0.000269428,0.026333481,0.639573308,0.030061521,95.7609979,0.072814548,5.781067712,2.21E-06,2.69E-06,0.29281372,3.37E-08,0.001980646,Not available,Not available,Not available,Not available,Not available
4,magnet manufacturing,BR,hp_magnet,2.506627724,0.03959348,0.446928793,0.086310891,0.000407027,2.506627724,4.531894894,1.503994297,0.152806333,0.988205039,5.31E-05,3.83E-06,0.003340602,0.003983126,0.003819274,0.019958737,0.010380323,16.81038285,0.169194977,5.94355454,-0.176390986,0.239073698,1.776715202,0.158124313,-0.176390986,0.397388359,1.867810989,0.158125267,23.70348407,0.010452864,829.3866477,1.87E-05,0.000134957,1.57E-07,18.6192423,0.214190619,0.000800753,0.000130511,0.026296072,4.56E-08,0.001238541,0.003779138,0.00010211,0.010714137,6.764390981,0.011777947,28.98124249,0.00428351,2.395634168,1.39E-06,4.50E-07,0.092883546,4.29E-08,0.000963084,Not available,Not available,Not available,Not available,Not available
4,magnet manufacturing,CA,hp_magnet,Not available,Not available,Not available,Not available,Not available,Not available,Not available,Not available,Not available,Not available,Not available,Not available,Not available,Not available,Not available,Not available,Not available,Not available,Not available,Not available,Not available,Not available,Not available,Not available,Not available,Not available,Not available,Not available,Not available,Not available,Not available,Not available,Not available,Not available,Not available,Not available,Not available,Not available,Not available,Not available,Not available,Not available,Not available,Not available,Not available,Not available,Not available,Not available,Not available,Not available,Not available,Not available,Not available,Not available,Not available,Not available,Not available,Not available,Not available
4,magnet manufacturing,CN,hp_magnet,7.614860019,0.093404078,1.298346842,0.155669076,0.001345056,7.614860019,5.082060695,5.532932537,0.343335409,1.086589527,0.0001008,1.30E-06,0.007012266,0.009606155,0.00948072,0.026993662,0.016921622,23.15019829,0.020988372,13.50885367,-0.167804091,0.149955108,6.568477208,0.000608093,-0.167804091,0.150603621,7.219419135,0.000609373,65.73491912,0.017161398,2213.410168,5.17E-05,0.000134963,3.85E-07,42.99303821,0.16736471,0.001095322,0.000309569,0.030649788,1.76E-08,0.005841077,0.009441369,0.000180512,0.017750967,0.955702031,0.021621113,62.17450917,0.020229233,7.273522239,2.17E-06,1.70E-06,0.234223361,1.78E-08,0.003133784,4.45E-05,0.000444986,4.45E-05,4.45E-05,-0.000444986
4,magnet manufacturing,EE,hp_magnet,7.793124476,0.06212592,1.825937353,0.347814232,0.00992973,7.793124476,5.208815111,13.04278262,0.922779027,1.351717927,0.000643088,1.21E-06,0.015573208,0.013283163,0.013058119,0.029441759,0.050247724,26.5544588,0.055569597,14.63343794,-0.299220035,0.319341864,7.110511335,0.001560408,-0.299220035,0.320125678,7.373901007,0.00156201,100.4011794,0.050483849,1346.28991,2.69E-05,0.000134962,6.20E-07,128.471112,0.103402541,0.000603479,0.000427338,0.032862475,3.60E-08,0.004004026,0.013020357,0.000322332,0.051354364,7.378783881,0.055518214,104.655066,0.079801617,7.654559779,2.35E-06,3.35E-06,0.322011334,3.47E-08,0.004057386,9.57E-07,9.57E-07,9.57E-07,9.57E-07,-9.57E-05
4,magnet manufacturing,JP,hp_magnet,6.076835953,0.052343517,1.375590925,0.118323004,0.001299084,6.076835953,4.649226659,2.747635727,0.385097839,1.037137064,0.000142271,1.51E-06,0.005969087,0.010806988,0.010496794,0.034516117,0.01881617,25.73725289,0.019637662,10.58237449,-0.474756099,0.517698538,5.114008877,0.000913633,-0.474756099,0.518320024,5.436341563,0.000915334,70.80062693,0.019035163,1110.103376,2.47E-05,0.00013496,3.40E-07,55.59897949,0.092905499,0.000578412,0.000352068,0.033836675,7.54E-08,0.001904368,0.010461367,0.000198417,0.019698093,0.828690774,0.022713583,38.62967758,0.011142428,5.907940025,1.55E-06,8.59E-07,0.257599359,7.08E-08,0.001578884,2.39E-06,2.39E-06,2.39E-06,2.39E-06,-2.39E-06
4,magnet manufacturing,MM,hp_magnet,6.672670199,0.065859169,1.529141511,0.193380066,0.003705353,6.672670199,4.957778488,6.57514435,0.029354161,1.139546418,0.000302724,1.42E-06,0.006514052,0.009632973,0.00940643,0.024611454,0.020692774,21.21061997,0.046888722,12.84051026,-0.186242721,0.19781052,6.133493385,0.031770507,-0.186242721,0.230447778,6.328181589,0.03177196,71.21438634,0.02089931,1138.401313,4.15E-05,0.000134961,3.44E-07,4.253647748,0.127766083,0.000763747,0.000373763,0.027680674,9.96E-08,0.00184204,0.009369735,0.000190516,0.021494537,1.894189187,0.024792265,64.5829197,0.033852342,6.556744232,1.99E-06,1.75E-06,0.231110214,9.45E-08,0.001712541,Not available,Not available,Not available,Not available,Not available
4,magnet manufacturing,MY,hp_magnet,6.672670199,0.065859169,1.529141511,0.193380066,0.003705353,6.672670199,4.957778488,6.57514435,0.029354161,1.139546418,0.000302724,1.42E-06,0.006514052,0.009632973,0.00940643,0.024611454,0.020692774,21.21061997,0.046888722,12.84051026,-0.186242721,0.19781052,6.133493385,0.031770507,-0.186242721,0.230447778,6.328181589,0.03177196,71.21438634,0.02089931,1138.401313,4.15E-05,0.000134961,3.44E-07,4.253647748,0.127766083,0.000763747,0.000373763,0.027680674,9.96E-08,0.00184204,0.009369735,0.000190516,0.021494537,1.894189187,0.024792265,64.5829197,0.033852342,6.556744232,1.99E-06,1.75E-06,0.231110214,9.45E-08,0.001712541,Not available,Not available,Not available,Not available,Not available
4,magnet manufacturing,US,hp_magnet,4.949872858,0.042281725,1.251193488,0.190536438,0.004078801,4.949872858,4.807537448,5.748950226,1.025594839,1.133091317,0.000280798,1.38E-06,0.005523368,0.00697153,0.006693838,0.028599595,0.01517016,21.98295711,0.02209701,10.18233157,-0.240538945,0.267507418,4.431607227,0.000726028,-0.240538945,0.268151437,4.613047288,0.000727019,76.75408363,0.01523236,1376.044459,2.46E-05,0.000134959,3.07E-07,136.3908632,0.074881333,0.000503271,0.000221658,0.031762337,2.60E-08,0.001625691,0.006655912,0.000224228,0.015724769,1.063985435,0.017942177,58.71742765,0.032439095,4.854630359,1.78E-06,1.46E-06,0.16334842,2.55E-08,0.002062301,Not available,Not available,Not available,Not available,Not available
4,metallothermic reduction,AU,dysprosium,5.774280232,0.1128234,1.099475864,0.278685541,0.002184409,5.774280232,0.855857287,6.76596635,0.533089557,0.3804146,0.000269893,9.91E-07,0.005712212,0.008828192,0.00854791,0.479523259,0.016260225,42.49719341,0.058216254,8.311164837,-0.325021927,0.338366039,4.951765058,0.006875837,-0.325021927,0.348515421,5.295125647,0.006877161,60.54165346,0.01477574,1335.206289,0.000284188,1.58E-08,4.26E-07,66.67715661,0.189614075,0.000912906,0.000465262,0.095428525,3.69E-08,0.003590766,0.008499603,0.000356525,0.016585893,2.409312855,0.019744286,97.58440775,0.021787779,5.589998122,1.21E-06,1.78E-06,0.209562417,3.57E-08,0.002410153,Not available,Not available,Not available,Not available,Not available
4,metallothermic reduction,BR,dysprosium,5.70321849,0.112832864,1.078762451,0.273623918,0.001995837,5.70321849,0.843554663,6.557836135,0.535716684,0.373421329,0.000258411,1.04E-06,0.005616093,0.008657058,0.008376308,0.479461007,0.015941581,42.42099472,0.061507676,8.170135643,-0.326263805,0.340737216,4.871227449,0.01023759,-0.326263805,0.35425699,5.214098009,0.010238915,59.65698366,0.014453573,1326.759092,0.000283998,1.57E-08,4.20E-07,66.98276359,0.192762302,0.000920476,0.000459856,0.095435285,3.71E-08,0.003571384,0.008327981,0.000352978,0.01625276,2.540049534,0.019354321,96.15996126,0.020325141,5.51784612,1.19E-06,1.73E-06,0.205299037,3.59E-08,0.002388468,Not available,Not available,Not available,Not available,Not available
4,metallothermic reduction,CA,dysprosium,Not available,Not available,Not available,Not available,Not available,Not available,Not available,Not available,Not available,Not available,Not available,Not available,Not available,Not available,Not available,Not available,Not available,Not available,Not available,Not available,Not available,Not available,Not available,Not available,Not available,Not available,Not available,Not available,Not available,Not available,Not available,Not available,Not available,Not available,Not available,Not available,Not available,Not available,Not available,Not available,Not available,Not available,Not available,Not available,Not available,Not available,Not available,Not available,Not available,Not available,Not available,Not available,Not available,Not available,Not available,Not available,Not available,Not available,Not available
4,metallothermic reduction,CN,dysprosium,5.812133304,0.113980807,1.09691062,0.275102565,0.002015849,5.812133304,0.855276252,6.643789088,0.539782353,0.3755184,0.000259429,9.90E-07,0.005694367,0.00877673,0.008496847,0.479607578,0.016080938,42.55478941,0.058344205,8.331499659,-0.326079988,0.338834614,4.973422811,0.006875583,-0.326079988,0.348989191,5.328217249,0.006876915,60.55293229,0.014596494,1356.251141,0.000284699,1.58E-08,4.25E-07,67.50284882,0.191761871,0.000926751,0.000463666,0.095525229,3.65E-08,0.003669588,0.008448537,0.000354631,0.016402675,2.416062266,0.019564074,96.8675566,0.020665358,5.621857781,1.21E-06,1.76E-06,0.208308751,3.54E-08,0.002434765,0.000255319,0.002553191,0.000255319,0.000255319,-0.002553191
4,metallothermic reduction,EE,dysprosium,5.815935128,0.113313315,1.108167574,0.279203899,0.00219908,5.815935128,0.85797708,6.804092642,0.552149353,0.381177636,0.000271015,9.88E-07,0.005877098,0.008855363,0.008573335,0.479659753,0.016792271,42.62714806,0.059082301,8.355493795,-0.32888501,0.342450063,4.984983795,0.006895896,-0.32888501,0.352607528,5.331510003,0.006897235,61.29264651,0.015307752,1337.782732,0.000284169,1.58E-08,4.30E-07,69.32721509,0.190396869,0.000916256,0.000466196,0.095572225,3.69E-08,0.003630381,0.008525058,0.000357654,0.017119935,2.553153502,0.02028763,97.77424189,0.02193691,5.629985656,1.21E-06,1.79E-06,0.210185607,3.58E-08,0.002454478,Not available,Not available,Not available,Not available,Not available
4,metallothermic reduction,JP,dysprosium,5.779224366,0.113103879,1.098518976,0.274303424,0.002014852,5.779224366,0.846021197,6.584303279,0.540671093,0.374459118,0.000260296,9.94E-07,0.005671831,0.008801714,0.008517814,0.479763531,0.01612054,42.60888119,0.058315194,8.268854208,-0.332630462,0.346682693,4.94225744,0.006882031,-0.332630462,0.356836668,5.290067745,0.006883372,60.65911047,0.014635629,1332.745821,0.000284122,1.58E-08,4.24E-07,67.77157294,0.190171473,0.000915717,0.000464536,0.095591562,3.77E-08,0.003585496,0.008469587,0.000355,0.016443326,2.413341596,0.019586265,96.36411835,0.020471215,5.59261385,1.19E-06,1.74E-06,0.208789237,3.65E-08,0.002401508,Not available,Not available,Not available,Not available,Not available
4,metallothermic reduction,MM,dysprosium,5.792020324,0.113392996,1.101832809,0.27590768,0.002066228,5.792020324,0.852618986,6.666048393,0.533080235,0.376649081,0.00026375,9.93E-07,0.005683741,0.008777454,0.008495394,0.479556655,0.016161455,42.51308934,0.058897018,8.317225822,-0.32647364,0.339856117,4.964130473,0.007540696,-0.32647364,0.350693457,5.309190327,0.007542031,60.66968816,0.014676304,1333.345589,0.000284482,1.58E-08,4.24E-07,66.67593722,0.19091688,0.000919677,0.000465053,0.095461624,3.83E-08,0.003584236,0.00844714,0.000354841,0.016482611,2.43609118,0.01963182,96.91894811,0.020956176,5.606554049,1.20E-06,1.76E-06,0.208245428,3.70E-08,0.00240443,Not available,Not available,Not available,Not available,Not available
4,metallothermic reduction,MY,dysprosium,5.792020324,0.113392996,1.101832809,0.27590768,0.002066228,5.792020324,0.852618986,6.666048393,0.533080235,0.376649081,0.00026375,9.93E-07,0.005683741,0.008777454,0.008495394,0.479556655,0.016161455,42.51308934,0.058897018,8.317225822,-0.32647364,0.339856117,4.964130473,0.007540696,-0.32647364,0.350693457,5.309190327,0.007542031,60.66968816,0.014676304,1333.345589,0.000284482,1.58E-08,4.24E-07,66.67593722,0.19091688,0.000919677,0.000465053,0.095461624,3.83E-08,0.003584236,0.00844714,0.000354841,0.016482611,2.43609118,0.01963182,96.91894811,0.020956176,5.606554049,1.20E-06,1.76E-06,0.208245428,3.70E-08,0.00240443,Not available,Not available,Not available,Not available,Not available
4,metallothermic reduction,US,dysprosium,5.755315234,0.112889708,1.095915763,0.27584723,0.002074195,5.755315234,0.849419026,6.648405751,0.554342895,0.376511806,0.000263283,9.92E-07,0.005662664,0.008720805,0.00843765,0.479642822,0.016043798,42.52990529,0.058367781,8.260548315,-0.327632375,0.34134345,4.927852516,0.006878122,-0.327632375,0.351497948,5.272643667,0.006879448,60.7886446,0.01455557,1338.286169,0.000284121,1.58E-08,4.23E-07,69.49610935,0.18978812,0.000914107,0.000461813,0.095548199,3.67E-08,0.003579638,0.00838937,0.000355565,0.016359692,2.418367249,0.01948588,96.79392896,0.020925974,5.57028308,1.20E-06,1.75E-06,0.206802909,3.56E-08,0.002411912,Not available,Not available,Not available,Not available,Not available
4,mining,AU,bastnasite,1.012809553,0.025262703,0.175149,0.053680162,0.000185614,1.012809553,0.239779536,0.889502775,0.017424314,0.07587606,5.57E-05,8.27E-06,0.011897943,0.069190937,0.067843328,0.013511548,0.048844737,16.23374165,0.008457861,2.119550245,-0.046475821,0.040211816,0.879972845,0.000984781,-0.046475821,0.041657445,0.954876776,0.000985497,8.459705558,0.036022109,55264.59209,3.08E-05,2.85E-09,6.54E-08,2.299545218,0.037323048,0.000136904,0.002936514,0.016644437,8.02E-09,0.004018276,0.067834351,0.000185163,0.05124148,0.332495435,0.070323755,20.90420732,0.00637592,0.987274119,3.41E-07,2.43E-07,1.672271567,7.65E-09,0.002706055,6.33E-07,6.33E-07,6.33E-07,6.33E-06,-6.33E-06
4,mining,BR,bastnasite,1.012809554,0.025262703,0.175149,0.053680162,0.000185614,1.012809554,0.239779536,0.889502774,0.017424314,0.07587606,5.57E-05,8.27E-06,0.011897943,0.069190937,0.067843328,0.013511548,0.048844737,16.23374166,0.008457862,2.119550244,-0.046475821,0.040211816,0.879972845,0.000984781,-0.046475821,0.041657445,0.954876777,0.000985497,8.459705561,0.036022109,55264.59209,3.08E-05,2.85E-09,6.54E-08,2.299545219,0.037323048,0.000136904,0.002936514,0.016644437,8.02E-09,0.004018276,0.067834351,0.000185163,0.05124148,0.332495435,0.070323755,20.9042073,0.00637592,0.987274119,3.41E-07,2.43E-07,1.672271567,7.65E-09,0.002706055,Not available,Not available,Not available,Not available,Not available
4,mining,CA,bastnasite,Not available,Not available,Not available,Not available,Not available,Not available,Not available,Not available,Not available,Not available,Not available,Not available,Not available,Not available,Not available,Not available,Not available,Not available,Not available,Not available,Not available,Not available,Not available,Not available,Not available,Not available,Not available,Not available,Not available,Not available,Not available,Not available,Not available,Not available,Not available,Not available,Not available,Not available,Not available,Not available,Not available,Not available,Not available,Not available,Not available,Not available,Not available,Not available,Not available,Not available,Not available,Not available,Not available,Not available,Not available,Not available,Not available,Not available,Not available
4,mining,CN,bastnasite,1.012809553,0.025262703,0.175149,0.053680162,0.000185614,1.012809553,0.239779536,0.889502775,0.017424314,0.07587606,5.57E-05,8.27E-06,0.011897943,0.069190937,0.067843328,0.013511548,0.048844737,16.23374165,0.008457861,2.119550245,-0.046475821,0.040211816,0.879972845,0.000984781,-0.046475821,0.041657445,0.954876776,0.000985497,8.459705558,0.036022109,55264.59209,3.08E-05,2.85E-09,6.54E-08,2.299545218,0.037323048,0.000136904,0.002936514,0.016644437,8.02E-09,0.004018276,0.067834351,0.000185163,0.05124148,0.332495435,0.070323755,20.90420732,0.00637592,0.987274119,3.41E-07,2.43E-07,1.672271567,7.65E-09,0.002706055,3.96E-06,3.96E-05,3.96E-06,3.96E-06,-3.96E-05
4,mining,EE,bastnasite,1.012809554,0.025262703,0.175149,0.053680162,0.000185614,1.012809554,0.239779536,0.889502774,0.017424314,0.07587606,5.57E-05,8.27E-06,0.011897943,0.069190937,0.067843328,0.013511548,0.048844737,16.23374166,0.008457862,2.119550244,-0.046475821,0.040211816,0.879972845,0.000984781,-0.046475821,0.041657445,0.954876777,0.000985497,8.459705561,0.036022109,55264.59209,3.08E-05,2.85E-09,6.54E-08,2.299545219,0.037323048,0.000136904,0.002936514,0.016644437,8.02E-09,0.004018276,0.067834351,0.000185163,0.05124148,0.332495435,0.070323755,20.9042073,0.00637592,0.987274119,3.41E-07,2.43E-07,1.672271567,7.65E-09,0.002706055,Not available,Not available,Not available,Not available,Not available
4,mining,JP,bastnasite,1.012809553,0.025262703,0.175149,0.053680162,0.000185614,1.012809553,0.239779536,0.889502775,0.017424314,0.07587606,5.57E-05,8.27E-06,0.011897943,0.069190937,0.067843328,0.013511548,0.048844737,16.23374165,0.008457861,2.119550245,-0.046475821,0.040211816,0.879972845,0.000984781,-0.046475821,0.041657445,0.954876776,0.000985497,8.459705558,0.036022109,55264.59209,3.08E-05,2.85E-09,6.54E-08,2.299545218,0.037323048,0.000136904,0.002936514,0.016644437,8.02E-09,0.004018276,0.067834351,0.000185163,0.05124148,0.332495435,0.070323755,20.90420732,0.00637592,0.987274119,3.41E-07,2.43E-07,1.672271567,7.65E-09,0.002706055,Not available,Not available,Not available,Not available,Not available
4,mining,MM,bastnasite,1.012809554,0.025262703,0.175149,0.053680162,0.000185614,1.012809554,0.239779536,0.889502774,0.017424314,0.07587606,5.57E-05,8.27E-06,0.011897943,0.069190937,0.067843328,0.013511548,0.048844737,16.23374166,0.008457862,2.119550244,-0.046475821,0.040211816,0.879972845,0.000984781,-0.046475821,0.041657445,0.954876777,0.000985497,8.459705561,0.036022109,55264.59209,3.08E-05,2.85E-09,6.54E-08,2.299545219,0.037323048,0.000136904,0.002936514,0.016644437,8.02E-09,0.004018276,0.067834351,0.000185163,0.05124148,0.332495435,0.070323755,20.9042073,0.00637592,0.987274119,3.41E-07,2.43E-07,1.672271567,7.65E-09,0.002706055,6.33E-06,0.00063307,6.33E-07,6.33E-07,-6.33E-07
4,mining,MY,bastnasite,1.012809554,0.025262703,0.175149,0.053680162,0.000185614,1.012809554,0.239779536,0.889502774,0.017424314,0.07587606,5.57E-05,8.27E-06,0.011897943,0.069190937,0.067843328,0.013511548,0.048844737,16.23374166,0.008457862,2.119550244,-0.046475821,0.040211816,0.879972845,0.000984781,-0.046475821,0.041657445,0.954876777,0.000985497,8.459705561,0.036022109,55264.59209,3.08E-05,2.85E-09,6.54E-08,2.299545219,0.037323048,0.000136904,0.002936514,0.016644437,8.02E-09,0.004018276,0.067834351,0.000185163,0.05124148,0.332495435,0.070323755,20.9042073,0.00637592,0.987274119,3.41E-07,2.43E-07,1.672271567,7.65E-09,0.002706055,Not available,Not available,Not available,Not available,Not available
4,mining,US,bastnasite,1.012809553,0.025262703,0.175149,0.053680162,0.000185614,1.012809553,0.239779536,0.889502775,0.017424314,0.07587606,5.57E-05,8.27E-06,0.011897943,0.069190937,0.067843328,0.013511548,0.048844737,16.23374165,0.008457861,2.119550245,-0.046475821,0.040211816,0.879972845,0.000984781,-0.046475821,0.041657445,0.954876776,0.000985497,8.459705558,0.036022109,55264.59209,3.08E-05,2.85E-09,6.54E-08,2.299545218,0.037323048,0.000136904,0.002936514,0.016644437,8.02E-09,0.004018276,0.067834351,0.000185163,0.05124148,0.332495435,0.070323755,20.90420732,0.00637592,0.987274119,3.41E-07,2.43E-07,1.672271567,7.65E-09,0.002706055,5.28E-08,5.28E-08,5.28E-08,5.28E-06,-5.28E-07
4,mining,AU,monazaite,1.070767051,-0.009209102,0.136315602,0.100154512,0.008060551,1.070767051,0.388588248,5.355103098,0.027185433,0.144473855,0.018219214,1.95E-06,0.000732148,0.001425474,0.001371219,0.022193309,0.001758742,19.27418711,0.005274316,1.745924645,-0.012536452,0.360778383,0.565150817,0.000653816,-0.012536452,0.416711657,0.616884784,0.000653948,6.796843183,0.00151125,6537.489398,0.044626631,1.31E-08,6.01E-07,3.610551304,-0.025762677,-0.000131717,0.018014267,0.047204535,7.10E-09,0.000412872,0.001370519,0.000198115,0.001808249,-93.61592353,0.002300656,34.96642534,0.169195738,1.023221127,5.51E-07,3.76E-06,0.033697195,6.99E-09,0.001448876,6.33E-07,6.33E-07,6.33E-07,6.33E-06,-6.33E-06
4,mining,BR,monazaite,1.07017701,-0.0092118,0.136177791,0.100146112,0.008060453,1.07017701,0.388482959,5.354896631,0.027174181,0.14445988,0.01821922,1.95E-06,0.000731591,0.001424194,0.001370103,0.022178221,0.001757198,19.2667483,0.005275514,1.745320043,-0.012533304,0.360776282,0.564710745,0.000655855,-0.012533304,0.416711862,0.616332973,0.000655987,6.790153632,0.001509687,6537.38607,0.04462662,1.31E-08,6.01E-07,3.608854866,-0.025765561,-0.00013177,0.018014242,0.04719144,7.20E-09,0.000412704,0.001369403,0.000198018,0.001806633,-93.6158845,0.002298806,34.96218488,0.169194827,1.022688545,5.51E-07,3.76E-06,0.033670789,7.08E-09,0.001448669,Not available,Not available,Not available,Not available,Not available
4,mining,CA,monazaite,Not available,Not available,Not available,Not available,Not available,Not available,Not available,Not available,Not available,Not available,Not available,Not available,Not available,Not available,Not available,Not available,Not available,Not available,Not available,Not available,Not available,Not available,Not available,Not available,Not available,Not available,Not available,Not available,Not available,Not available,Not available,Not available,Not available,Not available,Not available,Not available,Not available,Not available,Not available,Not available,Not available,Not available,Not available,Not available,Not available,Not available,Not available,Not available,Not available,Not available,Not available,Not available,Not available,Not available,Not available,Not available,Not available,Not available,Not available
4,mining,CN,monazaite,1.070682171,-0.009207511,0.136235117,0.100156719,0.008060515,1.070682171,0.388614826,5.355190801,0.027181168,0.144477176,0.01821922,1.95E-06,0.000732189,0.001425784,0.001371443,0.02219936,0.001758734,19.27584621,0.00527378,1.745762438,-0.012536119,0.360777239,0.565017843,0.000653422,-0.012536119,0.416710329,0.616788002,0.000653554,6.792906433,0.001511242,6537.689177,0.044626638,1.31E-08,6.01E-07,3.609880403,-0.025760643,-0.000131702,0.018014297,0.047208837,7.01E-09,0.000412989,0.001370742,0.000198137,0.001808249,-93.61595658,0.002300705,34.967676,0.169195744,1.023117236,5.51E-07,3.76E-06,0.033702146,6.90E-09,0.001448929,3.96E-06,3.96E-05,3.96E-06,3.96E-06,-3.96E-05
4,mining,EE,monazaite,1.070767052,-0.009209102,0.136315602,0.100154512,0.008060551,1.070767052,0.388588249,5.355103095,0.027185433,0.144473855,0.018219214,1.95E-06,0.000732148,0.001425474,0.001371219,0.022193309,0.001758742,19.27418717,0.005274316,1.745924645,-0.012536452,0.360778383,0.565150818,0.000653816,-0.012536452,0.416711657,0.616884785,0.000653948,6.796843192,0.00151125,6537.489397,0.044626631,1.31E-08,6.01E-07,3.610551306,-0.025762677,-0.000131717,0.018014267,0.047204535,7.10E-09,0.000412872,0.001370519,0.000198115,0.001808249,-93.61592353,0.002300656,34.96642528,0.169195738,1.023221128,5.51E-07,3.76E-06,0.033697195,6.99E-09,0.001448876,Not available,Not available,Not available,Not available,Not available
4,mining,JP,monazaite,1.071471071,-0.009204228,0.136600859,0.100170625,0.008060627,1.071471071,0.38872668,5.355410259,0.027200031,0.144502964,0.018219339,1.95E-06,0.000733942,0.001430587,0.001376658,0.022230505,0.001764267,19.28398161,0.005275463,1.747235953,-0.012547497,0.360789016,0.566029457,0.000653942,-0.012547497,0.416722308,0.617629416,0.000654075,6.810505283,0.001516935,6537.427938,0.044626643,1.31E-08,6.01E-07,3.61240018,-0.025753385,-0.000131681,0.018014552,0.047221436,7.23E-09,0.000413344,0.001375959,0.000198236,0.001814287,-93.61587289,0.002308259,34.97371334,0.169196968,1.023995601,5.51E-07,3.76E-06,0.033834694,7.11E-09,0.001449339,Not available,Not available,Not available,Not available,Not available
4,mining,MM,monazaite,1.070767052,-0.009209102,0.136315602,0.100154512,0.008060551,1.070767052,0.388588249,5.355103095,0.027185433,0.144473855,0.018219214,1.95E-06,0.000732148,0.001425474,0.001371219,0.022193309,0.001758742,19.27418717,0.005274316,1.745924645,-0.012536452,0.360778383,0.565150818,0.000653816,-0.012536452,0.416711657,0.616884785,0.000653948,6.796843192,0.00151125,6537.489397,0.044626631,1.31E-08,6.01E-07,3.610551306,-0.025762677,-0.000131717,0.018014267,0.047204535,7.10E-09,0.000412872,0.001370519,0.000198115,0.001808249,-93.61592353,0.002300656,34.96642528,0.169195738,1.023221128,5.51E-07,3.76E-06,0.033697195,6.99E-09,0.001448876,6.33E-06,0.00063307,6.33E-07,6.33E-07,-6.33E-07
4,mining,MY,monazaite,1.070767052,-0.009209102,0.136315602,0.100154512,0.008060551,1.070767052,0.388588249,5.355103095,0.027185433,0.144473855,0.018219214,1.95E-06,0.000732148,0.001425474,0.001371219,0.022193309,0.001758742,19.27418717,0.005274316,1.745924645,-0.012536452,0.360778383,0.565150818,0.000653816,-0.012536452,0.416711657,0.616884785,0.000653948,6.796843192,0.00151125,6537.489397,0.044626631,1.31E-08,6.01E-07,3.610551306,-0.025762677,-0.000131717,0.018014267,0.047204535,7.10E-09,0.000412872,0.001370519,0.000198115,0.001808249,-93.61592353,0.002300656,34.96642528,0.169195738,1.023221128,5.51E-07,3.76E-06,0.033697195,6.99E-09,0.001448876,Not available,Not available,Not available,Not available,Not available
4,mining,US,monazaite,1.070403178,-0.00920836,0.136217621,0.100154748,0.008060567,1.070403178,0.388601882,5.355152656,0.027199125,0.144473167,0.018219146,1.95E-06,0.000731751,0.00142479,0.001370553,0.022194327,0.001757456,19.27615878,0.005274912,1.745587736,-0.012537282,0.360779906,0.564883247,0.000653298,-0.012537282,0.416712898,0.616547375,0.00065343,6.792410541,0.001509946,6538.27356,0.044626633,1.31E-08,6.01E-07,3.612371879,-0.02576277,-0.000131654,0.018014182,0.047214597,6.94E-09,0.000412764,0.001369852,0.000198142,0.001806911,-93.61589365,0.002299154,34.9668286,0.169195847,1.022893774,5.51E-07,3.76E-06,0.033680911,6.83E-09,0.00144878,5.28E-08,5.28E-08,5.28E-08,5.28E-06,-5.28E-07
4,molten_salt electrolysis,AU,neodynium,8.702233707,0.042351874,1.690906536,0.341546739,0.010738245,8.702233707,0.918729526,12.5801624,0.029802634,0.477211235,0.000683657,1.22E-06,0.01250903,0.013360465,0.013187464,0.025624145,0.032735756,30.807704,0.012785007,10.53893618,-0.104147348,0.10438464,8.828340258,0.000683189,-0.104147348,0.106457265,8.506546494,0.00068472,77.62717647,0.032986,803.3872563,2.17E-05,1.29E-08,3.88E-07,3.835731061,0.071448408,0.000628355,0.000422368,0.025417985,4.35E-08,0.005037871,0.01319494,0.000513912,0.033823014,0.519916413,0.038814278,102.6463265,0.084183885,8.638105387,1.31E-06,2.96E-06,0.327195064,4.14E-08,0.005076795,Not available,Not available,Not available,Not available,Not available
4,molten_salt electrolysis,BR,neodynium,4.77699558,0.042860963,0.546797367,0.061971519,0.000323242,4.77699558,0.239122825,1.084539266,0.174887367,0.090938268,4.95E-05,4.12E-06,0.007199719,0.003907479,0.003708886,0.022175064,0.015135164,26.58563794,0.194572353,2.749333061,-0.172720829,0.235333957,4.379885785,0.186355942,-0.172720829,0.423556379,4.030930988,0.186357505,28.7616868,0.015190794,336.6055757,1.12E-05,9.12E-09,8.54E-08,20.71278157,0.245304319,0.001046094,0.000123819,0.025777288,5.42E-08,0.003967165,0.003715229,0.000317917,0.015422112,7.740817808,0.017274393,23.96544665,0.003400493,4.652701146,3.36E-07,3.13E-07,0.091705862,5.12E-08,0.003878881,Not available,Not available,Not available,Not available,Not available
4,molten_salt electrolysis,CA,neodynium,Not available,Not available,Not available,Not available,Not available,Not available,Not available,Not available,Not available,Not available,Not available,Not available,Not available,Not available,Not available,Not available,Not available,Not available,Not available,Not available,Not available,Not available,Not available,Not available,Not available,Not available,Not available,Not available,Not available,Not available,Not available,Not available,Not available,Not available,Not available,Not available,Not available,Not available,Not available,Not available,Not available,Not available,Not available,Not available,Not available,Not available,Not available,Not available,Not available,Not available,Not available,Not available,Not available,Not available,Not available,Not available,Not available,Not available,Not available
4,molten_salt electrolysis,CN,neodynium,10.78817299,0.106293402,1.547016952,0.143638018,0.001426121,10.78817299,0.886901639,5.833016433,0.398977501,0.206753765,0.000105435,1.14E-06,0.011525678,0.010405041,0.010256673,0.030250819,0.022814098,33.96981743,0.019831326,11.65931406,-0.162423557,0.130054613,10.01983114,0.000658349,-0.162423557,0.132406632,10.3296473,0.000660292,78.13869545,0.023063179,1964.483811,4.99E-05,1.58E-08,3.53E-07,49.37338486,0.190064636,0.001393106,0.000331038,0.030730965,2.24E-08,0.009403727,0.010263888,0.000409116,0.023674961,0.891490376,0.028806906,63.06314717,0.022178829,10.39296384,1.26E-06,1.78E-06,0.255230972,2.27E-08,0.006446916,0.000255319,0.002553191,0.000255319,0.000255319,-0.002553191
4,molten_salt electrolysis,EE,neodynium,11.00286485,0.069411023,2.170956148,0.370175968,0.011548558,11.00286485,1.035806244,14.68590596,1.082489861,0.519354231,0.000745605,1.04E-06,0.021615831,0.014861136,0.01459168,0.033162719,0.062121103,37.98513028,0.060617464,12.98725755,-0.317508337,0.329948378,10.6630359,0.001791085,-0.317508337,0.332467423,10.51608169,0.001793404,119.1050916,0.062369423,945.68595,2.07E-05,1.53E-08,6.31E-07,150.2004994,0.114684568,0.000813439,0.000473977,0.033354403,4.41E-08,0.00722583,0.014600818,0.000576277,0.063318551,8.464345881,0.068823565,113.1309823,0.092420499,10.8466468,1.47E-06,3.73E-06,0.361614287,4.26E-08,0.007524933,Not available,Not available,Not available,Not available,Not available
4,molten_salt electrolysis,JP,neodynium,8.975302093,0.057844152,1.638056849,0.099519021,0.001373507,8.975302093,0.375474757,2.546771122,0.448536744,0.148285409,0.000153574,1.38E-06,0.010278766,0.011898023,0.011525219,0.038894577,0.025020861,36.97630865,0.018249542,8.202087632,-0.524372604,0.563719886,8.303227245,0.001025295,-0.524372604,0.56604613,8.227194718,0.001027729,84.11441821,0.025247592,667.4937198,1.81E-05,1.22E-08,3.00E-07,64.28118845,0.102236596,0.000783662,0.000382312,0.034422642,8.89E-08,0.00474682,0.011537101,0.000429673,0.025948947,0.742426926,0.030086645,35.24880551,0.011469071,8.782574069,5.30E-07,7.94E-07,0.284491738,8.36E-08,0.004599327,Not available,Not available,Not available,Not available,Not available
4,molten_salt electrolysis,MM,neodynium,9.682032109,0.073811914,1.821082286,0.188123291,0.004211034,9.682032109,0.739875038,7.061615932,0.029287746,0.269238648,0.000344372,1.29E-06,0.010936564,0.010558157,0.010286934,0.027468578,0.027280639,31.68561674,0.05038413,10.87368842,-0.18432652,0.186682757,9.511291185,0.037403862,-0.18432652,0.226751814,9.283349157,0.037406004,84.69862576,0.027494079,700.619222,3.79E-05,1.36E-08,3.05E-07,3.76838063,0.143405209,0.001002368,0.000410821,0.027245907,1.19E-07,0.004677201,0.010297331,0.000420888,0.028118689,1.998903791,0.032602685,65.89246168,0.038253803,9.552501428,1.05E-06,1.85E-06,0.254456701,1.13E-07,0.004760743,Not available,Not available,Not available,Not available,Not available
4,molten_salt electrolysis,MY,neodynium,9.682032109,0.073811914,1.821082286,0.188123291,0.004211034,9.682032109,0.739875038,7.061615932,0.029287746,0.269238648,0.000344372,1.29E-06,0.010936564,0.010558157,0.010286934,0.027468578,0.027280639,31.68561674,0.05038413,10.87368842,-0.18432652,0.186682757,9.511291185,0.037403862,-0.18432652,0.226751814,9.283349157,0.037406004,84.69862576,0.027494079,700.619222,3.79E-05,1.36E-08,3.05E-07,3.76838063,0.143405209,0.001002368,0.000410821,0.027245907,1.19E-07,0.004677201,0.010297331,0.000420888,0.028118689,1.998903791,0.032602685,65.89246168,0.038253803,9.552501428,1.05E-06,1.85E-06,0.254456701,1.13E-07,0.004760743,Not available,Not available,Not available,Not available,Not available
4,molten_salt electrolysis,US,neodynium,7.662916655,0.046384158,1.496783474,0.184669534,0.004647206,7.662916655,0.562953897,6.082964314,1.202950467,0.26151416,0.000317596,1.24E-06,0.009784916,0.007607347,0.007272297,0.032258326,0.020829371,32.63681954,0.021116603,7.751216985,-0.249356237,0.269210245,7.514855503,0.000795534,-0.249356237,0.271532583,7.272555467,0.000797098,91.37119914,0.020878706,976.7965287,1.80E-05,1.15E-08,2.62E-07,159.4373952,0.081473935,0.000694921,0.000235787,0.032059616,3.33E-08,0.004422909,0.007281308,0.000461011,0.021391509,1.018021177,0.024646192,58.95432147,0.036558433,7.557133381,7.99E-07,1.50E-06,0.17909086,3.27E-08,0.005171277,Not available,Not available,Not available,Not available,Not available
4,sulfuric acid digestion,AU,dysprosium_oxide,20.78668782,0.318794147,3.847076254,1.695413563,0.080679098,20.78668782,5.305774301,67.43179645,0.643911273,2.388388705,0.173285063,2.26E-05,0.023726353,0.029200114,0.027857347,0.804542562,0.067445867,319.255948,0.15683918,32.95302007,-0.512525727,3.926769072,14.48238406,0.014996405,-0.512525727,4.476745148,15.68850979,0.015000476,189.6868935,0.066706519,63259.87892,0.423054296,1.88E-07,6.93E-06,85.65622207,0.561501418,0.003459328,0.172256899,0.658977861,6.57E-07,0.011190082,0.027766284,0.00323085,0.071069828,-881.7173603,0.086185659,582.7360652,1.652988062,19.95777891,7.48E-06,4.00E-05,0.759289852,5.74E-07,0.009622918,Not available,Not available,Not available,Not available,Not available
4,sulfuric acid digestion,BR,dysprosium_oxide,20.16330395,0.318285492,3.668809941,1.65279675,0.079098674,20.16330395,5.196806207,65.68319188,0.665183925,2.329464186,0.17319406,2.30E-05,0.022889861,0.027729919,0.026404033,0.803458154,0.064687288,318.1285082,0.184339339,31.75189772,-0.522722287,3.946427895,13.79185886,0.043143711,-0.522722287,4.524631628,14.9851235,0.043147785,182.0400716,0.06391993,63167.25878,0.423053241,1.87E-07,6.89E-06,88.10905676,0.586609618,0.00349441,0.172215819,0.658119807,6.75E-07,0.011015971,0.026312778,0.003195206,0.068192019,-880.5956379,0.082835413,570.6278121,1.640734094,19.32985039,7.33E-06,3.96E-05,0.723339996,5.93E-07,0.009429021,Not available,Not available,Not available,Not available,Not available
4,sulfuric acid digestion,CA,dysprosium_oxide,Not available,Not available,Not available,Not available,Not available,Not available,Not available,Not available,Not available,Not available,Not available,Not available,Not available,Not available,Not available,Not available,Not available,Not available,Not available,Not available,Not available,Not available,Not available,Not available,Not available,Not available,Not available,Not available,Not available,Not available,Not available,Not available,Not available,Not available,Not available,Not available,Not available,Not available,Not available,Not available,Not available,Not available,Not available,Not available,Not available,Not available,Not available,Not available,Not available,Not available,Not available,Not available,Not available,Not available,Not available,Not available,Not available,Not available,Not available
4,sulfuric acid digestion,CN,dysprosium_oxide,21.34642342,0.33026443,3.833294938,1.666881317,0.079285298,21.34642342,5.31054522,66.48859071,0.700157901,2.388167519,0.173198425,2.26E-05,0.023968141,0.028963969,0.027646598,0.80501191,0.066796302,404.9507025,0.158301683,33.41685681,-0.513440377,3.917162432,14.87583333,0.014977978,-0.513440377,4.467167043,16.20999158,0.014982086,190.0288676,0.066062146,63605.26769,0.42306054,1.89E-07,6.93E-06,92.58644969,0.58396381,0.003616739,0.172251659,0.659759684,6.50E-07,0.012292635,0.027560715,0.004425658,0.070408374,-881.6448682,0.085673774,579.761592,1.643897601,20.45048592,7.48E-06,3.98E-05,0.754510276,5.67E-07,0.010031928,0.000709289,0.007092891,0.000709289,0.000709289,-0.007092891
4,sulfuric acid digestion,EE,dysprosium_oxide,21.13507922,0.322885772,3.919903988,1.699687762,0.080801402,21.13507922,5.323482103,67.74880707,0.803437073,2.394698039,0.173294649,2.25E-05,0.025103307,0.029424994,0.02806749,0.805644108,0.071892502,320.3530381,0.164081597,33.32347508,-0.544853454,3.960943772,14.76019477,0.015160649,-0.544853454,4.51098633,15.99280869,0.015164832,195.9767499,0.071150666,63281.26351,0.423053616,1.88E-07,6.96E-06,107.8326261,0.568036225,0.00348767,0.172264859,0.660184641,6.57E-07,0.011520445,0.027976662,0.003240332,0.075532179,-880.5142269,0.090725549,584.3056538,1.654231904,20.29221236,7.50E-06,4.01E-05,0.764438583,5.74E-07,0.009992636,4.17E-05,0.000417229,4.17E-05,0.000417229,-0.000417229
4,sulfuric acid digestion,JP,dysprosium_oxide,20.82833826,0.321152155,3.839115929,1.658765763,0.07926086,20.82833826,5.223515614,65.91229247,0.707326118,2.338583959,0.173204842,2.26E-05,0.023388706,0.028978792,0.027605743,0.806543644,0.066278571,320.1933189,0.157671494,32.59931008,-0.576165943,3.996334443,14.40310293,0.015046756,-0.576165943,4.546348945,15.64647841,0.015050957,190.6714092,0.065535127,63239.31387,0.423053843,1.88E-07,6.92E-06,94.80984768,0.566193992,0.003482831,0.172250908,0.66034462,6.64E-07,0.011146004,0.027515347,0.003218105,0.069878337,-881.6834746,0.084864986,572.5312758,1.641976411,19.9799495,7.37E-06,3.96E-05,0.752825817,5.82E-07,0.009550623,Not available,Not available,Not available,Not available,Not available
4,sulfuric acid digestion,MM,dysprosium_oxide,20.93537148,0.323570368,3.866834865,1.672184718,0.0796906,20.93537148,5.278703523,66.59605865,0.643831468,2.356902111,0.173233745,2.26E-05,0.023488328,0.028775871,0.027418207,0.804813194,0.066620811,319.3920517,0.16253823,33.00391995,-0.524666457,3.939232719,14.58606245,0.020556237,-0.524666457,4.494963316,15.80643145,0.020560394,190.7598865,0.065875354,63244.33065,0.423056862,1.88E-07,6.92E-06,85.64527105,0.572428738,0.003515951,0.172255225,0.659257702,6.68E-07,0.011135461,0.027327586,0.003216774,0.070206941,-881.4931831,0.085246036,577.1722029,1.64603292,20.09655386,7.44E-06,3.98E-05,0.748277054,5.86E-07,0.009575069,Not available,Not available,Not available,Not available,Not available
4,sulfuric acid digestion,MY,dysprosium_oxide,20.93460051,0.323508073,3.86663761,1.672060938,0.079690053,20.93460051,5.278531029,66.59340045,0.643798781,2.356739505,0.173233762,2.26E-05,0.023486463,0.028773661,0.027416064,0.804788216,0.066615549,319.3801968,0.162521867,33.00235664,-0.524635815,3.939205045,14.58537844,0.020553736,-0.524635815,4.494934932,15.80570499,0.020557885,190.7501181,0.065869718,63244.05469,0.423056237,1.88E-07,6.92E-06,85.64035729,0.572299929,0.003515728,0.172255174,0.659233058,6.68E-07,0.011134616,0.027325446,0.003216689,0.070201158,-881.4938508,0.08523997,577.1318687,1.646027501,20.09580773,7.44E-06,3.98E-05,0.748224432,5.86E-07,0.009574327,4.17E-05,0.000417229,0.004172289,0.417228853,-0.000417229
4,sulfuric acid digestion,US,dysprosium_oxide,20.53133564,0.315814812,3.81910261,1.66921044,0.079680966,20.53133564,5.248109962,66.33720664,0.821491257,2.352291187,0.173223992,2.26E-05,0.02315218,0.028152023,0.026776006,0.805906974,0.0651804,319.4258373,0.158078891,32.40512747,-0.522722607,3.937273125,14.20295073,0.014989842,-0.522722607,4.487266483,15.41890403,0.014993901,191.9069893,0.064409815,63281.16939,0.423053646,1.88E-07,6.91E-06,109.2166698,0.557913232,0.003458306,0.172221379,0.660698925,6.53E-07,0.010990115,0.026690369,0.003221501,0.068708828,-881.642955,0.083490255,575.4636379,1.645169147,19.69729305,7.40E-06,3.97E-05,0.732285323,5.70E-07,0.009581356,Not available,Not available,Not available,Not available,Not available
4,sulfuric acid digestion,AU,neodynium_oxide,20.78668697,0.318794156,3.847076288,1.695413577,0.080679098,20.78668697,5.305774325,67.43179669,0.643911276,2.388388724,0.173285063,2.26E-05,0.023726353,0.029200114,0.027857347,0.804542568,0.067445867,319.2559496,0.15683918,32.95301898,-0.512525731,3.926768155,14.48238413,0.014996405,-0.512525731,4.476744231,15.68850986,0.015000476,189.6868951,0.066706519,63259.87895,0.423054296,1.88E-07,6.93E-06,85.65622251,0.561501437,0.003459328,0.172256899,0.658977869,6.57E-07,0.011190082,0.027766284,0.00323085,0.071069828,-881.7173603,0.08618566,582.73607,1.652988062,19.95777806,7.48E-06,4.00E-05,0.759289857,5.74E-07,0.009622918,Not available,Not available,Not available,Not available,Not available
4,sulfuric acid digestion,BR,neodynium_oxide,20.16330308,0.318285493,3.668809968,1.652796754,0.079098674,20.16330308,5.196806215,65.68319196,0.665183928,2.329464191,0.17319406,2.30E-05,0.022889861,0.027729919,0.026404033,0.803458158,0.064687288,318.1285087,0.184339339,31.75189655,-0.522722288,3.946426976,13.79185891,0.043143711,-0.522722288,4.524630709,14.98512355,0.043147785,182.0400729,0.06391993,63167.2588,0.423053241,1.87E-07,6.89E-06,88.1090571,0.586609619,0.00349441,0.172215819,0.658119808,6.75E-07,0.011015971,0.026312778,0.003195206,0.068192019,-880.5956379,0.082835414,570.6278133,1.640734094,19.32984952,7.33E-06,3.96E-05,0.723339998,5.93E-07,0.009429021,Not available,Not available,Not available,Not available,Not available
4,sulfuric acid digestion,CA,neodynium_oxide,Not available,Not available,Not available,Not available,Not available,Not available,Not available,Not available,Not available,Not available,Not available,Not available,Not available,Not available,Not available,Not available,Not available,Not available,Not available,Not available,Not available,Not available,Not available,Not available,Not available,Not available,Not available,Not available,Not available,Not available,Not available,Not available,Not available,Not available,Not available,Not available,Not available,Not available,Not available,Not available,Not available,Not available,Not available,Not available,Not available,Not available,Not available,Not available,Not available,Not available,Not available,Not available,Not available,Not available,Not available,Not available,Not available,Not available,Not available
4,sulfuric acid digestion,CN,neodynium_oxide,21.34642258,0.330264439,3.833294971,1.666881331,0.079285298,21.34642258,5.310545244,66.48859095,0.700157905,2.388167537,0.173198425,2.26E-05,0.023968141,0.028963969,0.027646598,0.805011916,0.066796302,404.9507042,0.158301684,33.41685572,-0.513440381,3.917161514,14.87583339,0.014977979,-0.513440381,4.467166126,16.20999165,0.014982086,190.0288692,0.066062146,63605.26772,0.42306054,1.89E-07,6.93E-06,92.58645013,0.583963828,0.003616739,0.172251659,0.659759692,6.50E-07,0.012292635,0.027560716,0.004425658,0.070408374,-881.6448682,0.085673774,579.7615967,1.643897601,20.45048507,7.48E-06,3.98E-05,0.754510281,5.67E-07,0.010031928,0.000709289,0.007092891,0.000709289,0.000709289,-0.007092891
4,sulfuric acid digestion,EE,neodynium_oxide,21.13507835,0.322885773,3.919904016,1.699687766,0.080801402,21.13507835,5.323482112,67.74880716,0.803437076,2.394698045,0.173294649,2.25E-05,0.025103307,0.029424994,0.02806749,0.805644112,0.071892503,320.3530386,0.164081598,33.32347392,-0.544853455,3.960942854,14.76019481,0.015160649,-0.544853455,4.510985411,15.99280874,0.015164832,195.9767512,0.071150666,63281.26353,0.423053616,1.88E-07,6.96E-06,107.8326264,0.568036226,0.00348767,0.172264859,0.660184642,6.57E-07,0.011520446,0.027976662,0.003240332,0.075532179,-880.5142269,0.090725549,584.3056553,1.654231904,20.29221149,7.50E-06,4.01E-05,0.764438586,5.74E-07,0.009992636,4.17E-05,0.000417229,4.17E-05,0.000417229,-0.000417229
4,sulfuric acid digestion,JP,neodynium_oxide,20.82833742,0.321152164,3.839115962,1.658765777,0.07926086,20.82833742,5.223515638,65.91229271,0.707326121,2.338583978,0.173204842,2.26E-05,0.023388706,0.028978793,0.027605743,0.80654365,0.066278572,320.1933206,0.157671494,32.59930899,-0.576165947,3.996333525,14.403103,0.015046757,-0.576165947,4.546348029,15.64647848,0.015050957,190.6714108,0.065535127,63239.3139,0.423053843,1.88E-07,6.92E-06,94.80984812,0.566194011,0.003482831,0.172250908,0.660344628,6.64E-07,0.011146004,0.027515347,0.003218105,0.069878338,-881.6834746,0.084864986,572.5312806,1.641976412,19.97994865,7.37E-06,3.96E-05,0.752825822,5.82E-07,0.009550623,Not available,Not available,Not available,Not available,Not available
4,sulfuric acid digestion,MM,neodynium_oxide,20.93537061,0.323570369,3.866834892,1.672184722,0.0796906,20.93537061,5.278703532,66.59605874,0.64383147,2.356902117,0.173233745,2.26E-05,0.023488328,0.028775871,0.027418207,0.804813198,0.066620811,319.3920523,0.162538231,33.00391879,-0.524666458,3.9392318,14.58606249,0.020556237,-0.524666458,4.494962398,15.8064315,0.020560394,190.7598878,0.065875354,63244.33066,0.423056862,1.88E-07,6.92E-06,85.6452714,0.572428739,0.003515951,0.172255225,0.659257703,6.68E-07,0.011135461,0.027327586,0.003216774,0.070206942,-881.493183,0.085246036,577.1722043,1.64603292,20.09655299,7.44E-06,3.98E-05,0.748277057,5.86E-07,0.009575069,Not available,Not available,Not available,Not available,Not available
4,sulfuric acid digestion,MY,neodynium_oxide,20.93459964,0.323508074,3.866637637,1.672060942,0.079690053,20.93459964,5.278531038,66.59340054,0.643798784,2.356739511,0.173233762,2.26E-05,0.023486464,0.028773661,0.027416064,0.80478822,0.066615549,319.3801973,0.162521868,33.00235548,-0.524635817,3.939204126,14.58537849,0.020553736,-0.524635817,4.494934014,15.80570504,0.020557885,190.7501194,0.065869718,63244.0547,0.423056237,1.88E-07,6.92E-06,85.64035764,0.57229993,0.003515728,0.172255174,0.659233059,6.68E-07,0.011134616,0.027325446,0.003216689,0.070201158,-881.4938507,0.08523997,577.1318701,1.646027501,20.09580686,7.44E-06,3.98E-05,0.748224435,5.86E-07,0.009574327,4.17E-05,0.000417229,0.004172289,0.417228853,-0.000417229
4,sulfuric acid digestion,US,neodynium_oxide,20.5313348,0.315814821,3.819102643,1.669210454,0.079680966,20.5313348,5.248109986,66.33720688,0.82149126,2.352291205,0.173223992,2.26E-05,0.02315218,0.028152023,0.026776007,0.805906979,0.065180401,319.425839,0.158078892,32.40512637,-0.522722611,3.937272208,14.20295079,0.014989842,-0.522722611,4.487265566,15.4189041,0.014993901,191.9069909,0.064409815,63281.16942,0.423053646,1.88E-07,6.91E-06,109.2166702,0.55791325,0.003458306,0.172221379,0.660698933,6.53E-07,0.010990115,0.02669037,0.003221501,0.068708828,-881.642955,0.083490255,575.4636426,1.645169147,19.6972922,7.40E-06,3.97E-05,0.732285327,5.70E-07,0.009581356,Not available,Not available,Not available,Not available,Not available
4,cryogenic,US,neodynium dysprosium iron alloy,0,0,0,0,0,0,0,0,0,0,0,0,0,0,0,0,0,0,0,0,0,0,0,0,0,0,0,0,0,0,0,0,0,0,0,0,0,0,0,0,0,0,0,0,0,0,0,0,0,0,0,0,0,0,Not available,Not available,Not available,Not available,Not available
4,direct reuse,US,hp_magnet,0,0,0,0,0,0,0,0,0,0,0,0,0,0,0,0,0,0,0,0,0,0,0,0,0,0,0,0,0,0,0,0,0,0,0,0,0,0,0,0,0,0,0,0,0,0,0,0,0,0,0,0,0,0,Not available,Not available,Not available,Not available,Not available
4,hydrometallurgical,US,neodynium dysprosium iron alloy,0,0,0,0,0,0,0,0,0,0,0,0,0,0,0,0,0,0,0,0,0,0,0,0,0,0,0,0,0,0,0,0,0,0,0,0,0,0,0,0,0,0,0,0,0,0,0,0,0,0,0,0,0,0,Not available,Not available,Not available,Not available,Not available
4,magnet-to-magnet recycling,US,hp_magnet,0,0,0,0,0,0,0,0,0,0,0,0,0,0,0,0,0,0,0,0,0,0,0,0,0,0,0,0,0,0,0,0,0,0,0,0,0,0,0,0,0,0,0,0,0,0,0,0,0,0,0,0,0,0,Not available,Not available,Not available,Not available,Not available
4,magnet_market_mix,US,hp_magnet,0,0,0,0,0,0,0,0,0,0,0,0,0,0,0,0,0,0,0,0,0,0,0,0,0,0,0,0,0,0,0,0,0,0,0,0,0,0,0,0,0,0,0,0,0,0,0,0,0,0,0,0,0,0,Not available,Not available,Not available,Not available,Not available
4,pyrometallurgical,US,neodynium dysprosium iron alloy,0,0,0,0,0,0,0,0,0,0,0,0,0,0,0,0,0,0,0,0,0,0,0,0,0,0,0,0,0,0,0,0,0,0,0,0,0,0,0,0,0,0,0,0,0,0,0,0,0,0,0,0,0,0,Not available,Not available,Not available,Not available,Not available
4,use phase,US,hp_magnet,0,0,0,0,0,0,0,0,0,0,0,0,0,0,0,0,0,0,0,0,0,0,0,0,0,0,0,0,0,0,0,0,0,0,0,0,0,0,0,0,0,0,0,0,0,0,0,0,0,0,0,0,0,0,Not available,Not available,Not available,Not available,Not available
