process,flow,value,unit,input,year,comments,type,process_location,supplying_location,"code (UUID, 3.8)",Ecoinvent selection
Bauxite mining,bauxite,[REDACTED — ecoinvent-licensed value; reproduce via UUID + selection],kg,FALSE,2025,Upstream topology proxy for Bauxite mining node. Selected closest ecoinvent 3.8 bauxite mining activity by match order: no exact/regional/RoW dataset found for AU; using GLO bauxite mine operation. Black-box ecoinvent proxy for topology representation only; do not use in Luo no-burden baseline. Upstream Bayer-route proxy node. Ecoinvent 3.8 bauxite/alumina datasets are used for topology representation and upstream sensitivity only. This is not a physical Bayer_liquor foreground LCI and should not be interpreted as Luo 2025's Bayer-liquor-to-4N_Ga foreground boundary.,production,AU,GLO,d3a39361-831d-424a-9863-ac69ac1f4f8c,bauxite mine operation | bauxite | GLO | kg | ecoinvent 3.8
Bauxite mining,bauxite,[REDACTED — ecoinvent-licensed value; reproduce via UUID + selection],kg,FALSE,2025,Upstream topology proxy for Bauxite mining node. Selected closest ecoinvent 3.8 bauxite mining activity by match order: no exact/regional/RoW dataset found for CN; using GLO bauxite mine operation. Black-box ecoinvent proxy for topology representation only; do not use in Luo no-burden baseline. Upstream Bayer-route proxy node. Ecoinvent 3.8 bauxite/alumina datasets are used for topology representation and upstream sensitivity only. This is not a physical Bayer_liquor foreground LCI and should not be interpreted as Luo 2025's Bayer-liquor-to-4N_Ga foreground boundary.,production,CN,GLO,d3a39361-831d-424a-9863-ac69ac1f4f8c,bauxite mine operation | bauxite | GLO | kg | ecoinvent 3.8
Bauxite mining,bauxite,[REDACTED — ecoinvent-licensed value; reproduce via UUID + selection],kg,FALSE,2025,Upstream topology proxy for Bauxite mining node. Selected closest ecoinvent 3.8 bauxite mining activity by match order: no exact/regional/RoW dataset found for GR; using GLO bauxite mine operation. Black-box ecoinvent proxy for topology representation only; do not use in Luo no-burden baseline. Upstream Bayer-route proxy node. Ecoinvent 3.8 bauxite/alumina datasets are used for topology representation and upstream sensitivity only. This is not a physical Bayer_liquor foreground LCI and should not be interpreted as Luo 2025's Bayer-liquor-to-4N_Ga foreground boundary.,production,GR,GLO,d3a39361-831d-424a-9863-ac69ac1f4f8c,bauxite mine operation | bauxite | GLO | kg | ecoinvent 3.8
Bauxite mining,bauxite,[REDACTED — ecoinvent-licensed value; reproduce via UUID + selection],kg,FALSE,2025,Upstream topology proxy for Bauxite mining node. Selected closest ecoinvent 3.8 bauxite mining activity by match order: no exact/regional/RoW dataset found for KZ; using GLO bauxite mine operation. Black-box ecoinvent proxy for topology representation only; do not use in Luo no-burden baseline. Upstream Bayer-route proxy node. Ecoinvent 3.8 bauxite/alumina datasets are used for topology representation and upstream sensitivity only. This is not a physical Bayer_liquor foreground LCI and should not be interpreted as Luo 2025's Bayer-liquor-to-4N_Ga foreground boundary.,production,KZ,GLO,d3a39361-831d-424a-9863-ac69ac1f4f8c,bauxite mine operation | bauxite | GLO | kg | ecoinvent 3.8
Bayer liquor refining,"electricity, high voltage, production mix",17.23,kWh,TRUE,2025,"Source: Luo 2025; table=Table 1; row=UP1: ingredient preparation - Electricity; normalization=17.23 kWh per 1 kg 4N_Ga; original_flow=Electricity; luo_unit_process=UP1: ingredient preparation; boundary=Gate-to-gate Luo 2025 foreground inventory from Bayer Liquor treatment through 99.99% primary gallium metal; upstream aluminum extraction/alumina production excluded.; uuid_basis=ecoinvent 3.8 only; confidence=Medium - regional proxy review; uuid_note=Luo Table 1 used ecoinvent 3.10 CN-NCGC high-voltage production mix; local ecoinvent 3.8 index has no CN-NCGC. Selected CN-SX production mix because Luo cites a Shanxi EIA data source. Review before publication. SOURCE_AUDIT_NOTES: source_note: Luo et al. 2025, Life cycle assessment for primary gallium production at industrial-scale. | source_table: Luo 2025 Table 1 | baseline_scope: Luo_2025_Bayer_liquor_to_4N_Ga MASTER_BOUNDARY_NOTE: Luo 2025 Bayer_liquor to 4N_Ga foreground; upstream bauxite/alumina burden excluded from this node. PROXY_NEEDS_REVIEW. TECHNOLOGY_TRANSFER_VARIANT: foreground process quantities are transferred from the source inventory to BLEECAM topology location; background electricity/geography adjusted where available. SOURCE_PROCESS_LOCATION=CN. ELECTRICITY_GEOGRAPHY_ADJUSTED_TO_AU: exact ecoinvent 3.8 electricity UUID used for topology process location.",technosphere,AU,AU,39096c03-d4e5-44c0-89bc-0f94f5972f99,"electricity, high voltage, production mix | electricity, high voltage | AU | kWh | ecoinvent 3.8"
Bayer liquor refining,market for cationic resin,3,kg,TRUE,2025,"Source: Luo 2025; table=Table 1; row=UP2: resin adsorption - Chelate resin; normalization=3 kg per 1 kg 4N_Ga; original_flow=Chelate resin; luo_unit_process=UP2: resin adsorption; boundary=Gate-to-gate Luo 2025 foreground inventory from Bayer Liquor treatment through 99.99% primary gallium metal; upstream aluminum extraction/alumina production excluded.; uuid_basis=ecoinvent 3.8 only; confidence=Medium - Luo proxy for chelating resin; uuid_note=Luo states chelating resin is not directly available in ecoinvent and uses cationic resin as a proxy.; peer_review_flag=proxy material SOURCE_AUDIT_NOTES: source_note: Luo et al. 2025, Life cycle assessment for primary gallium production at industrial-scale. | source_table: Luo 2025 Table 1 | baseline_scope: Luo_2025_Bayer_liquor_to_4N_Ga MASTER_BOUNDARY_NOTE: Luo 2025 Bayer_liquor to 4N_Ga foreground; upstream bauxite/alumina burden excluded from this node. PROXY_NEEDS_REVIEW. TECHNOLOGY_TRANSFER_VARIANT: foreground process quantities are transferred from the source inventory to BLEECAM topology location; background electricity/geography adjusted where available. SOURCE_PROCESS_LOCATION=CN.",technosphere,AU,RoW,455532ae-1a7b-48dc-8474-16dbdc0eea48,market for cationic resin | cationic resin | RoW | kg | ecoinvent 3.8
Bayer liquor refining,"electricity, high voltage, production mix",11.39,kWh,TRUE,2025,"Source: Luo 2025; table=Table 1; row=UP2: resin adsorption - Electricity; normalization=11.39 kWh per 1 kg 4N_Ga; original_flow=Electricity; luo_unit_process=UP2: resin adsorption; boundary=Gate-to-gate Luo 2025 foreground inventory from Bayer Liquor treatment through 99.99% primary gallium metal; upstream aluminum extraction/alumina production excluded.; uuid_basis=ecoinvent 3.8 only; confidence=Medium - regional proxy review; uuid_note=Luo Table 1 used ecoinvent 3.10 CN-NCGC high-voltage production mix; local ecoinvent 3.8 index has no CN-NCGC. Selected CN-SX production mix because Luo cites a Shanxi EIA data source. Review before publication. SOURCE_AUDIT_NOTES: source_note: Luo et al. 2025, Life cycle assessment for primary gallium production at industrial-scale. | source_table: Luo 2025 Table 1 | baseline_scope: Luo_2025_Bayer_liquor_to_4N_Ga MASTER_BOUNDARY_NOTE: Luo 2025 Bayer_liquor to 4N_Ga foreground; upstream bauxite/alumina burden excluded from this node. PROXY_NEEDS_REVIEW. TECHNOLOGY_TRANSFER_VARIANT: foreground process quantities are transferred from the source inventory to BLEECAM topology location; background electricity/geography adjusted where available. SOURCE_PROCESS_LOCATION=CN. ELECTRICITY_GEOGRAPHY_ADJUSTED_TO_AU: exact ecoinvent 3.8 electricity UUID used for topology process location.",technosphere,AU,AU,39096c03-d4e5-44c0-89bc-0f94f5972f99,"electricity, high voltage, production mix | electricity, high voltage | AU | kWh | ecoinvent 3.8"
Bayer liquor refining,"electricity, high voltage, production mix",3.27,kWh,TRUE,2025,"Source: Luo 2025; table=Table 1; row=UP3: resin washing - Electricity; normalization=3.27 kWh per 1 kg 4N_Ga; original_flow=Electricity; luo_unit_process=UP3: resin washing; boundary=Gate-to-gate Luo 2025 foreground inventory from Bayer Liquor treatment through 99.99% primary gallium metal; upstream aluminum extraction/alumina production excluded.; uuid_basis=ecoinvent 3.8 only; confidence=Medium - regional proxy review; uuid_note=Luo Table 1 used ecoinvent 3.10 CN-NCGC high-voltage production mix; local ecoinvent 3.8 index has no CN-NCGC. Selected CN-SX production mix because Luo cites a Shanxi EIA data source. Review before publication. SOURCE_AUDIT_NOTES: source_note: Luo et al. 2025, Life cycle assessment for primary gallium production at industrial-scale. | source_table: Luo 2025 Table 1 | baseline_scope: Luo_2025_Bayer_liquor_to_4N_Ga MASTER_BOUNDARY_NOTE: Luo 2025 Bayer_liquor to 4N_Ga foreground; upstream bauxite/alumina burden excluded from this node. PROXY_NEEDS_REVIEW. TECHNOLOGY_TRANSFER_VARIANT: foreground process quantities are transferred from the source inventory to BLEECAM topology location; background electricity/geography adjusted where available. SOURCE_PROCESS_LOCATION=CN. ELECTRICITY_GEOGRAPHY_ADJUSTED_TO_AU: exact ecoinvent 3.8 electricity UUID used for topology process location.",technosphere,AU,AU,39096c03-d4e5-44c0-89bc-0f94f5972f99,"electricity, high voltage, production mix | electricity, high voltage | AU | kWh | ecoinvent 3.8"
Bayer liquor refining,"tap water production, conventional treatment",1860,kg,TRUE,2025,"Source: Luo 2025; table=Table 1; row=UP3: resin washing - Water; normalization=1.86 ton converted to 1860 kg per 1 kg 4N_Ga; original_flow=Water; luo_unit_process=UP3: resin washing; boundary=Gate-to-gate Luo 2025 foreground inventory from Bayer Liquor treatment through 99.99% primary gallium metal; upstream aluminum extraction/alumina production excluded.; uuid_basis=ecoinvent 3.8 only; confidence=High - exact ecoinvent 3.8 activity/reference product; uuid_note=Matches Luo Table 1 tap water treatment selection, using local ecoinvent 3.8. SOURCE_AUDIT_NOTES: source_note: Luo et al. 2025, Life cycle assessment for primary gallium production at industrial-scale. | source_table: Luo 2025 Table 1 | baseline_scope: Luo_2025_Bayer_liquor_to_4N_Ga MASTER_BOUNDARY_NOTE: Luo 2025 Bayer_liquor to 4N_Ga foreground; upstream bauxite/alumina burden excluded from this node. TECHNOLOGY_TRANSFER_VARIANT: foreground process quantities are transferred from the source inventory to BLEECAM topology location; background electricity/geography adjusted where available. SOURCE_PROCESS_LOCATION=CN. TAP_WATER_SIGN_CORRECTED_FOR_LIAISON: tap water production input converted from negative physical-source sign to positive technosphere input; wastewater treatment rows remain negative.",technosphere,AU,RoW,6f427cb8-804f-4c6b-b276-ab83bd2464ce,"tap water production, conventional treatment | tap water | RoW | kg | ecoinvent 3.8"
Bayer liquor refining,"treatment of wastewater, average, capacity 1E9l/year",-1.86,m3,TRUE,2025,"Source: Luo 2025; table=Table 1; row=UP3: resin washing - W2 wastewater; normalization=1.86 ton aqueous waste converted to 1.86 m3 assuming 1000 kg/m3; original_flow=W2 wastewater; luo_unit_process=UP3: resin washing; boundary=Gate-to-gate Luo 2025 foreground inventory from Bayer Liquor treatment through 99.99% primary gallium metal; upstream aluminum extraction/alumina production excluded.; uuid_basis=ecoinvent 3.8 only; confidence=Medium - exact proxy with kg/ton to m3 conversion; uuid_note=Matches Luo Table 1 wastewater treatment proxy. Mass quantities converted to m3 assuming aqueous density of 1000 kg/m3. SOURCE_AUDIT_NOTES: source_note: Luo et al. 2025, Life cycle assessment for primary gallium production at industrial-scale. | source_table: Luo 2025 Table 1 | baseline_scope: Luo_2025_Bayer_liquor_to_4N_Ga MASTER_BOUNDARY_NOTE: Luo 2025 Bayer_liquor to 4N_Ga foreground; upstream bauxite/alumina burden excluded from this node. PROXY_NEEDS_REVIEW. TECHNOLOGY_TRANSFER_VARIANT: foreground process quantities are transferred from the source inventory to BLEECAM topology location; background electricity/geography adjusted where available. SOURCE_PROCESS_LOCATION=CN.",technosphere,AU,RoW,a9f2745f-2e27-44cb-8129-26648d64ce80,"treatment of wastewater, average, capacity 1E9l/year | wastewater, average | RoW | m3 | ecoinvent 3.8"
Bayer liquor refining,sulfuric acid production,56,kg,TRUE,2025,"Source: Luo 2025; table=Table 1; row=UP4: acid making - 98% sulfuric acid; normalization=56 kg per 1 kg 4N_Ga; original_flow=98% sulfuric acid; luo_unit_process=UP4: acid making; boundary=Gate-to-gate Luo 2025 foreground inventory from Bayer Liquor treatment through 99.99% primary gallium metal; upstream aluminum extraction/alumina production excluded.; uuid_basis=ecoinvent 3.8 only; confidence=High - exact ecoinvent 3.8 activity/reference product; uuid_note=Matches Luo Table 1 sulfuric acid production selection, using local ecoinvent 3.8. SOURCE_AUDIT_NOTES: source_note: Luo et al. 2025, Life cycle assessment for primary gallium production at industrial-scale. | source_table: Luo 2025 Table 1 | baseline_scope: Luo_2025_Bayer_liquor_to_4N_Ga MASTER_BOUNDARY_NOTE: Luo 2025 Bayer_liquor to 4N_Ga foreground; upstream bauxite/alumina burden excluded from this node. TECHNOLOGY_TRANSFER_VARIANT: foreground process quantities are transferred from the source inventory to BLEECAM topology location; background electricity/geography adjusted where available. SOURCE_PROCESS_LOCATION=CN.",technosphere,AU,RoW,a69fcb0a-ce51-40be-b74c-ae895861e3bb,sulfuric acid production | sulfuric acid | RoW | kg | ecoinvent 3.8
Bayer liquor refining,"tap water production, conventional treatment",1.65,kg,TRUE,2025,"Source: Luo 2025; table=Table 1; row=UP4: acid making - Water; normalization=1.65 kg per 1 kg 4N_Ga; original_flow=Water; luo_unit_process=UP4: acid making; boundary=Gate-to-gate Luo 2025 foreground inventory from Bayer Liquor treatment through 99.99% primary gallium metal; upstream aluminum extraction/alumina production excluded.; uuid_basis=ecoinvent 3.8 only; confidence=High - exact ecoinvent 3.8 activity/reference product; uuid_note=Matches Luo Table 1 tap water treatment selection, using local ecoinvent 3.8. SOURCE_AUDIT_NOTES: source_note: Luo et al. 2025, Life cycle assessment for primary gallium production at industrial-scale. | source_table: Luo 2025 Table 1 | baseline_scope: Luo_2025_Bayer_liquor_to_4N_Ga MASTER_BOUNDARY_NOTE: Luo 2025 Bayer_liquor to 4N_Ga foreground; upstream bauxite/alumina burden excluded from this node. TECHNOLOGY_TRANSFER_VARIANT: foreground process quantities are transferred from the source inventory to BLEECAM topology location; background electricity/geography adjusted where available. SOURCE_PROCESS_LOCATION=CN. TAP_WATER_SIGN_CORRECTED_FOR_LIAISON: tap water production input converted from negative physical-source sign to positive technosphere input; wastewater treatment rows remain negative.",technosphere,AU,RoW,6f427cb8-804f-4c6b-b276-ab83bd2464ce,"tap water production, conventional treatment | tap water | RoW | kg | ecoinvent 3.8"
Bayer liquor refining,"treatment of wastewater, average, capacity 1E9l/year",-0.329,m3,TRUE,2025,"Source: Luo 2025; table=Table 1; row=UP4: acid making - W3 Salty water; normalization=329 kg aqueous waste converted to 0.329 m3 assuming 1000 kg/m3; original_flow=W3 Salty water; luo_unit_process=UP4: acid making; boundary=Gate-to-gate Luo 2025 foreground inventory from Bayer Liquor treatment through 99.99% primary gallium metal; upstream aluminum extraction/alumina production excluded.; uuid_basis=ecoinvent 3.8 only; confidence=Medium - exact proxy with kg/ton to m3 conversion; uuid_note=Matches Luo Table 1 wastewater treatment proxy. Mass quantities converted to m3 assuming aqueous density of 1000 kg/m3. SOURCE_AUDIT_NOTES: source_note: Luo et al. 2025, Life cycle assessment for primary gallium production at industrial-scale. | source_table: Luo 2025 Table 1 | baseline_scope: Luo_2025_Bayer_liquor_to_4N_Ga MASTER_BOUNDARY_NOTE: Luo 2025 Bayer_liquor to 4N_Ga foreground; upstream bauxite/alumina burden excluded from this node. PROXY_NEEDS_REVIEW. TECHNOLOGY_TRANSFER_VARIANT: foreground process quantities are transferred from the source inventory to BLEECAM topology location; background electricity/geography adjusted where available. SOURCE_PROCESS_LOCATION=CN.",technosphere,AU,RoW,a9f2745f-2e27-44cb-8129-26648d64ce80,"treatment of wastewater, average, capacity 1E9l/year | wastewater, average | RoW | m3 | ecoinvent 3.8"
Bayer liquor refining,"electricity, high voltage, production mix",0.72,kWh,TRUE,2025,"Source: Luo 2025; table=Table 1; row=UP4: acid making - Electricity (cooling for water softening); normalization=0.72 kWh per 1 kg 4N_Ga; original_flow=Electricity (cooling for water softening); luo_unit_process=UP4: acid making; boundary=Gate-to-gate Luo 2025 foreground inventory from Bayer Liquor treatment through 99.99% primary gallium metal; upstream aluminum extraction/alumina production excluded.; uuid_basis=ecoinvent 3.8 only; confidence=Medium - regional proxy review; uuid_note=Luo Table 1 used ecoinvent 3.10 CN-NCGC high-voltage production mix; local ecoinvent 3.8 index has no CN-NCGC. Selected CN-SX production mix because Luo cites a Shanxi EIA data source. Review before publication. SOURCE_AUDIT_NOTES: source_note: Luo et al. 2025, Life cycle assessment for primary gallium production at industrial-scale. | source_table: Luo 2025 Table 1 | baseline_scope: Luo_2025_Bayer_liquor_to_4N_Ga MASTER_BOUNDARY_NOTE: Luo 2025 Bayer_liquor to 4N_Ga foreground; upstream bauxite/alumina burden excluded from this node. PROXY_NEEDS_REVIEW. TECHNOLOGY_TRANSFER_VARIANT: foreground process quantities are transferred from the source inventory to BLEECAM topology location; background electricity/geography adjusted where available. SOURCE_PROCESS_LOCATION=CN. ELECTRICITY_GEOGRAPHY_ADJUSTED_TO_AU: exact ecoinvent 3.8 electricity UUID used for topology process location.",technosphere,AU,AU,39096c03-d4e5-44c0-89bc-0f94f5972f99,"electricity, high voltage, production mix | electricity, high voltage | AU | kWh | ecoinvent 3.8"
Bayer liquor refining,"electricity, high voltage, production mix",1.35,kWh,TRUE,2025,"Source: Luo 2025; table=Table 1; row=UP4: acid making - Electricity (cooling for acid dilution); normalization=1.35 kWh per 1 kg 4N_Ga; original_flow=Electricity (cooling for acid dilution); luo_unit_process=UP4: acid making; boundary=Gate-to-gate Luo 2025 foreground inventory from Bayer Liquor treatment through 99.99% primary gallium metal; upstream aluminum extraction/alumina production excluded.; uuid_basis=ecoinvent 3.8 only; confidence=Medium - regional proxy review; uuid_note=Luo Table 1 used ecoinvent 3.10 CN-NCGC high-voltage production mix; local ecoinvent 3.8 index has no CN-NCGC. Selected CN-SX production mix because Luo cites a Shanxi EIA data source. Review before publication. SOURCE_AUDIT_NOTES: source_note: Luo et al. 2025, Life cycle assessment for primary gallium production at industrial-scale. | source_table: Luo 2025 Table 1 | baseline_scope: Luo_2025_Bayer_liquor_to_4N_Ga MASTER_BOUNDARY_NOTE: Luo 2025 Bayer_liquor to 4N_Ga foreground; upstream bauxite/alumina burden excluded from this node. PROXY_NEEDS_REVIEW. TECHNOLOGY_TRANSFER_VARIANT: foreground process quantities are transferred from the source inventory to BLEECAM topology location; background electricity/geography adjusted where available. SOURCE_PROCESS_LOCATION=CN. ELECTRICITY_GEOGRAPHY_ADJUSTED_TO_AU: exact ecoinvent 3.8 electricity UUID used for topology process location.",technosphere,AU,AU,39096c03-d4e5-44c0-89bc-0f94f5972f99,"electricity, high voltage, production mix | electricity, high voltage | AU | kWh | ecoinvent 3.8"
Bayer liquor refining,"electricity, high voltage, production mix",9.9,kWh,TRUE,2025,"Source: Luo 2025; table=Table 1; row=UP4: acid making - Electricity; normalization=9.9 kWh per 1 kg 4N_Ga; original_flow=Electricity; luo_unit_process=UP4: acid making; boundary=Gate-to-gate Luo 2025 foreground inventory from Bayer Liquor treatment through 99.99% primary gallium metal; upstream aluminum extraction/alumina production excluded.; uuid_basis=ecoinvent 3.8 only; confidence=Medium - regional proxy review; uuid_note=Luo Table 1 used ecoinvent 3.10 CN-NCGC high-voltage production mix; local ecoinvent 3.8 index has no CN-NCGC. Selected CN-SX production mix because Luo cites a Shanxi EIA data source. Review before publication. SOURCE_AUDIT_NOTES: source_note: Luo et al. 2025, Life cycle assessment for primary gallium production at industrial-scale. | source_table: Luo 2025 Table 1 | baseline_scope: Luo_2025_Bayer_liquor_to_4N_Ga MASTER_BOUNDARY_NOTE: Luo 2025 Bayer_liquor to 4N_Ga foreground; upstream bauxite/alumina burden excluded from this node. PROXY_NEEDS_REVIEW. TECHNOLOGY_TRANSFER_VARIANT: foreground process quantities are transferred from the source inventory to BLEECAM topology location; background electricity/geography adjusted where available. SOURCE_PROCESS_LOCATION=CN. ELECTRICITY_GEOGRAPHY_ADJUSTED_TO_AU: exact ecoinvent 3.8 electricity UUID used for topology process location.",technosphere,AU,AU,39096c03-d4e5-44c0-89bc-0f94f5972f99,"electricity, high voltage, production mix | electricity, high voltage | AU | kWh | ecoinvent 3.8"
Bayer liquor refining,"electricity, high voltage, production mix",4.55,kWh,TRUE,2025,"Source: Luo 2025; table=Table 1; row=UP5: leaching - Electricity; normalization=4.55 kWh per 1 kg 4N_Ga; original_flow=Electricity; luo_unit_process=UP5: leaching; boundary=Gate-to-gate Luo 2025 foreground inventory from Bayer Liquor treatment through 99.99% primary gallium metal; upstream aluminum extraction/alumina production excluded.; uuid_basis=ecoinvent 3.8 only; confidence=Medium - regional proxy review; uuid_note=Luo Table 1 used ecoinvent 3.10 CN-NCGC high-voltage production mix; local ecoinvent 3.8 index has no CN-NCGC. Selected CN-SX production mix because Luo cites a Shanxi EIA data source. Review before publication. SOURCE_AUDIT_NOTES: source_note: Luo et al. 2025, Life cycle assessment for primary gallium production at industrial-scale. | source_table: Luo 2025 Table 1 | baseline_scope: Luo_2025_Bayer_liquor_to_4N_Ga MASTER_BOUNDARY_NOTE: Luo 2025 Bayer_liquor to 4N_Ga foreground; upstream bauxite/alumina burden excluded from this node. PROXY_NEEDS_REVIEW. TECHNOLOGY_TRANSFER_VARIANT: foreground process quantities are transferred from the source inventory to BLEECAM topology location; background electricity/geography adjusted where available. SOURCE_PROCESS_LOCATION=CN. ELECTRICITY_GEOGRAPHY_ADJUSTED_TO_AU: exact ecoinvent 3.8 electricity UUID used for topology process location.",technosphere,AU,AU,39096c03-d4e5-44c0-89bc-0f94f5972f99,"electricity, high voltage, production mix | electricity, high voltage | AU | kWh | ecoinvent 3.8"
Bayer liquor refining,"electricity, high voltage, production mix",26.1,kWh,TRUE,2025,"Source: Luo 2025; table=Table 1; row=UP5: leaching - Electricity (cooling for leaching); normalization=26.1 kWh per 1 kg 4N_Ga; original_flow=Electricity (cooling for leaching); luo_unit_process=UP5: leaching; boundary=Gate-to-gate Luo 2025 foreground inventory from Bayer Liquor treatment through 99.99% primary gallium metal; upstream aluminum extraction/alumina production excluded.; uuid_basis=ecoinvent 3.8 only; confidence=Medium - regional proxy review; uuid_note=Luo Table 1 used ecoinvent 3.10 CN-NCGC high-voltage production mix; local ecoinvent 3.8 index has no CN-NCGC. Selected CN-SX production mix because Luo cites a Shanxi EIA data source. Review before publication. SOURCE_AUDIT_NOTES: source_note: Luo et al. 2025, Life cycle assessment for primary gallium production at industrial-scale. | source_table: Luo 2025 Table 1 | baseline_scope: Luo_2025_Bayer_liquor_to_4N_Ga MASTER_BOUNDARY_NOTE: Luo 2025 Bayer_liquor to 4N_Ga foreground; upstream bauxite/alumina burden excluded from this node. PROXY_NEEDS_REVIEW. TECHNOLOGY_TRANSFER_VARIANT: foreground process quantities are transferred from the source inventory to BLEECAM topology location; background electricity/geography adjusted where available. SOURCE_PROCESS_LOCATION=CN. ELECTRICITY_GEOGRAPHY_ADJUSTED_TO_AU: exact ecoinvent 3.8 electricity UUID used for topology process location.",technosphere,AU,AU,39096c03-d4e5-44c0-89bc-0f94f5972f99,"electricity, high voltage, production mix | electricity, high voltage | AU | kWh | ecoinvent 3.8"
Bayer liquor refining,"tap water production, conventional treatment",30.9,kg,TRUE,2025,"Source: Luo 2025; table=Table 1; row=UP6: resin regeneration - Water; normalization=30.9 kg per 1 kg 4N_Ga; original_flow=Water; luo_unit_process=UP6: resin regeneration; boundary=Gate-to-gate Luo 2025 foreground inventory from Bayer Liquor treatment through 99.99% primary gallium metal; upstream aluminum extraction/alumina production excluded.; uuid_basis=ecoinvent 3.8 only; confidence=High - exact ecoinvent 3.8 activity/reference product; uuid_note=Matches Luo Table 1 tap water treatment selection, using local ecoinvent 3.8. SOURCE_AUDIT_NOTES: source_note: Luo et al. 2025, Life cycle assessment for primary gallium production at industrial-scale. | source_table: Luo 2025 Table 1 | baseline_scope: Luo_2025_Bayer_liquor_to_4N_Ga MASTER_BOUNDARY_NOTE: Luo 2025 Bayer_liquor to 4N_Ga foreground; upstream bauxite/alumina burden excluded from this node. TECHNOLOGY_TRANSFER_VARIANT: foreground process quantities are transferred from the source inventory to BLEECAM topology location; background electricity/geography adjusted where available. SOURCE_PROCESS_LOCATION=CN. TAP_WATER_SIGN_CORRECTED_FOR_LIAISON: tap water production input converted from negative physical-source sign to positive technosphere input; wastewater treatment rows remain negative.",technosphere,AU,RoW,6f427cb8-804f-4c6b-b276-ab83bd2464ce,"tap water production, conventional treatment | tap water | RoW | kg | ecoinvent 3.8"
Bayer liquor refining,"treatment of inert waste, inert material landfill",-1.8,kg,TRUE,2025,"Source: Luo 2025; table=Table 1; row=UP6: resin regeneration - S2 used resin; normalization=1.8 kg per 1 kg 4N_Ga; original_flow=S2 used resin; luo_unit_process=UP6: resin regeneration; boundary=Gate-to-gate Luo 2025 foreground inventory from Bayer Liquor treatment through 99.99% primary gallium metal; upstream aluminum extraction/alumina production excluded.; uuid_basis=ecoinvent 3.8 only; confidence=Medium - proxy for Luo chemical waste, inert; uuid_note=Local ecoinvent 3.8 has no exact 'chemical waste, inert'; selected inert waste landfill proxy.; peer_review_flag=waste proxy SOURCE_AUDIT_NOTES: source_note: Luo et al. 2025, Life cycle assessment for primary gallium production at industrial-scale. | source_table: Luo 2025 Table 1 | baseline_scope: Luo_2025_Bayer_liquor_to_4N_Ga MASTER_BOUNDARY_NOTE: Luo 2025 Bayer_liquor to 4N_Ga foreground; upstream bauxite/alumina burden excluded from this node. PROXY_NEEDS_REVIEW. TECHNOLOGY_TRANSFER_VARIANT: foreground process quantities are transferred from the source inventory to BLEECAM topology location; background electricity/geography adjusted where available. SOURCE_PROCESS_LOCATION=CN.",technosphere,AU,RoW,561ca14c-12cb-4e61-91ae-1f53a250eaa8,"treatment of inert waste, inert material landfill | inert waste, for final disposal | RoW | kg | ecoinvent 3.8"
Bayer liquor refining,"electricity, high voltage, production mix",1.98,kWh,TRUE,2025,"Source: Luo 2025; table=Table 1; row=UP6: resin regeneration - Electricity; normalization=1.98 kWh per 1 kg 4N_Ga; original_flow=Electricity; luo_unit_process=UP6: resin regeneration; boundary=Gate-to-gate Luo 2025 foreground inventory from Bayer Liquor treatment through 99.99% primary gallium metal; upstream aluminum extraction/alumina production excluded.; uuid_basis=ecoinvent 3.8 only; confidence=Medium - regional proxy review; uuid_note=Luo Table 1 used ecoinvent 3.10 CN-NCGC high-voltage production mix; local ecoinvent 3.8 index has no CN-NCGC. Selected CN-SX production mix because Luo cites a Shanxi EIA data source. Review before publication. SOURCE_AUDIT_NOTES: source_note: Luo et al. 2025, Life cycle assessment for primary gallium production at industrial-scale. | source_table: Luo 2025 Table 1 | baseline_scope: Luo_2025_Bayer_liquor_to_4N_Ga MASTER_BOUNDARY_NOTE: Luo 2025 Bayer_liquor to 4N_Ga foreground; upstream bauxite/alumina burden excluded from this node. PROXY_NEEDS_REVIEW. TECHNOLOGY_TRANSFER_VARIANT: foreground process quantities are transferred from the source inventory to BLEECAM topology location; background electricity/geography adjusted where available. SOURCE_PROCESS_LOCATION=CN. ELECTRICITY_GEOGRAPHY_ADJUSTED_TO_AU: exact ecoinvent 3.8 electricity UUID used for topology process location.",technosphere,AU,AU,39096c03-d4e5-44c0-89bc-0f94f5972f99,"electricity, high voltage, production mix | electricity, high voltage | AU | kWh | ecoinvent 3.8"
Bayer liquor refining,"market for sodium hydroxide, without water, in 50% solution state",44.84,kg,TRUE,2025,"Source: Luo 2025; table=Table 1; row=UP7: precipitation - NaOH; normalization=44.84 kg per 1 kg 4N_Ga; original_flow=NaOH; luo_unit_process=UP7: precipitation; boundary=Gate-to-gate Luo 2025 foreground inventory from Bayer Liquor treatment through 99.99% primary gallium metal; upstream aluminum extraction/alumina production excluded.; uuid_basis=ecoinvent 3.8 only; confidence=High - exact ecoinvent 3.8 activity/reference product; uuid_note=Matches Luo Table 1 sodium hydroxide selection, using local ecoinvent 3.8. SOURCE_AUDIT_NOTES: source_note: Luo et al. 2025, Life cycle assessment for primary gallium production at industrial-scale. | source_table: Luo 2025 Table 1 | baseline_scope: Luo_2025_Bayer_liquor_to_4N_Ga MASTER_BOUNDARY_NOTE: Luo 2025 Bayer_liquor to 4N_Ga foreground; upstream bauxite/alumina burden excluded from this node. TECHNOLOGY_TRANSFER_VARIANT: foreground process quantities are transferred from the source inventory to BLEECAM topology location; background electricity/geography adjusted where available. SOURCE_PROCESS_LOCATION=CN.",technosphere,AU,GLO,ad2f7e9a-4886-4d71-966d-d529bcc7587f,"market for sodium hydroxide, without water, in 50% solution state | sodium hydroxide, without water, in 50% solution state | GLO | kg | ecoinvent 3.8"
Bayer liquor refining,"treatment of wastewater, average, capacity 1E9l/year",-1.25,m3,TRUE,2025,"Source: Luo 2025; table=Table 1; row=UP7: precipitation - W4 centrifugate solution; normalization=1.25 ton aqueous waste converted to 1.25 m3 assuming 1000 kg/m3; original_flow=W4 centrifugate solution; luo_unit_process=UP7: precipitation; boundary=Gate-to-gate Luo 2025 foreground inventory from Bayer Liquor treatment through 99.99% primary gallium metal; upstream aluminum extraction/alumina production excluded.; uuid_basis=ecoinvent 3.8 only; confidence=Medium - exact proxy with kg/ton to m3 conversion; uuid_note=Matches Luo Table 1 wastewater treatment proxy. Mass quantities converted to m3 assuming aqueous density of 1000 kg/m3. SOURCE_AUDIT_NOTES: source_note: Luo et al. 2025, Life cycle assessment for primary gallium production at industrial-scale. | source_table: Luo 2025 Table 1 | baseline_scope: Luo_2025_Bayer_liquor_to_4N_Ga MASTER_BOUNDARY_NOTE: Luo 2025 Bayer_liquor to 4N_Ga foreground; upstream bauxite/alumina burden excluded from this node. PROXY_NEEDS_REVIEW. TECHNOLOGY_TRANSFER_VARIANT: foreground process quantities are transferred from the source inventory to BLEECAM topology location; background electricity/geography adjusted where available. SOURCE_PROCESS_LOCATION=CN.",technosphere,AU,RoW,a9f2745f-2e27-44cb-8129-26648d64ce80,"treatment of wastewater, average, capacity 1E9l/year | wastewater, average | RoW | m3 | ecoinvent 3.8"
Bayer liquor refining,"electricity, high voltage, production mix",4.75,kWh,TRUE,2025,"Source: Luo 2025; table=Table 1; row=UP7: precipitation - Electricity; normalization=4.75 kWh per 1 kg 4N_Ga; original_flow=Electricity; luo_unit_process=UP7: precipitation; boundary=Gate-to-gate Luo 2025 foreground inventory from Bayer Liquor treatment through 99.99% primary gallium metal; upstream aluminum extraction/alumina production excluded.; uuid_basis=ecoinvent 3.8 only; confidence=Medium - regional proxy review; uuid_note=Luo Table 1 used ecoinvent 3.10 CN-NCGC high-voltage production mix; local ecoinvent 3.8 index has no CN-NCGC. Selected CN-SX production mix because Luo cites a Shanxi EIA data source. Review before publication. SOURCE_AUDIT_NOTES: source_note: Luo et al. 2025, Life cycle assessment for primary gallium production at industrial-scale. | source_table: Luo 2025 Table 1 | baseline_scope: Luo_2025_Bayer_liquor_to_4N_Ga MASTER_BOUNDARY_NOTE: Luo 2025 Bayer_liquor to 4N_Ga foreground; upstream bauxite/alumina burden excluded from this node. PROXY_NEEDS_REVIEW. TECHNOLOGY_TRANSFER_VARIANT: foreground process quantities are transferred from the source inventory to BLEECAM topology location; background electricity/geography adjusted where available. SOURCE_PROCESS_LOCATION=CN. ELECTRICITY_GEOGRAPHY_ADJUSTED_TO_AU: exact ecoinvent 3.8 electricity UUID used for topology process location.",technosphere,AU,AU,39096c03-d4e5-44c0-89bc-0f94f5972f99,"electricity, high voltage, production mix | electricity, high voltage | AU | kWh | ecoinvent 3.8"
Bayer liquor refining,"electricity, high voltage, production mix",1.81,kWh,TRUE,2025,"Source: Luo 2025; table=Table 1; row=UP7: precipitation - Electricity (cooling for alkali dilution); normalization=1.81 kWh per 1 kg 4N_Ga; original_flow=Electricity (cooling for alkali dilution); luo_unit_process=UP7: precipitation; boundary=Gate-to-gate Luo 2025 foreground inventory from Bayer Liquor treatment through 99.99% primary gallium metal; upstream aluminum extraction/alumina production excluded.; uuid_basis=ecoinvent 3.8 only; confidence=Medium - regional proxy review; uuid_note=Luo Table 1 used ecoinvent 3.10 CN-NCGC high-voltage production mix; local ecoinvent 3.8 index has no CN-NCGC. Selected CN-SX production mix because Luo cites a Shanxi EIA data source. Review before publication. SOURCE_AUDIT_NOTES: source_note: Luo et al. 2025, Life cycle assessment for primary gallium production at industrial-scale. | source_table: Luo 2025 Table 1 | baseline_scope: Luo_2025_Bayer_liquor_to_4N_Ga MASTER_BOUNDARY_NOTE: Luo 2025 Bayer_liquor to 4N_Ga foreground; upstream bauxite/alumina burden excluded from this node. PROXY_NEEDS_REVIEW. TECHNOLOGY_TRANSFER_VARIANT: foreground process quantities are transferred from the source inventory to BLEECAM topology location; background electricity/geography adjusted where available. SOURCE_PROCESS_LOCATION=CN. ELECTRICITY_GEOGRAPHY_ADJUSTED_TO_AU: exact ecoinvent 3.8 electricity UUID used for topology process location.",technosphere,AU,AU,39096c03-d4e5-44c0-89bc-0f94f5972f99,"electricity, high voltage, production mix | electricity, high voltage | AU | kWh | ecoinvent 3.8"
Bayer liquor refining,"market for steam, in chemical industry",32.25,kg,TRUE,2025,"Source: Luo 2025; table=Table 1; row=UP8: purification - Steam; normalization=32.25 kg per 1 kg 4N_Ga; original_flow=Steam; luo_unit_process=UP8: purification; boundary=Gate-to-gate Luo 2025 foreground inventory from Bayer Liquor treatment through 99.99% primary gallium metal; upstream aluminum extraction/alumina production excluded.; uuid_basis=ecoinvent 3.8 only; confidence=High - exact ecoinvent 3.8 activity/reference product; uuid_note=Matches Luo Table 1 steam market selection, using local ecoinvent 3.8.; peer_review_flag=Luo UP8 purification is within 4N route, not topology High-purity gallium refining SOURCE_AUDIT_NOTES: source_note: Luo et al. 2025, Life cycle assessment for primary gallium production at industrial-scale. | source_table: Luo 2025 Table 1 | baseline_scope: Luo_2025_Bayer_liquor_to_4N_Ga MASTER_BOUNDARY_NOTE: Luo 2025 Bayer_liquor to 4N_Ga foreground; upstream bauxite/alumina burden excluded from this node. TECHNOLOGY_TRANSFER_VARIANT: foreground process quantities are transferred from the source inventory to BLEECAM topology location; background electricity/geography adjusted where available. SOURCE_PROCESS_LOCATION=CN.",technosphere,AU,RoW,a2ce87fa-33d1-4017-9050-341bfd06213e,"market for steam, in chemical industry | steam, in chemical industry | RoW | kg | ecoinvent 3.8"
Bayer liquor refining,"market for quicklime, milled, loose",2,kg,TRUE,2025,"Source: Luo 2025; table=Table 1; row=UP8: purification - CaO; normalization=2 kg per 1 kg 4N_Ga; original_flow=CaO; luo_unit_process=UP8: purification; boundary=Gate-to-gate Luo 2025 foreground inventory from Bayer Liquor treatment through 99.99% primary gallium metal; upstream aluminum extraction/alumina production excluded.; uuid_basis=ecoinvent 3.8 only; confidence=High - exact ecoinvent 3.8 activity/reference product; uuid_note=Matches Luo Table 1 quicklime market selection, using local ecoinvent 3.8.; peer_review_flag=Luo UP8 purification is within 4N route, not topology High-purity gallium refining SOURCE_AUDIT_NOTES: source_note: Luo et al. 2025, Life cycle assessment for primary gallium production at industrial-scale. | source_table: Luo 2025 Table 1 | baseline_scope: Luo_2025_Bayer_liquor_to_4N_Ga MASTER_BOUNDARY_NOTE: Luo 2025 Bayer_liquor to 4N_Ga foreground; upstream bauxite/alumina burden excluded from this node. TECHNOLOGY_TRANSFER_VARIANT: foreground process quantities are transferred from the source inventory to BLEECAM topology location; background electricity/geography adjusted where available. SOURCE_PROCESS_LOCATION=CN.",technosphere,AU,RoW,2aa427f7-ab97-4bd1-8abc-471f53a63db6,"market for quicklime, milled, loose | quicklime, milled, loose | RoW | kg | ecoinvent 3.8"
Bayer liquor refining,"market for sodium hydroxide, without water, in 50% solution state",44.16,kg,TRUE,2025,"Source: Luo 2025; table=Table 1; row=UP8: purification - NaOH; normalization=44.16 kg per 1 kg 4N_Ga; original_flow=NaOH; luo_unit_process=UP8: purification; boundary=Gate-to-gate Luo 2025 foreground inventory from Bayer Liquor treatment through 99.99% primary gallium metal; upstream aluminum extraction/alumina production excluded.; uuid_basis=ecoinvent 3.8 only; confidence=High - exact ecoinvent 3.8 activity/reference product; uuid_note=Matches Luo Table 1 sodium hydroxide selection, using local ecoinvent 3.8.; peer_review_flag=Luo UP8 purification is within 4N route, not topology High-purity gallium refining SOURCE_AUDIT_NOTES: source_note: Luo et al. 2025, Life cycle assessment for primary gallium production at industrial-scale. | source_table: Luo 2025 Table 1 | baseline_scope: Luo_2025_Bayer_liquor_to_4N_Ga MASTER_BOUNDARY_NOTE: Luo 2025 Bayer_liquor to 4N_Ga foreground; upstream bauxite/alumina burden excluded from this node. TECHNOLOGY_TRANSFER_VARIANT: foreground process quantities are transferred from the source inventory to BLEECAM topology location; background electricity/geography adjusted where available. SOURCE_PROCESS_LOCATION=CN.",technosphere,AU,GLO,ad2f7e9a-4886-4d71-966d-d529bcc7587f,"market for sodium hydroxide, without water, in 50% solution state | sodium hydroxide, without water, in 50% solution state | GLO | kg | ecoinvent 3.8"
Bayer liquor refining,"treatment of wastewater, average, capacity 1E9l/year",-0.03225,m3,TRUE,2025,"Source: Luo 2025; table=Table 1; row=UP8: purification - W5 condensate water; normalization=32.25 kg aqueous waste converted to 0.03225 m3 assuming 1000 kg/m3; original_flow=W5 condensate water; luo_unit_process=UP8: purification; boundary=Gate-to-gate Luo 2025 foreground inventory from Bayer Liquor treatment through 99.99% primary gallium metal; upstream aluminum extraction/alumina production excluded.; uuid_basis=ecoinvent 3.8 only; confidence=Medium - exact proxy with kg/ton to m3 conversion; uuid_note=Matches Luo Table 1 wastewater treatment proxy. Mass quantities converted to m3 assuming aqueous density of 1000 kg/m3.; peer_review_flag=Luo UP8 purification is within 4N route, not topology High-purity gallium refining SOURCE_AUDIT_NOTES: source_note: Luo et al. 2025, Life cycle assessment for primary gallium production at industrial-scale. | source_table: Luo 2025 Table 1 | baseline_scope: Luo_2025_Bayer_liquor_to_4N_Ga MASTER_BOUNDARY_NOTE: Luo 2025 Bayer_liquor to 4N_Ga foreground; upstream bauxite/alumina burden excluded from this node. PROXY_NEEDS_REVIEW. TECHNOLOGY_TRANSFER_VARIANT: foreground process quantities are transferred from the source inventory to BLEECAM topology location; background electricity/geography adjusted where available. SOURCE_PROCESS_LOCATION=CN.",technosphere,AU,RoW,a9f2745f-2e27-44cb-8129-26648d64ce80,"treatment of wastewater, average, capacity 1E9l/year | wastewater, average | RoW | m3 | ecoinvent 3.8"
Bayer liquor refining,"treatment of limestone residue, inert material landfill",-2.4,kg,TRUE,2025,"Source: Luo 2025; table=Table 1; row=UP8: purification - S3 filter cake (CaCO3); normalization=2.4 kg per 1 kg 4N_Ga; original_flow=S3 filter cake (CaCO3); luo_unit_process=UP8: purification; boundary=Gate-to-gate Luo 2025 foreground inventory from Bayer Liquor treatment through 99.99% primary gallium metal; upstream aluminum extraction/alumina production excluded.; uuid_basis=ecoinvent 3.8 only; confidence=Medium - proxy for Luo limestone waste; uuid_note=Matches limestone-residue treatment proxy in local ecoinvent 3.8.; peer_review_flag=waste proxy; Luo UP8 is within 4N route SOURCE_AUDIT_NOTES: source_note: Luo et al. 2025, Life cycle assessment for primary gallium production at industrial-scale. | source_table: Luo 2025 Table 1 | baseline_scope: Luo_2025_Bayer_liquor_to_4N_Ga MASTER_BOUNDARY_NOTE: Luo 2025 Bayer_liquor to 4N_Ga foreground; upstream bauxite/alumina burden excluded from this node. PROXY_NEEDS_REVIEW. TECHNOLOGY_TRANSFER_VARIANT: foreground process quantities are transferred from the source inventory to BLEECAM topology location; background electricity/geography adjusted where available. SOURCE_PROCESS_LOCATION=CN.",technosphere,AU,RoW,b9220742-1ac0-47ca-bf1a-acd2257508cb,"treatment of limestone residue, inert material landfill | limestone residue | RoW | kg | ecoinvent 3.8"
Bayer liquor refining,"electricity, high voltage, production mix",1.81,kWh,TRUE,2025,"Source: Luo 2025; table=Table 1; row=UP8: purification - Electricity (cooling for alkali dilution); normalization=1.81 kWh per 1 kg 4N_Ga; original_flow=Electricity (cooling for alkali dilution); luo_unit_process=UP8: purification; boundary=Gate-to-gate Luo 2025 foreground inventory from Bayer Liquor treatment through 99.99% primary gallium metal; upstream aluminum extraction/alumina production excluded.; uuid_basis=ecoinvent 3.8 only; confidence=Medium - regional proxy review; uuid_note=Luo Table 1 used ecoinvent 3.10 CN-NCGC high-voltage production mix; local ecoinvent 3.8 index has no CN-NCGC. Selected CN-SX production mix because Luo cites a Shanxi EIA data source. Review before publication.; peer_review_flag=Luo UP8 is within 4N route SOURCE_AUDIT_NOTES: source_note: Luo et al. 2025, Life cycle assessment for primary gallium production at industrial-scale. | source_table: Luo 2025 Table 1 | baseline_scope: Luo_2025_Bayer_liquor_to_4N_Ga MASTER_BOUNDARY_NOTE: Luo 2025 Bayer_liquor to 4N_Ga foreground; upstream bauxite/alumina burden excluded from this node. PROXY_NEEDS_REVIEW. TECHNOLOGY_TRANSFER_VARIANT: foreground process quantities are transferred from the source inventory to BLEECAM topology location; background electricity/geography adjusted where available. SOURCE_PROCESS_LOCATION=CN. ELECTRICITY_GEOGRAPHY_ADJUSTED_TO_AU: exact ecoinvent 3.8 electricity UUID used for topology process location.",technosphere,AU,AU,39096c03-d4e5-44c0-89bc-0f94f5972f99,"electricity, high voltage, production mix | electricity, high voltage | AU | kWh | ecoinvent 3.8"
Bayer liquor refining,"electricity, high voltage, production mix",13.27,kWh,TRUE,2025,"Source: Luo 2025; table=Table 1; row=UP8: purification - Electricity; normalization=13.27 kWh per 1 kg 4N_Ga; original_flow=Electricity; luo_unit_process=UP8: purification; boundary=Gate-to-gate Luo 2025 foreground inventory from Bayer Liquor treatment through 99.99% primary gallium metal; upstream aluminum extraction/alumina production excluded.; uuid_basis=ecoinvent 3.8 only; confidence=Medium - regional proxy review; uuid_note=Luo Table 1 used ecoinvent 3.10 CN-NCGC high-voltage production mix; local ecoinvent 3.8 index has no CN-NCGC. Selected CN-SX production mix because Luo cites a Shanxi EIA data source. Review before publication.; peer_review_flag=Luo UP8 is within 4N route SOURCE_AUDIT_NOTES: source_note: Luo et al. 2025, Life cycle assessment for primary gallium production at industrial-scale. | source_table: Luo 2025 Table 1 | baseline_scope: Luo_2025_Bayer_liquor_to_4N_Ga MASTER_BOUNDARY_NOTE: Luo 2025 Bayer_liquor to 4N_Ga foreground; upstream bauxite/alumina burden excluded from this node. PROXY_NEEDS_REVIEW. TECHNOLOGY_TRANSFER_VARIANT: foreground process quantities are transferred from the source inventory to BLEECAM topology location; background electricity/geography adjusted where available. SOURCE_PROCESS_LOCATION=CN. ELECTRICITY_GEOGRAPHY_ADJUSTED_TO_AU: exact ecoinvent 3.8 electricity UUID used for topology process location.",technosphere,AU,AU,39096c03-d4e5-44c0-89bc-0f94f5972f99,"electricity, high voltage, production mix | electricity, high voltage | AU | kWh | ecoinvent 3.8"
Bayer liquor refining,"electricity, high voltage, production mix",3.86,kWh,TRUE,2025,"Source: Luo 2025; table=Table 1; row=UP9: electrolysis - Electricity; normalization=3.86 kWh per 1 kg 4N_Ga; original_flow=Electricity; luo_unit_process=UP9: electrolysis; boundary=Gate-to-gate Luo 2025 foreground inventory from Bayer Liquor treatment through 99.99% primary gallium metal; upstream aluminum extraction/alumina production excluded.; uuid_basis=ecoinvent 3.8 only; confidence=Medium - regional proxy review; uuid_note=Luo Table 1 used ecoinvent 3.10 CN-NCGC high-voltage production mix; local ecoinvent 3.8 index has no CN-NCGC. Selected CN-SX production mix because Luo cites a Shanxi EIA data source. Review before publication. SOURCE_AUDIT_NOTES: source_note: Luo et al. 2025, Life cycle assessment for primary gallium production at industrial-scale. | source_table: Luo 2025 Table 1 | baseline_scope: Luo_2025_Bayer_liquor_to_4N_Ga MASTER_BOUNDARY_NOTE: Luo 2025 Bayer_liquor to 4N_Ga foreground; upstream bauxite/alumina burden excluded from this node. PROXY_NEEDS_REVIEW. TECHNOLOGY_TRANSFER_VARIANT: foreground process quantities are transferred from the source inventory to BLEECAM topology location; background electricity/geography adjusted where available. SOURCE_PROCESS_LOCATION=CN. ELECTRICITY_GEOGRAPHY_ADJUSTED_TO_AU: exact ecoinvent 3.8 electricity UUID used for topology process location.",technosphere,AU,AU,39096c03-d4e5-44c0-89bc-0f94f5972f99,"electricity, high voltage, production mix | electricity, high voltage | AU | kWh | ecoinvent 3.8"
Bayer liquor refining,"treatment of wastewater, average, capacity 1E9l/year",-0.2633,m3,TRUE,2025,"Source: Luo 2025; table=Table 1; row=UP9: electrolysis - W6 electrolysis waste; normalization=263.3 kg aqueous waste converted to 0.2633 m3 assuming 1000 kg/m3; original_flow=W6 electrolysis waste; luo_unit_process=UP9: electrolysis; boundary=Gate-to-gate Luo 2025 foreground inventory from Bayer Liquor treatment through 99.99% primary gallium metal; upstream aluminum extraction/alumina production excluded.; uuid_basis=ecoinvent 3.8 only; confidence=Medium - exact proxy with kg/ton to m3 conversion; uuid_note=Matches Luo Table 1 wastewater treatment proxy. Mass quantities converted to m3 assuming aqueous density of 1000 kg/m3. SOURCE_AUDIT_NOTES: source_note: Luo et al. 2025, Life cycle assessment for primary gallium production at industrial-scale. | source_table: Luo 2025 Table 1 | baseline_scope: Luo_2025_Bayer_liquor_to_4N_Ga MASTER_BOUNDARY_NOTE: Luo 2025 Bayer_liquor to 4N_Ga foreground; upstream bauxite/alumina burden excluded from this node. PROXY_NEEDS_REVIEW. TECHNOLOGY_TRANSFER_VARIANT: foreground process quantities are transferred from the source inventory to BLEECAM topology location; background electricity/geography adjusted where available. SOURCE_PROCESS_LOCATION=CN.",technosphere,AU,RoW,a9f2745f-2e27-44cb-8129-26648d64ce80,"treatment of wastewater, average, capacity 1E9l/year | wastewater, average | RoW | m3 | ecoinvent 3.8"
Bayer liquor refining,"market for hydrochloric acid, without water, in 30% solution state",0.012,kg,TRUE,2025,"Source: Luo 2025; table=Table 1; row=UP10: refining - 36% HCl; normalization=0.012 kg per 1 kg 4N_Ga; original_flow=36% HCl; luo_unit_process=UP10: refining; boundary=Gate-to-gate Luo 2025 foreground inventory from Bayer Liquor treatment through 99.99% primary gallium metal; upstream aluminum extraction/alumina production excluded.; uuid_basis=ecoinvent 3.8 only; confidence=High - exact ecoinvent 3.8 activity/reference product; uuid_note=Matches Luo Table 1 hydrochloric acid market selection, using local ecoinvent 3.8.; peer_review_flag=Luo UP10 refining is within 4N route, not topology High-purity gallium refining SOURCE_AUDIT_NOTES: source_note: Luo et al. 2025, Life cycle assessment for primary gallium production at industrial-scale. | source_table: Luo 2025 Table 1 | baseline_scope: Luo_2025_Bayer_liquor_to_4N_Ga MASTER_BOUNDARY_NOTE: Luo 2025 Bayer_liquor to 4N_Ga foreground; upstream bauxite/alumina burden excluded from this node. TECHNOLOGY_TRANSFER_VARIANT: foreground process quantities are transferred from the source inventory to BLEECAM topology location; background electricity/geography adjusted where available. SOURCE_PROCESS_LOCATION=CN.",technosphere,AU,RoW,e80fb7a7-7dac-4f03-a973-3dc4e59518f4,"market for hydrochloric acid, without water, in 30% solution state | hydrochloric acid, without water, in 30% solution state | RoW | kg | ecoinvent 3.8"
Bayer liquor refining,"electricity, high voltage, production mix",0.29,kWh,TRUE,2025,"Source: Luo 2025; table=Table 1; row=UP10: refining - Electricity; normalization=0.29 kWh per 1 kg 4N_Ga; original_flow=Electricity; luo_unit_process=UP10: refining; boundary=Gate-to-gate Luo 2025 foreground inventory from Bayer Liquor treatment through 99.99% primary gallium metal; upstream aluminum extraction/alumina production excluded.; uuid_basis=ecoinvent 3.8 only; confidence=Medium - regional proxy review; uuid_note=Luo Table 1 used ecoinvent 3.10 CN-NCGC high-voltage production mix; local ecoinvent 3.8 index has no CN-NCGC. Selected CN-SX production mix because Luo cites a Shanxi EIA data source. Review before publication.; peer_review_flag=Luo UP10 refining is within 4N route SOURCE_AUDIT_NOTES: source_note: Luo et al. 2025, Life cycle assessment for primary gallium production at industrial-scale. | source_table: Luo 2025 Table 1 | baseline_scope: Luo_2025_Bayer_liquor_to_4N_Ga MASTER_BOUNDARY_NOTE: Luo 2025 Bayer_liquor to 4N_Ga foreground; upstream bauxite/alumina burden excluded from this node. PROXY_NEEDS_REVIEW. TECHNOLOGY_TRANSFER_VARIANT: foreground process quantities are transferred from the source inventory to BLEECAM topology location; background electricity/geography adjusted where available. SOURCE_PROCESS_LOCATION=CN. ELECTRICITY_GEOGRAPHY_ADJUSTED_TO_AU: exact ecoinvent 3.8 electricity UUID used for topology process location.",technosphere,AU,AU,39096c03-d4e5-44c0-89bc-0f94f5972f99,"electricity, high voltage, production mix | electricity, high voltage | AU | kWh | ecoinvent 3.8"
Bayer liquor refining,"treatment of wastewater, average, capacity 1E9l/year",-1.80E-05,m3,TRUE,2025,"Source: Luo 2025; table=Table 1; row=UP10: refining - W7 refining waste; normalization=0.018 kg aqueous waste converted to 1.8e-05 m3 assuming 1000 kg/m3; original_flow=W7 refining waste; luo_unit_process=UP10: refining; boundary=Gate-to-gate Luo 2025 foreground inventory from Bayer Liquor treatment through 99.99% primary gallium metal; upstream aluminum extraction/alumina production excluded.; uuid_basis=ecoinvent 3.8 only; confidence=Medium - exact proxy with kg/ton to m3 conversion; uuid_note=Matches Luo Table 1 wastewater treatment proxy. Mass quantities converted to m3 assuming aqueous density of 1000 kg/m3.; peer_review_flag=Luo UP10 refining is within 4N route SOURCE_AUDIT_NOTES: source_note: Luo et al. 2025, Life cycle assessment for primary gallium production at industrial-scale. | source_table: Luo 2025 Table 1 | baseline_scope: Luo_2025_Bayer_liquor_to_4N_Ga MASTER_BOUNDARY_NOTE: Luo 2025 Bayer_liquor to 4N_Ga foreground; upstream bauxite/alumina burden excluded from this node. PROXY_NEEDS_REVIEW. TECHNOLOGY_TRANSFER_VARIANT: foreground process quantities are transferred from the source inventory to BLEECAM topology location; background electricity/geography adjusted where available. SOURCE_PROCESS_LOCATION=CN.",technosphere,AU,RoW,a9f2745f-2e27-44cb-8129-26648d64ce80,"treatment of wastewater, average, capacity 1E9l/year | wastewater, average | RoW | m3 | ecoinvent 3.8"
Bayer liquor refining,4N_Ga,1,kg,FALSE,2025,"Source: Luo 2025; table=Table 1; row=Final product - Ga metal (99.99%); normalization=1 kg per 1 kg 4N_Ga; original_flow=Ga metal (99.99%); luo_unit_process=Final product; boundary=Gate-to-gate Luo 2025 foreground inventory from Bayer Liquor treatment through 99.99% primary gallium metal; upstream aluminum extraction/alumina production excluded.; uuid_basis=ecoinvent 3.8 only; confidence=Not applicable - foreground output; peer_review_flag=mapped to topology material 4N_Ga SOURCE_AUDIT_NOTES: source_note: Luo et al. 2025, Life cycle assessment for primary gallium production at industrial-scale. | source_table: Luo 2025 Table 1 | baseline_scope: Luo_2025_Bayer_liquor_to_4N_Ga MASTER_BOUNDARY_NOTE: Luo 2025 Bayer_liquor to 4N_Ga foreground; upstream bauxite/alumina burden excluded from this node. TECHNOLOGY_TRANSFER_VARIANT: foreground process quantities are transferred from the source inventory to BLEECAM topology location; background electricity/geography adjusted where available. SOURCE_PROCESS_LOCATION=CN.",production,AU,AU,,FOREGROUND_OUTPUT: topology material 4N_Ga; no ecoinvent UUID assigned
Bayer liquor refining,"electricity, high voltage, production mix",17.23,kWh,TRUE,2025,"Source: Luo 2025; table=Table 1; row=UP1: ingredient preparation - Electricity; normalization=17.23 kWh per 1 kg 4N_Ga; original_flow=Electricity; luo_unit_process=UP1: ingredient preparation; boundary=Gate-to-gate Luo 2025 foreground inventory from Bayer Liquor treatment through 99.99% primary gallium metal; upstream aluminum extraction/alumina production excluded.; uuid_basis=ecoinvent 3.8 only; confidence=Medium - regional proxy review; uuid_note=Luo Table 1 used ecoinvent 3.10 CN-NCGC high-voltage production mix; local ecoinvent 3.8 index has no CN-NCGC. Selected CN-SX production mix because Luo cites a Shanxi EIA data source. Review before publication. SOURCE_AUDIT_NOTES: source_note: Luo et al. 2025, Life cycle assessment for primary gallium production at industrial-scale. | source_table: Luo 2025 Table 1 | baseline_scope: Luo_2025_Bayer_liquor_to_4N_Ga MASTER_BOUNDARY_NOTE: Luo 2025 Bayer_liquor to 4N_Ga foreground; upstream bauxite/alumina burden excluded from this node. PROXY_NEEDS_REVIEW. TECHNOLOGY_TRANSFER_VARIANT: foreground process quantities are transferred from the source inventory to BLEECAM topology location; background electricity/geography adjusted where available. SOURCE_PROCESS_LOCATION=CN. ELECTRICITY_GEOGRAPHY_ADJUSTED_TO_CA: exact ecoinvent 3.8 electricity UUID used for topology process location.",technosphere,CA,CA,77ec2e93-c6a8-441b-b679-ee0b64aa3c63,"market group for electricity, high voltage | electricity, high voltage | CA | kWh | ecoinvent 3.8"
Bayer liquor refining,market for cationic resin,3,kg,TRUE,2025,"Source: Luo 2025; table=Table 1; row=UP2: resin adsorption - Chelate resin; normalization=3 kg per 1 kg 4N_Ga; original_flow=Chelate resin; luo_unit_process=UP2: resin adsorption; boundary=Gate-to-gate Luo 2025 foreground inventory from Bayer Liquor treatment through 99.99% primary gallium metal; upstream aluminum extraction/alumina production excluded.; uuid_basis=ecoinvent 3.8 only; confidence=Medium - Luo proxy for chelating resin; uuid_note=Luo states chelating resin is not directly available in ecoinvent and uses cationic resin as a proxy.; peer_review_flag=proxy material SOURCE_AUDIT_NOTES: source_note: Luo et al. 2025, Life cycle assessment for primary gallium production at industrial-scale. | source_table: Luo 2025 Table 1 | baseline_scope: Luo_2025_Bayer_liquor_to_4N_Ga MASTER_BOUNDARY_NOTE: Luo 2025 Bayer_liquor to 4N_Ga foreground; upstream bauxite/alumina burden excluded from this node. PROXY_NEEDS_REVIEW. TECHNOLOGY_TRANSFER_VARIANT: foreground process quantities are transferred from the source inventory to BLEECAM topology location; background electricity/geography adjusted where available. SOURCE_PROCESS_LOCATION=CN.",technosphere,CA,RoW,455532ae-1a7b-48dc-8474-16dbdc0eea48,market for cationic resin | cationic resin | RoW | kg | ecoinvent 3.8
Bayer liquor refining,"electricity, high voltage, production mix",11.39,kWh,TRUE,2025,"Source: Luo 2025; table=Table 1; row=UP2: resin adsorption - Electricity; normalization=11.39 kWh per 1 kg 4N_Ga; original_flow=Electricity; luo_unit_process=UP2: resin adsorption; boundary=Gate-to-gate Luo 2025 foreground inventory from Bayer Liquor treatment through 99.99% primary gallium metal; upstream aluminum extraction/alumina production excluded.; uuid_basis=ecoinvent 3.8 only; confidence=Medium - regional proxy review; uuid_note=Luo Table 1 used ecoinvent 3.10 CN-NCGC high-voltage production mix; local ecoinvent 3.8 index has no CN-NCGC. Selected CN-SX production mix because Luo cites a Shanxi EIA data source. Review before publication. SOURCE_AUDIT_NOTES: source_note: Luo et al. 2025, Life cycle assessment for primary gallium production at industrial-scale. | source_table: Luo 2025 Table 1 | baseline_scope: Luo_2025_Bayer_liquor_to_4N_Ga MASTER_BOUNDARY_NOTE: Luo 2025 Bayer_liquor to 4N_Ga foreground; upstream bauxite/alumina burden excluded from this node. PROXY_NEEDS_REVIEW. TECHNOLOGY_TRANSFER_VARIANT: foreground process quantities are transferred from the source inventory to BLEECAM topology location; background electricity/geography adjusted where available. SOURCE_PROCESS_LOCATION=CN. ELECTRICITY_GEOGRAPHY_ADJUSTED_TO_CA: exact ecoinvent 3.8 electricity UUID used for topology process location.",technosphere,CA,CA,77ec2e93-c6a8-441b-b679-ee0b64aa3c63,"market group for electricity, high voltage | electricity, high voltage | CA | kWh | ecoinvent 3.8"
Bayer liquor refining,"electricity, high voltage, production mix",3.27,kWh,TRUE,2025,"Source: Luo 2025; table=Table 1; row=UP3: resin washing - Electricity; normalization=3.27 kWh per 1 kg 4N_Ga; original_flow=Electricity; luo_unit_process=UP3: resin washing; boundary=Gate-to-gate Luo 2025 foreground inventory from Bayer Liquor treatment through 99.99% primary gallium metal; upstream aluminum extraction/alumina production excluded.; uuid_basis=ecoinvent 3.8 only; confidence=Medium - regional proxy review; uuid_note=Luo Table 1 used ecoinvent 3.10 CN-NCGC high-voltage production mix; local ecoinvent 3.8 index has no CN-NCGC. Selected CN-SX production mix because Luo cites a Shanxi EIA data source. Review before publication. SOURCE_AUDIT_NOTES: source_note: Luo et al. 2025, Life cycle assessment for primary gallium production at industrial-scale. | source_table: Luo 2025 Table 1 | baseline_scope: Luo_2025_Bayer_liquor_to_4N_Ga MASTER_BOUNDARY_NOTE: Luo 2025 Bayer_liquor to 4N_Ga foreground; upstream bauxite/alumina burden excluded from this node. PROXY_NEEDS_REVIEW. TECHNOLOGY_TRANSFER_VARIANT: foreground process quantities are transferred from the source inventory to BLEECAM topology location; background electricity/geography adjusted where available. SOURCE_PROCESS_LOCATION=CN. ELECTRICITY_GEOGRAPHY_ADJUSTED_TO_CA: exact ecoinvent 3.8 electricity UUID used for topology process location.",technosphere,CA,CA,77ec2e93-c6a8-441b-b679-ee0b64aa3c63,"market group for electricity, high voltage | electricity, high voltage | CA | kWh | ecoinvent 3.8"
Bayer liquor refining,"tap water production, conventional treatment",1860,kg,TRUE,2025,"Source: Luo 2025; table=Table 1; row=UP3: resin washing - Water; normalization=1.86 ton converted to 1860 kg per 1 kg 4N_Ga; original_flow=Water; luo_unit_process=UP3: resin washing; boundary=Gate-to-gate Luo 2025 foreground inventory from Bayer Liquor treatment through 99.99% primary gallium metal; upstream aluminum extraction/alumina production excluded.; uuid_basis=ecoinvent 3.8 only; confidence=High - exact ecoinvent 3.8 activity/reference product; uuid_note=Matches Luo Table 1 tap water treatment selection, using local ecoinvent 3.8. SOURCE_AUDIT_NOTES: source_note: Luo et al. 2025, Life cycle assessment for primary gallium production at industrial-scale. | source_table: Luo 2025 Table 1 | baseline_scope: Luo_2025_Bayer_liquor_to_4N_Ga MASTER_BOUNDARY_NOTE: Luo 2025 Bayer_liquor to 4N_Ga foreground; upstream bauxite/alumina burden excluded from this node. TECHNOLOGY_TRANSFER_VARIANT: foreground process quantities are transferred from the source inventory to BLEECAM topology location; background electricity/geography adjusted where available. SOURCE_PROCESS_LOCATION=CN. TAP_WATER_SIGN_CORRECTED_FOR_LIAISON: tap water production input converted from negative physical-source sign to positive technosphere input; wastewater treatment rows remain negative.",technosphere,CA,RoW,6f427cb8-804f-4c6b-b276-ab83bd2464ce,"tap water production, conventional treatment | tap water | RoW | kg | ecoinvent 3.8"
Bayer liquor refining,"treatment of wastewater, average, capacity 1E9l/year",-1.86,m3,TRUE,2025,"Source: Luo 2025; table=Table 1; row=UP3: resin washing - W2 wastewater; normalization=1.86 ton aqueous waste converted to 1.86 m3 assuming 1000 kg/m3; original_flow=W2 wastewater; luo_unit_process=UP3: resin washing; boundary=Gate-to-gate Luo 2025 foreground inventory from Bayer Liquor treatment through 99.99% primary gallium metal; upstream aluminum extraction/alumina production excluded.; uuid_basis=ecoinvent 3.8 only; confidence=Medium - exact proxy with kg/ton to m3 conversion; uuid_note=Matches Luo Table 1 wastewater treatment proxy. Mass quantities converted to m3 assuming aqueous density of 1000 kg/m3. SOURCE_AUDIT_NOTES: source_note: Luo et al. 2025, Life cycle assessment for primary gallium production at industrial-scale. | source_table: Luo 2025 Table 1 | baseline_scope: Luo_2025_Bayer_liquor_to_4N_Ga MASTER_BOUNDARY_NOTE: Luo 2025 Bayer_liquor to 4N_Ga foreground; upstream bauxite/alumina burden excluded from this node. PROXY_NEEDS_REVIEW. TECHNOLOGY_TRANSFER_VARIANT: foreground process quantities are transferred from the source inventory to BLEECAM topology location; background electricity/geography adjusted where available. SOURCE_PROCESS_LOCATION=CN.",technosphere,CA,RoW,a9f2745f-2e27-44cb-8129-26648d64ce80,"treatment of wastewater, average, capacity 1E9l/year | wastewater, average | RoW | m3 | ecoinvent 3.8"
Bayer liquor refining,sulfuric acid production,56,kg,TRUE,2025,"Source: Luo 2025; table=Table 1; row=UP4: acid making - 98% sulfuric acid; normalization=56 kg per 1 kg 4N_Ga; original_flow=98% sulfuric acid; luo_unit_process=UP4: acid making; boundary=Gate-to-gate Luo 2025 foreground inventory from Bayer Liquor treatment through 99.99% primary gallium metal; upstream aluminum extraction/alumina production excluded.; uuid_basis=ecoinvent 3.8 only; confidence=High - exact ecoinvent 3.8 activity/reference product; uuid_note=Matches Luo Table 1 sulfuric acid production selection, using local ecoinvent 3.8. SOURCE_AUDIT_NOTES: source_note: Luo et al. 2025, Life cycle assessment for primary gallium production at industrial-scale. | source_table: Luo 2025 Table 1 | baseline_scope: Luo_2025_Bayer_liquor_to_4N_Ga MASTER_BOUNDARY_NOTE: Luo 2025 Bayer_liquor to 4N_Ga foreground; upstream bauxite/alumina burden excluded from this node. TECHNOLOGY_TRANSFER_VARIANT: foreground process quantities are transferred from the source inventory to BLEECAM topology location; background electricity/geography adjusted where available. SOURCE_PROCESS_LOCATION=CN.",technosphere,CA,RoW,a69fcb0a-ce51-40be-b74c-ae895861e3bb,sulfuric acid production | sulfuric acid | RoW | kg | ecoinvent 3.8
Bayer liquor refining,"tap water production, conventional treatment",1.65,kg,TRUE,2025,"Source: Luo 2025; table=Table 1; row=UP4: acid making - Water; normalization=1.65 kg per 1 kg 4N_Ga; original_flow=Water; luo_unit_process=UP4: acid making; boundary=Gate-to-gate Luo 2025 foreground inventory from Bayer Liquor treatment through 99.99% primary gallium metal; upstream aluminum extraction/alumina production excluded.; uuid_basis=ecoinvent 3.8 only; confidence=High - exact ecoinvent 3.8 activity/reference product; uuid_note=Matches Luo Table 1 tap water treatment selection, using local ecoinvent 3.8. SOURCE_AUDIT_NOTES: source_note: Luo et al. 2025, Life cycle assessment for primary gallium production at industrial-scale. | source_table: Luo 2025 Table 1 | baseline_scope: Luo_2025_Bayer_liquor_to_4N_Ga MASTER_BOUNDARY_NOTE: Luo 2025 Bayer_liquor to 4N_Ga foreground; upstream bauxite/alumina burden excluded from this node. TECHNOLOGY_TRANSFER_VARIANT: foreground process quantities are transferred from the source inventory to BLEECAM topology location; background electricity/geography adjusted where available. SOURCE_PROCESS_LOCATION=CN. TAP_WATER_SIGN_CORRECTED_FOR_LIAISON: tap water production input converted from negative physical-source sign to positive technosphere input; wastewater treatment rows remain negative.",technosphere,CA,RoW,6f427cb8-804f-4c6b-b276-ab83bd2464ce,"tap water production, conventional treatment | tap water | RoW | kg | ecoinvent 3.8"
Bayer liquor refining,"treatment of wastewater, average, capacity 1E9l/year",-0.329,m3,TRUE,2025,"Source: Luo 2025; table=Table 1; row=UP4: acid making - W3 Salty water; normalization=329 kg aqueous waste converted to 0.329 m3 assuming 1000 kg/m3; original_flow=W3 Salty water; luo_unit_process=UP4: acid making; boundary=Gate-to-gate Luo 2025 foreground inventory from Bayer Liquor treatment through 99.99% primary gallium metal; upstream aluminum extraction/alumina production excluded.; uuid_basis=ecoinvent 3.8 only; confidence=Medium - exact proxy with kg/ton to m3 conversion; uuid_note=Matches Luo Table 1 wastewater treatment proxy. Mass quantities converted to m3 assuming aqueous density of 1000 kg/m3. SOURCE_AUDIT_NOTES: source_note: Luo et al. 2025, Life cycle assessment for primary gallium production at industrial-scale. | source_table: Luo 2025 Table 1 | baseline_scope: Luo_2025_Bayer_liquor_to_4N_Ga MASTER_BOUNDARY_NOTE: Luo 2025 Bayer_liquor to 4N_Ga foreground; upstream bauxite/alumina burden excluded from this node. PROXY_NEEDS_REVIEW. TECHNOLOGY_TRANSFER_VARIANT: foreground process quantities are transferred from the source inventory to BLEECAM topology location; background electricity/geography adjusted where available. SOURCE_PROCESS_LOCATION=CN.",technosphere,CA,RoW,a9f2745f-2e27-44cb-8129-26648d64ce80,"treatment of wastewater, average, capacity 1E9l/year | wastewater, average | RoW | m3 | ecoinvent 3.8"
Bayer liquor refining,"electricity, high voltage, production mix",0.72,kWh,TRUE,2025,"Source: Luo 2025; table=Table 1; row=UP4: acid making - Electricity (cooling for water softening); normalization=0.72 kWh per 1 kg 4N_Ga; original_flow=Electricity (cooling for water softening); luo_unit_process=UP4: acid making; boundary=Gate-to-gate Luo 2025 foreground inventory from Bayer Liquor treatment through 99.99% primary gallium metal; upstream aluminum extraction/alumina production excluded.; uuid_basis=ecoinvent 3.8 only; confidence=Medium - regional proxy review; uuid_note=Luo Table 1 used ecoinvent 3.10 CN-NCGC high-voltage production mix; local ecoinvent 3.8 index has no CN-NCGC. Selected CN-SX production mix because Luo cites a Shanxi EIA data source. Review before publication. SOURCE_AUDIT_NOTES: source_note: Luo et al. 2025, Life cycle assessment for primary gallium production at industrial-scale. | source_table: Luo 2025 Table 1 | baseline_scope: Luo_2025_Bayer_liquor_to_4N_Ga MASTER_BOUNDARY_NOTE: Luo 2025 Bayer_liquor to 4N_Ga foreground; upstream bauxite/alumina burden excluded from this node. PROXY_NEEDS_REVIEW. TECHNOLOGY_TRANSFER_VARIANT: foreground process quantities are transferred from the source inventory to BLEECAM topology location; background electricity/geography adjusted where available. SOURCE_PROCESS_LOCATION=CN. ELECTRICITY_GEOGRAPHY_ADJUSTED_TO_CA: exact ecoinvent 3.8 electricity UUID used for topology process location.",technosphere,CA,CA,77ec2e93-c6a8-441b-b679-ee0b64aa3c63,"market group for electricity, high voltage | electricity, high voltage | CA | kWh | ecoinvent 3.8"
Bayer liquor refining,"electricity, high voltage, production mix",1.35,kWh,TRUE,2025,"Source: Luo 2025; table=Table 1; row=UP4: acid making - Electricity (cooling for acid dilution); normalization=1.35 kWh per 1 kg 4N_Ga; original_flow=Electricity (cooling for acid dilution); luo_unit_process=UP4: acid making; boundary=Gate-to-gate Luo 2025 foreground inventory from Bayer Liquor treatment through 99.99% primary gallium metal; upstream aluminum extraction/alumina production excluded.; uuid_basis=ecoinvent 3.8 only; confidence=Medium - regional proxy review; uuid_note=Luo Table 1 used ecoinvent 3.10 CN-NCGC high-voltage production mix; local ecoinvent 3.8 index has no CN-NCGC. Selected CN-SX production mix because Luo cites a Shanxi EIA data source. Review before publication. SOURCE_AUDIT_NOTES: source_note: Luo et al. 2025, Life cycle assessment for primary gallium production at industrial-scale. | source_table: Luo 2025 Table 1 | baseline_scope: Luo_2025_Bayer_liquor_to_4N_Ga MASTER_BOUNDARY_NOTE: Luo 2025 Bayer_liquor to 4N_Ga foreground; upstream bauxite/alumina burden excluded from this node. PROXY_NEEDS_REVIEW. TECHNOLOGY_TRANSFER_VARIANT: foreground process quantities are transferred from the source inventory to BLEECAM topology location; background electricity/geography adjusted where available. SOURCE_PROCESS_LOCATION=CN. ELECTRICITY_GEOGRAPHY_ADJUSTED_TO_CA: exact ecoinvent 3.8 electricity UUID used for topology process location.",technosphere,CA,CA,77ec2e93-c6a8-441b-b679-ee0b64aa3c63,"market group for electricity, high voltage | electricity, high voltage | CA | kWh | ecoinvent 3.8"
Bayer liquor refining,"electricity, high voltage, production mix",9.9,kWh,TRUE,2025,"Source: Luo 2025; table=Table 1; row=UP4: acid making - Electricity; normalization=9.9 kWh per 1 kg 4N_Ga; original_flow=Electricity; luo_unit_process=UP4: acid making; boundary=Gate-to-gate Luo 2025 foreground inventory from Bayer Liquor treatment through 99.99% primary gallium metal; upstream aluminum extraction/alumina production excluded.; uuid_basis=ecoinvent 3.8 only; confidence=Medium - regional proxy review; uuid_note=Luo Table 1 used ecoinvent 3.10 CN-NCGC high-voltage production mix; local ecoinvent 3.8 index has no CN-NCGC. Selected CN-SX production mix because Luo cites a Shanxi EIA data source. Review before publication. SOURCE_AUDIT_NOTES: source_note: Luo et al. 2025, Life cycle assessment for primary gallium production at industrial-scale. | source_table: Luo 2025 Table 1 | baseline_scope: Luo_2025_Bayer_liquor_to_4N_Ga MASTER_BOUNDARY_NOTE: Luo 2025 Bayer_liquor to 4N_Ga foreground; upstream bauxite/alumina burden excluded from this node. PROXY_NEEDS_REVIEW. TECHNOLOGY_TRANSFER_VARIANT: foreground process quantities are transferred from the source inventory to BLEECAM topology location; background electricity/geography adjusted where available. SOURCE_PROCESS_LOCATION=CN. ELECTRICITY_GEOGRAPHY_ADJUSTED_TO_CA: exact ecoinvent 3.8 electricity UUID used for topology process location.",technosphere,CA,CA,77ec2e93-c6a8-441b-b679-ee0b64aa3c63,"market group for electricity, high voltage | electricity, high voltage | CA | kWh | ecoinvent 3.8"
Bayer liquor refining,"electricity, high voltage, production mix",4.55,kWh,TRUE,2025,"Source: Luo 2025; table=Table 1; row=UP5: leaching - Electricity; normalization=4.55 kWh per 1 kg 4N_Ga; original_flow=Electricity; luo_unit_process=UP5: leaching; boundary=Gate-to-gate Luo 2025 foreground inventory from Bayer Liquor treatment through 99.99% primary gallium metal; upstream aluminum extraction/alumina production excluded.; uuid_basis=ecoinvent 3.8 only; confidence=Medium - regional proxy review; uuid_note=Luo Table 1 used ecoinvent 3.10 CN-NCGC high-voltage production mix; local ecoinvent 3.8 index has no CN-NCGC. Selected CN-SX production mix because Luo cites a Shanxi EIA data source. Review before publication. SOURCE_AUDIT_NOTES: source_note: Luo et al. 2025, Life cycle assessment for primary gallium production at industrial-scale. | source_table: Luo 2025 Table 1 | baseline_scope: Luo_2025_Bayer_liquor_to_4N_Ga MASTER_BOUNDARY_NOTE: Luo 2025 Bayer_liquor to 4N_Ga foreground; upstream bauxite/alumina burden excluded from this node. PROXY_NEEDS_REVIEW. TECHNOLOGY_TRANSFER_VARIANT: foreground process quantities are transferred from the source inventory to BLEECAM topology location; background electricity/geography adjusted where available. SOURCE_PROCESS_LOCATION=CN. ELECTRICITY_GEOGRAPHY_ADJUSTED_TO_CA: exact ecoinvent 3.8 electricity UUID used for topology process location.",technosphere,CA,CA,77ec2e93-c6a8-441b-b679-ee0b64aa3c63,"market group for electricity, high voltage | electricity, high voltage | CA | kWh | ecoinvent 3.8"
Bayer liquor refining,"electricity, high voltage, production mix",26.1,kWh,TRUE,2025,"Source: Luo 2025; table=Table 1; row=UP5: leaching - Electricity (cooling for leaching); normalization=26.1 kWh per 1 kg 4N_Ga; original_flow=Electricity (cooling for leaching); luo_unit_process=UP5: leaching; boundary=Gate-to-gate Luo 2025 foreground inventory from Bayer Liquor treatment through 99.99% primary gallium metal; upstream aluminum extraction/alumina production excluded.; uuid_basis=ecoinvent 3.8 only; confidence=Medium - regional proxy review; uuid_note=Luo Table 1 used ecoinvent 3.10 CN-NCGC high-voltage production mix; local ecoinvent 3.8 index has no CN-NCGC. Selected CN-SX production mix because Luo cites a Shanxi EIA data source. Review before publication. SOURCE_AUDIT_NOTES: source_note: Luo et al. 2025, Life cycle assessment for primary gallium production at industrial-scale. | source_table: Luo 2025 Table 1 | baseline_scope: Luo_2025_Bayer_liquor_to_4N_Ga MASTER_BOUNDARY_NOTE: Luo 2025 Bayer_liquor to 4N_Ga foreground; upstream bauxite/alumina burden excluded from this node. PROXY_NEEDS_REVIEW. TECHNOLOGY_TRANSFER_VARIANT: foreground process quantities are transferred from the source inventory to BLEECAM topology location; background electricity/geography adjusted where available. SOURCE_PROCESS_LOCATION=CN. ELECTRICITY_GEOGRAPHY_ADJUSTED_TO_CA: exact ecoinvent 3.8 electricity UUID used for topology process location.",technosphere,CA,CA,77ec2e93-c6a8-441b-b679-ee0b64aa3c63,"market group for electricity, high voltage | electricity, high voltage | CA | kWh | ecoinvent 3.8"
Bayer liquor refining,"tap water production, conventional treatment",30.9,kg,TRUE,2025,"Source: Luo 2025; table=Table 1; row=UP6: resin regeneration - Water; normalization=30.9 kg per 1 kg 4N_Ga; original_flow=Water; luo_unit_process=UP6: resin regeneration; boundary=Gate-to-gate Luo 2025 foreground inventory from Bayer Liquor treatment through 99.99% primary gallium metal; upstream aluminum extraction/alumina production excluded.; uuid_basis=ecoinvent 3.8 only; confidence=High - exact ecoinvent 3.8 activity/reference product; uuid_note=Matches Luo Table 1 tap water treatment selection, using local ecoinvent 3.8. SOURCE_AUDIT_NOTES: source_note: Luo et al. 2025, Life cycle assessment for primary gallium production at industrial-scale. | source_table: Luo 2025 Table 1 | baseline_scope: Luo_2025_Bayer_liquor_to_4N_Ga MASTER_BOUNDARY_NOTE: Luo 2025 Bayer_liquor to 4N_Ga foreground; upstream bauxite/alumina burden excluded from this node. TECHNOLOGY_TRANSFER_VARIANT: foreground process quantities are transferred from the source inventory to BLEECAM topology location; background electricity/geography adjusted where available. SOURCE_PROCESS_LOCATION=CN. TAP_WATER_SIGN_CORRECTED_FOR_LIAISON: tap water production input converted from negative physical-source sign to positive technosphere input; wastewater treatment rows remain negative.",technosphere,CA,RoW,6f427cb8-804f-4c6b-b276-ab83bd2464ce,"tap water production, conventional treatment | tap water | RoW | kg | ecoinvent 3.8"
Bayer liquor refining,"treatment of inert waste, inert material landfill",-1.8,kg,TRUE,2025,"Source: Luo 2025; table=Table 1; row=UP6: resin regeneration - S2 used resin; normalization=1.8 kg per 1 kg 4N_Ga; original_flow=S2 used resin; luo_unit_process=UP6: resin regeneration; boundary=Gate-to-gate Luo 2025 foreground inventory from Bayer Liquor treatment through 99.99% primary gallium metal; upstream aluminum extraction/alumina production excluded.; uuid_basis=ecoinvent 3.8 only; confidence=Medium - proxy for Luo chemical waste, inert; uuid_note=Local ecoinvent 3.8 has no exact 'chemical waste, inert'; selected inert waste landfill proxy.; peer_review_flag=waste proxy SOURCE_AUDIT_NOTES: source_note: Luo et al. 2025, Life cycle assessment for primary gallium production at industrial-scale. | source_table: Luo 2025 Table 1 | baseline_scope: Luo_2025_Bayer_liquor_to_4N_Ga MASTER_BOUNDARY_NOTE: Luo 2025 Bayer_liquor to 4N_Ga foreground; upstream bauxite/alumina burden excluded from this node. PROXY_NEEDS_REVIEW. TECHNOLOGY_TRANSFER_VARIANT: foreground process quantities are transferred from the source inventory to BLEECAM topology location; background electricity/geography adjusted where available. SOURCE_PROCESS_LOCATION=CN.",technosphere,CA,RoW,561ca14c-12cb-4e61-91ae-1f53a250eaa8,"treatment of inert waste, inert material landfill | inert waste, for final disposal | RoW | kg | ecoinvent 3.8"
Bayer liquor refining,"electricity, high voltage, production mix",1.98,kWh,TRUE,2025,"Source: Luo 2025; table=Table 1; row=UP6: resin regeneration - Electricity; normalization=1.98 kWh per 1 kg 4N_Ga; original_flow=Electricity; luo_unit_process=UP6: resin regeneration; boundary=Gate-to-gate Luo 2025 foreground inventory from Bayer Liquor treatment through 99.99% primary gallium metal; upstream aluminum extraction/alumina production excluded.; uuid_basis=ecoinvent 3.8 only; confidence=Medium - regional proxy review; uuid_note=Luo Table 1 used ecoinvent 3.10 CN-NCGC high-voltage production mix; local ecoinvent 3.8 index has no CN-NCGC. Selected CN-SX production mix because Luo cites a Shanxi EIA data source. Review before publication. SOURCE_AUDIT_NOTES: source_note: Luo et al. 2025, Life cycle assessment for primary gallium production at industrial-scale. | source_table: Luo 2025 Table 1 | baseline_scope: Luo_2025_Bayer_liquor_to_4N_Ga MASTER_BOUNDARY_NOTE: Luo 2025 Bayer_liquor to 4N_Ga foreground; upstream bauxite/alumina burden excluded from this node. PROXY_NEEDS_REVIEW. TECHNOLOGY_TRANSFER_VARIANT: foreground process quantities are transferred from the source inventory to BLEECAM topology location; background electricity/geography adjusted where available. SOURCE_PROCESS_LOCATION=CN. ELECTRICITY_GEOGRAPHY_ADJUSTED_TO_CA: exact ecoinvent 3.8 electricity UUID used for topology process location.",technosphere,CA,CA,77ec2e93-c6a8-441b-b679-ee0b64aa3c63,"market group for electricity, high voltage | electricity, high voltage | CA | kWh | ecoinvent 3.8"
Bayer liquor refining,"market for sodium hydroxide, without water, in 50% solution state",44.84,kg,TRUE,2025,"Source: Luo 2025; table=Table 1; row=UP7: precipitation - NaOH; normalization=44.84 kg per 1 kg 4N_Ga; original_flow=NaOH; luo_unit_process=UP7: precipitation; boundary=Gate-to-gate Luo 2025 foreground inventory from Bayer Liquor treatment through 99.99% primary gallium metal; upstream aluminum extraction/alumina production excluded.; uuid_basis=ecoinvent 3.8 only; confidence=High - exact ecoinvent 3.8 activity/reference product; uuid_note=Matches Luo Table 1 sodium hydroxide selection, using local ecoinvent 3.8. SOURCE_AUDIT_NOTES: source_note: Luo et al. 2025, Life cycle assessment for primary gallium production at industrial-scale. | source_table: Luo 2025 Table 1 | baseline_scope: Luo_2025_Bayer_liquor_to_4N_Ga MASTER_BOUNDARY_NOTE: Luo 2025 Bayer_liquor to 4N_Ga foreground; upstream bauxite/alumina burden excluded from this node. TECHNOLOGY_TRANSFER_VARIANT: foreground process quantities are transferred from the source inventory to BLEECAM topology location; background electricity/geography adjusted where available. SOURCE_PROCESS_LOCATION=CN.",technosphere,CA,GLO,ad2f7e9a-4886-4d71-966d-d529bcc7587f,"market for sodium hydroxide, without water, in 50% solution state | sodium hydroxide, without water, in 50% solution state | GLO | kg | ecoinvent 3.8"
Bayer liquor refining,"treatment of wastewater, average, capacity 1E9l/year",-1.25,m3,TRUE,2025,"Source: Luo 2025; table=Table 1; row=UP7: precipitation - W4 centrifugate solution; normalization=1.25 ton aqueous waste converted to 1.25 m3 assuming 1000 kg/m3; original_flow=W4 centrifugate solution; luo_unit_process=UP7: precipitation; boundary=Gate-to-gate Luo 2025 foreground inventory from Bayer Liquor treatment through 99.99% primary gallium metal; upstream aluminum extraction/alumina production excluded.; uuid_basis=ecoinvent 3.8 only; confidence=Medium - exact proxy with kg/ton to m3 conversion; uuid_note=Matches Luo Table 1 wastewater treatment proxy. Mass quantities converted to m3 assuming aqueous density of 1000 kg/m3. SOURCE_AUDIT_NOTES: source_note: Luo et al. 2025, Life cycle assessment for primary gallium production at industrial-scale. | source_table: Luo 2025 Table 1 | baseline_scope: Luo_2025_Bayer_liquor_to_4N_Ga MASTER_BOUNDARY_NOTE: Luo 2025 Bayer_liquor to 4N_Ga foreground; upstream bauxite/alumina burden excluded from this node. PROXY_NEEDS_REVIEW. TECHNOLOGY_TRANSFER_VARIANT: foreground process quantities are transferred from the source inventory to BLEECAM topology location; background electricity/geography adjusted where available. SOURCE_PROCESS_LOCATION=CN.",technosphere,CA,RoW,a9f2745f-2e27-44cb-8129-26648d64ce80,"treatment of wastewater, average, capacity 1E9l/year | wastewater, average | RoW | m3 | ecoinvent 3.8"
Bayer liquor refining,"electricity, high voltage, production mix",4.75,kWh,TRUE,2025,"Source: Luo 2025; table=Table 1; row=UP7: precipitation - Electricity; normalization=4.75 kWh per 1 kg 4N_Ga; original_flow=Electricity; luo_unit_process=UP7: precipitation; boundary=Gate-to-gate Luo 2025 foreground inventory from Bayer Liquor treatment through 99.99% primary gallium metal; upstream aluminum extraction/alumina production excluded.; uuid_basis=ecoinvent 3.8 only; confidence=Medium - regional proxy review; uuid_note=Luo Table 1 used ecoinvent 3.10 CN-NCGC high-voltage production mix; local ecoinvent 3.8 index has no CN-NCGC. Selected CN-SX production mix because Luo cites a Shanxi EIA data source. Review before publication. SOURCE_AUDIT_NOTES: source_note: Luo et al. 2025, Life cycle assessment for primary gallium production at industrial-scale. | source_table: Luo 2025 Table 1 | baseline_scope: Luo_2025_Bayer_liquor_to_4N_Ga MASTER_BOUNDARY_NOTE: Luo 2025 Bayer_liquor to 4N_Ga foreground; upstream bauxite/alumina burden excluded from this node. PROXY_NEEDS_REVIEW. TECHNOLOGY_TRANSFER_VARIANT: foreground process quantities are transferred from the source inventory to BLEECAM topology location; background electricity/geography adjusted where available. SOURCE_PROCESS_LOCATION=CN. ELECTRICITY_GEOGRAPHY_ADJUSTED_TO_CA: exact ecoinvent 3.8 electricity UUID used for topology process location.",technosphere,CA,CA,77ec2e93-c6a8-441b-b679-ee0b64aa3c63,"market group for electricity, high voltage | electricity, high voltage | CA | kWh | ecoinvent 3.8"
Bayer liquor refining,"electricity, high voltage, production mix",1.81,kWh,TRUE,2025,"Source: Luo 2025; table=Table 1; row=UP7: precipitation - Electricity (cooling for alkali dilution); normalization=1.81 kWh per 1 kg 4N_Ga; original_flow=Electricity (cooling for alkali dilution); luo_unit_process=UP7: precipitation; boundary=Gate-to-gate Luo 2025 foreground inventory from Bayer Liquor treatment through 99.99% primary gallium metal; upstream aluminum extraction/alumina production excluded.; uuid_basis=ecoinvent 3.8 only; confidence=Medium - regional proxy review; uuid_note=Luo Table 1 used ecoinvent 3.10 CN-NCGC high-voltage production mix; local ecoinvent 3.8 index has no CN-NCGC. Selected CN-SX production mix because Luo cites a Shanxi EIA data source. Review before publication. SOURCE_AUDIT_NOTES: source_note: Luo et al. 2025, Life cycle assessment for primary gallium production at industrial-scale. | source_table: Luo 2025 Table 1 | baseline_scope: Luo_2025_Bayer_liquor_to_4N_Ga MASTER_BOUNDARY_NOTE: Luo 2025 Bayer_liquor to 4N_Ga foreground; upstream bauxite/alumina burden excluded from this node. PROXY_NEEDS_REVIEW. TECHNOLOGY_TRANSFER_VARIANT: foreground process quantities are transferred from the source inventory to BLEECAM topology location; background electricity/geography adjusted where available. SOURCE_PROCESS_LOCATION=CN. ELECTRICITY_GEOGRAPHY_ADJUSTED_TO_CA: exact ecoinvent 3.8 electricity UUID used for topology process location.",technosphere,CA,CA,77ec2e93-c6a8-441b-b679-ee0b64aa3c63,"market group for electricity, high voltage | electricity, high voltage | CA | kWh | ecoinvent 3.8"
Bayer liquor refining,"market for steam, in chemical industry",32.25,kg,TRUE,2025,"Source: Luo 2025; table=Table 1; row=UP8: purification - Steam; normalization=32.25 kg per 1 kg 4N_Ga; original_flow=Steam; luo_unit_process=UP8: purification; boundary=Gate-to-gate Luo 2025 foreground inventory from Bayer Liquor treatment through 99.99% primary gallium metal; upstream aluminum extraction/alumina production excluded.; uuid_basis=ecoinvent 3.8 only; confidence=High - exact ecoinvent 3.8 activity/reference product; uuid_note=Matches Luo Table 1 steam market selection, using local ecoinvent 3.8.; peer_review_flag=Luo UP8 purification is within 4N route, not topology High-purity gallium refining SOURCE_AUDIT_NOTES: source_note: Luo et al. 2025, Life cycle assessment for primary gallium production at industrial-scale. | source_table: Luo 2025 Table 1 | baseline_scope: Luo_2025_Bayer_liquor_to_4N_Ga MASTER_BOUNDARY_NOTE: Luo 2025 Bayer_liquor to 4N_Ga foreground; upstream bauxite/alumina burden excluded from this node. TECHNOLOGY_TRANSFER_VARIANT: foreground process quantities are transferred from the source inventory to BLEECAM topology location; background electricity/geography adjusted where available. SOURCE_PROCESS_LOCATION=CN.",technosphere,CA,RoW,a2ce87fa-33d1-4017-9050-341bfd06213e,"market for steam, in chemical industry | steam, in chemical industry | RoW | kg | ecoinvent 3.8"
Bayer liquor refining,"market for quicklime, milled, loose",2,kg,TRUE,2025,"Source: Luo 2025; table=Table 1; row=UP8: purification - CaO; normalization=2 kg per 1 kg 4N_Ga; original_flow=CaO; luo_unit_process=UP8: purification; boundary=Gate-to-gate Luo 2025 foreground inventory from Bayer Liquor treatment through 99.99% primary gallium metal; upstream aluminum extraction/alumina production excluded.; uuid_basis=ecoinvent 3.8 only; confidence=High - exact ecoinvent 3.8 activity/reference product; uuid_note=Matches Luo Table 1 quicklime market selection, using local ecoinvent 3.8.; peer_review_flag=Luo UP8 purification is within 4N route, not topology High-purity gallium refining SOURCE_AUDIT_NOTES: source_note: Luo et al. 2025, Life cycle assessment for primary gallium production at industrial-scale. | source_table: Luo 2025 Table 1 | baseline_scope: Luo_2025_Bayer_liquor_to_4N_Ga MASTER_BOUNDARY_NOTE: Luo 2025 Bayer_liquor to 4N_Ga foreground; upstream bauxite/alumina burden excluded from this node. TECHNOLOGY_TRANSFER_VARIANT: foreground process quantities are transferred from the source inventory to BLEECAM topology location; background electricity/geography adjusted where available. SOURCE_PROCESS_LOCATION=CN.",technosphere,CA,RoW,2aa427f7-ab97-4bd1-8abc-471f53a63db6,"market for quicklime, milled, loose | quicklime, milled, loose | RoW | kg | ecoinvent 3.8"
Bayer liquor refining,"market for sodium hydroxide, without water, in 50% solution state",44.16,kg,TRUE,2025,"Source: Luo 2025; table=Table 1; row=UP8: purification - NaOH; normalization=44.16 kg per 1 kg 4N_Ga; original_flow=NaOH; luo_unit_process=UP8: purification; boundary=Gate-to-gate Luo 2025 foreground inventory from Bayer Liquor treatment through 99.99% primary gallium metal; upstream aluminum extraction/alumina production excluded.; uuid_basis=ecoinvent 3.8 only; confidence=High - exact ecoinvent 3.8 activity/reference product; uuid_note=Matches Luo Table 1 sodium hydroxide selection, using local ecoinvent 3.8.; peer_review_flag=Luo UP8 purification is within 4N route, not topology High-purity gallium refining SOURCE_AUDIT_NOTES: source_note: Luo et al. 2025, Life cycle assessment for primary gallium production at industrial-scale. | source_table: Luo 2025 Table 1 | baseline_scope: Luo_2025_Bayer_liquor_to_4N_Ga MASTER_BOUNDARY_NOTE: Luo 2025 Bayer_liquor to 4N_Ga foreground; upstream bauxite/alumina burden excluded from this node. TECHNOLOGY_TRANSFER_VARIANT: foreground process quantities are transferred from the source inventory to BLEECAM topology location; background electricity/geography adjusted where available. SOURCE_PROCESS_LOCATION=CN.",technosphere,CA,GLO,ad2f7e9a-4886-4d71-966d-d529bcc7587f,"market for sodium hydroxide, without water, in 50% solution state | sodium hydroxide, without water, in 50% solution state | GLO | kg | ecoinvent 3.8"
Bayer liquor refining,"treatment of wastewater, average, capacity 1E9l/year",-0.03225,m3,TRUE,2025,"Source: Luo 2025; table=Table 1; row=UP8: purification - W5 condensate water; normalization=32.25 kg aqueous waste converted to 0.03225 m3 assuming 1000 kg/m3; original_flow=W5 condensate water; luo_unit_process=UP8: purification; boundary=Gate-to-gate Luo 2025 foreground inventory from Bayer Liquor treatment through 99.99% primary gallium metal; upstream aluminum extraction/alumina production excluded.; uuid_basis=ecoinvent 3.8 only; confidence=Medium - exact proxy with kg/ton to m3 conversion; uuid_note=Matches Luo Table 1 wastewater treatment proxy. Mass quantities converted to m3 assuming aqueous density of 1000 kg/m3.; peer_review_flag=Luo UP8 purification is within 4N route, not topology High-purity gallium refining SOURCE_AUDIT_NOTES: source_note: Luo et al. 2025, Life cycle assessment for primary gallium production at industrial-scale. | source_table: Luo 2025 Table 1 | baseline_scope: Luo_2025_Bayer_liquor_to_4N_Ga MASTER_BOUNDARY_NOTE: Luo 2025 Bayer_liquor to 4N_Ga foreground; upstream bauxite/alumina burden excluded from this node. PROXY_NEEDS_REVIEW. TECHNOLOGY_TRANSFER_VARIANT: foreground process quantities are transferred from the source inventory to BLEECAM topology location; background electricity/geography adjusted where available. SOURCE_PROCESS_LOCATION=CN.",technosphere,CA,RoW,a9f2745f-2e27-44cb-8129-26648d64ce80,"treatment of wastewater, average, capacity 1E9l/year | wastewater, average | RoW | m3 | ecoinvent 3.8"
Bayer liquor refining,"treatment of limestone residue, inert material landfill",-2.4,kg,TRUE,2025,"Source: Luo 2025; table=Table 1; row=UP8: purification - S3 filter cake (CaCO3); normalization=2.4 kg per 1 kg 4N_Ga; original_flow=S3 filter cake (CaCO3); luo_unit_process=UP8: purification; boundary=Gate-to-gate Luo 2025 foreground inventory from Bayer Liquor treatment through 99.99% primary gallium metal; upstream aluminum extraction/alumina production excluded.; uuid_basis=ecoinvent 3.8 only; confidence=Medium - proxy for Luo limestone waste; uuid_note=Matches limestone-residue treatment proxy in local ecoinvent 3.8.; peer_review_flag=waste proxy; Luo UP8 is within 4N route SOURCE_AUDIT_NOTES: source_note: Luo et al. 2025, Life cycle assessment for primary gallium production at industrial-scale. | source_table: Luo 2025 Table 1 | baseline_scope: Luo_2025_Bayer_liquor_to_4N_Ga MASTER_BOUNDARY_NOTE: Luo 2025 Bayer_liquor to 4N_Ga foreground; upstream bauxite/alumina burden excluded from this node. PROXY_NEEDS_REVIEW. TECHNOLOGY_TRANSFER_VARIANT: foreground process quantities are transferred from the source inventory to BLEECAM topology location; background electricity/geography adjusted where available. SOURCE_PROCESS_LOCATION=CN.",technosphere,CA,RoW,b9220742-1ac0-47ca-bf1a-acd2257508cb,"treatment of limestone residue, inert material landfill | limestone residue | RoW | kg | ecoinvent 3.8"
Bayer liquor refining,"electricity, high voltage, production mix",1.81,kWh,TRUE,2025,"Source: Luo 2025; table=Table 1; row=UP8: purification - Electricity (cooling for alkali dilution); normalization=1.81 kWh per 1 kg 4N_Ga; original_flow=Electricity (cooling for alkali dilution); luo_unit_process=UP8: purification; boundary=Gate-to-gate Luo 2025 foreground inventory from Bayer Liquor treatment through 99.99% primary gallium metal; upstream aluminum extraction/alumina production excluded.; uuid_basis=ecoinvent 3.8 only; confidence=Medium - regional proxy review; uuid_note=Luo Table 1 used ecoinvent 3.10 CN-NCGC high-voltage production mix; local ecoinvent 3.8 index has no CN-NCGC. Selected CN-SX production mix because Luo cites a Shanxi EIA data source. Review before publication.; peer_review_flag=Luo UP8 is within 4N route SOURCE_AUDIT_NOTES: source_note: Luo et al. 2025, Life cycle assessment for primary gallium production at industrial-scale. | source_table: Luo 2025 Table 1 | baseline_scope: Luo_2025_Bayer_liquor_to_4N_Ga MASTER_BOUNDARY_NOTE: Luo 2025 Bayer_liquor to 4N_Ga foreground; upstream bauxite/alumina burden excluded from this node. PROXY_NEEDS_REVIEW. TECHNOLOGY_TRANSFER_VARIANT: foreground process quantities are transferred from the source inventory to BLEECAM topology location; background electricity/geography adjusted where available. SOURCE_PROCESS_LOCATION=CN. ELECTRICITY_GEOGRAPHY_ADJUSTED_TO_CA: exact ecoinvent 3.8 electricity UUID used for topology process location.",technosphere,CA,CA,77ec2e93-c6a8-441b-b679-ee0b64aa3c63,"market group for electricity, high voltage | electricity, high voltage | CA | kWh | ecoinvent 3.8"
Bayer liquor refining,"electricity, high voltage, production mix",13.27,kWh,TRUE,2025,"Source: Luo 2025; table=Table 1; row=UP8: purification - Electricity; normalization=13.27 kWh per 1 kg 4N_Ga; original_flow=Electricity; luo_unit_process=UP8: purification; boundary=Gate-to-gate Luo 2025 foreground inventory from Bayer Liquor treatment through 99.99% primary gallium metal; upstream aluminum extraction/alumina production excluded.; uuid_basis=ecoinvent 3.8 only; confidence=Medium - regional proxy review; uuid_note=Luo Table 1 used ecoinvent 3.10 CN-NCGC high-voltage production mix; local ecoinvent 3.8 index has no CN-NCGC. Selected CN-SX production mix because Luo cites a Shanxi EIA data source. Review before publication.; peer_review_flag=Luo UP8 is within 4N route SOURCE_AUDIT_NOTES: source_note: Luo et al. 2025, Life cycle assessment for primary gallium production at industrial-scale. | source_table: Luo 2025 Table 1 | baseline_scope: Luo_2025_Bayer_liquor_to_4N_Ga MASTER_BOUNDARY_NOTE: Luo 2025 Bayer_liquor to 4N_Ga foreground; upstream bauxite/alumina burden excluded from this node. PROXY_NEEDS_REVIEW. TECHNOLOGY_TRANSFER_VARIANT: foreground process quantities are transferred from the source inventory to BLEECAM topology location; background electricity/geography adjusted where available. SOURCE_PROCESS_LOCATION=CN. ELECTRICITY_GEOGRAPHY_ADJUSTED_TO_CA: exact ecoinvent 3.8 electricity UUID used for topology process location.",technosphere,CA,CA,77ec2e93-c6a8-441b-b679-ee0b64aa3c63,"market group for electricity, high voltage | electricity, high voltage | CA | kWh | ecoinvent 3.8"
Bayer liquor refining,"electricity, high voltage, production mix",3.86,kWh,TRUE,2025,"Source: Luo 2025; table=Table 1; row=UP9: electrolysis - Electricity; normalization=3.86 kWh per 1 kg 4N_Ga; original_flow=Electricity; luo_unit_process=UP9: electrolysis; boundary=Gate-to-gate Luo 2025 foreground inventory from Bayer Liquor treatment through 99.99% primary gallium metal; upstream aluminum extraction/alumina production excluded.; uuid_basis=ecoinvent 3.8 only; confidence=Medium - regional proxy review; uuid_note=Luo Table 1 used ecoinvent 3.10 CN-NCGC high-voltage production mix; local ecoinvent 3.8 index has no CN-NCGC. Selected CN-SX production mix because Luo cites a Shanxi EIA data source. Review before publication. SOURCE_AUDIT_NOTES: source_note: Luo et al. 2025, Life cycle assessment for primary gallium production at industrial-scale. | source_table: Luo 2025 Table 1 | baseline_scope: Luo_2025_Bayer_liquor_to_4N_Ga MASTER_BOUNDARY_NOTE: Luo 2025 Bayer_liquor to 4N_Ga foreground; upstream bauxite/alumina burden excluded from this node. PROXY_NEEDS_REVIEW. TECHNOLOGY_TRANSFER_VARIANT: foreground process quantities are transferred from the source inventory to BLEECAM topology location; background electricity/geography adjusted where available. SOURCE_PROCESS_LOCATION=CN. ELECTRICITY_GEOGRAPHY_ADJUSTED_TO_CA: exact ecoinvent 3.8 electricity UUID used for topology process location.",technosphere,CA,CA,77ec2e93-c6a8-441b-b679-ee0b64aa3c63,"market group for electricity, high voltage | electricity, high voltage | CA | kWh | ecoinvent 3.8"
Bayer liquor refining,"treatment of wastewater, average, capacity 1E9l/year",-0.2633,m3,TRUE,2025,"Source: Luo 2025; table=Table 1; row=UP9: electrolysis - W6 electrolysis waste; normalization=263.3 kg aqueous waste converted to 0.2633 m3 assuming 1000 kg/m3; original_flow=W6 electrolysis waste; luo_unit_process=UP9: electrolysis; boundary=Gate-to-gate Luo 2025 foreground inventory from Bayer Liquor treatment through 99.99% primary gallium metal; upstream aluminum extraction/alumina production excluded.; uuid_basis=ecoinvent 3.8 only; confidence=Medium - exact proxy with kg/ton to m3 conversion; uuid_note=Matches Luo Table 1 wastewater treatment proxy. Mass quantities converted to m3 assuming aqueous density of 1000 kg/m3. SOURCE_AUDIT_NOTES: source_note: Luo et al. 2025, Life cycle assessment for primary gallium production at industrial-scale. | source_table: Luo 2025 Table 1 | baseline_scope: Luo_2025_Bayer_liquor_to_4N_Ga MASTER_BOUNDARY_NOTE: Luo 2025 Bayer_liquor to 4N_Ga foreground; upstream bauxite/alumina burden excluded from this node. PROXY_NEEDS_REVIEW. TECHNOLOGY_TRANSFER_VARIANT: foreground process quantities are transferred from the source inventory to BLEECAM topology location; background electricity/geography adjusted where available. SOURCE_PROCESS_LOCATION=CN.",technosphere,CA,RoW,a9f2745f-2e27-44cb-8129-26648d64ce80,"treatment of wastewater, average, capacity 1E9l/year | wastewater, average | RoW | m3 | ecoinvent 3.8"
Bayer liquor refining,"market for hydrochloric acid, without water, in 30% solution state",0.012,kg,TRUE,2025,"Source: Luo 2025; table=Table 1; row=UP10: refining - 36% HCl; normalization=0.012 kg per 1 kg 4N_Ga; original_flow=36% HCl; luo_unit_process=UP10: refining; boundary=Gate-to-gate Luo 2025 foreground inventory from Bayer Liquor treatment through 99.99% primary gallium metal; upstream aluminum extraction/alumina production excluded.; uuid_basis=ecoinvent 3.8 only; confidence=High - exact ecoinvent 3.8 activity/reference product; uuid_note=Matches Luo Table 1 hydrochloric acid market selection, using local ecoinvent 3.8.; peer_review_flag=Luo UP10 refining is within 4N route, not topology High-purity gallium refining SOURCE_AUDIT_NOTES: source_note: Luo et al. 2025, Life cycle assessment for primary gallium production at industrial-scale. | source_table: Luo 2025 Table 1 | baseline_scope: Luo_2025_Bayer_liquor_to_4N_Ga MASTER_BOUNDARY_NOTE: Luo 2025 Bayer_liquor to 4N_Ga foreground; upstream bauxite/alumina burden excluded from this node. TECHNOLOGY_TRANSFER_VARIANT: foreground process quantities are transferred from the source inventory to BLEECAM topology location; background electricity/geography adjusted where available. SOURCE_PROCESS_LOCATION=CN.",technosphere,CA,RoW,e80fb7a7-7dac-4f03-a973-3dc4e59518f4,"market for hydrochloric acid, without water, in 30% solution state | hydrochloric acid, without water, in 30% solution state | RoW | kg | ecoinvent 3.8"
Bayer liquor refining,"electricity, high voltage, production mix",0.29,kWh,TRUE,2025,"Source: Luo 2025; table=Table 1; row=UP10: refining - Electricity; normalization=0.29 kWh per 1 kg 4N_Ga; original_flow=Electricity; luo_unit_process=UP10: refining; boundary=Gate-to-gate Luo 2025 foreground inventory from Bayer Liquor treatment through 99.99% primary gallium metal; upstream aluminum extraction/alumina production excluded.; uuid_basis=ecoinvent 3.8 only; confidence=Medium - regional proxy review; uuid_note=Luo Table 1 used ecoinvent 3.10 CN-NCGC high-voltage production mix; local ecoinvent 3.8 index has no CN-NCGC. Selected CN-SX production mix because Luo cites a Shanxi EIA data source. Review before publication.; peer_review_flag=Luo UP10 refining is within 4N route SOURCE_AUDIT_NOTES: source_note: Luo et al. 2025, Life cycle assessment for primary gallium production at industrial-scale. | source_table: Luo 2025 Table 1 | baseline_scope: Luo_2025_Bayer_liquor_to_4N_Ga MASTER_BOUNDARY_NOTE: Luo 2025 Bayer_liquor to 4N_Ga foreground; upstream bauxite/alumina burden excluded from this node. PROXY_NEEDS_REVIEW. TECHNOLOGY_TRANSFER_VARIANT: foreground process quantities are transferred from the source inventory to BLEECAM topology location; background electricity/geography adjusted where available. SOURCE_PROCESS_LOCATION=CN. ELECTRICITY_GEOGRAPHY_ADJUSTED_TO_CA: exact ecoinvent 3.8 electricity UUID used for topology process location.",technosphere,CA,CA,77ec2e93-c6a8-441b-b679-ee0b64aa3c63,"market group for electricity, high voltage | electricity, high voltage | CA | kWh | ecoinvent 3.8"
Bayer liquor refining,"treatment of wastewater, average, capacity 1E9l/year",-1.80E-05,m3,TRUE,2025,"Source: Luo 2025; table=Table 1; row=UP10: refining - W7 refining waste; normalization=0.018 kg aqueous waste converted to 1.8e-05 m3 assuming 1000 kg/m3; original_flow=W7 refining waste; luo_unit_process=UP10: refining; boundary=Gate-to-gate Luo 2025 foreground inventory from Bayer Liquor treatment through 99.99% primary gallium metal; upstream aluminum extraction/alumina production excluded.; uuid_basis=ecoinvent 3.8 only; confidence=Medium - exact proxy with kg/ton to m3 conversion; uuid_note=Matches Luo Table 1 wastewater treatment proxy. Mass quantities converted to m3 assuming aqueous density of 1000 kg/m3.; peer_review_flag=Luo UP10 refining is within 4N route SOURCE_AUDIT_NOTES: source_note: Luo et al. 2025, Life cycle assessment for primary gallium production at industrial-scale. | source_table: Luo 2025 Table 1 | baseline_scope: Luo_2025_Bayer_liquor_to_4N_Ga MASTER_BOUNDARY_NOTE: Luo 2025 Bayer_liquor to 4N_Ga foreground; upstream bauxite/alumina burden excluded from this node. PROXY_NEEDS_REVIEW. TECHNOLOGY_TRANSFER_VARIANT: foreground process quantities are transferred from the source inventory to BLEECAM topology location; background electricity/geography adjusted where available. SOURCE_PROCESS_LOCATION=CN.",technosphere,CA,RoW,a9f2745f-2e27-44cb-8129-26648d64ce80,"treatment of wastewater, average, capacity 1E9l/year | wastewater, average | RoW | m3 | ecoinvent 3.8"
Bayer liquor refining,4N_Ga,1,kg,FALSE,2025,"Source: Luo 2025; table=Table 1; row=Final product - Ga metal (99.99%); normalization=1 kg per 1 kg 4N_Ga; original_flow=Ga metal (99.99%); luo_unit_process=Final product; boundary=Gate-to-gate Luo 2025 foreground inventory from Bayer Liquor treatment through 99.99% primary gallium metal; upstream aluminum extraction/alumina production excluded.; uuid_basis=ecoinvent 3.8 only; confidence=Not applicable - foreground output; peer_review_flag=mapped to topology material 4N_Ga SOURCE_AUDIT_NOTES: source_note: Luo et al. 2025, Life cycle assessment for primary gallium production at industrial-scale. | source_table: Luo 2025 Table 1 | baseline_scope: Luo_2025_Bayer_liquor_to_4N_Ga MASTER_BOUNDARY_NOTE: Luo 2025 Bayer_liquor to 4N_Ga foreground; upstream bauxite/alumina burden excluded from this node. TECHNOLOGY_TRANSFER_VARIANT: foreground process quantities are transferred from the source inventory to BLEECAM topology location; background electricity/geography adjusted where available. SOURCE_PROCESS_LOCATION=CN.",production,CA,CA,,FOREGROUND_OUTPUT: topology material 4N_Ga; no ecoinvent UUID assigned
Bayer liquor refining,"electricity, high voltage, production mix",17.23,kWh,TRUE,2025,"Source: Luo 2025; table=Table 1; row=UP1: ingredient preparation - Electricity; normalization=17.23 kWh per 1 kg 4N_Ga; original_flow=Electricity; luo_unit_process=UP1: ingredient preparation; boundary=Gate-to-gate Luo 2025 foreground inventory from Bayer Liquor treatment through 99.99% primary gallium metal; upstream aluminum extraction/alumina production excluded.; uuid_basis=ecoinvent 3.8 only; confidence=Medium - regional proxy review; uuid_note=Luo Table 1 used ecoinvent 3.10 CN-NCGC high-voltage production mix; local ecoinvent 3.8 index has no CN-NCGC. Selected CN-SX production mix because Luo cites a Shanxi EIA data source. Review before publication. SOURCE_AUDIT_NOTES: source_note: Luo et al. 2025, Life cycle assessment for primary gallium production at industrial-scale. | source_table: Luo 2025 Table 1 | baseline_scope: Luo_2025_Bayer_liquor_to_4N_Ga MASTER_BOUNDARY_NOTE: Luo 2025 Bayer_liquor to 4N_Ga foreground; upstream bauxite/alumina burden excluded from this node. PROXY_NEEDS_REVIEW. ELECTRICITY_GEOGRAPHY_ADJUSTED_TO_CN: exact ecoinvent 3.8 electricity UUID used for topology process location.",technosphere,CN,CN,7c99ce8f-3341-4a96-81c4-22f83bc7af27,"market group for electricity, high voltage | electricity, high voltage | CN | kWh | ecoinvent 3.8"
Bayer liquor refining,market for cationic resin,3,kg,TRUE,2025,"Source: Luo 2025; table=Table 1; row=UP2: resin adsorption - Chelate resin; normalization=3 kg per 1 kg 4N_Ga; original_flow=Chelate resin; luo_unit_process=UP2: resin adsorption; boundary=Gate-to-gate Luo 2025 foreground inventory from Bayer Liquor treatment through 99.99% primary gallium metal; upstream aluminum extraction/alumina production excluded.; uuid_basis=ecoinvent 3.8 only; confidence=Medium - Luo proxy for chelating resin; uuid_note=Luo states chelating resin is not directly available in ecoinvent and uses cationic resin as a proxy.; peer_review_flag=proxy material SOURCE_AUDIT_NOTES: source_note: Luo et al. 2025, Life cycle assessment for primary gallium production at industrial-scale. | source_table: Luo 2025 Table 1 | baseline_scope: Luo_2025_Bayer_liquor_to_4N_Ga MASTER_BOUNDARY_NOTE: Luo 2025 Bayer_liquor to 4N_Ga foreground; upstream bauxite/alumina burden excluded from this node. PROXY_NEEDS_REVIEW.",technosphere,CN,RoW,455532ae-1a7b-48dc-8474-16dbdc0eea48,market for cationic resin | cationic resin | RoW | kg | ecoinvent 3.8
Bayer liquor refining,"electricity, high voltage, production mix",11.39,kWh,TRUE,2025,"Source: Luo 2025; table=Table 1; row=UP2: resin adsorption - Electricity; normalization=11.39 kWh per 1 kg 4N_Ga; original_flow=Electricity; luo_unit_process=UP2: resin adsorption; boundary=Gate-to-gate Luo 2025 foreground inventory from Bayer Liquor treatment through 99.99% primary gallium metal; upstream aluminum extraction/alumina production excluded.; uuid_basis=ecoinvent 3.8 only; confidence=Medium - regional proxy review; uuid_note=Luo Table 1 used ecoinvent 3.10 CN-NCGC high-voltage production mix; local ecoinvent 3.8 index has no CN-NCGC. Selected CN-SX production mix because Luo cites a Shanxi EIA data source. Review before publication. SOURCE_AUDIT_NOTES: source_note: Luo et al. 2025, Life cycle assessment for primary gallium production at industrial-scale. | source_table: Luo 2025 Table 1 | baseline_scope: Luo_2025_Bayer_liquor_to_4N_Ga MASTER_BOUNDARY_NOTE: Luo 2025 Bayer_liquor to 4N_Ga foreground; upstream bauxite/alumina burden excluded from this node. PROXY_NEEDS_REVIEW. ELECTRICITY_GEOGRAPHY_ADJUSTED_TO_CN: exact ecoinvent 3.8 electricity UUID used for topology process location.",technosphere,CN,CN,7c99ce8f-3341-4a96-81c4-22f83bc7af27,"market group for electricity, high voltage | electricity, high voltage | CN | kWh | ecoinvent 3.8"
Bayer liquor refining,"electricity, high voltage, production mix",3.27,kWh,TRUE,2025,"Source: Luo 2025; table=Table 1; row=UP3: resin washing - Electricity; normalization=3.27 kWh per 1 kg 4N_Ga; original_flow=Electricity; luo_unit_process=UP3: resin washing; boundary=Gate-to-gate Luo 2025 foreground inventory from Bayer Liquor treatment through 99.99% primary gallium metal; upstream aluminum extraction/alumina production excluded.; uuid_basis=ecoinvent 3.8 only; confidence=Medium - regional proxy review; uuid_note=Luo Table 1 used ecoinvent 3.10 CN-NCGC high-voltage production mix; local ecoinvent 3.8 index has no CN-NCGC. Selected CN-SX production mix because Luo cites a Shanxi EIA data source. Review before publication. SOURCE_AUDIT_NOTES: source_note: Luo et al. 2025, Life cycle assessment for primary gallium production at industrial-scale. | source_table: Luo 2025 Table 1 | baseline_scope: Luo_2025_Bayer_liquor_to_4N_Ga MASTER_BOUNDARY_NOTE: Luo 2025 Bayer_liquor to 4N_Ga foreground; upstream bauxite/alumina burden excluded from this node. PROXY_NEEDS_REVIEW. ELECTRICITY_GEOGRAPHY_ADJUSTED_TO_CN: exact ecoinvent 3.8 electricity UUID used for topology process location.",technosphere,CN,CN,7c99ce8f-3341-4a96-81c4-22f83bc7af27,"market group for electricity, high voltage | electricity, high voltage | CN | kWh | ecoinvent 3.8"
Bayer liquor refining,"tap water production, conventional treatment",1860,kg,TRUE,2025,"Source: Luo 2025; table=Table 1; row=UP3: resin washing - Water; normalization=1.86 ton converted to 1860 kg per 1 kg 4N_Ga; original_flow=Water; luo_unit_process=UP3: resin washing; boundary=Gate-to-gate Luo 2025 foreground inventory from Bayer Liquor treatment through 99.99% primary gallium metal; upstream aluminum extraction/alumina production excluded.; uuid_basis=ecoinvent 3.8 only; confidence=High - exact ecoinvent 3.8 activity/reference product; uuid_note=Matches Luo Table 1 tap water treatment selection, using local ecoinvent 3.8. SOURCE_AUDIT_NOTES: source_note: Luo et al. 2025, Life cycle assessment for primary gallium production at industrial-scale. | source_table: Luo 2025 Table 1 | baseline_scope: Luo_2025_Bayer_liquor_to_4N_Ga MASTER_BOUNDARY_NOTE: Luo 2025 Bayer_liquor to 4N_Ga foreground; upstream bauxite/alumina burden excluded from this node. TAP_WATER_SIGN_CORRECTED_FOR_LIAISON: tap water production input converted from negative physical-source sign to positive technosphere input; wastewater treatment rows remain negative.",technosphere,CN,RoW,6f427cb8-804f-4c6b-b276-ab83bd2464ce,"tap water production, conventional treatment | tap water | RoW | kg | ecoinvent 3.8"
Bayer liquor refining,"treatment of wastewater, average, capacity 1E9l/year",-1.86,m3,TRUE,2025,"Source: Luo 2025; table=Table 1; row=UP3: resin washing - W2 wastewater; normalization=1.86 ton aqueous waste converted to 1.86 m3 assuming 1000 kg/m3; original_flow=W2 wastewater; luo_unit_process=UP3: resin washing; boundary=Gate-to-gate Luo 2025 foreground inventory from Bayer Liquor treatment through 99.99% primary gallium metal; upstream aluminum extraction/alumina production excluded.; uuid_basis=ecoinvent 3.8 only; confidence=Medium - exact proxy with kg/ton to m3 conversion; uuid_note=Matches Luo Table 1 wastewater treatment proxy. Mass quantities converted to m3 assuming aqueous density of 1000 kg/m3. SOURCE_AUDIT_NOTES: source_note: Luo et al. 2025, Life cycle assessment for primary gallium production at industrial-scale. | source_table: Luo 2025 Table 1 | baseline_scope: Luo_2025_Bayer_liquor_to_4N_Ga MASTER_BOUNDARY_NOTE: Luo 2025 Bayer_liquor to 4N_Ga foreground; upstream bauxite/alumina burden excluded from this node. PROXY_NEEDS_REVIEW.",technosphere,CN,RoW,a9f2745f-2e27-44cb-8129-26648d64ce80,"treatment of wastewater, average, capacity 1E9l/year | wastewater, average | RoW | m3 | ecoinvent 3.8"
Bayer liquor refining,sulfuric acid production,56,kg,TRUE,2025,"Source: Luo 2025; table=Table 1; row=UP4: acid making - 98% sulfuric acid; normalization=56 kg per 1 kg 4N_Ga; original_flow=98% sulfuric acid; luo_unit_process=UP4: acid making; boundary=Gate-to-gate Luo 2025 foreground inventory from Bayer Liquor treatment through 99.99% primary gallium metal; upstream aluminum extraction/alumina production excluded.; uuid_basis=ecoinvent 3.8 only; confidence=High - exact ecoinvent 3.8 activity/reference product; uuid_note=Matches Luo Table 1 sulfuric acid production selection, using local ecoinvent 3.8. SOURCE_AUDIT_NOTES: source_note: Luo et al. 2025, Life cycle assessment for primary gallium production at industrial-scale. | source_table: Luo 2025 Table 1 | baseline_scope: Luo_2025_Bayer_liquor_to_4N_Ga MASTER_BOUNDARY_NOTE: Luo 2025 Bayer_liquor to 4N_Ga foreground; upstream bauxite/alumina burden excluded from this node.",technosphere,CN,RoW,a69fcb0a-ce51-40be-b74c-ae895861e3bb,sulfuric acid production | sulfuric acid | RoW | kg | ecoinvent 3.8
Bayer liquor refining,"tap water production, conventional treatment",1.65,kg,TRUE,2025,"Source: Luo 2025; table=Table 1; row=UP4: acid making - Water; normalization=1.65 kg per 1 kg 4N_Ga; original_flow=Water; luo_unit_process=UP4: acid making; boundary=Gate-to-gate Luo 2025 foreground inventory from Bayer Liquor treatment through 99.99% primary gallium metal; upstream aluminum extraction/alumina production excluded.; uuid_basis=ecoinvent 3.8 only; confidence=High - exact ecoinvent 3.8 activity/reference product; uuid_note=Matches Luo Table 1 tap water treatment selection, using local ecoinvent 3.8. SOURCE_AUDIT_NOTES: source_note: Luo et al. 2025, Life cycle assessment for primary gallium production at industrial-scale. | source_table: Luo 2025 Table 1 | baseline_scope: Luo_2025_Bayer_liquor_to_4N_Ga MASTER_BOUNDARY_NOTE: Luo 2025 Bayer_liquor to 4N_Ga foreground; upstream bauxite/alumina burden excluded from this node. TAP_WATER_SIGN_CORRECTED_FOR_LIAISON: tap water production input converted from negative physical-source sign to positive technosphere input; wastewater treatment rows remain negative.",technosphere,CN,RoW,6f427cb8-804f-4c6b-b276-ab83bd2464ce,"tap water production, conventional treatment | tap water | RoW | kg | ecoinvent 3.8"
Bayer liquor refining,"treatment of wastewater, average, capacity 1E9l/year",-0.329,m3,TRUE,2025,"Source: Luo 2025; table=Table 1; row=UP4: acid making - W3 Salty water; normalization=329 kg aqueous waste converted to 0.329 m3 assuming 1000 kg/m3; original_flow=W3 Salty water; luo_unit_process=UP4: acid making; boundary=Gate-to-gate Luo 2025 foreground inventory from Bayer Liquor treatment through 99.99% primary gallium metal; upstream aluminum extraction/alumina production excluded.; uuid_basis=ecoinvent 3.8 only; confidence=Medium - exact proxy with kg/ton to m3 conversion; uuid_note=Matches Luo Table 1 wastewater treatment proxy. Mass quantities converted to m3 assuming aqueous density of 1000 kg/m3. SOURCE_AUDIT_NOTES: source_note: Luo et al. 2025, Life cycle assessment for primary gallium production at industrial-scale. | source_table: Luo 2025 Table 1 | baseline_scope: Luo_2025_Bayer_liquor_to_4N_Ga MASTER_BOUNDARY_NOTE: Luo 2025 Bayer_liquor to 4N_Ga foreground; upstream bauxite/alumina burden excluded from this node. PROXY_NEEDS_REVIEW.",technosphere,CN,RoW,a9f2745f-2e27-44cb-8129-26648d64ce80,"treatment of wastewater, average, capacity 1E9l/year | wastewater, average | RoW | m3 | ecoinvent 3.8"
Bayer liquor refining,"electricity, high voltage, production mix",0.72,kWh,TRUE,2025,"Source: Luo 2025; table=Table 1; row=UP4: acid making - Electricity (cooling for water softening); normalization=0.72 kWh per 1 kg 4N_Ga; original_flow=Electricity (cooling for water softening); luo_unit_process=UP4: acid making; boundary=Gate-to-gate Luo 2025 foreground inventory from Bayer Liquor treatment through 99.99% primary gallium metal; upstream aluminum extraction/alumina production excluded.; uuid_basis=ecoinvent 3.8 only; confidence=Medium - regional proxy review; uuid_note=Luo Table 1 used ecoinvent 3.10 CN-NCGC high-voltage production mix; local ecoinvent 3.8 index has no CN-NCGC. Selected CN-SX production mix because Luo cites a Shanxi EIA data source. Review before publication. SOURCE_AUDIT_NOTES: source_note: Luo et al. 2025, Life cycle assessment for primary gallium production at industrial-scale. | source_table: Luo 2025 Table 1 | baseline_scope: Luo_2025_Bayer_liquor_to_4N_Ga MASTER_BOUNDARY_NOTE: Luo 2025 Bayer_liquor to 4N_Ga foreground; upstream bauxite/alumina burden excluded from this node. PROXY_NEEDS_REVIEW. ELECTRICITY_GEOGRAPHY_ADJUSTED_TO_CN: exact ecoinvent 3.8 electricity UUID used for topology process location.",technosphere,CN,CN,7c99ce8f-3341-4a96-81c4-22f83bc7af27,"market group for electricity, high voltage | electricity, high voltage | CN | kWh | ecoinvent 3.8"
Bayer liquor refining,"electricity, high voltage, production mix",1.35,kWh,TRUE,2025,"Source: Luo 2025; table=Table 1; row=UP4: acid making - Electricity (cooling for acid dilution); normalization=1.35 kWh per 1 kg 4N_Ga; original_flow=Electricity (cooling for acid dilution); luo_unit_process=UP4: acid making; boundary=Gate-to-gate Luo 2025 foreground inventory from Bayer Liquor treatment through 99.99% primary gallium metal; upstream aluminum extraction/alumina production excluded.; uuid_basis=ecoinvent 3.8 only; confidence=Medium - regional proxy review; uuid_note=Luo Table 1 used ecoinvent 3.10 CN-NCGC high-voltage production mix; local ecoinvent 3.8 index has no CN-NCGC. Selected CN-SX production mix because Luo cites a Shanxi EIA data source. Review before publication. SOURCE_AUDIT_NOTES: source_note: Luo et al. 2025, Life cycle assessment for primary gallium production at industrial-scale. | source_table: Luo 2025 Table 1 | baseline_scope: Luo_2025_Bayer_liquor_to_4N_Ga MASTER_BOUNDARY_NOTE: Luo 2025 Bayer_liquor to 4N_Ga foreground; upstream bauxite/alumina burden excluded from this node. PROXY_NEEDS_REVIEW. ELECTRICITY_GEOGRAPHY_ADJUSTED_TO_CN: exact ecoinvent 3.8 electricity UUID used for topology process location.",technosphere,CN,CN,7c99ce8f-3341-4a96-81c4-22f83bc7af27,"market group for electricity, high voltage | electricity, high voltage | CN | kWh | ecoinvent 3.8"
Bayer liquor refining,"electricity, high voltage, production mix",9.9,kWh,TRUE,2025,"Source: Luo 2025; table=Table 1; row=UP4: acid making - Electricity; normalization=9.9 kWh per 1 kg 4N_Ga; original_flow=Electricity; luo_unit_process=UP4: acid making; boundary=Gate-to-gate Luo 2025 foreground inventory from Bayer Liquor treatment through 99.99% primary gallium metal; upstream aluminum extraction/alumina production excluded.; uuid_basis=ecoinvent 3.8 only; confidence=Medium - regional proxy review; uuid_note=Luo Table 1 used ecoinvent 3.10 CN-NCGC high-voltage production mix; local ecoinvent 3.8 index has no CN-NCGC. Selected CN-SX production mix because Luo cites a Shanxi EIA data source. Review before publication. SOURCE_AUDIT_NOTES: source_note: Luo et al. 2025, Life cycle assessment for primary gallium production at industrial-scale. | source_table: Luo 2025 Table 1 | baseline_scope: Luo_2025_Bayer_liquor_to_4N_Ga MASTER_BOUNDARY_NOTE: Luo 2025 Bayer_liquor to 4N_Ga foreground; upstream bauxite/alumina burden excluded from this node. PROXY_NEEDS_REVIEW. ELECTRICITY_GEOGRAPHY_ADJUSTED_TO_CN: exact ecoinvent 3.8 electricity UUID used for topology process location.",technosphere,CN,CN,7c99ce8f-3341-4a96-81c4-22f83bc7af27,"market group for electricity, high voltage | electricity, high voltage | CN | kWh | ecoinvent 3.8"
Bayer liquor refining,"electricity, high voltage, production mix",4.55,kWh,TRUE,2025,"Source: Luo 2025; table=Table 1; row=UP5: leaching - Electricity; normalization=4.55 kWh per 1 kg 4N_Ga; original_flow=Electricity; luo_unit_process=UP5: leaching; boundary=Gate-to-gate Luo 2025 foreground inventory from Bayer Liquor treatment through 99.99% primary gallium metal; upstream aluminum extraction/alumina production excluded.; uuid_basis=ecoinvent 3.8 only; confidence=Medium - regional proxy review; uuid_note=Luo Table 1 used ecoinvent 3.10 CN-NCGC high-voltage production mix; local ecoinvent 3.8 index has no CN-NCGC. Selected CN-SX production mix because Luo cites a Shanxi EIA data source. Review before publication. SOURCE_AUDIT_NOTES: source_note: Luo et al. 2025, Life cycle assessment for primary gallium production at industrial-scale. | source_table: Luo 2025 Table 1 | baseline_scope: Luo_2025_Bayer_liquor_to_4N_Ga MASTER_BOUNDARY_NOTE: Luo 2025 Bayer_liquor to 4N_Ga foreground; upstream bauxite/alumina burden excluded from this node. PROXY_NEEDS_REVIEW. ELECTRICITY_GEOGRAPHY_ADJUSTED_TO_CN: exact ecoinvent 3.8 electricity UUID used for topology process location.",technosphere,CN,CN,7c99ce8f-3341-4a96-81c4-22f83bc7af27,"market group for electricity, high voltage | electricity, high voltage | CN | kWh | ecoinvent 3.8"
Bayer liquor refining,"electricity, high voltage, production mix",26.1,kWh,TRUE,2025,"Source: Luo 2025; table=Table 1; row=UP5: leaching - Electricity (cooling for leaching); normalization=26.1 kWh per 1 kg 4N_Ga; original_flow=Electricity (cooling for leaching); luo_unit_process=UP5: leaching; boundary=Gate-to-gate Luo 2025 foreground inventory from Bayer Liquor treatment through 99.99% primary gallium metal; upstream aluminum extraction/alumina production excluded.; uuid_basis=ecoinvent 3.8 only; confidence=Medium - regional proxy review; uuid_note=Luo Table 1 used ecoinvent 3.10 CN-NCGC high-voltage production mix; local ecoinvent 3.8 index has no CN-NCGC. Selected CN-SX production mix because Luo cites a Shanxi EIA data source. Review before publication. SOURCE_AUDIT_NOTES: source_note: Luo et al. 2025, Life cycle assessment for primary gallium production at industrial-scale. | source_table: Luo 2025 Table 1 | baseline_scope: Luo_2025_Bayer_liquor_to_4N_Ga MASTER_BOUNDARY_NOTE: Luo 2025 Bayer_liquor to 4N_Ga foreground; upstream bauxite/alumina burden excluded from this node. PROXY_NEEDS_REVIEW. ELECTRICITY_GEOGRAPHY_ADJUSTED_TO_CN: exact ecoinvent 3.8 electricity UUID used for topology process location.",technosphere,CN,CN,7c99ce8f-3341-4a96-81c4-22f83bc7af27,"market group for electricity, high voltage | electricity, high voltage | CN | kWh | ecoinvent 3.8"
Bayer liquor refining,"tap water production, conventional treatment",30.9,kg,TRUE,2025,"Source: Luo 2025; table=Table 1; row=UP6: resin regeneration - Water; normalization=30.9 kg per 1 kg 4N_Ga; original_flow=Water; luo_unit_process=UP6: resin regeneration; boundary=Gate-to-gate Luo 2025 foreground inventory from Bayer Liquor treatment through 99.99% primary gallium metal; upstream aluminum extraction/alumina production excluded.; uuid_basis=ecoinvent 3.8 only; confidence=High - exact ecoinvent 3.8 activity/reference product; uuid_note=Matches Luo Table 1 tap water treatment selection, using local ecoinvent 3.8. SOURCE_AUDIT_NOTES: source_note: Luo et al. 2025, Life cycle assessment for primary gallium production at industrial-scale. | source_table: Luo 2025 Table 1 | baseline_scope: Luo_2025_Bayer_liquor_to_4N_Ga MASTER_BOUNDARY_NOTE: Luo 2025 Bayer_liquor to 4N_Ga foreground; upstream bauxite/alumina burden excluded from this node. TAP_WATER_SIGN_CORRECTED_FOR_LIAISON: tap water production input converted from negative physical-source sign to positive technosphere input; wastewater treatment rows remain negative.",technosphere,CN,RoW,6f427cb8-804f-4c6b-b276-ab83bd2464ce,"tap water production, conventional treatment | tap water | RoW | kg | ecoinvent 3.8"
Bayer liquor refining,"treatment of inert waste, inert material landfill",-1.8,kg,TRUE,2025,"Source: Luo 2025; table=Table 1; row=UP6: resin regeneration - S2 used resin; normalization=1.8 kg per 1 kg 4N_Ga; original_flow=S2 used resin; luo_unit_process=UP6: resin regeneration; boundary=Gate-to-gate Luo 2025 foreground inventory from Bayer Liquor treatment through 99.99% primary gallium metal; upstream aluminum extraction/alumina production excluded.; uuid_basis=ecoinvent 3.8 only; confidence=Medium - proxy for Luo chemical waste, inert; uuid_note=Local ecoinvent 3.8 has no exact 'chemical waste, inert'; selected inert waste landfill proxy.; peer_review_flag=waste proxy SOURCE_AUDIT_NOTES: source_note: Luo et al. 2025, Life cycle assessment for primary gallium production at industrial-scale. | source_table: Luo 2025 Table 1 | baseline_scope: Luo_2025_Bayer_liquor_to_4N_Ga MASTER_BOUNDARY_NOTE: Luo 2025 Bayer_liquor to 4N_Ga foreground; upstream bauxite/alumina burden excluded from this node. PROXY_NEEDS_REVIEW.",technosphere,CN,RoW,561ca14c-12cb-4e61-91ae-1f53a250eaa8,"treatment of inert waste, inert material landfill | inert waste, for final disposal | RoW | kg | ecoinvent 3.8"
Bayer liquor refining,"electricity, high voltage, production mix",1.98,kWh,TRUE,2025,"Source: Luo 2025; table=Table 1; row=UP6: resin regeneration - Electricity; normalization=1.98 kWh per 1 kg 4N_Ga; original_flow=Electricity; luo_unit_process=UP6: resin regeneration; boundary=Gate-to-gate Luo 2025 foreground inventory from Bayer Liquor treatment through 99.99% primary gallium metal; upstream aluminum extraction/alumina production excluded.; uuid_basis=ecoinvent 3.8 only; confidence=Medium - regional proxy review; uuid_note=Luo Table 1 used ecoinvent 3.10 CN-NCGC high-voltage production mix; local ecoinvent 3.8 index has no CN-NCGC. Selected CN-SX production mix because Luo cites a Shanxi EIA data source. Review before publication. SOURCE_AUDIT_NOTES: source_note: Luo et al. 2025, Life cycle assessment for primary gallium production at industrial-scale. | source_table: Luo 2025 Table 1 | baseline_scope: Luo_2025_Bayer_liquor_to_4N_Ga MASTER_BOUNDARY_NOTE: Luo 2025 Bayer_liquor to 4N_Ga foreground; upstream bauxite/alumina burden excluded from this node. PROXY_NEEDS_REVIEW. ELECTRICITY_GEOGRAPHY_ADJUSTED_TO_CN: exact ecoinvent 3.8 electricity UUID used for topology process location.",technosphere,CN,CN,7c99ce8f-3341-4a96-81c4-22f83bc7af27,"market group for electricity, high voltage | electricity, high voltage | CN | kWh | ecoinvent 3.8"
Bayer liquor refining,"market for sodium hydroxide, without water, in 50% solution state",44.84,kg,TRUE,2025,"Source: Luo 2025; table=Table 1; row=UP7: precipitation - NaOH; normalization=44.84 kg per 1 kg 4N_Ga; original_flow=NaOH; luo_unit_process=UP7: precipitation; boundary=Gate-to-gate Luo 2025 foreground inventory from Bayer Liquor treatment through 99.99% primary gallium metal; upstream aluminum extraction/alumina production excluded.; uuid_basis=ecoinvent 3.8 only; confidence=High - exact ecoinvent 3.8 activity/reference product; uuid_note=Matches Luo Table 1 sodium hydroxide selection, using local ecoinvent 3.8. SOURCE_AUDIT_NOTES: source_note: Luo et al. 2025, Life cycle assessment for primary gallium production at industrial-scale. | source_table: Luo 2025 Table 1 | baseline_scope: Luo_2025_Bayer_liquor_to_4N_Ga MASTER_BOUNDARY_NOTE: Luo 2025 Bayer_liquor to 4N_Ga foreground; upstream bauxite/alumina burden excluded from this node.",technosphere,CN,GLO,ad2f7e9a-4886-4d71-966d-d529bcc7587f,"market for sodium hydroxide, without water, in 50% solution state | sodium hydroxide, without water, in 50% solution state | GLO | kg | ecoinvent 3.8"
Bayer liquor refining,"treatment of wastewater, average, capacity 1E9l/year",-1.25,m3,TRUE,2025,"Source: Luo 2025; table=Table 1; row=UP7: precipitation - W4 centrifugate solution; normalization=1.25 ton aqueous waste converted to 1.25 m3 assuming 1000 kg/m3; original_flow=W4 centrifugate solution; luo_unit_process=UP7: precipitation; boundary=Gate-to-gate Luo 2025 foreground inventory from Bayer Liquor treatment through 99.99% primary gallium metal; upstream aluminum extraction/alumina production excluded.; uuid_basis=ecoinvent 3.8 only; confidence=Medium - exact proxy with kg/ton to m3 conversion; uuid_note=Matches Luo Table 1 wastewater treatment proxy. Mass quantities converted to m3 assuming aqueous density of 1000 kg/m3. SOURCE_AUDIT_NOTES: source_note: Luo et al. 2025, Life cycle assessment for primary gallium production at industrial-scale. | source_table: Luo 2025 Table 1 | baseline_scope: Luo_2025_Bayer_liquor_to_4N_Ga MASTER_BOUNDARY_NOTE: Luo 2025 Bayer_liquor to 4N_Ga foreground; upstream bauxite/alumina burden excluded from this node. PROXY_NEEDS_REVIEW.",technosphere,CN,RoW,a9f2745f-2e27-44cb-8129-26648d64ce80,"treatment of wastewater, average, capacity 1E9l/year | wastewater, average | RoW | m3 | ecoinvent 3.8"
Bayer liquor refining,"electricity, high voltage, production mix",4.75,kWh,TRUE,2025,"Source: Luo 2025; table=Table 1; row=UP7: precipitation - Electricity; normalization=4.75 kWh per 1 kg 4N_Ga; original_flow=Electricity; luo_unit_process=UP7: precipitation; boundary=Gate-to-gate Luo 2025 foreground inventory from Bayer Liquor treatment through 99.99% primary gallium metal; upstream aluminum extraction/alumina production excluded.; uuid_basis=ecoinvent 3.8 only; confidence=Medium - regional proxy review; uuid_note=Luo Table 1 used ecoinvent 3.10 CN-NCGC high-voltage production mix; local ecoinvent 3.8 index has no CN-NCGC. Selected CN-SX production mix because Luo cites a Shanxi EIA data source. Review before publication. SOURCE_AUDIT_NOTES: source_note: Luo et al. 2025, Life cycle assessment for primary gallium production at industrial-scale. | source_table: Luo 2025 Table 1 | baseline_scope: Luo_2025_Bayer_liquor_to_4N_Ga MASTER_BOUNDARY_NOTE: Luo 2025 Bayer_liquor to 4N_Ga foreground; upstream bauxite/alumina burden excluded from this node. PROXY_NEEDS_REVIEW. ELECTRICITY_GEOGRAPHY_ADJUSTED_TO_CN: exact ecoinvent 3.8 electricity UUID used for topology process location.",technosphere,CN,CN,7c99ce8f-3341-4a96-81c4-22f83bc7af27,"market group for electricity, high voltage | electricity, high voltage | CN | kWh | ecoinvent 3.8"
Bayer liquor refining,"electricity, high voltage, production mix",1.81,kWh,TRUE,2025,"Source: Luo 2025; table=Table 1; row=UP7: precipitation - Electricity (cooling for alkali dilution); normalization=1.81 kWh per 1 kg 4N_Ga; original_flow=Electricity (cooling for alkali dilution); luo_unit_process=UP7: precipitation; boundary=Gate-to-gate Luo 2025 foreground inventory from Bayer Liquor treatment through 99.99% primary gallium metal; upstream aluminum extraction/alumina production excluded.; uuid_basis=ecoinvent 3.8 only; confidence=Medium - regional proxy review; uuid_note=Luo Table 1 used ecoinvent 3.10 CN-NCGC high-voltage production mix; local ecoinvent 3.8 index has no CN-NCGC. Selected CN-SX production mix because Luo cites a Shanxi EIA data source. Review before publication. SOURCE_AUDIT_NOTES: source_note: Luo et al. 2025, Life cycle assessment for primary gallium production at industrial-scale. | source_table: Luo 2025 Table 1 | baseline_scope: Luo_2025_Bayer_liquor_to_4N_Ga MASTER_BOUNDARY_NOTE: Luo 2025 Bayer_liquor to 4N_Ga foreground; upstream bauxite/alumina burden excluded from this node. PROXY_NEEDS_REVIEW. ELECTRICITY_GEOGRAPHY_ADJUSTED_TO_CN: exact ecoinvent 3.8 electricity UUID used for topology process location.",technosphere,CN,CN,7c99ce8f-3341-4a96-81c4-22f83bc7af27,"market group for electricity, high voltage | electricity, high voltage | CN | kWh | ecoinvent 3.8"
Bayer liquor refining,"market for steam, in chemical industry",32.25,kg,TRUE,2025,"Source: Luo 2025; table=Table 1; row=UP8: purification - Steam; normalization=32.25 kg per 1 kg 4N_Ga; original_flow=Steam; luo_unit_process=UP8: purification; boundary=Gate-to-gate Luo 2025 foreground inventory from Bayer Liquor treatment through 99.99% primary gallium metal; upstream aluminum extraction/alumina production excluded.; uuid_basis=ecoinvent 3.8 only; confidence=High - exact ecoinvent 3.8 activity/reference product; uuid_note=Matches Luo Table 1 steam market selection, using local ecoinvent 3.8.; peer_review_flag=Luo UP8 purification is within 4N route, not topology High-purity gallium refining SOURCE_AUDIT_NOTES: source_note: Luo et al. 2025, Life cycle assessment for primary gallium production at industrial-scale. | source_table: Luo 2025 Table 1 | baseline_scope: Luo_2025_Bayer_liquor_to_4N_Ga MASTER_BOUNDARY_NOTE: Luo 2025 Bayer_liquor to 4N_Ga foreground; upstream bauxite/alumina burden excluded from this node.",technosphere,CN,RoW,a2ce87fa-33d1-4017-9050-341bfd06213e,"market for steam, in chemical industry | steam, in chemical industry | RoW | kg | ecoinvent 3.8"
Bayer liquor refining,"market for quicklime, milled, loose",2,kg,TRUE,2025,"Source: Luo 2025; table=Table 1; row=UP8: purification - CaO; normalization=2 kg per 1 kg 4N_Ga; original_flow=CaO; luo_unit_process=UP8: purification; boundary=Gate-to-gate Luo 2025 foreground inventory from Bayer Liquor treatment through 99.99% primary gallium metal; upstream aluminum extraction/alumina production excluded.; uuid_basis=ecoinvent 3.8 only; confidence=High - exact ecoinvent 3.8 activity/reference product; uuid_note=Matches Luo Table 1 quicklime market selection, using local ecoinvent 3.8.; peer_review_flag=Luo UP8 purification is within 4N route, not topology High-purity gallium refining SOURCE_AUDIT_NOTES: source_note: Luo et al. 2025, Life cycle assessment for primary gallium production at industrial-scale. | source_table: Luo 2025 Table 1 | baseline_scope: Luo_2025_Bayer_liquor_to_4N_Ga MASTER_BOUNDARY_NOTE: Luo 2025 Bayer_liquor to 4N_Ga foreground; upstream bauxite/alumina burden excluded from this node.",technosphere,CN,RoW,2aa427f7-ab97-4bd1-8abc-471f53a63db6,"market for quicklime, milled, loose | quicklime, milled, loose | RoW | kg | ecoinvent 3.8"
Bayer liquor refining,"market for sodium hydroxide, without water, in 50% solution state",44.16,kg,TRUE,2025,"Source: Luo 2025; table=Table 1; row=UP8: purification - NaOH; normalization=44.16 kg per 1 kg 4N_Ga; original_flow=NaOH; luo_unit_process=UP8: purification; boundary=Gate-to-gate Luo 2025 foreground inventory from Bayer Liquor treatment through 99.99% primary gallium metal; upstream aluminum extraction/alumina production excluded.; uuid_basis=ecoinvent 3.8 only; confidence=High - exact ecoinvent 3.8 activity/reference product; uuid_note=Matches Luo Table 1 sodium hydroxide selection, using local ecoinvent 3.8.; peer_review_flag=Luo UP8 purification is within 4N route, not topology High-purity gallium refining SOURCE_AUDIT_NOTES: source_note: Luo et al. 2025, Life cycle assessment for primary gallium production at industrial-scale. | source_table: Luo 2025 Table 1 | baseline_scope: Luo_2025_Bayer_liquor_to_4N_Ga MASTER_BOUNDARY_NOTE: Luo 2025 Bayer_liquor to 4N_Ga foreground; upstream bauxite/alumina burden excluded from this node.",technosphere,CN,GLO,ad2f7e9a-4886-4d71-966d-d529bcc7587f,"market for sodium hydroxide, without water, in 50% solution state | sodium hydroxide, without water, in 50% solution state | GLO | kg | ecoinvent 3.8"
Bayer liquor refining,"treatment of wastewater, average, capacity 1E9l/year",-0.03225,m3,TRUE,2025,"Source: Luo 2025; table=Table 1; row=UP8: purification - W5 condensate water; normalization=32.25 kg aqueous waste converted to 0.03225 m3 assuming 1000 kg/m3; original_flow=W5 condensate water; luo_unit_process=UP8: purification; boundary=Gate-to-gate Luo 2025 foreground inventory from Bayer Liquor treatment through 99.99% primary gallium metal; upstream aluminum extraction/alumina production excluded.; uuid_basis=ecoinvent 3.8 only; confidence=Medium - exact proxy with kg/ton to m3 conversion; uuid_note=Matches Luo Table 1 wastewater treatment proxy. Mass quantities converted to m3 assuming aqueous density of 1000 kg/m3.; peer_review_flag=Luo UP8 purification is within 4N route, not topology High-purity gallium refining SOURCE_AUDIT_NOTES: source_note: Luo et al. 2025, Life cycle assessment for primary gallium production at industrial-scale. | source_table: Luo 2025 Table 1 | baseline_scope: Luo_2025_Bayer_liquor_to_4N_Ga MASTER_BOUNDARY_NOTE: Luo 2025 Bayer_liquor to 4N_Ga foreground; upstream bauxite/alumina burden excluded from this node. PROXY_NEEDS_REVIEW.",technosphere,CN,RoW,a9f2745f-2e27-44cb-8129-26648d64ce80,"treatment of wastewater, average, capacity 1E9l/year | wastewater, average | RoW | m3 | ecoinvent 3.8"
Bayer liquor refining,"treatment of limestone residue, inert material landfill",-2.4,kg,TRUE,2025,"Source: Luo 2025; table=Table 1; row=UP8: purification - S3 filter cake (CaCO3); normalization=2.4 kg per 1 kg 4N_Ga; original_flow=S3 filter cake (CaCO3); luo_unit_process=UP8: purification; boundary=Gate-to-gate Luo 2025 foreground inventory from Bayer Liquor treatment through 99.99% primary gallium metal; upstream aluminum extraction/alumina production excluded.; uuid_basis=ecoinvent 3.8 only; confidence=Medium - proxy for Luo limestone waste; uuid_note=Matches limestone-residue treatment proxy in local ecoinvent 3.8.; peer_review_flag=waste proxy; Luo UP8 is within 4N route SOURCE_AUDIT_NOTES: source_note: Luo et al. 2025, Life cycle assessment for primary gallium production at industrial-scale. | source_table: Luo 2025 Table 1 | baseline_scope: Luo_2025_Bayer_liquor_to_4N_Ga MASTER_BOUNDARY_NOTE: Luo 2025 Bayer_liquor to 4N_Ga foreground; upstream bauxite/alumina burden excluded from this node. PROXY_NEEDS_REVIEW.",technosphere,CN,RoW,b9220742-1ac0-47ca-bf1a-acd2257508cb,"treatment of limestone residue, inert material landfill | limestone residue | RoW | kg | ecoinvent 3.8"
Bayer liquor refining,"electricity, high voltage, production mix",1.81,kWh,TRUE,2025,"Source: Luo 2025; table=Table 1; row=UP8: purification - Electricity (cooling for alkali dilution); normalization=1.81 kWh per 1 kg 4N_Ga; original_flow=Electricity (cooling for alkali dilution); luo_unit_process=UP8: purification; boundary=Gate-to-gate Luo 2025 foreground inventory from Bayer Liquor treatment through 99.99% primary gallium metal; upstream aluminum extraction/alumina production excluded.; uuid_basis=ecoinvent 3.8 only; confidence=Medium - regional proxy review; uuid_note=Luo Table 1 used ecoinvent 3.10 CN-NCGC high-voltage production mix; local ecoinvent 3.8 index has no CN-NCGC. Selected CN-SX production mix because Luo cites a Shanxi EIA data source. Review before publication.; peer_review_flag=Luo UP8 is within 4N route SOURCE_AUDIT_NOTES: source_note: Luo et al. 2025, Life cycle assessment for primary gallium production at industrial-scale. | source_table: Luo 2025 Table 1 | baseline_scope: Luo_2025_Bayer_liquor_to_4N_Ga MASTER_BOUNDARY_NOTE: Luo 2025 Bayer_liquor to 4N_Ga foreground; upstream bauxite/alumina burden excluded from this node. PROXY_NEEDS_REVIEW. ELECTRICITY_GEOGRAPHY_ADJUSTED_TO_CN: exact ecoinvent 3.8 electricity UUID used for topology process location.",technosphere,CN,CN,7c99ce8f-3341-4a96-81c4-22f83bc7af27,"market group for electricity, high voltage | electricity, high voltage | CN | kWh | ecoinvent 3.8"
Bayer liquor refining,"electricity, high voltage, production mix",13.27,kWh,TRUE,2025,"Source: Luo 2025; table=Table 1; row=UP8: purification - Electricity; normalization=13.27 kWh per 1 kg 4N_Ga; original_flow=Electricity; luo_unit_process=UP8: purification; boundary=Gate-to-gate Luo 2025 foreground inventory from Bayer Liquor treatment through 99.99% primary gallium metal; upstream aluminum extraction/alumina production excluded.; uuid_basis=ecoinvent 3.8 only; confidence=Medium - regional proxy review; uuid_note=Luo Table 1 used ecoinvent 3.10 CN-NCGC high-voltage production mix; local ecoinvent 3.8 index has no CN-NCGC. Selected CN-SX production mix because Luo cites a Shanxi EIA data source. Review before publication.; peer_review_flag=Luo UP8 is within 4N route SOURCE_AUDIT_NOTES: source_note: Luo et al. 2025, Life cycle assessment for primary gallium production at industrial-scale. | source_table: Luo 2025 Table 1 | baseline_scope: Luo_2025_Bayer_liquor_to_4N_Ga MASTER_BOUNDARY_NOTE: Luo 2025 Bayer_liquor to 4N_Ga foreground; upstream bauxite/alumina burden excluded from this node. PROXY_NEEDS_REVIEW. ELECTRICITY_GEOGRAPHY_ADJUSTED_TO_CN: exact ecoinvent 3.8 electricity UUID used for topology process location.",technosphere,CN,CN,7c99ce8f-3341-4a96-81c4-22f83bc7af27,"market group for electricity, high voltage | electricity, high voltage | CN | kWh | ecoinvent 3.8"
Bayer liquor refining,"electricity, high voltage, production mix",3.86,kWh,TRUE,2025,"Source: Luo 2025; table=Table 1; row=UP9: electrolysis - Electricity; normalization=3.86 kWh per 1 kg 4N_Ga; original_flow=Electricity; luo_unit_process=UP9: electrolysis; boundary=Gate-to-gate Luo 2025 foreground inventory from Bayer Liquor treatment through 99.99% primary gallium metal; upstream aluminum extraction/alumina production excluded.; uuid_basis=ecoinvent 3.8 only; confidence=Medium - regional proxy review; uuid_note=Luo Table 1 used ecoinvent 3.10 CN-NCGC high-voltage production mix; local ecoinvent 3.8 index has no CN-NCGC. Selected CN-SX production mix because Luo cites a Shanxi EIA data source. Review before publication. SOURCE_AUDIT_NOTES: source_note: Luo et al. 2025, Life cycle assessment for primary gallium production at industrial-scale. | source_table: Luo 2025 Table 1 | baseline_scope: Luo_2025_Bayer_liquor_to_4N_Ga MASTER_BOUNDARY_NOTE: Luo 2025 Bayer_liquor to 4N_Ga foreground; upstream bauxite/alumina burden excluded from this node. PROXY_NEEDS_REVIEW. ELECTRICITY_GEOGRAPHY_ADJUSTED_TO_CN: exact ecoinvent 3.8 electricity UUID used for topology process location.",technosphere,CN,CN,7c99ce8f-3341-4a96-81c4-22f83bc7af27,"market group for electricity, high voltage | electricity, high voltage | CN | kWh | ecoinvent 3.8"
Bayer liquor refining,"treatment of wastewater, average, capacity 1E9l/year",-0.2633,m3,TRUE,2025,"Source: Luo 2025; table=Table 1; row=UP9: electrolysis - W6 electrolysis waste; normalization=263.3 kg aqueous waste converted to 0.2633 m3 assuming 1000 kg/m3; original_flow=W6 electrolysis waste; luo_unit_process=UP9: electrolysis; boundary=Gate-to-gate Luo 2025 foreground inventory from Bayer Liquor treatment through 99.99% primary gallium metal; upstream aluminum extraction/alumina production excluded.; uuid_basis=ecoinvent 3.8 only; confidence=Medium - exact proxy with kg/ton to m3 conversion; uuid_note=Matches Luo Table 1 wastewater treatment proxy. Mass quantities converted to m3 assuming aqueous density of 1000 kg/m3. SOURCE_AUDIT_NOTES: source_note: Luo et al. 2025, Life cycle assessment for primary gallium production at industrial-scale. | source_table: Luo 2025 Table 1 | baseline_scope: Luo_2025_Bayer_liquor_to_4N_Ga MASTER_BOUNDARY_NOTE: Luo 2025 Bayer_liquor to 4N_Ga foreground; upstream bauxite/alumina burden excluded from this node. PROXY_NEEDS_REVIEW.",technosphere,CN,RoW,a9f2745f-2e27-44cb-8129-26648d64ce80,"treatment of wastewater, average, capacity 1E9l/year | wastewater, average | RoW | m3 | ecoinvent 3.8"
Bayer liquor refining,"market for hydrochloric acid, without water, in 30% solution state",0.012,kg,TRUE,2025,"Source: Luo 2025; table=Table 1; row=UP10: refining - 36% HCl; normalization=0.012 kg per 1 kg 4N_Ga; original_flow=36% HCl; luo_unit_process=UP10: refining; boundary=Gate-to-gate Luo 2025 foreground inventory from Bayer Liquor treatment through 99.99% primary gallium metal; upstream aluminum extraction/alumina production excluded.; uuid_basis=ecoinvent 3.8 only; confidence=High - exact ecoinvent 3.8 activity/reference product; uuid_note=Matches Luo Table 1 hydrochloric acid market selection, using local ecoinvent 3.8.; peer_review_flag=Luo UP10 refining is within 4N route, not topology High-purity gallium refining SOURCE_AUDIT_NOTES: source_note: Luo et al. 2025, Life cycle assessment for primary gallium production at industrial-scale. | source_table: Luo 2025 Table 1 | baseline_scope: Luo_2025_Bayer_liquor_to_4N_Ga MASTER_BOUNDARY_NOTE: Luo 2025 Bayer_liquor to 4N_Ga foreground; upstream bauxite/alumina burden excluded from this node.",technosphere,CN,RoW,e80fb7a7-7dac-4f03-a973-3dc4e59518f4,"market for hydrochloric acid, without water, in 30% solution state | hydrochloric acid, without water, in 30% solution state | RoW | kg | ecoinvent 3.8"
Bayer liquor refining,"electricity, high voltage, production mix",0.29,kWh,TRUE,2025,"Source: Luo 2025; table=Table 1; row=UP10: refining - Electricity; normalization=0.29 kWh per 1 kg 4N_Ga; original_flow=Electricity; luo_unit_process=UP10: refining; boundary=Gate-to-gate Luo 2025 foreground inventory from Bayer Liquor treatment through 99.99% primary gallium metal; upstream aluminum extraction/alumina production excluded.; uuid_basis=ecoinvent 3.8 only; confidence=Medium - regional proxy review; uuid_note=Luo Table 1 used ecoinvent 3.10 CN-NCGC high-voltage production mix; local ecoinvent 3.8 index has no CN-NCGC. Selected CN-SX production mix because Luo cites a Shanxi EIA data source. Review before publication.; peer_review_flag=Luo UP10 refining is within 4N route SOURCE_AUDIT_NOTES: source_note: Luo et al. 2025, Life cycle assessment for primary gallium production at industrial-scale. | source_table: Luo 2025 Table 1 | baseline_scope: Luo_2025_Bayer_liquor_to_4N_Ga MASTER_BOUNDARY_NOTE: Luo 2025 Bayer_liquor to 4N_Ga foreground; upstream bauxite/alumina burden excluded from this node. PROXY_NEEDS_REVIEW. ELECTRICITY_GEOGRAPHY_ADJUSTED_TO_CN: exact ecoinvent 3.8 electricity UUID used for topology process location.",technosphere,CN,CN,7c99ce8f-3341-4a96-81c4-22f83bc7af27,"market group for electricity, high voltage | electricity, high voltage | CN | kWh | ecoinvent 3.8"
Bayer liquor refining,"treatment of wastewater, average, capacity 1E9l/year",-1.80E-05,m3,TRUE,2025,"Source: Luo 2025; table=Table 1; row=UP10: refining - W7 refining waste; normalization=0.018 kg aqueous waste converted to 1.8e-05 m3 assuming 1000 kg/m3; original_flow=W7 refining waste; luo_unit_process=UP10: refining; boundary=Gate-to-gate Luo 2025 foreground inventory from Bayer Liquor treatment through 99.99% primary gallium metal; upstream aluminum extraction/alumina production excluded.; uuid_basis=ecoinvent 3.8 only; confidence=Medium - exact proxy with kg/ton to m3 conversion; uuid_note=Matches Luo Table 1 wastewater treatment proxy. Mass quantities converted to m3 assuming aqueous density of 1000 kg/m3.; peer_review_flag=Luo UP10 refining is within 4N route SOURCE_AUDIT_NOTES: source_note: Luo et al. 2025, Life cycle assessment for primary gallium production at industrial-scale. | source_table: Luo 2025 Table 1 | baseline_scope: Luo_2025_Bayer_liquor_to_4N_Ga MASTER_BOUNDARY_NOTE: Luo 2025 Bayer_liquor to 4N_Ga foreground; upstream bauxite/alumina burden excluded from this node. PROXY_NEEDS_REVIEW.",technosphere,CN,RoW,a9f2745f-2e27-44cb-8129-26648d64ce80,"treatment of wastewater, average, capacity 1E9l/year | wastewater, average | RoW | m3 | ecoinvent 3.8"
Bayer liquor refining,4N_Ga,1,kg,FALSE,2025,"Source: Luo 2025; table=Table 1; row=Final product - Ga metal (99.99%); normalization=1 kg per 1 kg 4N_Ga; original_flow=Ga metal (99.99%); luo_unit_process=Final product; boundary=Gate-to-gate Luo 2025 foreground inventory from Bayer Liquor treatment through 99.99% primary gallium metal; upstream aluminum extraction/alumina production excluded.; uuid_basis=ecoinvent 3.8 only; confidence=Not applicable - foreground output; peer_review_flag=mapped to topology material 4N_Ga SOURCE_AUDIT_NOTES: source_note: Luo et al. 2025, Life cycle assessment for primary gallium production at industrial-scale. | source_table: Luo 2025 Table 1 | baseline_scope: Luo_2025_Bayer_liquor_to_4N_Ga MASTER_BOUNDARY_NOTE: Luo 2025 Bayer_liquor to 4N_Ga foreground; upstream bauxite/alumina burden excluded from this node.",production,CN,CN,,FOREGROUND_OUTPUT: topology material 4N_Ga; no ecoinvent UUID assigned
Bayer liquor refining,"electricity, high voltage, production mix",17.23,kWh,TRUE,2025,"Source: Luo 2025; table=Table 1; row=UP1: ingredient preparation - Electricity; normalization=17.23 kWh per 1 kg 4N_Ga; original_flow=Electricity; luo_unit_process=UP1: ingredient preparation; boundary=Gate-to-gate Luo 2025 foreground inventory from Bayer Liquor treatment through 99.99% primary gallium metal; upstream aluminum extraction/alumina production excluded.; uuid_basis=ecoinvent 3.8 only; confidence=Medium - regional proxy review; uuid_note=Luo Table 1 used ecoinvent 3.10 CN-NCGC high-voltage production mix; local ecoinvent 3.8 index has no CN-NCGC. Selected CN-SX production mix because Luo cites a Shanxi EIA data source. Review before publication. SOURCE_AUDIT_NOTES: source_note: Luo et al. 2025, Life cycle assessment for primary gallium production at industrial-scale. | source_table: Luo 2025 Table 1 | baseline_scope: Luo_2025_Bayer_liquor_to_4N_Ga MASTER_BOUNDARY_NOTE: Luo 2025 Bayer_liquor to 4N_Ga foreground; upstream bauxite/alumina burden excluded from this node. PROXY_NEEDS_REVIEW. TECHNOLOGY_TRANSFER_VARIANT: foreground process quantities are transferred from the source inventory to BLEECAM topology location; background electricity/geography adjusted where available. SOURCE_PROCESS_LOCATION=CN. ELECTRICITY_GEOGRAPHY_ADJUSTED_TO_GR: exact ecoinvent 3.8 electricity UUID used for topology process location.",technosphere,GR,GR,44befae1-0a3c-4b84-9edd-d461e8640dab,"electricity, high voltage, production mix | electricity, high voltage | GR | kWh | ecoinvent 3.8"
Bayer liquor refining,market for cationic resin,3,kg,TRUE,2025,"Source: Luo 2025; table=Table 1; row=UP2: resin adsorption - Chelate resin; normalization=3 kg per 1 kg 4N_Ga; original_flow=Chelate resin; luo_unit_process=UP2: resin adsorption; boundary=Gate-to-gate Luo 2025 foreground inventory from Bayer Liquor treatment through 99.99% primary gallium metal; upstream aluminum extraction/alumina production excluded.; uuid_basis=ecoinvent 3.8 only; confidence=Medium - Luo proxy for chelating resin; uuid_note=Luo states chelating resin is not directly available in ecoinvent and uses cationic resin as a proxy.; peer_review_flag=proxy material SOURCE_AUDIT_NOTES: source_note: Luo et al. 2025, Life cycle assessment for primary gallium production at industrial-scale. | source_table: Luo 2025 Table 1 | baseline_scope: Luo_2025_Bayer_liquor_to_4N_Ga MASTER_BOUNDARY_NOTE: Luo 2025 Bayer_liquor to 4N_Ga foreground; upstream bauxite/alumina burden excluded from this node. PROXY_NEEDS_REVIEW. TECHNOLOGY_TRANSFER_VARIANT: foreground process quantities are transferred from the source inventory to BLEECAM topology location; background electricity/geography adjusted where available. SOURCE_PROCESS_LOCATION=CN.",technosphere,GR,RoW,455532ae-1a7b-48dc-8474-16dbdc0eea48,market for cationic resin | cationic resin | RoW | kg | ecoinvent 3.8
Bayer liquor refining,"electricity, high voltage, production mix",11.39,kWh,TRUE,2025,"Source: Luo 2025; table=Table 1; row=UP2: resin adsorption - Electricity; normalization=11.39 kWh per 1 kg 4N_Ga; original_flow=Electricity; luo_unit_process=UP2: resin adsorption; boundary=Gate-to-gate Luo 2025 foreground inventory from Bayer Liquor treatment through 99.99% primary gallium metal; upstream aluminum extraction/alumina production excluded.; uuid_basis=ecoinvent 3.8 only; confidence=Medium - regional proxy review; uuid_note=Luo Table 1 used ecoinvent 3.10 CN-NCGC high-voltage production mix; local ecoinvent 3.8 index has no CN-NCGC. Selected CN-SX production mix because Luo cites a Shanxi EIA data source. Review before publication. SOURCE_AUDIT_NOTES: source_note: Luo et al. 2025, Life cycle assessment for primary gallium production at industrial-scale. | source_table: Luo 2025 Table 1 | baseline_scope: Luo_2025_Bayer_liquor_to_4N_Ga MASTER_BOUNDARY_NOTE: Luo 2025 Bayer_liquor to 4N_Ga foreground; upstream bauxite/alumina burden excluded from this node. PROXY_NEEDS_REVIEW. TECHNOLOGY_TRANSFER_VARIANT: foreground process quantities are transferred from the source inventory to BLEECAM topology location; background electricity/geography adjusted where available. SOURCE_PROCESS_LOCATION=CN. ELECTRICITY_GEOGRAPHY_ADJUSTED_TO_GR: exact ecoinvent 3.8 electricity UUID used for topology process location.",technosphere,GR,GR,44befae1-0a3c-4b84-9edd-d461e8640dab,"electricity, high voltage, production mix | electricity, high voltage | GR | kWh | ecoinvent 3.8"
Bayer liquor refining,"electricity, high voltage, production mix",3.27,kWh,TRUE,2025,"Source: Luo 2025; table=Table 1; row=UP3: resin washing - Electricity; normalization=3.27 kWh per 1 kg 4N_Ga; original_flow=Electricity; luo_unit_process=UP3: resin washing; boundary=Gate-to-gate Luo 2025 foreground inventory from Bayer Liquor treatment through 99.99% primary gallium metal; upstream aluminum extraction/alumina production excluded.; uuid_basis=ecoinvent 3.8 only; confidence=Medium - regional proxy review; uuid_note=Luo Table 1 used ecoinvent 3.10 CN-NCGC high-voltage production mix; local ecoinvent 3.8 index has no CN-NCGC. Selected CN-SX production mix because Luo cites a Shanxi EIA data source. Review before publication. SOURCE_AUDIT_NOTES: source_note: Luo et al. 2025, Life cycle assessment for primary gallium production at industrial-scale. | source_table: Luo 2025 Table 1 | baseline_scope: Luo_2025_Bayer_liquor_to_4N_Ga MASTER_BOUNDARY_NOTE: Luo 2025 Bayer_liquor to 4N_Ga foreground; upstream bauxite/alumina burden excluded from this node. PROXY_NEEDS_REVIEW. TECHNOLOGY_TRANSFER_VARIANT: foreground process quantities are transferred from the source inventory to BLEECAM topology location; background electricity/geography adjusted where available. SOURCE_PROCESS_LOCATION=CN. ELECTRICITY_GEOGRAPHY_ADJUSTED_TO_GR: exact ecoinvent 3.8 electricity UUID used for topology process location.",technosphere,GR,GR,44befae1-0a3c-4b84-9edd-d461e8640dab,"electricity, high voltage, production mix | electricity, high voltage | GR | kWh | ecoinvent 3.8"
Bayer liquor refining,"tap water production, conventional treatment",1860,kg,TRUE,2025,"Source: Luo 2025; table=Table 1; row=UP3: resin washing - Water; normalization=1.86 ton converted to 1860 kg per 1 kg 4N_Ga; original_flow=Water; luo_unit_process=UP3: resin washing; boundary=Gate-to-gate Luo 2025 foreground inventory from Bayer Liquor treatment through 99.99% primary gallium metal; upstream aluminum extraction/alumina production excluded.; uuid_basis=ecoinvent 3.8 only; confidence=High - exact ecoinvent 3.8 activity/reference product; uuid_note=Matches Luo Table 1 tap water treatment selection, using local ecoinvent 3.8. SOURCE_AUDIT_NOTES: source_note: Luo et al. 2025, Life cycle assessment for primary gallium production at industrial-scale. | source_table: Luo 2025 Table 1 | baseline_scope: Luo_2025_Bayer_liquor_to_4N_Ga MASTER_BOUNDARY_NOTE: Luo 2025 Bayer_liquor to 4N_Ga foreground; upstream bauxite/alumina burden excluded from this node. TECHNOLOGY_TRANSFER_VARIANT: foreground process quantities are transferred from the source inventory to BLEECAM topology location; background electricity/geography adjusted where available. SOURCE_PROCESS_LOCATION=CN. TAP_WATER_SIGN_CORRECTED_FOR_LIAISON: tap water production input converted from negative physical-source sign to positive technosphere input; wastewater treatment rows remain negative.",technosphere,GR,RoW,6f427cb8-804f-4c6b-b276-ab83bd2464ce,"tap water production, conventional treatment | tap water | RoW | kg | ecoinvent 3.8"
Bayer liquor refining,"treatment of wastewater, average, capacity 1E9l/year",-1.86,m3,TRUE,2025,"Source: Luo 2025; table=Table 1; row=UP3: resin washing - W2 wastewater; normalization=1.86 ton aqueous waste converted to 1.86 m3 assuming 1000 kg/m3; original_flow=W2 wastewater; luo_unit_process=UP3: resin washing; boundary=Gate-to-gate Luo 2025 foreground inventory from Bayer Liquor treatment through 99.99% primary gallium metal; upstream aluminum extraction/alumina production excluded.; uuid_basis=ecoinvent 3.8 only; confidence=Medium - exact proxy with kg/ton to m3 conversion; uuid_note=Matches Luo Table 1 wastewater treatment proxy. Mass quantities converted to m3 assuming aqueous density of 1000 kg/m3. SOURCE_AUDIT_NOTES: source_note: Luo et al. 2025, Life cycle assessment for primary gallium production at industrial-scale. | source_table: Luo 2025 Table 1 | baseline_scope: Luo_2025_Bayer_liquor_to_4N_Ga MASTER_BOUNDARY_NOTE: Luo 2025 Bayer_liquor to 4N_Ga foreground; upstream bauxite/alumina burden excluded from this node. PROXY_NEEDS_REVIEW. TECHNOLOGY_TRANSFER_VARIANT: foreground process quantities are transferred from the source inventory to BLEECAM topology location; background electricity/geography adjusted where available. SOURCE_PROCESS_LOCATION=CN.",technosphere,GR,RoW,a9f2745f-2e27-44cb-8129-26648d64ce80,"treatment of wastewater, average, capacity 1E9l/year | wastewater, average | RoW | m3 | ecoinvent 3.8"
Bayer liquor refining,sulfuric acid production,56,kg,TRUE,2025,"Source: Luo 2025; table=Table 1; row=UP4: acid making - 98% sulfuric acid; normalization=56 kg per 1 kg 4N_Ga; original_flow=98% sulfuric acid; luo_unit_process=UP4: acid making; boundary=Gate-to-gate Luo 2025 foreground inventory from Bayer Liquor treatment through 99.99% primary gallium metal; upstream aluminum extraction/alumina production excluded.; uuid_basis=ecoinvent 3.8 only; confidence=High - exact ecoinvent 3.8 activity/reference product; uuid_note=Matches Luo Table 1 sulfuric acid production selection, using local ecoinvent 3.8. SOURCE_AUDIT_NOTES: source_note: Luo et al. 2025, Life cycle assessment for primary gallium production at industrial-scale. | source_table: Luo 2025 Table 1 | baseline_scope: Luo_2025_Bayer_liquor_to_4N_Ga MASTER_BOUNDARY_NOTE: Luo 2025 Bayer_liquor to 4N_Ga foreground; upstream bauxite/alumina burden excluded from this node. TECHNOLOGY_TRANSFER_VARIANT: foreground process quantities are transferred from the source inventory to BLEECAM topology location; background electricity/geography adjusted where available. SOURCE_PROCESS_LOCATION=CN.",technosphere,GR,RoW,a69fcb0a-ce51-40be-b74c-ae895861e3bb,sulfuric acid production | sulfuric acid | RoW | kg | ecoinvent 3.8
Bayer liquor refining,"tap water production, conventional treatment",1.65,kg,TRUE,2025,"Source: Luo 2025; table=Table 1; row=UP4: acid making - Water; normalization=1.65 kg per 1 kg 4N_Ga; original_flow=Water; luo_unit_process=UP4: acid making; boundary=Gate-to-gate Luo 2025 foreground inventory from Bayer Liquor treatment through 99.99% primary gallium metal; upstream aluminum extraction/alumina production excluded.; uuid_basis=ecoinvent 3.8 only; confidence=High - exact ecoinvent 3.8 activity/reference product; uuid_note=Matches Luo Table 1 tap water treatment selection, using local ecoinvent 3.8. SOURCE_AUDIT_NOTES: source_note: Luo et al. 2025, Life cycle assessment for primary gallium production at industrial-scale. | source_table: Luo 2025 Table 1 | baseline_scope: Luo_2025_Bayer_liquor_to_4N_Ga MASTER_BOUNDARY_NOTE: Luo 2025 Bayer_liquor to 4N_Ga foreground; upstream bauxite/alumina burden excluded from this node. TECHNOLOGY_TRANSFER_VARIANT: foreground process quantities are transferred from the source inventory to BLEECAM topology location; background electricity/geography adjusted where available. SOURCE_PROCESS_LOCATION=CN. TAP_WATER_SIGN_CORRECTED_FOR_LIAISON: tap water production input converted from negative physical-source sign to positive technosphere input; wastewater treatment rows remain negative.",technosphere,GR,RoW,6f427cb8-804f-4c6b-b276-ab83bd2464ce,"tap water production, conventional treatment | tap water | RoW | kg | ecoinvent 3.8"
Bayer liquor refining,"treatment of wastewater, average, capacity 1E9l/year",-0.329,m3,TRUE,2025,"Source: Luo 2025; table=Table 1; row=UP4: acid making - W3 Salty water; normalization=329 kg aqueous waste converted to 0.329 m3 assuming 1000 kg/m3; original_flow=W3 Salty water; luo_unit_process=UP4: acid making; boundary=Gate-to-gate Luo 2025 foreground inventory from Bayer Liquor treatment through 99.99% primary gallium metal; upstream aluminum extraction/alumina production excluded.; uuid_basis=ecoinvent 3.8 only; confidence=Medium - exact proxy with kg/ton to m3 conversion; uuid_note=Matches Luo Table 1 wastewater treatment proxy. Mass quantities converted to m3 assuming aqueous density of 1000 kg/m3. SOURCE_AUDIT_NOTES: source_note: Luo et al. 2025, Life cycle assessment for primary gallium production at industrial-scale. | source_table: Luo 2025 Table 1 | baseline_scope: Luo_2025_Bayer_liquor_to_4N_Ga MASTER_BOUNDARY_NOTE: Luo 2025 Bayer_liquor to 4N_Ga foreground; upstream bauxite/alumina burden excluded from this node. PROXY_NEEDS_REVIEW. TECHNOLOGY_TRANSFER_VARIANT: foreground process quantities are transferred from the source inventory to BLEECAM topology location; background electricity/geography adjusted where available. SOURCE_PROCESS_LOCATION=CN.",technosphere,GR,RoW,a9f2745f-2e27-44cb-8129-26648d64ce80,"treatment of wastewater, average, capacity 1E9l/year | wastewater, average | RoW | m3 | ecoinvent 3.8"
Bayer liquor refining,"electricity, high voltage, production mix",0.72,kWh,TRUE,2025,"Source: Luo 2025; table=Table 1; row=UP4: acid making - Electricity (cooling for water softening); normalization=0.72 kWh per 1 kg 4N_Ga; original_flow=Electricity (cooling for water softening); luo_unit_process=UP4: acid making; boundary=Gate-to-gate Luo 2025 foreground inventory from Bayer Liquor treatment through 99.99% primary gallium metal; upstream aluminum extraction/alumina production excluded.; uuid_basis=ecoinvent 3.8 only; confidence=Medium - regional proxy review; uuid_note=Luo Table 1 used ecoinvent 3.10 CN-NCGC high-voltage production mix; local ecoinvent 3.8 index has no CN-NCGC. Selected CN-SX production mix because Luo cites a Shanxi EIA data source. Review before publication. SOURCE_AUDIT_NOTES: source_note: Luo et al. 2025, Life cycle assessment for primary gallium production at industrial-scale. | source_table: Luo 2025 Table 1 | baseline_scope: Luo_2025_Bayer_liquor_to_4N_Ga MASTER_BOUNDARY_NOTE: Luo 2025 Bayer_liquor to 4N_Ga foreground; upstream bauxite/alumina burden excluded from this node. PROXY_NEEDS_REVIEW. TECHNOLOGY_TRANSFER_VARIANT: foreground process quantities are transferred from the source inventory to BLEECAM topology location; background electricity/geography adjusted where available. SOURCE_PROCESS_LOCATION=CN. ELECTRICITY_GEOGRAPHY_ADJUSTED_TO_GR: exact ecoinvent 3.8 electricity UUID used for topology process location.",technosphere,GR,GR,44befae1-0a3c-4b84-9edd-d461e8640dab,"electricity, high voltage, production mix | electricity, high voltage | GR | kWh | ecoinvent 3.8"
Bayer liquor refining,"electricity, high voltage, production mix",1.35,kWh,TRUE,2025,"Source: Luo 2025; table=Table 1; row=UP4: acid making - Electricity (cooling for acid dilution); normalization=1.35 kWh per 1 kg 4N_Ga; original_flow=Electricity (cooling for acid dilution); luo_unit_process=UP4: acid making; boundary=Gate-to-gate Luo 2025 foreground inventory from Bayer Liquor treatment through 99.99% primary gallium metal; upstream aluminum extraction/alumina production excluded.; uuid_basis=ecoinvent 3.8 only; confidence=Medium - regional proxy review; uuid_note=Luo Table 1 used ecoinvent 3.10 CN-NCGC high-voltage production mix; local ecoinvent 3.8 index has no CN-NCGC. Selected CN-SX production mix because Luo cites a Shanxi EIA data source. Review before publication. SOURCE_AUDIT_NOTES: source_note: Luo et al. 2025, Life cycle assessment for primary gallium production at industrial-scale. | source_table: Luo 2025 Table 1 | baseline_scope: Luo_2025_Bayer_liquor_to_4N_Ga MASTER_BOUNDARY_NOTE: Luo 2025 Bayer_liquor to 4N_Ga foreground; upstream bauxite/alumina burden excluded from this node. PROXY_NEEDS_REVIEW. TECHNOLOGY_TRANSFER_VARIANT: foreground process quantities are transferred from the source inventory to BLEECAM topology location; background electricity/geography adjusted where available. SOURCE_PROCESS_LOCATION=CN. ELECTRICITY_GEOGRAPHY_ADJUSTED_TO_GR: exact ecoinvent 3.8 electricity UUID used for topology process location.",technosphere,GR,GR,44befae1-0a3c-4b84-9edd-d461e8640dab,"electricity, high voltage, production mix | electricity, high voltage | GR | kWh | ecoinvent 3.8"
Bayer liquor refining,"electricity, high voltage, production mix",9.9,kWh,TRUE,2025,"Source: Luo 2025; table=Table 1; row=UP4: acid making - Electricity; normalization=9.9 kWh per 1 kg 4N_Ga; original_flow=Electricity; luo_unit_process=UP4: acid making; boundary=Gate-to-gate Luo 2025 foreground inventory from Bayer Liquor treatment through 99.99% primary gallium metal; upstream aluminum extraction/alumina production excluded.; uuid_basis=ecoinvent 3.8 only; confidence=Medium - regional proxy review; uuid_note=Luo Table 1 used ecoinvent 3.10 CN-NCGC high-voltage production mix; local ecoinvent 3.8 index has no CN-NCGC. Selected CN-SX production mix because Luo cites a Shanxi EIA data source. Review before publication. SOURCE_AUDIT_NOTES: source_note: Luo et al. 2025, Life cycle assessment for primary gallium production at industrial-scale. | source_table: Luo 2025 Table 1 | baseline_scope: Luo_2025_Bayer_liquor_to_4N_Ga MASTER_BOUNDARY_NOTE: Luo 2025 Bayer_liquor to 4N_Ga foreground; upstream bauxite/alumina burden excluded from this node. PROXY_NEEDS_REVIEW. TECHNOLOGY_TRANSFER_VARIANT: foreground process quantities are transferred from the source inventory to BLEECAM topology location; background electricity/geography adjusted where available. SOURCE_PROCESS_LOCATION=CN. ELECTRICITY_GEOGRAPHY_ADJUSTED_TO_GR: exact ecoinvent 3.8 electricity UUID used for topology process location.",technosphere,GR,GR,44befae1-0a3c-4b84-9edd-d461e8640dab,"electricity, high voltage, production mix | electricity, high voltage | GR | kWh | ecoinvent 3.8"
Bayer liquor refining,"electricity, high voltage, production mix",4.55,kWh,TRUE,2025,"Source: Luo 2025; table=Table 1; row=UP5: leaching - Electricity; normalization=4.55 kWh per 1 kg 4N_Ga; original_flow=Electricity; luo_unit_process=UP5: leaching; boundary=Gate-to-gate Luo 2025 foreground inventory from Bayer Liquor treatment through 99.99% primary gallium metal; upstream aluminum extraction/alumina production excluded.; uuid_basis=ecoinvent 3.8 only; confidence=Medium - regional proxy review; uuid_note=Luo Table 1 used ecoinvent 3.10 CN-NCGC high-voltage production mix; local ecoinvent 3.8 index has no CN-NCGC. Selected CN-SX production mix because Luo cites a Shanxi EIA data source. Review before publication. SOURCE_AUDIT_NOTES: source_note: Luo et al. 2025, Life cycle assessment for primary gallium production at industrial-scale. | source_table: Luo 2025 Table 1 | baseline_scope: Luo_2025_Bayer_liquor_to_4N_Ga MASTER_BOUNDARY_NOTE: Luo 2025 Bayer_liquor to 4N_Ga foreground; upstream bauxite/alumina burden excluded from this node. PROXY_NEEDS_REVIEW. TECHNOLOGY_TRANSFER_VARIANT: foreground process quantities are transferred from the source inventory to BLEECAM topology location; background electricity/geography adjusted where available. SOURCE_PROCESS_LOCATION=CN. ELECTRICITY_GEOGRAPHY_ADJUSTED_TO_GR: exact ecoinvent 3.8 electricity UUID used for topology process location.",technosphere,GR,GR,44befae1-0a3c-4b84-9edd-d461e8640dab,"electricity, high voltage, production mix | electricity, high voltage | GR | kWh | ecoinvent 3.8"
Bayer liquor refining,"electricity, high voltage, production mix",26.1,kWh,TRUE,2025,"Source: Luo 2025; table=Table 1; row=UP5: leaching - Electricity (cooling for leaching); normalization=26.1 kWh per 1 kg 4N_Ga; original_flow=Electricity (cooling for leaching); luo_unit_process=UP5: leaching; boundary=Gate-to-gate Luo 2025 foreground inventory from Bayer Liquor treatment through 99.99% primary gallium metal; upstream aluminum extraction/alumina production excluded.; uuid_basis=ecoinvent 3.8 only; confidence=Medium - regional proxy review; uuid_note=Luo Table 1 used ecoinvent 3.10 CN-NCGC high-voltage production mix; local ecoinvent 3.8 index has no CN-NCGC. Selected CN-SX production mix because Luo cites a Shanxi EIA data source. Review before publication. SOURCE_AUDIT_NOTES: source_note: Luo et al. 2025, Life cycle assessment for primary gallium production at industrial-scale. | source_table: Luo 2025 Table 1 | baseline_scope: Luo_2025_Bayer_liquor_to_4N_Ga MASTER_BOUNDARY_NOTE: Luo 2025 Bayer_liquor to 4N_Ga foreground; upstream bauxite/alumina burden excluded from this node. PROXY_NEEDS_REVIEW. TECHNOLOGY_TRANSFER_VARIANT: foreground process quantities are transferred from the source inventory to BLEECAM topology location; background electricity/geography adjusted where available. SOURCE_PROCESS_LOCATION=CN. ELECTRICITY_GEOGRAPHY_ADJUSTED_TO_GR: exact ecoinvent 3.8 electricity UUID used for topology process location.",technosphere,GR,GR,44befae1-0a3c-4b84-9edd-d461e8640dab,"electricity, high voltage, production mix | electricity, high voltage | GR | kWh | ecoinvent 3.8"
Bayer liquor refining,"tap water production, conventional treatment",30.9,kg,TRUE,2025,"Source: Luo 2025; table=Table 1; row=UP6: resin regeneration - Water; normalization=30.9 kg per 1 kg 4N_Ga; original_flow=Water; luo_unit_process=UP6: resin regeneration; boundary=Gate-to-gate Luo 2025 foreground inventory from Bayer Liquor treatment through 99.99% primary gallium metal; upstream aluminum extraction/alumina production excluded.; uuid_basis=ecoinvent 3.8 only; confidence=High - exact ecoinvent 3.8 activity/reference product; uuid_note=Matches Luo Table 1 tap water treatment selection, using local ecoinvent 3.8. SOURCE_AUDIT_NOTES: source_note: Luo et al. 2025, Life cycle assessment for primary gallium production at industrial-scale. | source_table: Luo 2025 Table 1 | baseline_scope: Luo_2025_Bayer_liquor_to_4N_Ga MASTER_BOUNDARY_NOTE: Luo 2025 Bayer_liquor to 4N_Ga foreground; upstream bauxite/alumina burden excluded from this node. TECHNOLOGY_TRANSFER_VARIANT: foreground process quantities are transferred from the source inventory to BLEECAM topology location; background electricity/geography adjusted where available. SOURCE_PROCESS_LOCATION=CN. TAP_WATER_SIGN_CORRECTED_FOR_LIAISON: tap water production input converted from negative physical-source sign to positive technosphere input; wastewater treatment rows remain negative.",technosphere,GR,RoW,6f427cb8-804f-4c6b-b276-ab83bd2464ce,"tap water production, conventional treatment | tap water | RoW | kg | ecoinvent 3.8"
Bayer liquor refining,"treatment of inert waste, inert material landfill",-1.8,kg,TRUE,2025,"Source: Luo 2025; table=Table 1; row=UP6: resin regeneration - S2 used resin; normalization=1.8 kg per 1 kg 4N_Ga; original_flow=S2 used resin; luo_unit_process=UP6: resin regeneration; boundary=Gate-to-gate Luo 2025 foreground inventory from Bayer Liquor treatment through 99.99% primary gallium metal; upstream aluminum extraction/alumina production excluded.; uuid_basis=ecoinvent 3.8 only; confidence=Medium - proxy for Luo chemical waste, inert; uuid_note=Local ecoinvent 3.8 has no exact 'chemical waste, inert'; selected inert waste landfill proxy.; peer_review_flag=waste proxy SOURCE_AUDIT_NOTES: source_note: Luo et al. 2025, Life cycle assessment for primary gallium production at industrial-scale. | source_table: Luo 2025 Table 1 | baseline_scope: Luo_2025_Bayer_liquor_to_4N_Ga MASTER_BOUNDARY_NOTE: Luo 2025 Bayer_liquor to 4N_Ga foreground; upstream bauxite/alumina burden excluded from this node. PROXY_NEEDS_REVIEW. TECHNOLOGY_TRANSFER_VARIANT: foreground process quantities are transferred from the source inventory to BLEECAM topology location; background electricity/geography adjusted where available. SOURCE_PROCESS_LOCATION=CN.",technosphere,GR,RoW,561ca14c-12cb-4e61-91ae-1f53a250eaa8,"treatment of inert waste, inert material landfill | inert waste, for final disposal | RoW | kg | ecoinvent 3.8"
Bayer liquor refining,"electricity, high voltage, production mix",1.98,kWh,TRUE,2025,"Source: Luo 2025; table=Table 1; row=UP6: resin regeneration - Electricity; normalization=1.98 kWh per 1 kg 4N_Ga; original_flow=Electricity; luo_unit_process=UP6: resin regeneration; boundary=Gate-to-gate Luo 2025 foreground inventory from Bayer Liquor treatment through 99.99% primary gallium metal; upstream aluminum extraction/alumina production excluded.; uuid_basis=ecoinvent 3.8 only; confidence=Medium - regional proxy review; uuid_note=Luo Table 1 used ecoinvent 3.10 CN-NCGC high-voltage production mix; local ecoinvent 3.8 index has no CN-NCGC. Selected CN-SX production mix because Luo cites a Shanxi EIA data source. Review before publication. SOURCE_AUDIT_NOTES: source_note: Luo et al. 2025, Life cycle assessment for primary gallium production at industrial-scale. | source_table: Luo 2025 Table 1 | baseline_scope: Luo_2025_Bayer_liquor_to_4N_Ga MASTER_BOUNDARY_NOTE: Luo 2025 Bayer_liquor to 4N_Ga foreground; upstream bauxite/alumina burden excluded from this node. PROXY_NEEDS_REVIEW. TECHNOLOGY_TRANSFER_VARIANT: foreground process quantities are transferred from the source inventory to BLEECAM topology location; background electricity/geography adjusted where available. SOURCE_PROCESS_LOCATION=CN. ELECTRICITY_GEOGRAPHY_ADJUSTED_TO_GR: exact ecoinvent 3.8 electricity UUID used for topology process location.",technosphere,GR,GR,44befae1-0a3c-4b84-9edd-d461e8640dab,"electricity, high voltage, production mix | electricity, high voltage | GR | kWh | ecoinvent 3.8"
Bayer liquor refining,"market for sodium hydroxide, without water, in 50% solution state",44.84,kg,TRUE,2025,"Source: Luo 2025; table=Table 1; row=UP7: precipitation - NaOH; normalization=44.84 kg per 1 kg 4N_Ga; original_flow=NaOH; luo_unit_process=UP7: precipitation; boundary=Gate-to-gate Luo 2025 foreground inventory from Bayer Liquor treatment through 99.99% primary gallium metal; upstream aluminum extraction/alumina production excluded.; uuid_basis=ecoinvent 3.8 only; confidence=High - exact ecoinvent 3.8 activity/reference product; uuid_note=Matches Luo Table 1 sodium hydroxide selection, using local ecoinvent 3.8. SOURCE_AUDIT_NOTES: source_note: Luo et al. 2025, Life cycle assessment for primary gallium production at industrial-scale. | source_table: Luo 2025 Table 1 | baseline_scope: Luo_2025_Bayer_liquor_to_4N_Ga MASTER_BOUNDARY_NOTE: Luo 2025 Bayer_liquor to 4N_Ga foreground; upstream bauxite/alumina burden excluded from this node. TECHNOLOGY_TRANSFER_VARIANT: foreground process quantities are transferred from the source inventory to BLEECAM topology location; background electricity/geography adjusted where available. SOURCE_PROCESS_LOCATION=CN.",technosphere,GR,GLO,ad2f7e9a-4886-4d71-966d-d529bcc7587f,"market for sodium hydroxide, without water, in 50% solution state | sodium hydroxide, without water, in 50% solution state | GLO | kg | ecoinvent 3.8"
Bayer liquor refining,"treatment of wastewater, average, capacity 1E9l/year",-1.25,m3,TRUE,2025,"Source: Luo 2025; table=Table 1; row=UP7: precipitation - W4 centrifugate solution; normalization=1.25 ton aqueous waste converted to 1.25 m3 assuming 1000 kg/m3; original_flow=W4 centrifugate solution; luo_unit_process=UP7: precipitation; boundary=Gate-to-gate Luo 2025 foreground inventory from Bayer Liquor treatment through 99.99% primary gallium metal; upstream aluminum extraction/alumina production excluded.; uuid_basis=ecoinvent 3.8 only; confidence=Medium - exact proxy with kg/ton to m3 conversion; uuid_note=Matches Luo Table 1 wastewater treatment proxy. Mass quantities converted to m3 assuming aqueous density of 1000 kg/m3. SOURCE_AUDIT_NOTES: source_note: Luo et al. 2025, Life cycle assessment for primary gallium production at industrial-scale. | source_table: Luo 2025 Table 1 | baseline_scope: Luo_2025_Bayer_liquor_to_4N_Ga MASTER_BOUNDARY_NOTE: Luo 2025 Bayer_liquor to 4N_Ga foreground; upstream bauxite/alumina burden excluded from this node. PROXY_NEEDS_REVIEW. TECHNOLOGY_TRANSFER_VARIANT: foreground process quantities are transferred from the source inventory to BLEECAM topology location; background electricity/geography adjusted where available. SOURCE_PROCESS_LOCATION=CN.",technosphere,GR,RoW,a9f2745f-2e27-44cb-8129-26648d64ce80,"treatment of wastewater, average, capacity 1E9l/year | wastewater, average | RoW | m3 | ecoinvent 3.8"
Bayer liquor refining,"electricity, high voltage, production mix",4.75,kWh,TRUE,2025,"Source: Luo 2025; table=Table 1; row=UP7: precipitation - Electricity; normalization=4.75 kWh per 1 kg 4N_Ga; original_flow=Electricity; luo_unit_process=UP7: precipitation; boundary=Gate-to-gate Luo 2025 foreground inventory from Bayer Liquor treatment through 99.99% primary gallium metal; upstream aluminum extraction/alumina production excluded.; uuid_basis=ecoinvent 3.8 only; confidence=Medium - regional proxy review; uuid_note=Luo Table 1 used ecoinvent 3.10 CN-NCGC high-voltage production mix; local ecoinvent 3.8 index has no CN-NCGC. Selected CN-SX production mix because Luo cites a Shanxi EIA data source. Review before publication. SOURCE_AUDIT_NOTES: source_note: Luo et al. 2025, Life cycle assessment for primary gallium production at industrial-scale. | source_table: Luo 2025 Table 1 | baseline_scope: Luo_2025_Bayer_liquor_to_4N_Ga MASTER_BOUNDARY_NOTE: Luo 2025 Bayer_liquor to 4N_Ga foreground; upstream bauxite/alumina burden excluded from this node. PROXY_NEEDS_REVIEW. TECHNOLOGY_TRANSFER_VARIANT: foreground process quantities are transferred from the source inventory to BLEECAM topology location; background electricity/geography adjusted where available. SOURCE_PROCESS_LOCATION=CN. ELECTRICITY_GEOGRAPHY_ADJUSTED_TO_GR: exact ecoinvent 3.8 electricity UUID used for topology process location.",technosphere,GR,GR,44befae1-0a3c-4b84-9edd-d461e8640dab,"electricity, high voltage, production mix | electricity, high voltage | GR | kWh | ecoinvent 3.8"
Bayer liquor refining,"electricity, high voltage, production mix",1.81,kWh,TRUE,2025,"Source: Luo 2025; table=Table 1; row=UP7: precipitation - Electricity (cooling for alkali dilution); normalization=1.81 kWh per 1 kg 4N_Ga; original_flow=Electricity (cooling for alkali dilution); luo_unit_process=UP7: precipitation; boundary=Gate-to-gate Luo 2025 foreground inventory from Bayer Liquor treatment through 99.99% primary gallium metal; upstream aluminum extraction/alumina production excluded.; uuid_basis=ecoinvent 3.8 only; confidence=Medium - regional proxy review; uuid_note=Luo Table 1 used ecoinvent 3.10 CN-NCGC high-voltage production mix; local ecoinvent 3.8 index has no CN-NCGC. Selected CN-SX production mix because Luo cites a Shanxi EIA data source. Review before publication. SOURCE_AUDIT_NOTES: source_note: Luo et al. 2025, Life cycle assessment for primary gallium production at industrial-scale. | source_table: Luo 2025 Table 1 | baseline_scope: Luo_2025_Bayer_liquor_to_4N_Ga MASTER_BOUNDARY_NOTE: Luo 2025 Bayer_liquor to 4N_Ga foreground; upstream bauxite/alumina burden excluded from this node. PROXY_NEEDS_REVIEW. TECHNOLOGY_TRANSFER_VARIANT: foreground process quantities are transferred from the source inventory to BLEECAM topology location; background electricity/geography adjusted where available. SOURCE_PROCESS_LOCATION=CN. ELECTRICITY_GEOGRAPHY_ADJUSTED_TO_GR: exact ecoinvent 3.8 electricity UUID used for topology process location.",technosphere,GR,GR,44befae1-0a3c-4b84-9edd-d461e8640dab,"electricity, high voltage, production mix | electricity, high voltage | GR | kWh | ecoinvent 3.8"
Bayer liquor refining,"market for steam, in chemical industry",32.25,kg,TRUE,2025,"Source: Luo 2025; table=Table 1; row=UP8: purification - Steam; normalization=32.25 kg per 1 kg 4N_Ga; original_flow=Steam; luo_unit_process=UP8: purification; boundary=Gate-to-gate Luo 2025 foreground inventory from Bayer Liquor treatment through 99.99% primary gallium metal; upstream aluminum extraction/alumina production excluded.; uuid_basis=ecoinvent 3.8 only; confidence=High - exact ecoinvent 3.8 activity/reference product; uuid_note=Matches Luo Table 1 steam market selection, using local ecoinvent 3.8.; peer_review_flag=Luo UP8 purification is within 4N route, not topology High-purity gallium refining SOURCE_AUDIT_NOTES: source_note: Luo et al. 2025, Life cycle assessment for primary gallium production at industrial-scale. | source_table: Luo 2025 Table 1 | baseline_scope: Luo_2025_Bayer_liquor_to_4N_Ga MASTER_BOUNDARY_NOTE: Luo 2025 Bayer_liquor to 4N_Ga foreground; upstream bauxite/alumina burden excluded from this node. TECHNOLOGY_TRANSFER_VARIANT: foreground process quantities are transferred from the source inventory to BLEECAM topology location; background electricity/geography adjusted where available. SOURCE_PROCESS_LOCATION=CN.",technosphere,GR,RoW,a2ce87fa-33d1-4017-9050-341bfd06213e,"market for steam, in chemical industry | steam, in chemical industry | RoW | kg | ecoinvent 3.8"
Bayer liquor refining,"market for quicklime, milled, loose",2,kg,TRUE,2025,"Source: Luo 2025; table=Table 1; row=UP8: purification - CaO; normalization=2 kg per 1 kg 4N_Ga; original_flow=CaO; luo_unit_process=UP8: purification; boundary=Gate-to-gate Luo 2025 foreground inventory from Bayer Liquor treatment through 99.99% primary gallium metal; upstream aluminum extraction/alumina production excluded.; uuid_basis=ecoinvent 3.8 only; confidence=High - exact ecoinvent 3.8 activity/reference product; uuid_note=Matches Luo Table 1 quicklime market selection, using local ecoinvent 3.8.; peer_review_flag=Luo UP8 purification is within 4N route, not topology High-purity gallium refining SOURCE_AUDIT_NOTES: source_note: Luo et al. 2025, Life cycle assessment for primary gallium production at industrial-scale. | source_table: Luo 2025 Table 1 | baseline_scope: Luo_2025_Bayer_liquor_to_4N_Ga MASTER_BOUNDARY_NOTE: Luo 2025 Bayer_liquor to 4N_Ga foreground; upstream bauxite/alumina burden excluded from this node. TECHNOLOGY_TRANSFER_VARIANT: foreground process quantities are transferred from the source inventory to BLEECAM topology location; background electricity/geography adjusted where available. SOURCE_PROCESS_LOCATION=CN.",technosphere,GR,RoW,2aa427f7-ab97-4bd1-8abc-471f53a63db6,"market for quicklime, milled, loose | quicklime, milled, loose | RoW | kg | ecoinvent 3.8"
Bayer liquor refining,"market for sodium hydroxide, without water, in 50% solution state",44.16,kg,TRUE,2025,"Source: Luo 2025; table=Table 1; row=UP8: purification - NaOH; normalization=44.16 kg per 1 kg 4N_Ga; original_flow=NaOH; luo_unit_process=UP8: purification; boundary=Gate-to-gate Luo 2025 foreground inventory from Bayer Liquor treatment through 99.99% primary gallium metal; upstream aluminum extraction/alumina production excluded.; uuid_basis=ecoinvent 3.8 only; confidence=High - exact ecoinvent 3.8 activity/reference product; uuid_note=Matches Luo Table 1 sodium hydroxide selection, using local ecoinvent 3.8.; peer_review_flag=Luo UP8 purification is within 4N route, not topology High-purity gallium refining SOURCE_AUDIT_NOTES: source_note: Luo et al. 2025, Life cycle assessment for primary gallium production at industrial-scale. | source_table: Luo 2025 Table 1 | baseline_scope: Luo_2025_Bayer_liquor_to_4N_Ga MASTER_BOUNDARY_NOTE: Luo 2025 Bayer_liquor to 4N_Ga foreground; upstream bauxite/alumina burden excluded from this node. TECHNOLOGY_TRANSFER_VARIANT: foreground process quantities are transferred from the source inventory to BLEECAM topology location; background electricity/geography adjusted where available. SOURCE_PROCESS_LOCATION=CN.",technosphere,GR,GLO,ad2f7e9a-4886-4d71-966d-d529bcc7587f,"market for sodium hydroxide, without water, in 50% solution state | sodium hydroxide, without water, in 50% solution state | GLO | kg | ecoinvent 3.8"
Bayer liquor refining,"treatment of wastewater, average, capacity 1E9l/year",-0.03225,m3,TRUE,2025,"Source: Luo 2025; table=Table 1; row=UP8: purification - W5 condensate water; normalization=32.25 kg aqueous waste converted to 0.03225 m3 assuming 1000 kg/m3; original_flow=W5 condensate water; luo_unit_process=UP8: purification; boundary=Gate-to-gate Luo 2025 foreground inventory from Bayer Liquor treatment through 99.99% primary gallium metal; upstream aluminum extraction/alumina production excluded.; uuid_basis=ecoinvent 3.8 only; confidence=Medium - exact proxy with kg/ton to m3 conversion; uuid_note=Matches Luo Table 1 wastewater treatment proxy. Mass quantities converted to m3 assuming aqueous density of 1000 kg/m3.; peer_review_flag=Luo UP8 purification is within 4N route, not topology High-purity gallium refining SOURCE_AUDIT_NOTES: source_note: Luo et al. 2025, Life cycle assessment for primary gallium production at industrial-scale. | source_table: Luo 2025 Table 1 | baseline_scope: Luo_2025_Bayer_liquor_to_4N_Ga MASTER_BOUNDARY_NOTE: Luo 2025 Bayer_liquor to 4N_Ga foreground; upstream bauxite/alumina burden excluded from this node. PROXY_NEEDS_REVIEW. TECHNOLOGY_TRANSFER_VARIANT: foreground process quantities are transferred from the source inventory to BLEECAM topology location; background electricity/geography adjusted where available. SOURCE_PROCESS_LOCATION=CN.",technosphere,GR,RoW,a9f2745f-2e27-44cb-8129-26648d64ce80,"treatment of wastewater, average, capacity 1E9l/year | wastewater, average | RoW | m3 | ecoinvent 3.8"
Bayer liquor refining,"treatment of limestone residue, inert material landfill",-2.4,kg,TRUE,2025,"Source: Luo 2025; table=Table 1; row=UP8: purification - S3 filter cake (CaCO3); normalization=2.4 kg per 1 kg 4N_Ga; original_flow=S3 filter cake (CaCO3); luo_unit_process=UP8: purification; boundary=Gate-to-gate Luo 2025 foreground inventory from Bayer Liquor treatment through 99.99% primary gallium metal; upstream aluminum extraction/alumina production excluded.; uuid_basis=ecoinvent 3.8 only; confidence=Medium - proxy for Luo limestone waste; uuid_note=Matches limestone-residue treatment proxy in local ecoinvent 3.8.; peer_review_flag=waste proxy; Luo UP8 is within 4N route SOURCE_AUDIT_NOTES: source_note: Luo et al. 2025, Life cycle assessment for primary gallium production at industrial-scale. | source_table: Luo 2025 Table 1 | baseline_scope: Luo_2025_Bayer_liquor_to_4N_Ga MASTER_BOUNDARY_NOTE: Luo 2025 Bayer_liquor to 4N_Ga foreground; upstream bauxite/alumina burden excluded from this node. PROXY_NEEDS_REVIEW. TECHNOLOGY_TRANSFER_VARIANT: foreground process quantities are transferred from the source inventory to BLEECAM topology location; background electricity/geography adjusted where available. SOURCE_PROCESS_LOCATION=CN.",technosphere,GR,RoW,b9220742-1ac0-47ca-bf1a-acd2257508cb,"treatment of limestone residue, inert material landfill | limestone residue | RoW | kg | ecoinvent 3.8"
Bayer liquor refining,"electricity, high voltage, production mix",1.81,kWh,TRUE,2025,"Source: Luo 2025; table=Table 1; row=UP8: purification - Electricity (cooling for alkali dilution); normalization=1.81 kWh per 1 kg 4N_Ga; original_flow=Electricity (cooling for alkali dilution); luo_unit_process=UP8: purification; boundary=Gate-to-gate Luo 2025 foreground inventory from Bayer Liquor treatment through 99.99% primary gallium metal; upstream aluminum extraction/alumina production excluded.; uuid_basis=ecoinvent 3.8 only; confidence=Medium - regional proxy review; uuid_note=Luo Table 1 used ecoinvent 3.10 CN-NCGC high-voltage production mix; local ecoinvent 3.8 index has no CN-NCGC. Selected CN-SX production mix because Luo cites a Shanxi EIA data source. Review before publication.; peer_review_flag=Luo UP8 is within 4N route SOURCE_AUDIT_NOTES: source_note: Luo et al. 2025, Life cycle assessment for primary gallium production at industrial-scale. | source_table: Luo 2025 Table 1 | baseline_scope: Luo_2025_Bayer_liquor_to_4N_Ga MASTER_BOUNDARY_NOTE: Luo 2025 Bayer_liquor to 4N_Ga foreground; upstream bauxite/alumina burden excluded from this node. PROXY_NEEDS_REVIEW. TECHNOLOGY_TRANSFER_VARIANT: foreground process quantities are transferred from the source inventory to BLEECAM topology location; background electricity/geography adjusted where available. SOURCE_PROCESS_LOCATION=CN. ELECTRICITY_GEOGRAPHY_ADJUSTED_TO_GR: exact ecoinvent 3.8 electricity UUID used for topology process location.",technosphere,GR,GR,44befae1-0a3c-4b84-9edd-d461e8640dab,"electricity, high voltage, production mix | electricity, high voltage | GR | kWh | ecoinvent 3.8"
Bayer liquor refining,"electricity, high voltage, production mix",13.27,kWh,TRUE,2025,"Source: Luo 2025; table=Table 1; row=UP8: purification - Electricity; normalization=13.27 kWh per 1 kg 4N_Ga; original_flow=Electricity; luo_unit_process=UP8: purification; boundary=Gate-to-gate Luo 2025 foreground inventory from Bayer Liquor treatment through 99.99% primary gallium metal; upstream aluminum extraction/alumina production excluded.; uuid_basis=ecoinvent 3.8 only; confidence=Medium - regional proxy review; uuid_note=Luo Table 1 used ecoinvent 3.10 CN-NCGC high-voltage production mix; local ecoinvent 3.8 index has no CN-NCGC. Selected CN-SX production mix because Luo cites a Shanxi EIA data source. Review before publication.; peer_review_flag=Luo UP8 is within 4N route SOURCE_AUDIT_NOTES: source_note: Luo et al. 2025, Life cycle assessment for primary gallium production at industrial-scale. | source_table: Luo 2025 Table 1 | baseline_scope: Luo_2025_Bayer_liquor_to_4N_Ga MASTER_BOUNDARY_NOTE: Luo 2025 Bayer_liquor to 4N_Ga foreground; upstream bauxite/alumina burden excluded from this node. PROXY_NEEDS_REVIEW. TECHNOLOGY_TRANSFER_VARIANT: foreground process quantities are transferred from the source inventory to BLEECAM topology location; background electricity/geography adjusted where available. SOURCE_PROCESS_LOCATION=CN. ELECTRICITY_GEOGRAPHY_ADJUSTED_TO_GR: exact ecoinvent 3.8 electricity UUID used for topology process location.",technosphere,GR,GR,44befae1-0a3c-4b84-9edd-d461e8640dab,"electricity, high voltage, production mix | electricity, high voltage | GR | kWh | ecoinvent 3.8"
Bayer liquor refining,"electricity, high voltage, production mix",3.86,kWh,TRUE,2025,"Source: Luo 2025; table=Table 1; row=UP9: electrolysis - Electricity; normalization=3.86 kWh per 1 kg 4N_Ga; original_flow=Electricity; luo_unit_process=UP9: electrolysis; boundary=Gate-to-gate Luo 2025 foreground inventory from Bayer Liquor treatment through 99.99% primary gallium metal; upstream aluminum extraction/alumina production excluded.; uuid_basis=ecoinvent 3.8 only; confidence=Medium - regional proxy review; uuid_note=Luo Table 1 used ecoinvent 3.10 CN-NCGC high-voltage production mix; local ecoinvent 3.8 index has no CN-NCGC. Selected CN-SX production mix because Luo cites a Shanxi EIA data source. Review before publication. SOURCE_AUDIT_NOTES: source_note: Luo et al. 2025, Life cycle assessment for primary gallium production at industrial-scale. | source_table: Luo 2025 Table 1 | baseline_scope: Luo_2025_Bayer_liquor_to_4N_Ga MASTER_BOUNDARY_NOTE: Luo 2025 Bayer_liquor to 4N_Ga foreground; upstream bauxite/alumina burden excluded from this node. PROXY_NEEDS_REVIEW. TECHNOLOGY_TRANSFER_VARIANT: foreground process quantities are transferred from the source inventory to BLEECAM topology location; background electricity/geography adjusted where available. SOURCE_PROCESS_LOCATION=CN. ELECTRICITY_GEOGRAPHY_ADJUSTED_TO_GR: exact ecoinvent 3.8 electricity UUID used for topology process location.",technosphere,GR,GR,44befae1-0a3c-4b84-9edd-d461e8640dab,"electricity, high voltage, production mix | electricity, high voltage | GR | kWh | ecoinvent 3.8"
Bayer liquor refining,"treatment of wastewater, average, capacity 1E9l/year",-0.2633,m3,TRUE,2025,"Source: Luo 2025; table=Table 1; row=UP9: electrolysis - W6 electrolysis waste; normalization=263.3 kg aqueous waste converted to 0.2633 m3 assuming 1000 kg/m3; original_flow=W6 electrolysis waste; luo_unit_process=UP9: electrolysis; boundary=Gate-to-gate Luo 2025 foreground inventory from Bayer Liquor treatment through 99.99% primary gallium metal; upstream aluminum extraction/alumina production excluded.; uuid_basis=ecoinvent 3.8 only; confidence=Medium - exact proxy with kg/ton to m3 conversion; uuid_note=Matches Luo Table 1 wastewater treatment proxy. Mass quantities converted to m3 assuming aqueous density of 1000 kg/m3. SOURCE_AUDIT_NOTES: source_note: Luo et al. 2025, Life cycle assessment for primary gallium production at industrial-scale. | source_table: Luo 2025 Table 1 | baseline_scope: Luo_2025_Bayer_liquor_to_4N_Ga MASTER_BOUNDARY_NOTE: Luo 2025 Bayer_liquor to 4N_Ga foreground; upstream bauxite/alumina burden excluded from this node. PROXY_NEEDS_REVIEW. TECHNOLOGY_TRANSFER_VARIANT: foreground process quantities are transferred from the source inventory to BLEECAM topology location; background electricity/geography adjusted where available. SOURCE_PROCESS_LOCATION=CN.",technosphere,GR,RoW,a9f2745f-2e27-44cb-8129-26648d64ce80,"treatment of wastewater, average, capacity 1E9l/year | wastewater, average | RoW | m3 | ecoinvent 3.8"
Bayer liquor refining,"market for hydrochloric acid, without water, in 30% solution state",0.012,kg,TRUE,2025,"Source: Luo 2025; table=Table 1; row=UP10: refining - 36% HCl; normalization=0.012 kg per 1 kg 4N_Ga; original_flow=36% HCl; luo_unit_process=UP10: refining; boundary=Gate-to-gate Luo 2025 foreground inventory from Bayer Liquor treatment through 99.99% primary gallium metal; upstream aluminum extraction/alumina production excluded.; uuid_basis=ecoinvent 3.8 only; confidence=High - exact ecoinvent 3.8 activity/reference product; uuid_note=Matches Luo Table 1 hydrochloric acid market selection, using local ecoinvent 3.8.; peer_review_flag=Luo UP10 refining is within 4N route, not topology High-purity gallium refining SOURCE_AUDIT_NOTES: source_note: Luo et al. 2025, Life cycle assessment for primary gallium production at industrial-scale. | source_table: Luo 2025 Table 1 | baseline_scope: Luo_2025_Bayer_liquor_to_4N_Ga MASTER_BOUNDARY_NOTE: Luo 2025 Bayer_liquor to 4N_Ga foreground; upstream bauxite/alumina burden excluded from this node. TECHNOLOGY_TRANSFER_VARIANT: foreground process quantities are transferred from the source inventory to BLEECAM topology location; background electricity/geography adjusted where available. SOURCE_PROCESS_LOCATION=CN.",technosphere,GR,RoW,e80fb7a7-7dac-4f03-a973-3dc4e59518f4,"market for hydrochloric acid, without water, in 30% solution state | hydrochloric acid, without water, in 30% solution state | RoW | kg | ecoinvent 3.8"
Bayer liquor refining,"electricity, high voltage, production mix",0.29,kWh,TRUE,2025,"Source: Luo 2025; table=Table 1; row=UP10: refining - Electricity; normalization=0.29 kWh per 1 kg 4N_Ga; original_flow=Electricity; luo_unit_process=UP10: refining; boundary=Gate-to-gate Luo 2025 foreground inventory from Bayer Liquor treatment through 99.99% primary gallium metal; upstream aluminum extraction/alumina production excluded.; uuid_basis=ecoinvent 3.8 only; confidence=Medium - regional proxy review; uuid_note=Luo Table 1 used ecoinvent 3.10 CN-NCGC high-voltage production mix; local ecoinvent 3.8 index has no CN-NCGC. Selected CN-SX production mix because Luo cites a Shanxi EIA data source. Review before publication.; peer_review_flag=Luo UP10 refining is within 4N route SOURCE_AUDIT_NOTES: source_note: Luo et al. 2025, Life cycle assessment for primary gallium production at industrial-scale. | source_table: Luo 2025 Table 1 | baseline_scope: Luo_2025_Bayer_liquor_to_4N_Ga MASTER_BOUNDARY_NOTE: Luo 2025 Bayer_liquor to 4N_Ga foreground; upstream bauxite/alumina burden excluded from this node. PROXY_NEEDS_REVIEW. TECHNOLOGY_TRANSFER_VARIANT: foreground process quantities are transferred from the source inventory to BLEECAM topology location; background electricity/geography adjusted where available. SOURCE_PROCESS_LOCATION=CN. ELECTRICITY_GEOGRAPHY_ADJUSTED_TO_GR: exact ecoinvent 3.8 electricity UUID used for topology process location.",technosphere,GR,GR,44befae1-0a3c-4b84-9edd-d461e8640dab,"electricity, high voltage, production mix | electricity, high voltage | GR | kWh | ecoinvent 3.8"
Bayer liquor refining,"treatment of wastewater, average, capacity 1E9l/year",-1.80E-05,m3,TRUE,2025,"Source: Luo 2025; table=Table 1; row=UP10: refining - W7 refining waste; normalization=0.018 kg aqueous waste converted to 1.8e-05 m3 assuming 1000 kg/m3; original_flow=W7 refining waste; luo_unit_process=UP10: refining; boundary=Gate-to-gate Luo 2025 foreground inventory from Bayer Liquor treatment through 99.99% primary gallium metal; upstream aluminum extraction/alumina production excluded.; uuid_basis=ecoinvent 3.8 only; confidence=Medium - exact proxy with kg/ton to m3 conversion; uuid_note=Matches Luo Table 1 wastewater treatment proxy. Mass quantities converted to m3 assuming aqueous density of 1000 kg/m3.; peer_review_flag=Luo UP10 refining is within 4N route SOURCE_AUDIT_NOTES: source_note: Luo et al. 2025, Life cycle assessment for primary gallium production at industrial-scale. | source_table: Luo 2025 Table 1 | baseline_scope: Luo_2025_Bayer_liquor_to_4N_Ga MASTER_BOUNDARY_NOTE: Luo 2025 Bayer_liquor to 4N_Ga foreground; upstream bauxite/alumina burden excluded from this node. PROXY_NEEDS_REVIEW. TECHNOLOGY_TRANSFER_VARIANT: foreground process quantities are transferred from the source inventory to BLEECAM topology location; background electricity/geography adjusted where available. SOURCE_PROCESS_LOCATION=CN.",technosphere,GR,RoW,a9f2745f-2e27-44cb-8129-26648d64ce80,"treatment of wastewater, average, capacity 1E9l/year | wastewater, average | RoW | m3 | ecoinvent 3.8"
Bayer liquor refining,4N_Ga,1,kg,FALSE,2025,"Source: Luo 2025; table=Table 1; row=Final product - Ga metal (99.99%); normalization=1 kg per 1 kg 4N_Ga; original_flow=Ga metal (99.99%); luo_unit_process=Final product; boundary=Gate-to-gate Luo 2025 foreground inventory from Bayer Liquor treatment through 99.99% primary gallium metal; upstream aluminum extraction/alumina production excluded.; uuid_basis=ecoinvent 3.8 only; confidence=Not applicable - foreground output; peer_review_flag=mapped to topology material 4N_Ga SOURCE_AUDIT_NOTES: source_note: Luo et al. 2025, Life cycle assessment for primary gallium production at industrial-scale. | source_table: Luo 2025 Table 1 | baseline_scope: Luo_2025_Bayer_liquor_to_4N_Ga MASTER_BOUNDARY_NOTE: Luo 2025 Bayer_liquor to 4N_Ga foreground; upstream bauxite/alumina burden excluded from this node. TECHNOLOGY_TRANSFER_VARIANT: foreground process quantities are transferred from the source inventory to BLEECAM topology location; background electricity/geography adjusted where available. SOURCE_PROCESS_LOCATION=CN.",production,GR,GR,,FOREGROUND_OUTPUT: topology material 4N_Ga; no ecoinvent UUID assigned
Bayer liquor refining,"electricity, high voltage, production mix",17.23,kWh,TRUE,2025,"Source: Luo 2025; table=Table 1; row=UP1: ingredient preparation - Electricity; normalization=17.23 kWh per 1 kg 4N_Ga; original_flow=Electricity; luo_unit_process=UP1: ingredient preparation; boundary=Gate-to-gate Luo 2025 foreground inventory from Bayer Liquor treatment through 99.99% primary gallium metal; upstream aluminum extraction/alumina production excluded.; uuid_basis=ecoinvent 3.8 only; confidence=Medium - regional proxy review; uuid_note=Luo Table 1 used ecoinvent 3.10 CN-NCGC high-voltage production mix; local ecoinvent 3.8 index has no CN-NCGC. Selected CN-SX production mix because Luo cites a Shanxi EIA data source. Review before publication. SOURCE_AUDIT_NOTES: source_note: Luo et al. 2025, Life cycle assessment for primary gallium production at industrial-scale. | source_table: Luo 2025 Table 1 | baseline_scope: Luo_2025_Bayer_liquor_to_4N_Ga MASTER_BOUNDARY_NOTE: Luo 2025 Bayer_liquor to 4N_Ga foreground; upstream bauxite/alumina burden excluded from this node. PROXY_NEEDS_REVIEW. TECHNOLOGY_TRANSFER_VARIANT: foreground process quantities are transferred from the source inventory to BLEECAM topology location; background electricity/geography adjusted where available. SOURCE_PROCESS_LOCATION=CN. ELECTRICITY_GEOGRAPHY_ADJUSTED_TO_KZ: exact ecoinvent 3.8 electricity UUID used for topology process location.",technosphere,KZ,KZ,17e1d23a-409a-4926-a011-18ecfcca85f1,"electricity, high voltage, production mix | electricity, high voltage | KZ | kWh | ecoinvent 3.8"
Bayer liquor refining,market for cationic resin,3,kg,TRUE,2025,"Source: Luo 2025; table=Table 1; row=UP2: resin adsorption - Chelate resin; normalization=3 kg per 1 kg 4N_Ga; original_flow=Chelate resin; luo_unit_process=UP2: resin adsorption; boundary=Gate-to-gate Luo 2025 foreground inventory from Bayer Liquor treatment through 99.99% primary gallium metal; upstream aluminum extraction/alumina production excluded.; uuid_basis=ecoinvent 3.8 only; confidence=Medium - Luo proxy for chelating resin; uuid_note=Luo states chelating resin is not directly available in ecoinvent and uses cationic resin as a proxy.; peer_review_flag=proxy material SOURCE_AUDIT_NOTES: source_note: Luo et al. 2025, Life cycle assessment for primary gallium production at industrial-scale. | source_table: Luo 2025 Table 1 | baseline_scope: Luo_2025_Bayer_liquor_to_4N_Ga MASTER_BOUNDARY_NOTE: Luo 2025 Bayer_liquor to 4N_Ga foreground; upstream bauxite/alumina burden excluded from this node. PROXY_NEEDS_REVIEW. TECHNOLOGY_TRANSFER_VARIANT: foreground process quantities are transferred from the source inventory to BLEECAM topology location; background electricity/geography adjusted where available. SOURCE_PROCESS_LOCATION=CN.",technosphere,KZ,RoW,455532ae-1a7b-48dc-8474-16dbdc0eea48,market for cationic resin | cationic resin | RoW | kg | ecoinvent 3.8
Bayer liquor refining,"electricity, high voltage, production mix",11.39,kWh,TRUE,2025,"Source: Luo 2025; table=Table 1; row=UP2: resin adsorption - Electricity; normalization=11.39 kWh per 1 kg 4N_Ga; original_flow=Electricity; luo_unit_process=UP2: resin adsorption; boundary=Gate-to-gate Luo 2025 foreground inventory from Bayer Liquor treatment through 99.99% primary gallium metal; upstream aluminum extraction/alumina production excluded.; uuid_basis=ecoinvent 3.8 only; confidence=Medium - regional proxy review; uuid_note=Luo Table 1 used ecoinvent 3.10 CN-NCGC high-voltage production mix; local ecoinvent 3.8 index has no CN-NCGC. Selected CN-SX production mix because Luo cites a Shanxi EIA data source. Review before publication. SOURCE_AUDIT_NOTES: source_note: Luo et al. 2025, Life cycle assessment for primary gallium production at industrial-scale. | source_table: Luo 2025 Table 1 | baseline_scope: Luo_2025_Bayer_liquor_to_4N_Ga MASTER_BOUNDARY_NOTE: Luo 2025 Bayer_liquor to 4N_Ga foreground; upstream bauxite/alumina burden excluded from this node. PROXY_NEEDS_REVIEW. TECHNOLOGY_TRANSFER_VARIANT: foreground process quantities are transferred from the source inventory to BLEECAM topology location; background electricity/geography adjusted where available. SOURCE_PROCESS_LOCATION=CN. ELECTRICITY_GEOGRAPHY_ADJUSTED_TO_KZ: exact ecoinvent 3.8 electricity UUID used for topology process location.",technosphere,KZ,KZ,17e1d23a-409a-4926-a011-18ecfcca85f1,"electricity, high voltage, production mix | electricity, high voltage | KZ | kWh | ecoinvent 3.8"
Bayer liquor refining,"electricity, high voltage, production mix",3.27,kWh,TRUE,2025,"Source: Luo 2025; table=Table 1; row=UP3: resin washing - Electricity; normalization=3.27 kWh per 1 kg 4N_Ga; original_flow=Electricity; luo_unit_process=UP3: resin washing; boundary=Gate-to-gate Luo 2025 foreground inventory from Bayer Liquor treatment through 99.99% primary gallium metal; upstream aluminum extraction/alumina production excluded.; uuid_basis=ecoinvent 3.8 only; confidence=Medium - regional proxy review; uuid_note=Luo Table 1 used ecoinvent 3.10 CN-NCGC high-voltage production mix; local ecoinvent 3.8 index has no CN-NCGC. Selected CN-SX production mix because Luo cites a Shanxi EIA data source. Review before publication. SOURCE_AUDIT_NOTES: source_note: Luo et al. 2025, Life cycle assessment for primary gallium production at industrial-scale. | source_table: Luo 2025 Table 1 | baseline_scope: Luo_2025_Bayer_liquor_to_4N_Ga MASTER_BOUNDARY_NOTE: Luo 2025 Bayer_liquor to 4N_Ga foreground; upstream bauxite/alumina burden excluded from this node. PROXY_NEEDS_REVIEW. TECHNOLOGY_TRANSFER_VARIANT: foreground process quantities are transferred from the source inventory to BLEECAM topology location; background electricity/geography adjusted where available. SOURCE_PROCESS_LOCATION=CN. ELECTRICITY_GEOGRAPHY_ADJUSTED_TO_KZ: exact ecoinvent 3.8 electricity UUID used for topology process location.",technosphere,KZ,KZ,17e1d23a-409a-4926-a011-18ecfcca85f1,"electricity, high voltage, production mix | electricity, high voltage | KZ | kWh | ecoinvent 3.8"
Bayer liquor refining,"tap water production, conventional treatment",1860,kg,TRUE,2025,"Source: Luo 2025; table=Table 1; row=UP3: resin washing - Water; normalization=1.86 ton converted to 1860 kg per 1 kg 4N_Ga; original_flow=Water; luo_unit_process=UP3: resin washing; boundary=Gate-to-gate Luo 2025 foreground inventory from Bayer Liquor treatment through 99.99% primary gallium metal; upstream aluminum extraction/alumina production excluded.; uuid_basis=ecoinvent 3.8 only; confidence=High - exact ecoinvent 3.8 activity/reference product; uuid_note=Matches Luo Table 1 tap water treatment selection, using local ecoinvent 3.8. SOURCE_AUDIT_NOTES: source_note: Luo et al. 2025, Life cycle assessment for primary gallium production at industrial-scale. | source_table: Luo 2025 Table 1 | baseline_scope: Luo_2025_Bayer_liquor_to_4N_Ga MASTER_BOUNDARY_NOTE: Luo 2025 Bayer_liquor to 4N_Ga foreground; upstream bauxite/alumina burden excluded from this node. TECHNOLOGY_TRANSFER_VARIANT: foreground process quantities are transferred from the source inventory to BLEECAM topology location; background electricity/geography adjusted where available. SOURCE_PROCESS_LOCATION=CN. TAP_WATER_SIGN_CORRECTED_FOR_LIAISON: tap water production input converted from negative physical-source sign to positive technosphere input; wastewater treatment rows remain negative.",technosphere,KZ,RoW,6f427cb8-804f-4c6b-b276-ab83bd2464ce,"tap water production, conventional treatment | tap water | RoW | kg | ecoinvent 3.8"
Bayer liquor refining,"treatment of wastewater, average, capacity 1E9l/year",-1.86,m3,TRUE,2025,"Source: Luo 2025; table=Table 1; row=UP3: resin washing - W2 wastewater; normalization=1.86 ton aqueous waste converted to 1.86 m3 assuming 1000 kg/m3; original_flow=W2 wastewater; luo_unit_process=UP3: resin washing; boundary=Gate-to-gate Luo 2025 foreground inventory from Bayer Liquor treatment through 99.99% primary gallium metal; upstream aluminum extraction/alumina production excluded.; uuid_basis=ecoinvent 3.8 only; confidence=Medium - exact proxy with kg/ton to m3 conversion; uuid_note=Matches Luo Table 1 wastewater treatment proxy. Mass quantities converted to m3 assuming aqueous density of 1000 kg/m3. SOURCE_AUDIT_NOTES: source_note: Luo et al. 2025, Life cycle assessment for primary gallium production at industrial-scale. | source_table: Luo 2025 Table 1 | baseline_scope: Luo_2025_Bayer_liquor_to_4N_Ga MASTER_BOUNDARY_NOTE: Luo 2025 Bayer_liquor to 4N_Ga foreground; upstream bauxite/alumina burden excluded from this node. PROXY_NEEDS_REVIEW. TECHNOLOGY_TRANSFER_VARIANT: foreground process quantities are transferred from the source inventory to BLEECAM topology location; background electricity/geography adjusted where available. SOURCE_PROCESS_LOCATION=CN.",technosphere,KZ,RoW,a9f2745f-2e27-44cb-8129-26648d64ce80,"treatment of wastewater, average, capacity 1E9l/year | wastewater, average | RoW | m3 | ecoinvent 3.8"
Bayer liquor refining,sulfuric acid production,56,kg,TRUE,2025,"Source: Luo 2025; table=Table 1; row=UP4: acid making - 98% sulfuric acid; normalization=56 kg per 1 kg 4N_Ga; original_flow=98% sulfuric acid; luo_unit_process=UP4: acid making; boundary=Gate-to-gate Luo 2025 foreground inventory from Bayer Liquor treatment through 99.99% primary gallium metal; upstream aluminum extraction/alumina production excluded.; uuid_basis=ecoinvent 3.8 only; confidence=High - exact ecoinvent 3.8 activity/reference product; uuid_note=Matches Luo Table 1 sulfuric acid production selection, using local ecoinvent 3.8. SOURCE_AUDIT_NOTES: source_note: Luo et al. 2025, Life cycle assessment for primary gallium production at industrial-scale. | source_table: Luo 2025 Table 1 | baseline_scope: Luo_2025_Bayer_liquor_to_4N_Ga MASTER_BOUNDARY_NOTE: Luo 2025 Bayer_liquor to 4N_Ga foreground; upstream bauxite/alumina burden excluded from this node. TECHNOLOGY_TRANSFER_VARIANT: foreground process quantities are transferred from the source inventory to BLEECAM topology location; background electricity/geography adjusted where available. SOURCE_PROCESS_LOCATION=CN.",technosphere,KZ,RoW,a69fcb0a-ce51-40be-b74c-ae895861e3bb,sulfuric acid production | sulfuric acid | RoW | kg | ecoinvent 3.8
Bayer liquor refining,"tap water production, conventional treatment",1.65,kg,TRUE,2025,"Source: Luo 2025; table=Table 1; row=UP4: acid making - Water; normalization=1.65 kg per 1 kg 4N_Ga; original_flow=Water; luo_unit_process=UP4: acid making; boundary=Gate-to-gate Luo 2025 foreground inventory from Bayer Liquor treatment through 99.99% primary gallium metal; upstream aluminum extraction/alumina production excluded.; uuid_basis=ecoinvent 3.8 only; confidence=High - exact ecoinvent 3.8 activity/reference product; uuid_note=Matches Luo Table 1 tap water treatment selection, using local ecoinvent 3.8. SOURCE_AUDIT_NOTES: source_note: Luo et al. 2025, Life cycle assessment for primary gallium production at industrial-scale. | source_table: Luo 2025 Table 1 | baseline_scope: Luo_2025_Bayer_liquor_to_4N_Ga MASTER_BOUNDARY_NOTE: Luo 2025 Bayer_liquor to 4N_Ga foreground; upstream bauxite/alumina burden excluded from this node. TECHNOLOGY_TRANSFER_VARIANT: foreground process quantities are transferred from the source inventory to BLEECAM topology location; background electricity/geography adjusted where available. SOURCE_PROCESS_LOCATION=CN. TAP_WATER_SIGN_CORRECTED_FOR_LIAISON: tap water production input converted from negative physical-source sign to positive technosphere input; wastewater treatment rows remain negative.",technosphere,KZ,RoW,6f427cb8-804f-4c6b-b276-ab83bd2464ce,"tap water production, conventional treatment | tap water | RoW | kg | ecoinvent 3.8"
Bayer liquor refining,"treatment of wastewater, average, capacity 1E9l/year",-0.329,m3,TRUE,2025,"Source: Luo 2025; table=Table 1; row=UP4: acid making - W3 Salty water; normalization=329 kg aqueous waste converted to 0.329 m3 assuming 1000 kg/m3; original_flow=W3 Salty water; luo_unit_process=UP4: acid making; boundary=Gate-to-gate Luo 2025 foreground inventory from Bayer Liquor treatment through 99.99% primary gallium metal; upstream aluminum extraction/alumina production excluded.; uuid_basis=ecoinvent 3.8 only; confidence=Medium - exact proxy with kg/ton to m3 conversion; uuid_note=Matches Luo Table 1 wastewater treatment proxy. Mass quantities converted to m3 assuming aqueous density of 1000 kg/m3. SOURCE_AUDIT_NOTES: source_note: Luo et al. 2025, Life cycle assessment for primary gallium production at industrial-scale. | source_table: Luo 2025 Table 1 | baseline_scope: Luo_2025_Bayer_liquor_to_4N_Ga MASTER_BOUNDARY_NOTE: Luo 2025 Bayer_liquor to 4N_Ga foreground; upstream bauxite/alumina burden excluded from this node. PROXY_NEEDS_REVIEW. TECHNOLOGY_TRANSFER_VARIANT: foreground process quantities are transferred from the source inventory to BLEECAM topology location; background electricity/geography adjusted where available. SOURCE_PROCESS_LOCATION=CN.",technosphere,KZ,RoW,a9f2745f-2e27-44cb-8129-26648d64ce80,"treatment of wastewater, average, capacity 1E9l/year | wastewater, average | RoW | m3 | ecoinvent 3.8"
Bayer liquor refining,"electricity, high voltage, production mix",0.72,kWh,TRUE,2025,"Source: Luo 2025; table=Table 1; row=UP4: acid making - Electricity (cooling for water softening); normalization=0.72 kWh per 1 kg 4N_Ga; original_flow=Electricity (cooling for water softening); luo_unit_process=UP4: acid making; boundary=Gate-to-gate Luo 2025 foreground inventory from Bayer Liquor treatment through 99.99% primary gallium metal; upstream aluminum extraction/alumina production excluded.; uuid_basis=ecoinvent 3.8 only; confidence=Medium - regional proxy review; uuid_note=Luo Table 1 used ecoinvent 3.10 CN-NCGC high-voltage production mix; local ecoinvent 3.8 index has no CN-NCGC. Selected CN-SX production mix because Luo cites a Shanxi EIA data source. Review before publication. SOURCE_AUDIT_NOTES: source_note: Luo et al. 2025, Life cycle assessment for primary gallium production at industrial-scale. | source_table: Luo 2025 Table 1 | baseline_scope: Luo_2025_Bayer_liquor_to_4N_Ga MASTER_BOUNDARY_NOTE: Luo 2025 Bayer_liquor to 4N_Ga foreground; upstream bauxite/alumina burden excluded from this node. PROXY_NEEDS_REVIEW. TECHNOLOGY_TRANSFER_VARIANT: foreground process quantities are transferred from the source inventory to BLEECAM topology location; background electricity/geography adjusted where available. SOURCE_PROCESS_LOCATION=CN. ELECTRICITY_GEOGRAPHY_ADJUSTED_TO_KZ: exact ecoinvent 3.8 electricity UUID used for topology process location.",technosphere,KZ,KZ,17e1d23a-409a-4926-a011-18ecfcca85f1,"electricity, high voltage, production mix | electricity, high voltage | KZ | kWh | ecoinvent 3.8"
Bayer liquor refining,"electricity, high voltage, production mix",1.35,kWh,TRUE,2025,"Source: Luo 2025; table=Table 1; row=UP4: acid making - Electricity (cooling for acid dilution); normalization=1.35 kWh per 1 kg 4N_Ga; original_flow=Electricity (cooling for acid dilution); luo_unit_process=UP4: acid making; boundary=Gate-to-gate Luo 2025 foreground inventory from Bayer Liquor treatment through 99.99% primary gallium metal; upstream aluminum extraction/alumina production excluded.; uuid_basis=ecoinvent 3.8 only; confidence=Medium - regional proxy review; uuid_note=Luo Table 1 used ecoinvent 3.10 CN-NCGC high-voltage production mix; local ecoinvent 3.8 index has no CN-NCGC. Selected CN-SX production mix because Luo cites a Shanxi EIA data source. Review before publication. SOURCE_AUDIT_NOTES: source_note: Luo et al. 2025, Life cycle assessment for primary gallium production at industrial-scale. | source_table: Luo 2025 Table 1 | baseline_scope: Luo_2025_Bayer_liquor_to_4N_Ga MASTER_BOUNDARY_NOTE: Luo 2025 Bayer_liquor to 4N_Ga foreground; upstream bauxite/alumina burden excluded from this node. PROXY_NEEDS_REVIEW. TECHNOLOGY_TRANSFER_VARIANT: foreground process quantities are transferred from the source inventory to BLEECAM topology location; background electricity/geography adjusted where available. SOURCE_PROCESS_LOCATION=CN. ELECTRICITY_GEOGRAPHY_ADJUSTED_TO_KZ: exact ecoinvent 3.8 electricity UUID used for topology process location.",technosphere,KZ,KZ,17e1d23a-409a-4926-a011-18ecfcca85f1,"electricity, high voltage, production mix | electricity, high voltage | KZ | kWh | ecoinvent 3.8"
Bayer liquor refining,"electricity, high voltage, production mix",9.9,kWh,TRUE,2025,"Source: Luo 2025; table=Table 1; row=UP4: acid making - Electricity; normalization=9.9 kWh per 1 kg 4N_Ga; original_flow=Electricity; luo_unit_process=UP4: acid making; boundary=Gate-to-gate Luo 2025 foreground inventory from Bayer Liquor treatment through 99.99% primary gallium metal; upstream aluminum extraction/alumina production excluded.; uuid_basis=ecoinvent 3.8 only; confidence=Medium - regional proxy review; uuid_note=Luo Table 1 used ecoinvent 3.10 CN-NCGC high-voltage production mix; local ecoinvent 3.8 index has no CN-NCGC. Selected CN-SX production mix because Luo cites a Shanxi EIA data source. Review before publication. SOURCE_AUDIT_NOTES: source_note: Luo et al. 2025, Life cycle assessment for primary gallium production at industrial-scale. | source_table: Luo 2025 Table 1 | baseline_scope: Luo_2025_Bayer_liquor_to_4N_Ga MASTER_BOUNDARY_NOTE: Luo 2025 Bayer_liquor to 4N_Ga foreground; upstream bauxite/alumina burden excluded from this node. PROXY_NEEDS_REVIEW. TECHNOLOGY_TRANSFER_VARIANT: foreground process quantities are transferred from the source inventory to BLEECAM topology location; background electricity/geography adjusted where available. SOURCE_PROCESS_LOCATION=CN. ELECTRICITY_GEOGRAPHY_ADJUSTED_TO_KZ: exact ecoinvent 3.8 electricity UUID used for topology process location.",technosphere,KZ,KZ,17e1d23a-409a-4926-a011-18ecfcca85f1,"electricity, high voltage, production mix | electricity, high voltage | KZ | kWh | ecoinvent 3.8"
Bayer liquor refining,"electricity, high voltage, production mix",4.55,kWh,TRUE,2025,"Source: Luo 2025; table=Table 1; row=UP5: leaching - Electricity; normalization=4.55 kWh per 1 kg 4N_Ga; original_flow=Electricity; luo_unit_process=UP5: leaching; boundary=Gate-to-gate Luo 2025 foreground inventory from Bayer Liquor treatment through 99.99% primary gallium metal; upstream aluminum extraction/alumina production excluded.; uuid_basis=ecoinvent 3.8 only; confidence=Medium - regional proxy review; uuid_note=Luo Table 1 used ecoinvent 3.10 CN-NCGC high-voltage production mix; local ecoinvent 3.8 index has no CN-NCGC. Selected CN-SX production mix because Luo cites a Shanxi EIA data source. Review before publication. SOURCE_AUDIT_NOTES: source_note: Luo et al. 2025, Life cycle assessment for primary gallium production at industrial-scale. | source_table: Luo 2025 Table 1 | baseline_scope: Luo_2025_Bayer_liquor_to_4N_Ga MASTER_BOUNDARY_NOTE: Luo 2025 Bayer_liquor to 4N_Ga foreground; upstream bauxite/alumina burden excluded from this node. PROXY_NEEDS_REVIEW. TECHNOLOGY_TRANSFER_VARIANT: foreground process quantities are transferred from the source inventory to BLEECAM topology location; background electricity/geography adjusted where available. SOURCE_PROCESS_LOCATION=CN. ELECTRICITY_GEOGRAPHY_ADJUSTED_TO_KZ: exact ecoinvent 3.8 electricity UUID used for topology process location.",technosphere,KZ,KZ,17e1d23a-409a-4926-a011-18ecfcca85f1,"electricity, high voltage, production mix | electricity, high voltage | KZ | kWh | ecoinvent 3.8"
Bayer liquor refining,"electricity, high voltage, production mix",26.1,kWh,TRUE,2025,"Source: Luo 2025; table=Table 1; row=UP5: leaching - Electricity (cooling for leaching); normalization=26.1 kWh per 1 kg 4N_Ga; original_flow=Electricity (cooling for leaching); luo_unit_process=UP5: leaching; boundary=Gate-to-gate Luo 2025 foreground inventory from Bayer Liquor treatment through 99.99% primary gallium metal; upstream aluminum extraction/alumina production excluded.; uuid_basis=ecoinvent 3.8 only; confidence=Medium - regional proxy review; uuid_note=Luo Table 1 used ecoinvent 3.10 CN-NCGC high-voltage production mix; local ecoinvent 3.8 index has no CN-NCGC. Selected CN-SX production mix because Luo cites a Shanxi EIA data source. Review before publication. SOURCE_AUDIT_NOTES: source_note: Luo et al. 2025, Life cycle assessment for primary gallium production at industrial-scale. | source_table: Luo 2025 Table 1 | baseline_scope: Luo_2025_Bayer_liquor_to_4N_Ga MASTER_BOUNDARY_NOTE: Luo 2025 Bayer_liquor to 4N_Ga foreground; upstream bauxite/alumina burden excluded from this node. PROXY_NEEDS_REVIEW. TECHNOLOGY_TRANSFER_VARIANT: foreground process quantities are transferred from the source inventory to BLEECAM topology location; background electricity/geography adjusted where available. SOURCE_PROCESS_LOCATION=CN. ELECTRICITY_GEOGRAPHY_ADJUSTED_TO_KZ: exact ecoinvent 3.8 electricity UUID used for topology process location.",technosphere,KZ,KZ,17e1d23a-409a-4926-a011-18ecfcca85f1,"electricity, high voltage, production mix | electricity, high voltage | KZ | kWh | ecoinvent 3.8"
Bayer liquor refining,"tap water production, conventional treatment",30.9,kg,TRUE,2025,"Source: Luo 2025; table=Table 1; row=UP6: resin regeneration - Water; normalization=30.9 kg per 1 kg 4N_Ga; original_flow=Water; luo_unit_process=UP6: resin regeneration; boundary=Gate-to-gate Luo 2025 foreground inventory from Bayer Liquor treatment through 99.99% primary gallium metal; upstream aluminum extraction/alumina production excluded.; uuid_basis=ecoinvent 3.8 only; confidence=High - exact ecoinvent 3.8 activity/reference product; uuid_note=Matches Luo Table 1 tap water treatment selection, using local ecoinvent 3.8. SOURCE_AUDIT_NOTES: source_note: Luo et al. 2025, Life cycle assessment for primary gallium production at industrial-scale. | source_table: Luo 2025 Table 1 | baseline_scope: Luo_2025_Bayer_liquor_to_4N_Ga MASTER_BOUNDARY_NOTE: Luo 2025 Bayer_liquor to 4N_Ga foreground; upstream bauxite/alumina burden excluded from this node. TECHNOLOGY_TRANSFER_VARIANT: foreground process quantities are transferred from the source inventory to BLEECAM topology location; background electricity/geography adjusted where available. SOURCE_PROCESS_LOCATION=CN. TAP_WATER_SIGN_CORRECTED_FOR_LIAISON: tap water production input converted from negative physical-source sign to positive technosphere input; wastewater treatment rows remain negative.",technosphere,KZ,RoW,6f427cb8-804f-4c6b-b276-ab83bd2464ce,"tap water production, conventional treatment | tap water | RoW | kg | ecoinvent 3.8"
Bayer liquor refining,"treatment of inert waste, inert material landfill",-1.8,kg,TRUE,2025,"Source: Luo 2025; table=Table 1; row=UP6: resin regeneration - S2 used resin; normalization=1.8 kg per 1 kg 4N_Ga; original_flow=S2 used resin; luo_unit_process=UP6: resin regeneration; boundary=Gate-to-gate Luo 2025 foreground inventory from Bayer Liquor treatment through 99.99% primary gallium metal; upstream aluminum extraction/alumina production excluded.; uuid_basis=ecoinvent 3.8 only; confidence=Medium - proxy for Luo chemical waste, inert; uuid_note=Local ecoinvent 3.8 has no exact 'chemical waste, inert'; selected inert waste landfill proxy.; peer_review_flag=waste proxy SOURCE_AUDIT_NOTES: source_note: Luo et al. 2025, Life cycle assessment for primary gallium production at industrial-scale. | source_table: Luo 2025 Table 1 | baseline_scope: Luo_2025_Bayer_liquor_to_4N_Ga MASTER_BOUNDARY_NOTE: Luo 2025 Bayer_liquor to 4N_Ga foreground; upstream bauxite/alumina burden excluded from this node. PROXY_NEEDS_REVIEW. TECHNOLOGY_TRANSFER_VARIANT: foreground process quantities are transferred from the source inventory to BLEECAM topology location; background electricity/geography adjusted where available. SOURCE_PROCESS_LOCATION=CN.",technosphere,KZ,RoW,561ca14c-12cb-4e61-91ae-1f53a250eaa8,"treatment of inert waste, inert material landfill | inert waste, for final disposal | RoW | kg | ecoinvent 3.8"
Bayer liquor refining,"electricity, high voltage, production mix",1.98,kWh,TRUE,2025,"Source: Luo 2025; table=Table 1; row=UP6: resin regeneration - Electricity; normalization=1.98 kWh per 1 kg 4N_Ga; original_flow=Electricity; luo_unit_process=UP6: resin regeneration; boundary=Gate-to-gate Luo 2025 foreground inventory from Bayer Liquor treatment through 99.99% primary gallium metal; upstream aluminum extraction/alumina production excluded.; uuid_basis=ecoinvent 3.8 only; confidence=Medium - regional proxy review; uuid_note=Luo Table 1 used ecoinvent 3.10 CN-NCGC high-voltage production mix; local ecoinvent 3.8 index has no CN-NCGC. Selected CN-SX production mix because Luo cites a Shanxi EIA data source. Review before publication. SOURCE_AUDIT_NOTES: source_note: Luo et al. 2025, Life cycle assessment for primary gallium production at industrial-scale. | source_table: Luo 2025 Table 1 | baseline_scope: Luo_2025_Bayer_liquor_to_4N_Ga MASTER_BOUNDARY_NOTE: Luo 2025 Bayer_liquor to 4N_Ga foreground; upstream bauxite/alumina burden excluded from this node. PROXY_NEEDS_REVIEW. TECHNOLOGY_TRANSFER_VARIANT: foreground process quantities are transferred from the source inventory to BLEECAM topology location; background electricity/geography adjusted where available. SOURCE_PROCESS_LOCATION=CN. ELECTRICITY_GEOGRAPHY_ADJUSTED_TO_KZ: exact ecoinvent 3.8 electricity UUID used for topology process location.",technosphere,KZ,KZ,17e1d23a-409a-4926-a011-18ecfcca85f1,"electricity, high voltage, production mix | electricity, high voltage | KZ | kWh | ecoinvent 3.8"
Bayer liquor refining,"market for sodium hydroxide, without water, in 50% solution state",44.84,kg,TRUE,2025,"Source: Luo 2025; table=Table 1; row=UP7: precipitation - NaOH; normalization=44.84 kg per 1 kg 4N_Ga; original_flow=NaOH; luo_unit_process=UP7: precipitation; boundary=Gate-to-gate Luo 2025 foreground inventory from Bayer Liquor treatment through 99.99% primary gallium metal; upstream aluminum extraction/alumina production excluded.; uuid_basis=ecoinvent 3.8 only; confidence=High - exact ecoinvent 3.8 activity/reference product; uuid_note=Matches Luo Table 1 sodium hydroxide selection, using local ecoinvent 3.8. SOURCE_AUDIT_NOTES: source_note: Luo et al. 2025, Life cycle assessment for primary gallium production at industrial-scale. | source_table: Luo 2025 Table 1 | baseline_scope: Luo_2025_Bayer_liquor_to_4N_Ga MASTER_BOUNDARY_NOTE: Luo 2025 Bayer_liquor to 4N_Ga foreground; upstream bauxite/alumina burden excluded from this node. TECHNOLOGY_TRANSFER_VARIANT: foreground process quantities are transferred from the source inventory to BLEECAM topology location; background electricity/geography adjusted where available. SOURCE_PROCESS_LOCATION=CN.",technosphere,KZ,GLO,ad2f7e9a-4886-4d71-966d-d529bcc7587f,"market for sodium hydroxide, without water, in 50% solution state | sodium hydroxide, without water, in 50% solution state | GLO | kg | ecoinvent 3.8"
Bayer liquor refining,"treatment of wastewater, average, capacity 1E9l/year",-1.25,m3,TRUE,2025,"Source: Luo 2025; table=Table 1; row=UP7: precipitation - W4 centrifugate solution; normalization=1.25 ton aqueous waste converted to 1.25 m3 assuming 1000 kg/m3; original_flow=W4 centrifugate solution; luo_unit_process=UP7: precipitation; boundary=Gate-to-gate Luo 2025 foreground inventory from Bayer Liquor treatment through 99.99% primary gallium metal; upstream aluminum extraction/alumina production excluded.; uuid_basis=ecoinvent 3.8 only; confidence=Medium - exact proxy with kg/ton to m3 conversion; uuid_note=Matches Luo Table 1 wastewater treatment proxy. Mass quantities converted to m3 assuming aqueous density of 1000 kg/m3. SOURCE_AUDIT_NOTES: source_note: Luo et al. 2025, Life cycle assessment for primary gallium production at industrial-scale. | source_table: Luo 2025 Table 1 | baseline_scope: Luo_2025_Bayer_liquor_to_4N_Ga MASTER_BOUNDARY_NOTE: Luo 2025 Bayer_liquor to 4N_Ga foreground; upstream bauxite/alumina burden excluded from this node. PROXY_NEEDS_REVIEW. TECHNOLOGY_TRANSFER_VARIANT: foreground process quantities are transferred from the source inventory to BLEECAM topology location; background electricity/geography adjusted where available. SOURCE_PROCESS_LOCATION=CN.",technosphere,KZ,RoW,a9f2745f-2e27-44cb-8129-26648d64ce80,"treatment of wastewater, average, capacity 1E9l/year | wastewater, average | RoW | m3 | ecoinvent 3.8"
Bayer liquor refining,"electricity, high voltage, production mix",4.75,kWh,TRUE,2025,"Source: Luo 2025; table=Table 1; row=UP7: precipitation - Electricity; normalization=4.75 kWh per 1 kg 4N_Ga; original_flow=Electricity; luo_unit_process=UP7: precipitation; boundary=Gate-to-gate Luo 2025 foreground inventory from Bayer Liquor treatment through 99.99% primary gallium metal; upstream aluminum extraction/alumina production excluded.; uuid_basis=ecoinvent 3.8 only; confidence=Medium - regional proxy review; uuid_note=Luo Table 1 used ecoinvent 3.10 CN-NCGC high-voltage production mix; local ecoinvent 3.8 index has no CN-NCGC. Selected CN-SX production mix because Luo cites a Shanxi EIA data source. Review before publication. SOURCE_AUDIT_NOTES: source_note: Luo et al. 2025, Life cycle assessment for primary gallium production at industrial-scale. | source_table: Luo 2025 Table 1 | baseline_scope: Luo_2025_Bayer_liquor_to_4N_Ga MASTER_BOUNDARY_NOTE: Luo 2025 Bayer_liquor to 4N_Ga foreground; upstream bauxite/alumina burden excluded from this node. PROXY_NEEDS_REVIEW. TECHNOLOGY_TRANSFER_VARIANT: foreground process quantities are transferred from the source inventory to BLEECAM topology location; background electricity/geography adjusted where available. SOURCE_PROCESS_LOCATION=CN. ELECTRICITY_GEOGRAPHY_ADJUSTED_TO_KZ: exact ecoinvent 3.8 electricity UUID used for topology process location.",technosphere,KZ,KZ,17e1d23a-409a-4926-a011-18ecfcca85f1,"electricity, high voltage, production mix | electricity, high voltage | KZ | kWh | ecoinvent 3.8"
Bayer liquor refining,"electricity, high voltage, production mix",1.81,kWh,TRUE,2025,"Source: Luo 2025; table=Table 1; row=UP7: precipitation - Electricity (cooling for alkali dilution); normalization=1.81 kWh per 1 kg 4N_Ga; original_flow=Electricity (cooling for alkali dilution); luo_unit_process=UP7: precipitation; boundary=Gate-to-gate Luo 2025 foreground inventory from Bayer Liquor treatment through 99.99% primary gallium metal; upstream aluminum extraction/alumina production excluded.; uuid_basis=ecoinvent 3.8 only; confidence=Medium - regional proxy review; uuid_note=Luo Table 1 used ecoinvent 3.10 CN-NCGC high-voltage production mix; local ecoinvent 3.8 index has no CN-NCGC. Selected CN-SX production mix because Luo cites a Shanxi EIA data source. Review before publication. SOURCE_AUDIT_NOTES: source_note: Luo et al. 2025, Life cycle assessment for primary gallium production at industrial-scale. | source_table: Luo 2025 Table 1 | baseline_scope: Luo_2025_Bayer_liquor_to_4N_Ga MASTER_BOUNDARY_NOTE: Luo 2025 Bayer_liquor to 4N_Ga foreground; upstream bauxite/alumina burden excluded from this node. PROXY_NEEDS_REVIEW. TECHNOLOGY_TRANSFER_VARIANT: foreground process quantities are transferred from the source inventory to BLEECAM topology location; background electricity/geography adjusted where available. SOURCE_PROCESS_LOCATION=CN. ELECTRICITY_GEOGRAPHY_ADJUSTED_TO_KZ: exact ecoinvent 3.8 electricity UUID used for topology process location.",technosphere,KZ,KZ,17e1d23a-409a-4926-a011-18ecfcca85f1,"electricity, high voltage, production mix | electricity, high voltage | KZ | kWh | ecoinvent 3.8"
Bayer liquor refining,"market for steam, in chemical industry",32.25,kg,TRUE,2025,"Source: Luo 2025; table=Table 1; row=UP8: purification - Steam; normalization=32.25 kg per 1 kg 4N_Ga; original_flow=Steam; luo_unit_process=UP8: purification; boundary=Gate-to-gate Luo 2025 foreground inventory from Bayer Liquor treatment through 99.99% primary gallium metal; upstream aluminum extraction/alumina production excluded.; uuid_basis=ecoinvent 3.8 only; confidence=High - exact ecoinvent 3.8 activity/reference product; uuid_note=Matches Luo Table 1 steam market selection, using local ecoinvent 3.8.; peer_review_flag=Luo UP8 purification is within 4N route, not topology High-purity gallium refining SOURCE_AUDIT_NOTES: source_note: Luo et al. 2025, Life cycle assessment for primary gallium production at industrial-scale. | source_table: Luo 2025 Table 1 | baseline_scope: Luo_2025_Bayer_liquor_to_4N_Ga MASTER_BOUNDARY_NOTE: Luo 2025 Bayer_liquor to 4N_Ga foreground; upstream bauxite/alumina burden excluded from this node. TECHNOLOGY_TRANSFER_VARIANT: foreground process quantities are transferred from the source inventory to BLEECAM topology location; background electricity/geography adjusted where available. SOURCE_PROCESS_LOCATION=CN.",technosphere,KZ,RoW,a2ce87fa-33d1-4017-9050-341bfd06213e,"market for steam, in chemical industry | steam, in chemical industry | RoW | kg | ecoinvent 3.8"
Bayer liquor refining,"market for quicklime, milled, loose",2,kg,TRUE,2025,"Source: Luo 2025; table=Table 1; row=UP8: purification - CaO; normalization=2 kg per 1 kg 4N_Ga; original_flow=CaO; luo_unit_process=UP8: purification; boundary=Gate-to-gate Luo 2025 foreground inventory from Bayer Liquor treatment through 99.99% primary gallium metal; upstream aluminum extraction/alumina production excluded.; uuid_basis=ecoinvent 3.8 only; confidence=High - exact ecoinvent 3.8 activity/reference product; uuid_note=Matches Luo Table 1 quicklime market selection, using local ecoinvent 3.8.; peer_review_flag=Luo UP8 purification is within 4N route, not topology High-purity gallium refining SOURCE_AUDIT_NOTES: source_note: Luo et al. 2025, Life cycle assessment for primary gallium production at industrial-scale. | source_table: Luo 2025 Table 1 | baseline_scope: Luo_2025_Bayer_liquor_to_4N_Ga MASTER_BOUNDARY_NOTE: Luo 2025 Bayer_liquor to 4N_Ga foreground; upstream bauxite/alumina burden excluded from this node. TECHNOLOGY_TRANSFER_VARIANT: foreground process quantities are transferred from the source inventory to BLEECAM topology location; background electricity/geography adjusted where available. SOURCE_PROCESS_LOCATION=CN.",technosphere,KZ,RoW,2aa427f7-ab97-4bd1-8abc-471f53a63db6,"market for quicklime, milled, loose | quicklime, milled, loose | RoW | kg | ecoinvent 3.8"
Bayer liquor refining,"market for sodium hydroxide, without water, in 50% solution state",44.16,kg,TRUE,2025,"Source: Luo 2025; table=Table 1; row=UP8: purification - NaOH; normalization=44.16 kg per 1 kg 4N_Ga; original_flow=NaOH; luo_unit_process=UP8: purification; boundary=Gate-to-gate Luo 2025 foreground inventory from Bayer Liquor treatment through 99.99% primary gallium metal; upstream aluminum extraction/alumina production excluded.; uuid_basis=ecoinvent 3.8 only; confidence=High - exact ecoinvent 3.8 activity/reference product; uuid_note=Matches Luo Table 1 sodium hydroxide selection, using local ecoinvent 3.8.; peer_review_flag=Luo UP8 purification is within 4N route, not topology High-purity gallium refining SOURCE_AUDIT_NOTES: source_note: Luo et al. 2025, Life cycle assessment for primary gallium production at industrial-scale. | source_table: Luo 2025 Table 1 | baseline_scope: Luo_2025_Bayer_liquor_to_4N_Ga MASTER_BOUNDARY_NOTE: Luo 2025 Bayer_liquor to 4N_Ga foreground; upstream bauxite/alumina burden excluded from this node. TECHNOLOGY_TRANSFER_VARIANT: foreground process quantities are transferred from the source inventory to BLEECAM topology location; background electricity/geography adjusted where available. SOURCE_PROCESS_LOCATION=CN.",technosphere,KZ,GLO,ad2f7e9a-4886-4d71-966d-d529bcc7587f,"market for sodium hydroxide, without water, in 50% solution state | sodium hydroxide, without water, in 50% solution state | GLO | kg | ecoinvent 3.8"
Bayer liquor refining,"treatment of wastewater, average, capacity 1E9l/year",-0.03225,m3,TRUE,2025,"Source: Luo 2025; table=Table 1; row=UP8: purification - W5 condensate water; normalization=32.25 kg aqueous waste converted to 0.03225 m3 assuming 1000 kg/m3; original_flow=W5 condensate water; luo_unit_process=UP8: purification; boundary=Gate-to-gate Luo 2025 foreground inventory from Bayer Liquor treatment through 99.99% primary gallium metal; upstream aluminum extraction/alumina production excluded.; uuid_basis=ecoinvent 3.8 only; confidence=Medium - exact proxy with kg/ton to m3 conversion; uuid_note=Matches Luo Table 1 wastewater treatment proxy. Mass quantities converted to m3 assuming aqueous density of 1000 kg/m3.; peer_review_flag=Luo UP8 purification is within 4N route, not topology High-purity gallium refining SOURCE_AUDIT_NOTES: source_note: Luo et al. 2025, Life cycle assessment for primary gallium production at industrial-scale. | source_table: Luo 2025 Table 1 | baseline_scope: Luo_2025_Bayer_liquor_to_4N_Ga MASTER_BOUNDARY_NOTE: Luo 2025 Bayer_liquor to 4N_Ga foreground; upstream bauxite/alumina burden excluded from this node. PROXY_NEEDS_REVIEW. TECHNOLOGY_TRANSFER_VARIANT: foreground process quantities are transferred from the source inventory to BLEECAM topology location; background electricity/geography adjusted where available. SOURCE_PROCESS_LOCATION=CN.",technosphere,KZ,RoW,a9f2745f-2e27-44cb-8129-26648d64ce80,"treatment of wastewater, average, capacity 1E9l/year | wastewater, average | RoW | m3 | ecoinvent 3.8"
Bayer liquor refining,"treatment of limestone residue, inert material landfill",-2.4,kg,TRUE,2025,"Source: Luo 2025; table=Table 1; row=UP8: purification - S3 filter cake (CaCO3); normalization=2.4 kg per 1 kg 4N_Ga; original_flow=S3 filter cake (CaCO3); luo_unit_process=UP8: purification; boundary=Gate-to-gate Luo 2025 foreground inventory from Bayer Liquor treatment through 99.99% primary gallium metal; upstream aluminum extraction/alumina production excluded.; uuid_basis=ecoinvent 3.8 only; confidence=Medium - proxy for Luo limestone waste; uuid_note=Matches limestone-residue treatment proxy in local ecoinvent 3.8.; peer_review_flag=waste proxy; Luo UP8 is within 4N route SOURCE_AUDIT_NOTES: source_note: Luo et al. 2025, Life cycle assessment for primary gallium production at industrial-scale. | source_table: Luo 2025 Table 1 | baseline_scope: Luo_2025_Bayer_liquor_to_4N_Ga MASTER_BOUNDARY_NOTE: Luo 2025 Bayer_liquor to 4N_Ga foreground; upstream bauxite/alumina burden excluded from this node. PROXY_NEEDS_REVIEW. TECHNOLOGY_TRANSFER_VARIANT: foreground process quantities are transferred from the source inventory to BLEECAM topology location; background electricity/geography adjusted where available. SOURCE_PROCESS_LOCATION=CN.",technosphere,KZ,RoW,b9220742-1ac0-47ca-bf1a-acd2257508cb,"treatment of limestone residue, inert material landfill | limestone residue | RoW | kg | ecoinvent 3.8"
Bayer liquor refining,"electricity, high voltage, production mix",1.81,kWh,TRUE,2025,"Source: Luo 2025; table=Table 1; row=UP8: purification - Electricity (cooling for alkali dilution); normalization=1.81 kWh per 1 kg 4N_Ga; original_flow=Electricity (cooling for alkali dilution); luo_unit_process=UP8: purification; boundary=Gate-to-gate Luo 2025 foreground inventory from Bayer Liquor treatment through 99.99% primary gallium metal; upstream aluminum extraction/alumina production excluded.; uuid_basis=ecoinvent 3.8 only; confidence=Medium - regional proxy review; uuid_note=Luo Table 1 used ecoinvent 3.10 CN-NCGC high-voltage production mix; local ecoinvent 3.8 index has no CN-NCGC. Selected CN-SX production mix because Luo cites a Shanxi EIA data source. Review before publication.; peer_review_flag=Luo UP8 is within 4N route SOURCE_AUDIT_NOTES: source_note: Luo et al. 2025, Life cycle assessment for primary gallium production at industrial-scale. | source_table: Luo 2025 Table 1 | baseline_scope: Luo_2025_Bayer_liquor_to_4N_Ga MASTER_BOUNDARY_NOTE: Luo 2025 Bayer_liquor to 4N_Ga foreground; upstream bauxite/alumina burden excluded from this node. PROXY_NEEDS_REVIEW. TECHNOLOGY_TRANSFER_VARIANT: foreground process quantities are transferred from the source inventory to BLEECAM topology location; background electricity/geography adjusted where available. SOURCE_PROCESS_LOCATION=CN. ELECTRICITY_GEOGRAPHY_ADJUSTED_TO_KZ: exact ecoinvent 3.8 electricity UUID used for topology process location.",technosphere,KZ,KZ,17e1d23a-409a-4926-a011-18ecfcca85f1,"electricity, high voltage, production mix | electricity, high voltage | KZ | kWh | ecoinvent 3.8"
Bayer liquor refining,"electricity, high voltage, production mix",13.27,kWh,TRUE,2025,"Source: Luo 2025; table=Table 1; row=UP8: purification - Electricity; normalization=13.27 kWh per 1 kg 4N_Ga; original_flow=Electricity; luo_unit_process=UP8: purification; boundary=Gate-to-gate Luo 2025 foreground inventory from Bayer Liquor treatment through 99.99% primary gallium metal; upstream aluminum extraction/alumina production excluded.; uuid_basis=ecoinvent 3.8 only; confidence=Medium - regional proxy review; uuid_note=Luo Table 1 used ecoinvent 3.10 CN-NCGC high-voltage production mix; local ecoinvent 3.8 index has no CN-NCGC. Selected CN-SX production mix because Luo cites a Shanxi EIA data source. Review before publication.; peer_review_flag=Luo UP8 is within 4N route SOURCE_AUDIT_NOTES: source_note: Luo et al. 2025, Life cycle assessment for primary gallium production at industrial-scale. | source_table: Luo 2025 Table 1 | baseline_scope: Luo_2025_Bayer_liquor_to_4N_Ga MASTER_BOUNDARY_NOTE: Luo 2025 Bayer_liquor to 4N_Ga foreground; upstream bauxite/alumina burden excluded from this node. PROXY_NEEDS_REVIEW. TECHNOLOGY_TRANSFER_VARIANT: foreground process quantities are transferred from the source inventory to BLEECAM topology location; background electricity/geography adjusted where available. SOURCE_PROCESS_LOCATION=CN. ELECTRICITY_GEOGRAPHY_ADJUSTED_TO_KZ: exact ecoinvent 3.8 electricity UUID used for topology process location.",technosphere,KZ,KZ,17e1d23a-409a-4926-a011-18ecfcca85f1,"electricity, high voltage, production mix | electricity, high voltage | KZ | kWh | ecoinvent 3.8"
Bayer liquor refining,"electricity, high voltage, production mix",3.86,kWh,TRUE,2025,"Source: Luo 2025; table=Table 1; row=UP9: electrolysis - Electricity; normalization=3.86 kWh per 1 kg 4N_Ga; original_flow=Electricity; luo_unit_process=UP9: electrolysis; boundary=Gate-to-gate Luo 2025 foreground inventory from Bayer Liquor treatment through 99.99% primary gallium metal; upstream aluminum extraction/alumina production excluded.; uuid_basis=ecoinvent 3.8 only; confidence=Medium - regional proxy review; uuid_note=Luo Table 1 used ecoinvent 3.10 CN-NCGC high-voltage production mix; local ecoinvent 3.8 index has no CN-NCGC. Selected CN-SX production mix because Luo cites a Shanxi EIA data source. Review before publication. SOURCE_AUDIT_NOTES: source_note: Luo et al. 2025, Life cycle assessment for primary gallium production at industrial-scale. | source_table: Luo 2025 Table 1 | baseline_scope: Luo_2025_Bayer_liquor_to_4N_Ga MASTER_BOUNDARY_NOTE: Luo 2025 Bayer_liquor to 4N_Ga foreground; upstream bauxite/alumina burden excluded from this node. PROXY_NEEDS_REVIEW. TECHNOLOGY_TRANSFER_VARIANT: foreground process quantities are transferred from the source inventory to BLEECAM topology location; background electricity/geography adjusted where available. SOURCE_PROCESS_LOCATION=CN. ELECTRICITY_GEOGRAPHY_ADJUSTED_TO_KZ: exact ecoinvent 3.8 electricity UUID used for topology process location.",technosphere,KZ,KZ,17e1d23a-409a-4926-a011-18ecfcca85f1,"electricity, high voltage, production mix | electricity, high voltage | KZ | kWh | ecoinvent 3.8"
Bayer liquor refining,"treatment of wastewater, average, capacity 1E9l/year",-0.2633,m3,TRUE,2025,"Source: Luo 2025; table=Table 1; row=UP9: electrolysis - W6 electrolysis waste; normalization=263.3 kg aqueous waste converted to 0.2633 m3 assuming 1000 kg/m3; original_flow=W6 electrolysis waste; luo_unit_process=UP9: electrolysis; boundary=Gate-to-gate Luo 2025 foreground inventory from Bayer Liquor treatment through 99.99% primary gallium metal; upstream aluminum extraction/alumina production excluded.; uuid_basis=ecoinvent 3.8 only; confidence=Medium - exact proxy with kg/ton to m3 conversion; uuid_note=Matches Luo Table 1 wastewater treatment proxy. Mass quantities converted to m3 assuming aqueous density of 1000 kg/m3. SOURCE_AUDIT_NOTES: source_note: Luo et al. 2025, Life cycle assessment for primary gallium production at industrial-scale. | source_table: Luo 2025 Table 1 | baseline_scope: Luo_2025_Bayer_liquor_to_4N_Ga MASTER_BOUNDARY_NOTE: Luo 2025 Bayer_liquor to 4N_Ga foreground; upstream bauxite/alumina burden excluded from this node. PROXY_NEEDS_REVIEW. TECHNOLOGY_TRANSFER_VARIANT: foreground process quantities are transferred from the source inventory to BLEECAM topology location; background electricity/geography adjusted where available. SOURCE_PROCESS_LOCATION=CN.",technosphere,KZ,RoW,a9f2745f-2e27-44cb-8129-26648d64ce80,"treatment of wastewater, average, capacity 1E9l/year | wastewater, average | RoW | m3 | ecoinvent 3.8"
Bayer liquor refining,"market for hydrochloric acid, without water, in 30% solution state",0.012,kg,TRUE,2025,"Source: Luo 2025; table=Table 1; row=UP10: refining - 36% HCl; normalization=0.012 kg per 1 kg 4N_Ga; original_flow=36% HCl; luo_unit_process=UP10: refining; boundary=Gate-to-gate Luo 2025 foreground inventory from Bayer Liquor treatment through 99.99% primary gallium metal; upstream aluminum extraction/alumina production excluded.; uuid_basis=ecoinvent 3.8 only; confidence=High - exact ecoinvent 3.8 activity/reference product; uuid_note=Matches Luo Table 1 hydrochloric acid market selection, using local ecoinvent 3.8.; peer_review_flag=Luo UP10 refining is within 4N route, not topology High-purity gallium refining SOURCE_AUDIT_NOTES: source_note: Luo et al. 2025, Life cycle assessment for primary gallium production at industrial-scale. | source_table: Luo 2025 Table 1 | baseline_scope: Luo_2025_Bayer_liquor_to_4N_Ga MASTER_BOUNDARY_NOTE: Luo 2025 Bayer_liquor to 4N_Ga foreground; upstream bauxite/alumina burden excluded from this node. TECHNOLOGY_TRANSFER_VARIANT: foreground process quantities are transferred from the source inventory to BLEECAM topology location; background electricity/geography adjusted where available. SOURCE_PROCESS_LOCATION=CN.",technosphere,KZ,RoW,e80fb7a7-7dac-4f03-a973-3dc4e59518f4,"market for hydrochloric acid, without water, in 30% solution state | hydrochloric acid, without water, in 30% solution state | RoW | kg | ecoinvent 3.8"
Bayer liquor refining,"electricity, high voltage, production mix",0.29,kWh,TRUE,2025,"Source: Luo 2025; table=Table 1; row=UP10: refining - Electricity; normalization=0.29 kWh per 1 kg 4N_Ga; original_flow=Electricity; luo_unit_process=UP10: refining; boundary=Gate-to-gate Luo 2025 foreground inventory from Bayer Liquor treatment through 99.99% primary gallium metal; upstream aluminum extraction/alumina production excluded.; uuid_basis=ecoinvent 3.8 only; confidence=Medium - regional proxy review; uuid_note=Luo Table 1 used ecoinvent 3.10 CN-NCGC high-voltage production mix; local ecoinvent 3.8 index has no CN-NCGC. Selected CN-SX production mix because Luo cites a Shanxi EIA data source. Review before publication.; peer_review_flag=Luo UP10 refining is within 4N route SOURCE_AUDIT_NOTES: source_note: Luo et al. 2025, Life cycle assessment for primary gallium production at industrial-scale. | source_table: Luo 2025 Table 1 | baseline_scope: Luo_2025_Bayer_liquor_to_4N_Ga MASTER_BOUNDARY_NOTE: Luo 2025 Bayer_liquor to 4N_Ga foreground; upstream bauxite/alumina burden excluded from this node. PROXY_NEEDS_REVIEW. TECHNOLOGY_TRANSFER_VARIANT: foreground process quantities are transferred from the source inventory to BLEECAM topology location; background electricity/geography adjusted where available. SOURCE_PROCESS_LOCATION=CN. ELECTRICITY_GEOGRAPHY_ADJUSTED_TO_KZ: exact ecoinvent 3.8 electricity UUID used for topology process location.",technosphere,KZ,KZ,17e1d23a-409a-4926-a011-18ecfcca85f1,"electricity, high voltage, production mix | electricity, high voltage | KZ | kWh | ecoinvent 3.8"
Bayer liquor refining,"treatment of wastewater, average, capacity 1E9l/year",-1.80E-05,m3,TRUE,2025,"Source: Luo 2025; table=Table 1; row=UP10: refining - W7 refining waste; normalization=0.018 kg aqueous waste converted to 1.8e-05 m3 assuming 1000 kg/m3; original_flow=W7 refining waste; luo_unit_process=UP10: refining; boundary=Gate-to-gate Luo 2025 foreground inventory from Bayer Liquor treatment through 99.99% primary gallium metal; upstream aluminum extraction/alumina production excluded.; uuid_basis=ecoinvent 3.8 only; confidence=Medium - exact proxy with kg/ton to m3 conversion; uuid_note=Matches Luo Table 1 wastewater treatment proxy. Mass quantities converted to m3 assuming aqueous density of 1000 kg/m3.; peer_review_flag=Luo UP10 refining is within 4N route SOURCE_AUDIT_NOTES: source_note: Luo et al. 2025, Life cycle assessment for primary gallium production at industrial-scale. | source_table: Luo 2025 Table 1 | baseline_scope: Luo_2025_Bayer_liquor_to_4N_Ga MASTER_BOUNDARY_NOTE: Luo 2025 Bayer_liquor to 4N_Ga foreground; upstream bauxite/alumina burden excluded from this node. PROXY_NEEDS_REVIEW. TECHNOLOGY_TRANSFER_VARIANT: foreground process quantities are transferred from the source inventory to BLEECAM topology location; background electricity/geography adjusted where available. SOURCE_PROCESS_LOCATION=CN.",technosphere,KZ,RoW,a9f2745f-2e27-44cb-8129-26648d64ce80,"treatment of wastewater, average, capacity 1E9l/year | wastewater, average | RoW | m3 | ecoinvent 3.8"
Bayer liquor refining,4N_Ga,1,kg,FALSE,2025,"Source: Luo 2025; table=Table 1; row=Final product - Ga metal (99.99%); normalization=1 kg per 1 kg 4N_Ga; original_flow=Ga metal (99.99%); luo_unit_process=Final product; boundary=Gate-to-gate Luo 2025 foreground inventory from Bayer Liquor treatment through 99.99% primary gallium metal; upstream aluminum extraction/alumina production excluded.; uuid_basis=ecoinvent 3.8 only; confidence=Not applicable - foreground output; peer_review_flag=mapped to topology material 4N_Ga SOURCE_AUDIT_NOTES: source_note: Luo et al. 2025, Life cycle assessment for primary gallium production at industrial-scale. | source_table: Luo 2025 Table 1 | baseline_scope: Luo_2025_Bayer_liquor_to_4N_Ga MASTER_BOUNDARY_NOTE: Luo 2025 Bayer_liquor to 4N_Ga foreground; upstream bauxite/alumina burden excluded from this node. TECHNOLOGY_TRANSFER_VARIANT: foreground process quantities are transferred from the source inventory to BLEECAM topology location; background electricity/geography adjusted where available. SOURCE_PROCESS_LOCATION=CN.",production,KZ,KZ,,FOREGROUND_OUTPUT: topology material 4N_Ga; no ecoinvent UUID assigned
Bayer liquor refining,"electricity, high voltage, production mix",17.23,kWh,TRUE,2025,"Source: Luo 2025; table=Table 1; row=UP1: ingredient preparation - Electricity; normalization=17.23 kWh per 1 kg 4N_Ga; original_flow=Electricity; luo_unit_process=UP1: ingredient preparation; boundary=Gate-to-gate Luo 2025 foreground inventory from Bayer Liquor treatment through 99.99% primary gallium metal; upstream aluminum extraction/alumina production excluded.; uuid_basis=ecoinvent 3.8 only; confidence=Medium - regional proxy review; uuid_note=Luo Table 1 used ecoinvent 3.10 CN-NCGC high-voltage production mix; local ecoinvent 3.8 index has no CN-NCGC. Selected CN-SX production mix because Luo cites a Shanxi EIA data source. Review before publication. SOURCE_AUDIT_NOTES: source_note: Luo et al. 2025, Life cycle assessment for primary gallium production at industrial-scale. | source_table: Luo 2025 Table 1 | baseline_scope: Luo_2025_Bayer_liquor_to_4N_Ga MASTER_BOUNDARY_NOTE: Luo 2025 Bayer_liquor to 4N_Ga foreground; upstream bauxite/alumina burden excluded from this node. PROXY_NEEDS_REVIEW. TECHNOLOGY_TRANSFER_VARIANT: foreground process quantities are transferred from the source inventory to BLEECAM topology location; background electricity/geography adjusted where available. SOURCE_PROCESS_LOCATION=CN. ELECTRICITY_GEOGRAPHY_ADJUSTED_TO_US: exact ecoinvent 3.8 electricity UUID used for topology process location.",technosphere,US,US,80f3037a-7cc1-452f-9232-d38471c92274,"market group for electricity, high voltage | electricity, high voltage | US | kWh | ecoinvent 3.8"
Bayer liquor refining,market for cationic resin,3,kg,TRUE,2025,"Source: Luo 2025; table=Table 1; row=UP2: resin adsorption - Chelate resin; normalization=3 kg per 1 kg 4N_Ga; original_flow=Chelate resin; luo_unit_process=UP2: resin adsorption; boundary=Gate-to-gate Luo 2025 foreground inventory from Bayer Liquor treatment through 99.99% primary gallium metal; upstream aluminum extraction/alumina production excluded.; uuid_basis=ecoinvent 3.8 only; confidence=Medium - Luo proxy for chelating resin; uuid_note=Luo states chelating resin is not directly available in ecoinvent and uses cationic resin as a proxy.; peer_review_flag=proxy material SOURCE_AUDIT_NOTES: source_note: Luo et al. 2025, Life cycle assessment for primary gallium production at industrial-scale. | source_table: Luo 2025 Table 1 | baseline_scope: Luo_2025_Bayer_liquor_to_4N_Ga MASTER_BOUNDARY_NOTE: Luo 2025 Bayer_liquor to 4N_Ga foreground; upstream bauxite/alumina burden excluded from this node. PROXY_NEEDS_REVIEW. TECHNOLOGY_TRANSFER_VARIANT: foreground process quantities are transferred from the source inventory to BLEECAM topology location; background electricity/geography adjusted where available. SOURCE_PROCESS_LOCATION=CN.",technosphere,US,RoW,455532ae-1a7b-48dc-8474-16dbdc0eea48,market for cationic resin | cationic resin | RoW | kg | ecoinvent 3.8
Bayer liquor refining,"electricity, high voltage, production mix",11.39,kWh,TRUE,2025,"Source: Luo 2025; table=Table 1; row=UP2: resin adsorption - Electricity; normalization=11.39 kWh per 1 kg 4N_Ga; original_flow=Electricity; luo_unit_process=UP2: resin adsorption; boundary=Gate-to-gate Luo 2025 foreground inventory from Bayer Liquor treatment through 99.99% primary gallium metal; upstream aluminum extraction/alumina production excluded.; uuid_basis=ecoinvent 3.8 only; confidence=Medium - regional proxy review; uuid_note=Luo Table 1 used ecoinvent 3.10 CN-NCGC high-voltage production mix; local ecoinvent 3.8 index has no CN-NCGC. Selected CN-SX production mix because Luo cites a Shanxi EIA data source. Review before publication. SOURCE_AUDIT_NOTES: source_note: Luo et al. 2025, Life cycle assessment for primary gallium production at industrial-scale. | source_table: Luo 2025 Table 1 | baseline_scope: Luo_2025_Bayer_liquor_to_4N_Ga MASTER_BOUNDARY_NOTE: Luo 2025 Bayer_liquor to 4N_Ga foreground; upstream bauxite/alumina burden excluded from this node. PROXY_NEEDS_REVIEW. TECHNOLOGY_TRANSFER_VARIANT: foreground process quantities are transferred from the source inventory to BLEECAM topology location; background electricity/geography adjusted where available. SOURCE_PROCESS_LOCATION=CN. ELECTRICITY_GEOGRAPHY_ADJUSTED_TO_US: exact ecoinvent 3.8 electricity UUID used for topology process location.",technosphere,US,US,80f3037a-7cc1-452f-9232-d38471c92274,"market group for electricity, high voltage | electricity, high voltage | US | kWh | ecoinvent 3.8"
Bayer liquor refining,"electricity, high voltage, production mix",3.27,kWh,TRUE,2025,"Source: Luo 2025; table=Table 1; row=UP3: resin washing - Electricity; normalization=3.27 kWh per 1 kg 4N_Ga; original_flow=Electricity; luo_unit_process=UP3: resin washing; boundary=Gate-to-gate Luo 2025 foreground inventory from Bayer Liquor treatment through 99.99% primary gallium metal; upstream aluminum extraction/alumina production excluded.; uuid_basis=ecoinvent 3.8 only; confidence=Medium - regional proxy review; uuid_note=Luo Table 1 used ecoinvent 3.10 CN-NCGC high-voltage production mix; local ecoinvent 3.8 index has no CN-NCGC. Selected CN-SX production mix because Luo cites a Shanxi EIA data source. Review before publication. SOURCE_AUDIT_NOTES: source_note: Luo et al. 2025, Life cycle assessment for primary gallium production at industrial-scale. | source_table: Luo 2025 Table 1 | baseline_scope: Luo_2025_Bayer_liquor_to_4N_Ga MASTER_BOUNDARY_NOTE: Luo 2025 Bayer_liquor to 4N_Ga foreground; upstream bauxite/alumina burden excluded from this node. PROXY_NEEDS_REVIEW. TECHNOLOGY_TRANSFER_VARIANT: foreground process quantities are transferred from the source inventory to BLEECAM topology location; background electricity/geography adjusted where available. SOURCE_PROCESS_LOCATION=CN. ELECTRICITY_GEOGRAPHY_ADJUSTED_TO_US: exact ecoinvent 3.8 electricity UUID used for topology process location.",technosphere,US,US,80f3037a-7cc1-452f-9232-d38471c92274,"market group for electricity, high voltage | electricity, high voltage | US | kWh | ecoinvent 3.8"
Bayer liquor refining,"tap water production, conventional treatment",1860,kg,TRUE,2025,"Source: Luo 2025; table=Table 1; row=UP3: resin washing - Water; normalization=1.86 ton converted to 1860 kg per 1 kg 4N_Ga; original_flow=Water; luo_unit_process=UP3: resin washing; boundary=Gate-to-gate Luo 2025 foreground inventory from Bayer Liquor treatment through 99.99% primary gallium metal; upstream aluminum extraction/alumina production excluded.; uuid_basis=ecoinvent 3.8 only; confidence=High - exact ecoinvent 3.8 activity/reference product; uuid_note=Matches Luo Table 1 tap water treatment selection, using local ecoinvent 3.8. SOURCE_AUDIT_NOTES: source_note: Luo et al. 2025, Life cycle assessment for primary gallium production at industrial-scale. | source_table: Luo 2025 Table 1 | baseline_scope: Luo_2025_Bayer_liquor_to_4N_Ga MASTER_BOUNDARY_NOTE: Luo 2025 Bayer_liquor to 4N_Ga foreground; upstream bauxite/alumina burden excluded from this node. TECHNOLOGY_TRANSFER_VARIANT: foreground process quantities are transferred from the source inventory to BLEECAM topology location; background electricity/geography adjusted where available. SOURCE_PROCESS_LOCATION=CN. TAP_WATER_SIGN_CORRECTED_FOR_LIAISON: tap water production input converted from negative physical-source sign to positive technosphere input; wastewater treatment rows remain negative.",technosphere,US,RoW,6f427cb8-804f-4c6b-b276-ab83bd2464ce,"tap water production, conventional treatment | tap water | RoW | kg | ecoinvent 3.8"
Bayer liquor refining,"treatment of wastewater, average, capacity 1E9l/year",-1.86,m3,TRUE,2025,"Source: Luo 2025; table=Table 1; row=UP3: resin washing - W2 wastewater; normalization=1.86 ton aqueous waste converted to 1.86 m3 assuming 1000 kg/m3; original_flow=W2 wastewater; luo_unit_process=UP3: resin washing; boundary=Gate-to-gate Luo 2025 foreground inventory from Bayer Liquor treatment through 99.99% primary gallium metal; upstream aluminum extraction/alumina production excluded.; uuid_basis=ecoinvent 3.8 only; confidence=Medium - exact proxy with kg/ton to m3 conversion; uuid_note=Matches Luo Table 1 wastewater treatment proxy. Mass quantities converted to m3 assuming aqueous density of 1000 kg/m3. SOURCE_AUDIT_NOTES: source_note: Luo et al. 2025, Life cycle assessment for primary gallium production at industrial-scale. | source_table: Luo 2025 Table 1 | baseline_scope: Luo_2025_Bayer_liquor_to_4N_Ga MASTER_BOUNDARY_NOTE: Luo 2025 Bayer_liquor to 4N_Ga foreground; upstream bauxite/alumina burden excluded from this node. PROXY_NEEDS_REVIEW. TECHNOLOGY_TRANSFER_VARIANT: foreground process quantities are transferred from the source inventory to BLEECAM topology location; background electricity/geography adjusted where available. SOURCE_PROCESS_LOCATION=CN.",technosphere,US,RoW,a9f2745f-2e27-44cb-8129-26648d64ce80,"treatment of wastewater, average, capacity 1E9l/year | wastewater, average | RoW | m3 | ecoinvent 3.8"
Bayer liquor refining,sulfuric acid production,56,kg,TRUE,2025,"Source: Luo 2025; table=Table 1; row=UP4: acid making - 98% sulfuric acid; normalization=56 kg per 1 kg 4N_Ga; original_flow=98% sulfuric acid; luo_unit_process=UP4: acid making; boundary=Gate-to-gate Luo 2025 foreground inventory from Bayer Liquor treatment through 99.99% primary gallium metal; upstream aluminum extraction/alumina production excluded.; uuid_basis=ecoinvent 3.8 only; confidence=High - exact ecoinvent 3.8 activity/reference product; uuid_note=Matches Luo Table 1 sulfuric acid production selection, using local ecoinvent 3.8. SOURCE_AUDIT_NOTES: source_note: Luo et al. 2025, Life cycle assessment for primary gallium production at industrial-scale. | source_table: Luo 2025 Table 1 | baseline_scope: Luo_2025_Bayer_liquor_to_4N_Ga MASTER_BOUNDARY_NOTE: Luo 2025 Bayer_liquor to 4N_Ga foreground; upstream bauxite/alumina burden excluded from this node. TECHNOLOGY_TRANSFER_VARIANT: foreground process quantities are transferred from the source inventory to BLEECAM topology location; background electricity/geography adjusted where available. SOURCE_PROCESS_LOCATION=CN.",technosphere,US,RoW,a69fcb0a-ce51-40be-b74c-ae895861e3bb,sulfuric acid production | sulfuric acid | RoW | kg | ecoinvent 3.8
Bayer liquor refining,"tap water production, conventional treatment",1.65,kg,TRUE,2025,"Source: Luo 2025; table=Table 1; row=UP4: acid making - Water; normalization=1.65 kg per 1 kg 4N_Ga; original_flow=Water; luo_unit_process=UP4: acid making; boundary=Gate-to-gate Luo 2025 foreground inventory from Bayer Liquor treatment through 99.99% primary gallium metal; upstream aluminum extraction/alumina production excluded.; uuid_basis=ecoinvent 3.8 only; confidence=High - exact ecoinvent 3.8 activity/reference product; uuid_note=Matches Luo Table 1 tap water treatment selection, using local ecoinvent 3.8. SOURCE_AUDIT_NOTES: source_note: Luo et al. 2025, Life cycle assessment for primary gallium production at industrial-scale. | source_table: Luo 2025 Table 1 | baseline_scope: Luo_2025_Bayer_liquor_to_4N_Ga MASTER_BOUNDARY_NOTE: Luo 2025 Bayer_liquor to 4N_Ga foreground; upstream bauxite/alumina burden excluded from this node. TECHNOLOGY_TRANSFER_VARIANT: foreground process quantities are transferred from the source inventory to BLEECAM topology location; background electricity/geography adjusted where available. SOURCE_PROCESS_LOCATION=CN. TAP_WATER_SIGN_CORRECTED_FOR_LIAISON: tap water production input converted from negative physical-source sign to positive technosphere input; wastewater treatment rows remain negative.",technosphere,US,RoW,6f427cb8-804f-4c6b-b276-ab83bd2464ce,"tap water production, conventional treatment | tap water | RoW | kg | ecoinvent 3.8"
Bayer liquor refining,"treatment of wastewater, average, capacity 1E9l/year",-0.329,m3,TRUE,2025,"Source: Luo 2025; table=Table 1; row=UP4: acid making - W3 Salty water; normalization=329 kg aqueous waste converted to 0.329 m3 assuming 1000 kg/m3; original_flow=W3 Salty water; luo_unit_process=UP4: acid making; boundary=Gate-to-gate Luo 2025 foreground inventory from Bayer Liquor treatment through 99.99% primary gallium metal; upstream aluminum extraction/alumina production excluded.; uuid_basis=ecoinvent 3.8 only; confidence=Medium - exact proxy with kg/ton to m3 conversion; uuid_note=Matches Luo Table 1 wastewater treatment proxy. Mass quantities converted to m3 assuming aqueous density of 1000 kg/m3. SOURCE_AUDIT_NOTES: source_note: Luo et al. 2025, Life cycle assessment for primary gallium production at industrial-scale. | source_table: Luo 2025 Table 1 | baseline_scope: Luo_2025_Bayer_liquor_to_4N_Ga MASTER_BOUNDARY_NOTE: Luo 2025 Bayer_liquor to 4N_Ga foreground; upstream bauxite/alumina burden excluded from this node. PROXY_NEEDS_REVIEW. TECHNOLOGY_TRANSFER_VARIANT: foreground process quantities are transferred from the source inventory to BLEECAM topology location; background electricity/geography adjusted where available. SOURCE_PROCESS_LOCATION=CN.",technosphere,US,RoW,a9f2745f-2e27-44cb-8129-26648d64ce80,"treatment of wastewater, average, capacity 1E9l/year | wastewater, average | RoW | m3 | ecoinvent 3.8"
Bayer liquor refining,"electricity, high voltage, production mix",0.72,kWh,TRUE,2025,"Source: Luo 2025; table=Table 1; row=UP4: acid making - Electricity (cooling for water softening); normalization=0.72 kWh per 1 kg 4N_Ga; original_flow=Electricity (cooling for water softening); luo_unit_process=UP4: acid making; boundary=Gate-to-gate Luo 2025 foreground inventory from Bayer Liquor treatment through 99.99% primary gallium metal; upstream aluminum extraction/alumina production excluded.; uuid_basis=ecoinvent 3.8 only; confidence=Medium - regional proxy review; uuid_note=Luo Table 1 used ecoinvent 3.10 CN-NCGC high-voltage production mix; local ecoinvent 3.8 index has no CN-NCGC. Selected CN-SX production mix because Luo cites a Shanxi EIA data source. Review before publication. SOURCE_AUDIT_NOTES: source_note: Luo et al. 2025, Life cycle assessment for primary gallium production at industrial-scale. | source_table: Luo 2025 Table 1 | baseline_scope: Luo_2025_Bayer_liquor_to_4N_Ga MASTER_BOUNDARY_NOTE: Luo 2025 Bayer_liquor to 4N_Ga foreground; upstream bauxite/alumina burden excluded from this node. PROXY_NEEDS_REVIEW. TECHNOLOGY_TRANSFER_VARIANT: foreground process quantities are transferred from the source inventory to BLEECAM topology location; background electricity/geography adjusted where available. SOURCE_PROCESS_LOCATION=CN. ELECTRICITY_GEOGRAPHY_ADJUSTED_TO_US: exact ecoinvent 3.8 electricity UUID used for topology process location.",technosphere,US,US,80f3037a-7cc1-452f-9232-d38471c92274,"market group for electricity, high voltage | electricity, high voltage | US | kWh | ecoinvent 3.8"
Bayer liquor refining,"electricity, high voltage, production mix",1.35,kWh,TRUE,2025,"Source: Luo 2025; table=Table 1; row=UP4: acid making - Electricity (cooling for acid dilution); normalization=1.35 kWh per 1 kg 4N_Ga; original_flow=Electricity (cooling for acid dilution); luo_unit_process=UP4: acid making; boundary=Gate-to-gate Luo 2025 foreground inventory from Bayer Liquor treatment through 99.99% primary gallium metal; upstream aluminum extraction/alumina production excluded.; uuid_basis=ecoinvent 3.8 only; confidence=Medium - regional proxy review; uuid_note=Luo Table 1 used ecoinvent 3.10 CN-NCGC high-voltage production mix; local ecoinvent 3.8 index has no CN-NCGC. Selected CN-SX production mix because Luo cites a Shanxi EIA data source. Review before publication. SOURCE_AUDIT_NOTES: source_note: Luo et al. 2025, Life cycle assessment for primary gallium production at industrial-scale. | source_table: Luo 2025 Table 1 | baseline_scope: Luo_2025_Bayer_liquor_to_4N_Ga MASTER_BOUNDARY_NOTE: Luo 2025 Bayer_liquor to 4N_Ga foreground; upstream bauxite/alumina burden excluded from this node. PROXY_NEEDS_REVIEW. TECHNOLOGY_TRANSFER_VARIANT: foreground process quantities are transferred from the source inventory to BLEECAM topology location; background electricity/geography adjusted where available. SOURCE_PROCESS_LOCATION=CN. ELECTRICITY_GEOGRAPHY_ADJUSTED_TO_US: exact ecoinvent 3.8 electricity UUID used for topology process location.",technosphere,US,US,80f3037a-7cc1-452f-9232-d38471c92274,"market group for electricity, high voltage | electricity, high voltage | US | kWh | ecoinvent 3.8"
Bayer liquor refining,"electricity, high voltage, production mix",9.9,kWh,TRUE,2025,"Source: Luo 2025; table=Table 1; row=UP4: acid making - Electricity; normalization=9.9 kWh per 1 kg 4N_Ga; original_flow=Electricity; luo_unit_process=UP4: acid making; boundary=Gate-to-gate Luo 2025 foreground inventory from Bayer Liquor treatment through 99.99% primary gallium metal; upstream aluminum extraction/alumina production excluded.; uuid_basis=ecoinvent 3.8 only; confidence=Medium - regional proxy review; uuid_note=Luo Table 1 used ecoinvent 3.10 CN-NCGC high-voltage production mix; local ecoinvent 3.8 index has no CN-NCGC. Selected CN-SX production mix because Luo cites a Shanxi EIA data source. Review before publication. SOURCE_AUDIT_NOTES: source_note: Luo et al. 2025, Life cycle assessment for primary gallium production at industrial-scale. | source_table: Luo 2025 Table 1 | baseline_scope: Luo_2025_Bayer_liquor_to_4N_Ga MASTER_BOUNDARY_NOTE: Luo 2025 Bayer_liquor to 4N_Ga foreground; upstream bauxite/alumina burden excluded from this node. PROXY_NEEDS_REVIEW. TECHNOLOGY_TRANSFER_VARIANT: foreground process quantities are transferred from the source inventory to BLEECAM topology location; background electricity/geography adjusted where available. SOURCE_PROCESS_LOCATION=CN. ELECTRICITY_GEOGRAPHY_ADJUSTED_TO_US: exact ecoinvent 3.8 electricity UUID used for topology process location.",technosphere,US,US,80f3037a-7cc1-452f-9232-d38471c92274,"market group for electricity, high voltage | electricity, high voltage | US | kWh | ecoinvent 3.8"
Bayer liquor refining,"electricity, high voltage, production mix",4.55,kWh,TRUE,2025,"Source: Luo 2025; table=Table 1; row=UP5: leaching - Electricity; normalization=4.55 kWh per 1 kg 4N_Ga; original_flow=Electricity; luo_unit_process=UP5: leaching; boundary=Gate-to-gate Luo 2025 foreground inventory from Bayer Liquor treatment through 99.99% primary gallium metal; upstream aluminum extraction/alumina production excluded.; uuid_basis=ecoinvent 3.8 only; confidence=Medium - regional proxy review; uuid_note=Luo Table 1 used ecoinvent 3.10 CN-NCGC high-voltage production mix; local ecoinvent 3.8 index has no CN-NCGC. Selected CN-SX production mix because Luo cites a Shanxi EIA data source. Review before publication. SOURCE_AUDIT_NOTES: source_note: Luo et al. 2025, Life cycle assessment for primary gallium production at industrial-scale. | source_table: Luo 2025 Table 1 | baseline_scope: Luo_2025_Bayer_liquor_to_4N_Ga MASTER_BOUNDARY_NOTE: Luo 2025 Bayer_liquor to 4N_Ga foreground; upstream bauxite/alumina burden excluded from this node. PROXY_NEEDS_REVIEW. TECHNOLOGY_TRANSFER_VARIANT: foreground process quantities are transferred from the source inventory to BLEECAM topology location; background electricity/geography adjusted where available. SOURCE_PROCESS_LOCATION=CN. ELECTRICITY_GEOGRAPHY_ADJUSTED_TO_US: exact ecoinvent 3.8 electricity UUID used for topology process location.",technosphere,US,US,80f3037a-7cc1-452f-9232-d38471c92274,"market group for electricity, high voltage | electricity, high voltage | US | kWh | ecoinvent 3.8"
Bayer liquor refining,"electricity, high voltage, production mix",26.1,kWh,TRUE,2025,"Source: Luo 2025; table=Table 1; row=UP5: leaching - Electricity (cooling for leaching); normalization=26.1 kWh per 1 kg 4N_Ga; original_flow=Electricity (cooling for leaching); luo_unit_process=UP5: leaching; boundary=Gate-to-gate Luo 2025 foreground inventory from Bayer Liquor treatment through 99.99% primary gallium metal; upstream aluminum extraction/alumina production excluded.; uuid_basis=ecoinvent 3.8 only; confidence=Medium - regional proxy review; uuid_note=Luo Table 1 used ecoinvent 3.10 CN-NCGC high-voltage production mix; local ecoinvent 3.8 index has no CN-NCGC. Selected CN-SX production mix because Luo cites a Shanxi EIA data source. Review before publication. SOURCE_AUDIT_NOTES: source_note: Luo et al. 2025, Life cycle assessment for primary gallium production at industrial-scale. | source_table: Luo 2025 Table 1 | baseline_scope: Luo_2025_Bayer_liquor_to_4N_Ga MASTER_BOUNDARY_NOTE: Luo 2025 Bayer_liquor to 4N_Ga foreground; upstream bauxite/alumina burden excluded from this node. PROXY_NEEDS_REVIEW. TECHNOLOGY_TRANSFER_VARIANT: foreground process quantities are transferred from the source inventory to BLEECAM topology location; background electricity/geography adjusted where available. SOURCE_PROCESS_LOCATION=CN. ELECTRICITY_GEOGRAPHY_ADJUSTED_TO_US: exact ecoinvent 3.8 electricity UUID used for topology process location.",technosphere,US,US,80f3037a-7cc1-452f-9232-d38471c92274,"market group for electricity, high voltage | electricity, high voltage | US | kWh | ecoinvent 3.8"
Bayer liquor refining,"tap water production, conventional treatment",30.9,kg,TRUE,2025,"Source: Luo 2025; table=Table 1; row=UP6: resin regeneration - Water; normalization=30.9 kg per 1 kg 4N_Ga; original_flow=Water; luo_unit_process=UP6: resin regeneration; boundary=Gate-to-gate Luo 2025 foreground inventory from Bayer Liquor treatment through 99.99% primary gallium metal; upstream aluminum extraction/alumina production excluded.; uuid_basis=ecoinvent 3.8 only; confidence=High - exact ecoinvent 3.8 activity/reference product; uuid_note=Matches Luo Table 1 tap water treatment selection, using local ecoinvent 3.8. SOURCE_AUDIT_NOTES: source_note: Luo et al. 2025, Life cycle assessment for primary gallium production at industrial-scale. | source_table: Luo 2025 Table 1 | baseline_scope: Luo_2025_Bayer_liquor_to_4N_Ga MASTER_BOUNDARY_NOTE: Luo 2025 Bayer_liquor to 4N_Ga foreground; upstream bauxite/alumina burden excluded from this node. TECHNOLOGY_TRANSFER_VARIANT: foreground process quantities are transferred from the source inventory to BLEECAM topology location; background electricity/geography adjusted where available. SOURCE_PROCESS_LOCATION=CN. TAP_WATER_SIGN_CORRECTED_FOR_LIAISON: tap water production input converted from negative physical-source sign to positive technosphere input; wastewater treatment rows remain negative.",technosphere,US,RoW,6f427cb8-804f-4c6b-b276-ab83bd2464ce,"tap water production, conventional treatment | tap water | RoW | kg | ecoinvent 3.8"
Bayer liquor refining,"treatment of inert waste, inert material landfill",-1.8,kg,TRUE,2025,"Source: Luo 2025; table=Table 1; row=UP6: resin regeneration - S2 used resin; normalization=1.8 kg per 1 kg 4N_Ga; original_flow=S2 used resin; luo_unit_process=UP6: resin regeneration; boundary=Gate-to-gate Luo 2025 foreground inventory from Bayer Liquor treatment through 99.99% primary gallium metal; upstream aluminum extraction/alumina production excluded.; uuid_basis=ecoinvent 3.8 only; confidence=Medium - proxy for Luo chemical waste, inert; uuid_note=Local ecoinvent 3.8 has no exact 'chemical waste, inert'; selected inert waste landfill proxy.; peer_review_flag=waste proxy SOURCE_AUDIT_NOTES: source_note: Luo et al. 2025, Life cycle assessment for primary gallium production at industrial-scale. | source_table: Luo 2025 Table 1 | baseline_scope: Luo_2025_Bayer_liquor_to_4N_Ga MASTER_BOUNDARY_NOTE: Luo 2025 Bayer_liquor to 4N_Ga foreground; upstream bauxite/alumina burden excluded from this node. PROXY_NEEDS_REVIEW. TECHNOLOGY_TRANSFER_VARIANT: foreground process quantities are transferred from the source inventory to BLEECAM topology location; background electricity/geography adjusted where available. SOURCE_PROCESS_LOCATION=CN.",technosphere,US,RoW,561ca14c-12cb-4e61-91ae-1f53a250eaa8,"treatment of inert waste, inert material landfill | inert waste, for final disposal | RoW | kg | ecoinvent 3.8"
Bayer liquor refining,"electricity, high voltage, production mix",1.98,kWh,TRUE,2025,"Source: Luo 2025; table=Table 1; row=UP6: resin regeneration - Electricity; normalization=1.98 kWh per 1 kg 4N_Ga; original_flow=Electricity; luo_unit_process=UP6: resin regeneration; boundary=Gate-to-gate Luo 2025 foreground inventory from Bayer Liquor treatment through 99.99% primary gallium metal; upstream aluminum extraction/alumina production excluded.; uuid_basis=ecoinvent 3.8 only; confidence=Medium - regional proxy review; uuid_note=Luo Table 1 used ecoinvent 3.10 CN-NCGC high-voltage production mix; local ecoinvent 3.8 index has no CN-NCGC. Selected CN-SX production mix because Luo cites a Shanxi EIA data source. Review before publication. SOURCE_AUDIT_NOTES: source_note: Luo et al. 2025, Life cycle assessment for primary gallium production at industrial-scale. | source_table: Luo 2025 Table 1 | baseline_scope: Luo_2025_Bayer_liquor_to_4N_Ga MASTER_BOUNDARY_NOTE: Luo 2025 Bayer_liquor to 4N_Ga foreground; upstream bauxite/alumina burden excluded from this node. PROXY_NEEDS_REVIEW. TECHNOLOGY_TRANSFER_VARIANT: foreground process quantities are transferred from the source inventory to BLEECAM topology location; background electricity/geography adjusted where available. SOURCE_PROCESS_LOCATION=CN. ELECTRICITY_GEOGRAPHY_ADJUSTED_TO_US: exact ecoinvent 3.8 electricity UUID used for topology process location.",technosphere,US,US,80f3037a-7cc1-452f-9232-d38471c92274,"market group for electricity, high voltage | electricity, high voltage | US | kWh | ecoinvent 3.8"
Bayer liquor refining,"market for sodium hydroxide, without water, in 50% solution state",44.84,kg,TRUE,2025,"Source: Luo 2025; table=Table 1; row=UP7: precipitation - NaOH; normalization=44.84 kg per 1 kg 4N_Ga; original_flow=NaOH; luo_unit_process=UP7: precipitation; boundary=Gate-to-gate Luo 2025 foreground inventory from Bayer Liquor treatment through 99.99% primary gallium metal; upstream aluminum extraction/alumina production excluded.; uuid_basis=ecoinvent 3.8 only; confidence=High - exact ecoinvent 3.8 activity/reference product; uuid_note=Matches Luo Table 1 sodium hydroxide selection, using local ecoinvent 3.8. SOURCE_AUDIT_NOTES: source_note: Luo et al. 2025, Life cycle assessment for primary gallium production at industrial-scale. | source_table: Luo 2025 Table 1 | baseline_scope: Luo_2025_Bayer_liquor_to_4N_Ga MASTER_BOUNDARY_NOTE: Luo 2025 Bayer_liquor to 4N_Ga foreground; upstream bauxite/alumina burden excluded from this node. TECHNOLOGY_TRANSFER_VARIANT: foreground process quantities are transferred from the source inventory to BLEECAM topology location; background electricity/geography adjusted where available. SOURCE_PROCESS_LOCATION=CN.",technosphere,US,GLO,ad2f7e9a-4886-4d71-966d-d529bcc7587f,"market for sodium hydroxide, without water, in 50% solution state | sodium hydroxide, without water, in 50% solution state | GLO | kg | ecoinvent 3.8"
Bayer liquor refining,"treatment of wastewater, average, capacity 1E9l/year",-1.25,m3,TRUE,2025,"Source: Luo 2025; table=Table 1; row=UP7: precipitation - W4 centrifugate solution; normalization=1.25 ton aqueous waste converted to 1.25 m3 assuming 1000 kg/m3; original_flow=W4 centrifugate solution; luo_unit_process=UP7: precipitation; boundary=Gate-to-gate Luo 2025 foreground inventory from Bayer Liquor treatment through 99.99% primary gallium metal; upstream aluminum extraction/alumina production excluded.; uuid_basis=ecoinvent 3.8 only; confidence=Medium - exact proxy with kg/ton to m3 conversion; uuid_note=Matches Luo Table 1 wastewater treatment proxy. Mass quantities converted to m3 assuming aqueous density of 1000 kg/m3. SOURCE_AUDIT_NOTES: source_note: Luo et al. 2025, Life cycle assessment for primary gallium production at industrial-scale. | source_table: Luo 2025 Table 1 | baseline_scope: Luo_2025_Bayer_liquor_to_4N_Ga MASTER_BOUNDARY_NOTE: Luo 2025 Bayer_liquor to 4N_Ga foreground; upstream bauxite/alumina burden excluded from this node. PROXY_NEEDS_REVIEW. TECHNOLOGY_TRANSFER_VARIANT: foreground process quantities are transferred from the source inventory to BLEECAM topology location; background electricity/geography adjusted where available. SOURCE_PROCESS_LOCATION=CN.",technosphere,US,RoW,a9f2745f-2e27-44cb-8129-26648d64ce80,"treatment of wastewater, average, capacity 1E9l/year | wastewater, average | RoW | m3 | ecoinvent 3.8"
Bayer liquor refining,"electricity, high voltage, production mix",4.75,kWh,TRUE,2025,"Source: Luo 2025; table=Table 1; row=UP7: precipitation - Electricity; normalization=4.75 kWh per 1 kg 4N_Ga; original_flow=Electricity; luo_unit_process=UP7: precipitation; boundary=Gate-to-gate Luo 2025 foreground inventory from Bayer Liquor treatment through 99.99% primary gallium metal; upstream aluminum extraction/alumina production excluded.; uuid_basis=ecoinvent 3.8 only; confidence=Medium - regional proxy review; uuid_note=Luo Table 1 used ecoinvent 3.10 CN-NCGC high-voltage production mix; local ecoinvent 3.8 index has no CN-NCGC. Selected CN-SX production mix because Luo cites a Shanxi EIA data source. Review before publication. SOURCE_AUDIT_NOTES: source_note: Luo et al. 2025, Life cycle assessment for primary gallium production at industrial-scale. | source_table: Luo 2025 Table 1 | baseline_scope: Luo_2025_Bayer_liquor_to_4N_Ga MASTER_BOUNDARY_NOTE: Luo 2025 Bayer_liquor to 4N_Ga foreground; upstream bauxite/alumina burden excluded from this node. PROXY_NEEDS_REVIEW. TECHNOLOGY_TRANSFER_VARIANT: foreground process quantities are transferred from the source inventory to BLEECAM topology location; background electricity/geography adjusted where available. SOURCE_PROCESS_LOCATION=CN. ELECTRICITY_GEOGRAPHY_ADJUSTED_TO_US: exact ecoinvent 3.8 electricity UUID used for topology process location.",technosphere,US,US,80f3037a-7cc1-452f-9232-d38471c92274,"market group for electricity, high voltage | electricity, high voltage | US | kWh | ecoinvent 3.8"
Bayer liquor refining,"electricity, high voltage, production mix",1.81,kWh,TRUE,2025,"Source: Luo 2025; table=Table 1; row=UP7: precipitation - Electricity (cooling for alkali dilution); normalization=1.81 kWh per 1 kg 4N_Ga; original_flow=Electricity (cooling for alkali dilution); luo_unit_process=UP7: precipitation; boundary=Gate-to-gate Luo 2025 foreground inventory from Bayer Liquor treatment through 99.99% primary gallium metal; upstream aluminum extraction/alumina production excluded.; uuid_basis=ecoinvent 3.8 only; confidence=Medium - regional proxy review; uuid_note=Luo Table 1 used ecoinvent 3.10 CN-NCGC high-voltage production mix; local ecoinvent 3.8 index has no CN-NCGC. Selected CN-SX production mix because Luo cites a Shanxi EIA data source. Review before publication. SOURCE_AUDIT_NOTES: source_note: Luo et al. 2025, Life cycle assessment for primary gallium production at industrial-scale. | source_table: Luo 2025 Table 1 | baseline_scope: Luo_2025_Bayer_liquor_to_4N_Ga MASTER_BOUNDARY_NOTE: Luo 2025 Bayer_liquor to 4N_Ga foreground; upstream bauxite/alumina burden excluded from this node. PROXY_NEEDS_REVIEW. TECHNOLOGY_TRANSFER_VARIANT: foreground process quantities are transferred from the source inventory to BLEECAM topology location; background electricity/geography adjusted where available. SOURCE_PROCESS_LOCATION=CN. ELECTRICITY_GEOGRAPHY_ADJUSTED_TO_US: exact ecoinvent 3.8 electricity UUID used for topology process location.",technosphere,US,US,80f3037a-7cc1-452f-9232-d38471c92274,"market group for electricity, high voltage | electricity, high voltage | US | kWh | ecoinvent 3.8"
Bayer liquor refining,"market for steam, in chemical industry",32.25,kg,TRUE,2025,"Source: Luo 2025; table=Table 1; row=UP8: purification - Steam; normalization=32.25 kg per 1 kg 4N_Ga; original_flow=Steam; luo_unit_process=UP8: purification; boundary=Gate-to-gate Luo 2025 foreground inventory from Bayer Liquor treatment through 99.99% primary gallium metal; upstream aluminum extraction/alumina production excluded.; uuid_basis=ecoinvent 3.8 only; confidence=High - exact ecoinvent 3.8 activity/reference product; uuid_note=Matches Luo Table 1 steam market selection, using local ecoinvent 3.8.; peer_review_flag=Luo UP8 purification is within 4N route, not topology High-purity gallium refining SOURCE_AUDIT_NOTES: source_note: Luo et al. 2025, Life cycle assessment for primary gallium production at industrial-scale. | source_table: Luo 2025 Table 1 | baseline_scope: Luo_2025_Bayer_liquor_to_4N_Ga MASTER_BOUNDARY_NOTE: Luo 2025 Bayer_liquor to 4N_Ga foreground; upstream bauxite/alumina burden excluded from this node. TECHNOLOGY_TRANSFER_VARIANT: foreground process quantities are transferred from the source inventory to BLEECAM topology location; background electricity/geography adjusted where available. SOURCE_PROCESS_LOCATION=CN.",technosphere,US,RoW,a2ce87fa-33d1-4017-9050-341bfd06213e,"market for steam, in chemical industry | steam, in chemical industry | RoW | kg | ecoinvent 3.8"
Bayer liquor refining,"market for quicklime, milled, loose",2,kg,TRUE,2025,"Source: Luo 2025; table=Table 1; row=UP8: purification - CaO; normalization=2 kg per 1 kg 4N_Ga; original_flow=CaO; luo_unit_process=UP8: purification; boundary=Gate-to-gate Luo 2025 foreground inventory from Bayer Liquor treatment through 99.99% primary gallium metal; upstream aluminum extraction/alumina production excluded.; uuid_basis=ecoinvent 3.8 only; confidence=High - exact ecoinvent 3.8 activity/reference product; uuid_note=Matches Luo Table 1 quicklime market selection, using local ecoinvent 3.8.; peer_review_flag=Luo UP8 purification is within 4N route, not topology High-purity gallium refining SOURCE_AUDIT_NOTES: source_note: Luo et al. 2025, Life cycle assessment for primary gallium production at industrial-scale. | source_table: Luo 2025 Table 1 | baseline_scope: Luo_2025_Bayer_liquor_to_4N_Ga MASTER_BOUNDARY_NOTE: Luo 2025 Bayer_liquor to 4N_Ga foreground; upstream bauxite/alumina burden excluded from this node. TECHNOLOGY_TRANSFER_VARIANT: foreground process quantities are transferred from the source inventory to BLEECAM topology location; background electricity/geography adjusted where available. SOURCE_PROCESS_LOCATION=CN.",technosphere,US,RoW,2aa427f7-ab97-4bd1-8abc-471f53a63db6,"market for quicklime, milled, loose | quicklime, milled, loose | RoW | kg | ecoinvent 3.8"
Bayer liquor refining,"market for sodium hydroxide, without water, in 50% solution state",44.16,kg,TRUE,2025,"Source: Luo 2025; table=Table 1; row=UP8: purification - NaOH; normalization=44.16 kg per 1 kg 4N_Ga; original_flow=NaOH; luo_unit_process=UP8: purification; boundary=Gate-to-gate Luo 2025 foreground inventory from Bayer Liquor treatment through 99.99% primary gallium metal; upstream aluminum extraction/alumina production excluded.; uuid_basis=ecoinvent 3.8 only; confidence=High - exact ecoinvent 3.8 activity/reference product; uuid_note=Matches Luo Table 1 sodium hydroxide selection, using local ecoinvent 3.8.; peer_review_flag=Luo UP8 purification is within 4N route, not topology High-purity gallium refining SOURCE_AUDIT_NOTES: source_note: Luo et al. 2025, Life cycle assessment for primary gallium production at industrial-scale. | source_table: Luo 2025 Table 1 | baseline_scope: Luo_2025_Bayer_liquor_to_4N_Ga MASTER_BOUNDARY_NOTE: Luo 2025 Bayer_liquor to 4N_Ga foreground; upstream bauxite/alumina burden excluded from this node. TECHNOLOGY_TRANSFER_VARIANT: foreground process quantities are transferred from the source inventory to BLEECAM topology location; background electricity/geography adjusted where available. SOURCE_PROCESS_LOCATION=CN.",technosphere,US,GLO,ad2f7e9a-4886-4d71-966d-d529bcc7587f,"market for sodium hydroxide, without water, in 50% solution state | sodium hydroxide, without water, in 50% solution state | GLO | kg | ecoinvent 3.8"
Bayer liquor refining,"treatment of wastewater, average, capacity 1E9l/year",-0.03225,m3,TRUE,2025,"Source: Luo 2025; table=Table 1; row=UP8: purification - W5 condensate water; normalization=32.25 kg aqueous waste converted to 0.03225 m3 assuming 1000 kg/m3; original_flow=W5 condensate water; luo_unit_process=UP8: purification; boundary=Gate-to-gate Luo 2025 foreground inventory from Bayer Liquor treatment through 99.99% primary gallium metal; upstream aluminum extraction/alumina production excluded.; uuid_basis=ecoinvent 3.8 only; confidence=Medium - exact proxy with kg/ton to m3 conversion; uuid_note=Matches Luo Table 1 wastewater treatment proxy. Mass quantities converted to m3 assuming aqueous density of 1000 kg/m3.; peer_review_flag=Luo UP8 purification is within 4N route, not topology High-purity gallium refining SOURCE_AUDIT_NOTES: source_note: Luo et al. 2025, Life cycle assessment for primary gallium production at industrial-scale. | source_table: Luo 2025 Table 1 | baseline_scope: Luo_2025_Bayer_liquor_to_4N_Ga MASTER_BOUNDARY_NOTE: Luo 2025 Bayer_liquor to 4N_Ga foreground; upstream bauxite/alumina burden excluded from this node. PROXY_NEEDS_REVIEW. TECHNOLOGY_TRANSFER_VARIANT: foreground process quantities are transferred from the source inventory to BLEECAM topology location; background electricity/geography adjusted where available. SOURCE_PROCESS_LOCATION=CN.",technosphere,US,RoW,a9f2745f-2e27-44cb-8129-26648d64ce80,"treatment of wastewater, average, capacity 1E9l/year | wastewater, average | RoW | m3 | ecoinvent 3.8"
Bayer liquor refining,"treatment of limestone residue, inert material landfill",-2.4,kg,TRUE,2025,"Source: Luo 2025; table=Table 1; row=UP8: purification - S3 filter cake (CaCO3); normalization=2.4 kg per 1 kg 4N_Ga; original_flow=S3 filter cake (CaCO3); luo_unit_process=UP8: purification; boundary=Gate-to-gate Luo 2025 foreground inventory from Bayer Liquor treatment through 99.99% primary gallium metal; upstream aluminum extraction/alumina production excluded.; uuid_basis=ecoinvent 3.8 only; confidence=Medium - proxy for Luo limestone waste; uuid_note=Matches limestone-residue treatment proxy in local ecoinvent 3.8.; peer_review_flag=waste proxy; Luo UP8 is within 4N route SOURCE_AUDIT_NOTES: source_note: Luo et al. 2025, Life cycle assessment for primary gallium production at industrial-scale. | source_table: Luo 2025 Table 1 | baseline_scope: Luo_2025_Bayer_liquor_to_4N_Ga MASTER_BOUNDARY_NOTE: Luo 2025 Bayer_liquor to 4N_Ga foreground; upstream bauxite/alumina burden excluded from this node. PROXY_NEEDS_REVIEW. TECHNOLOGY_TRANSFER_VARIANT: foreground process quantities are transferred from the source inventory to BLEECAM topology location; background electricity/geography adjusted where available. SOURCE_PROCESS_LOCATION=CN.",technosphere,US,RoW,b9220742-1ac0-47ca-bf1a-acd2257508cb,"treatment of limestone residue, inert material landfill | limestone residue | RoW | kg | ecoinvent 3.8"
Bayer liquor refining,"electricity, high voltage, production mix",1.81,kWh,TRUE,2025,"Source: Luo 2025; table=Table 1; row=UP8: purification - Electricity (cooling for alkali dilution); normalization=1.81 kWh per 1 kg 4N_Ga; original_flow=Electricity (cooling for alkali dilution); luo_unit_process=UP8: purification; boundary=Gate-to-gate Luo 2025 foreground inventory from Bayer Liquor treatment through 99.99% primary gallium metal; upstream aluminum extraction/alumina production excluded.; uuid_basis=ecoinvent 3.8 only; confidence=Medium - regional proxy review; uuid_note=Luo Table 1 used ecoinvent 3.10 CN-NCGC high-voltage production mix; local ecoinvent 3.8 index has no CN-NCGC. Selected CN-SX production mix because Luo cites a Shanxi EIA data source. Review before publication.; peer_review_flag=Luo UP8 is within 4N route SOURCE_AUDIT_NOTES: source_note: Luo et al. 2025, Life cycle assessment for primary gallium production at industrial-scale. | source_table: Luo 2025 Table 1 | baseline_scope: Luo_2025_Bayer_liquor_to_4N_Ga MASTER_BOUNDARY_NOTE: Luo 2025 Bayer_liquor to 4N_Ga foreground; upstream bauxite/alumina burden excluded from this node. PROXY_NEEDS_REVIEW. TECHNOLOGY_TRANSFER_VARIANT: foreground process quantities are transferred from the source inventory to BLEECAM topology location; background electricity/geography adjusted where available. SOURCE_PROCESS_LOCATION=CN. ELECTRICITY_GEOGRAPHY_ADJUSTED_TO_US: exact ecoinvent 3.8 electricity UUID used for topology process location.",technosphere,US,US,80f3037a-7cc1-452f-9232-d38471c92274,"market group for electricity, high voltage | electricity, high voltage | US | kWh | ecoinvent 3.8"
Bayer liquor refining,"electricity, high voltage, production mix",13.27,kWh,TRUE,2025,"Source: Luo 2025; table=Table 1; row=UP8: purification - Electricity; normalization=13.27 kWh per 1 kg 4N_Ga; original_flow=Electricity; luo_unit_process=UP8: purification; boundary=Gate-to-gate Luo 2025 foreground inventory from Bayer Liquor treatment through 99.99% primary gallium metal; upstream aluminum extraction/alumina production excluded.; uuid_basis=ecoinvent 3.8 only; confidence=Medium - regional proxy review; uuid_note=Luo Table 1 used ecoinvent 3.10 CN-NCGC high-voltage production mix; local ecoinvent 3.8 index has no CN-NCGC. Selected CN-SX production mix because Luo cites a Shanxi EIA data source. Review before publication.; peer_review_flag=Luo UP8 is within 4N route SOURCE_AUDIT_NOTES: source_note: Luo et al. 2025, Life cycle assessment for primary gallium production at industrial-scale. | source_table: Luo 2025 Table 1 | baseline_scope: Luo_2025_Bayer_liquor_to_4N_Ga MASTER_BOUNDARY_NOTE: Luo 2025 Bayer_liquor to 4N_Ga foreground; upstream bauxite/alumina burden excluded from this node. PROXY_NEEDS_REVIEW. TECHNOLOGY_TRANSFER_VARIANT: foreground process quantities are transferred from the source inventory to BLEECAM topology location; background electricity/geography adjusted where available. SOURCE_PROCESS_LOCATION=CN. ELECTRICITY_GEOGRAPHY_ADJUSTED_TO_US: exact ecoinvent 3.8 electricity UUID used for topology process location.",technosphere,US,US,80f3037a-7cc1-452f-9232-d38471c92274,"market group for electricity, high voltage | electricity, high voltage | US | kWh | ecoinvent 3.8"
Bayer liquor refining,"electricity, high voltage, production mix",3.86,kWh,TRUE,2025,"Source: Luo 2025; table=Table 1; row=UP9: electrolysis - Electricity; normalization=3.86 kWh per 1 kg 4N_Ga; original_flow=Electricity; luo_unit_process=UP9: electrolysis; boundary=Gate-to-gate Luo 2025 foreground inventory from Bayer Liquor treatment through 99.99% primary gallium metal; upstream aluminum extraction/alumina production excluded.; uuid_basis=ecoinvent 3.8 only; confidence=Medium - regional proxy review; uuid_note=Luo Table 1 used ecoinvent 3.10 CN-NCGC high-voltage production mix; local ecoinvent 3.8 index has no CN-NCGC. Selected CN-SX production mix because Luo cites a Shanxi EIA data source. Review before publication. SOURCE_AUDIT_NOTES: source_note: Luo et al. 2025, Life cycle assessment for primary gallium production at industrial-scale. | source_table: Luo 2025 Table 1 | baseline_scope: Luo_2025_Bayer_liquor_to_4N_Ga MASTER_BOUNDARY_NOTE: Luo 2025 Bayer_liquor to 4N_Ga foreground; upstream bauxite/alumina burden excluded from this node. PROXY_NEEDS_REVIEW. TECHNOLOGY_TRANSFER_VARIANT: foreground process quantities are transferred from the source inventory to BLEECAM topology location; background electricity/geography adjusted where available. SOURCE_PROCESS_LOCATION=CN. ELECTRICITY_GEOGRAPHY_ADJUSTED_TO_US: exact ecoinvent 3.8 electricity UUID used for topology process location.",technosphere,US,US,80f3037a-7cc1-452f-9232-d38471c92274,"market group for electricity, high voltage | electricity, high voltage | US | kWh | ecoinvent 3.8"
Bayer liquor refining,"treatment of wastewater, average, capacity 1E9l/year",-0.2633,m3,TRUE,2025,"Source: Luo 2025; table=Table 1; row=UP9: electrolysis - W6 electrolysis waste; normalization=263.3 kg aqueous waste converted to 0.2633 m3 assuming 1000 kg/m3; original_flow=W6 electrolysis waste; luo_unit_process=UP9: electrolysis; boundary=Gate-to-gate Luo 2025 foreground inventory from Bayer Liquor treatment through 99.99% primary gallium metal; upstream aluminum extraction/alumina production excluded.; uuid_basis=ecoinvent 3.8 only; confidence=Medium - exact proxy with kg/ton to m3 conversion; uuid_note=Matches Luo Table 1 wastewater treatment proxy. Mass quantities converted to m3 assuming aqueous density of 1000 kg/m3. SOURCE_AUDIT_NOTES: source_note: Luo et al. 2025, Life cycle assessment for primary gallium production at industrial-scale. | source_table: Luo 2025 Table 1 | baseline_scope: Luo_2025_Bayer_liquor_to_4N_Ga MASTER_BOUNDARY_NOTE: Luo 2025 Bayer_liquor to 4N_Ga foreground; upstream bauxite/alumina burden excluded from this node. PROXY_NEEDS_REVIEW. TECHNOLOGY_TRANSFER_VARIANT: foreground process quantities are transferred from the source inventory to BLEECAM topology location; background electricity/geography adjusted where available. SOURCE_PROCESS_LOCATION=CN.",technosphere,US,RoW,a9f2745f-2e27-44cb-8129-26648d64ce80,"treatment of wastewater, average, capacity 1E9l/year | wastewater, average | RoW | m3 | ecoinvent 3.8"
Bayer liquor refining,"market for hydrochloric acid, without water, in 30% solution state",0.012,kg,TRUE,2025,"Source: Luo 2025; table=Table 1; row=UP10: refining - 36% HCl; normalization=0.012 kg per 1 kg 4N_Ga; original_flow=36% HCl; luo_unit_process=UP10: refining; boundary=Gate-to-gate Luo 2025 foreground inventory from Bayer Liquor treatment through 99.99% primary gallium metal; upstream aluminum extraction/alumina production excluded.; uuid_basis=ecoinvent 3.8 only; confidence=High - exact ecoinvent 3.8 activity/reference product; uuid_note=Matches Luo Table 1 hydrochloric acid market selection, using local ecoinvent 3.8.; peer_review_flag=Luo UP10 refining is within 4N route, not topology High-purity gallium refining SOURCE_AUDIT_NOTES: source_note: Luo et al. 2025, Life cycle assessment for primary gallium production at industrial-scale. | source_table: Luo 2025 Table 1 | baseline_scope: Luo_2025_Bayer_liquor_to_4N_Ga MASTER_BOUNDARY_NOTE: Luo 2025 Bayer_liquor to 4N_Ga foreground; upstream bauxite/alumina burden excluded from this node. TECHNOLOGY_TRANSFER_VARIANT: foreground process quantities are transferred from the source inventory to BLEECAM topology location; background electricity/geography adjusted where available. SOURCE_PROCESS_LOCATION=CN.",technosphere,US,RoW,e80fb7a7-7dac-4f03-a973-3dc4e59518f4,"market for hydrochloric acid, without water, in 30% solution state | hydrochloric acid, without water, in 30% solution state | RoW | kg | ecoinvent 3.8"
Bayer liquor refining,"electricity, high voltage, production mix",0.29,kWh,TRUE,2025,"Source: Luo 2025; table=Table 1; row=UP10: refining - Electricity; normalization=0.29 kWh per 1 kg 4N_Ga; original_flow=Electricity; luo_unit_process=UP10: refining; boundary=Gate-to-gate Luo 2025 foreground inventory from Bayer Liquor treatment through 99.99% primary gallium metal; upstream aluminum extraction/alumina production excluded.; uuid_basis=ecoinvent 3.8 only; confidence=Medium - regional proxy review; uuid_note=Luo Table 1 used ecoinvent 3.10 CN-NCGC high-voltage production mix; local ecoinvent 3.8 index has no CN-NCGC. Selected CN-SX production mix because Luo cites a Shanxi EIA data source. Review before publication.; peer_review_flag=Luo UP10 refining is within 4N route SOURCE_AUDIT_NOTES: source_note: Luo et al. 2025, Life cycle assessment for primary gallium production at industrial-scale. | source_table: Luo 2025 Table 1 | baseline_scope: Luo_2025_Bayer_liquor_to_4N_Ga MASTER_BOUNDARY_NOTE: Luo 2025 Bayer_liquor to 4N_Ga foreground; upstream bauxite/alumina burden excluded from this node. PROXY_NEEDS_REVIEW. TECHNOLOGY_TRANSFER_VARIANT: foreground process quantities are transferred from the source inventory to BLEECAM topology location; background electricity/geography adjusted where available. SOURCE_PROCESS_LOCATION=CN. ELECTRICITY_GEOGRAPHY_ADJUSTED_TO_US: exact ecoinvent 3.8 electricity UUID used for topology process location.",technosphere,US,US,80f3037a-7cc1-452f-9232-d38471c92274,"market group for electricity, high voltage | electricity, high voltage | US | kWh | ecoinvent 3.8"
Bayer liquor refining,"treatment of wastewater, average, capacity 1E9l/year",-1.80E-05,m3,TRUE,2025,"Source: Luo 2025; table=Table 1; row=UP10: refining - W7 refining waste; normalization=0.018 kg aqueous waste converted to 1.8e-05 m3 assuming 1000 kg/m3; original_flow=W7 refining waste; luo_unit_process=UP10: refining; boundary=Gate-to-gate Luo 2025 foreground inventory from Bayer Liquor treatment through 99.99% primary gallium metal; upstream aluminum extraction/alumina production excluded.; uuid_basis=ecoinvent 3.8 only; confidence=Medium - exact proxy with kg/ton to m3 conversion; uuid_note=Matches Luo Table 1 wastewater treatment proxy. Mass quantities converted to m3 assuming aqueous density of 1000 kg/m3.; peer_review_flag=Luo UP10 refining is within 4N route SOURCE_AUDIT_NOTES: source_note: Luo et al. 2025, Life cycle assessment for primary gallium production at industrial-scale. | source_table: Luo 2025 Table 1 | baseline_scope: Luo_2025_Bayer_liquor_to_4N_Ga MASTER_BOUNDARY_NOTE: Luo 2025 Bayer_liquor to 4N_Ga foreground; upstream bauxite/alumina burden excluded from this node. PROXY_NEEDS_REVIEW. TECHNOLOGY_TRANSFER_VARIANT: foreground process quantities are transferred from the source inventory to BLEECAM topology location; background electricity/geography adjusted where available. SOURCE_PROCESS_LOCATION=CN.",technosphere,US,RoW,a9f2745f-2e27-44cb-8129-26648d64ce80,"treatment of wastewater, average, capacity 1E9l/year | wastewater, average | RoW | m3 | ecoinvent 3.8"
Bayer liquor refining,4N_Ga,1,kg,FALSE,2025,"Source: Luo 2025; table=Table 1; row=Final product - Ga metal (99.99%); normalization=1 kg per 1 kg 4N_Ga; original_flow=Ga metal (99.99%); luo_unit_process=Final product; boundary=Gate-to-gate Luo 2025 foreground inventory from Bayer Liquor treatment through 99.99% primary gallium metal; upstream aluminum extraction/alumina production excluded.; uuid_basis=ecoinvent 3.8 only; confidence=Not applicable - foreground output; peer_review_flag=mapped to topology material 4N_Ga SOURCE_AUDIT_NOTES: source_note: Luo et al. 2025, Life cycle assessment for primary gallium production at industrial-scale. | source_table: Luo 2025 Table 1 | baseline_scope: Luo_2025_Bayer_liquor_to_4N_Ga MASTER_BOUNDARY_NOTE: Luo 2025 Bayer_liquor to 4N_Ga foreground; upstream bauxite/alumina burden excluded from this node. TECHNOLOGY_TRANSFER_VARIANT: foreground process quantities are transferred from the source inventory to BLEECAM topology location; background electricity/geography adjusted where available. SOURCE_PROCESS_LOCATION=CN.",production,US,US,,FOREGROUND_OUTPUT: topology material 4N_Ga; no ecoinvent UUID assigned
Bayer process / alumina refining,Bayer_liquor,[REDACTED — ecoinvent-licensed value; reproduce via UUID + selection],kg,FALSE,2025,"Topology output row for Bayer_liquor generation proxy. Proxy for Bayer_liquor generation using alumina/aluminium oxide production activity; not a physical 1 kg Bayer_liquor LCI; for topology representation only. TOPOLOGY_PROXY_NOT_PHYSICAL_MASS_EQUIVALENT. Upstream burden allocation to gallium/Bayer_liquor is methodological; Luo 2025 baseline excludes upstream alumina/aluminium burden. Use only in upstream sensitivity scenario, not no-burden baseline. No ecoinvent UUID assigned to the Bayer_liquor foreground output row; selected alumina proxy appears on companion technosphere row. Upstream Bayer-route proxy node. Ecoinvent 3.8 bauxite/alumina datasets are used for topology representation and upstream sensitivity only. This is not a physical Bayer_liquor foreground LCI and should not be interpreted as Luo 2025's Bayer-liquor-to-4N_Ga foreground boundary.",production,AU,AU,,FOREGROUND_TOPOLOGY_OUTPUT: Bayer_liquor; no ecoinvent 3.8 UUID assigned to output flow
Bayer process / alumina refining,aluminium oxide production,[REDACTED — ecoinvent-licensed value; reproduce via UUID + selection],kg,TRUE,2025,"Proxy for Bayer_liquor generation using alumina/aluminium oxide production activity; not a physical 1 kg Bayer_liquor LCI; for topology representation only. TOPOLOGY_PROXY_NOT_PHYSICAL_MASS_EQUIVALENT. Upstream burden allocation to gallium/Bayer_liquor is methodological; Luo 2025 baseline excludes upstream alumina/aluminium burden. Use only in upstream sensitivity scenario, not no-burden baseline. regional match: UN-OCEANIA; No exact AU alumina production dataset found in local ecoinvent 3.8 index; selected UN-OCEANIA regional production proxy. Upstream Bayer-route proxy node. Ecoinvent 3.8 bauxite/alumina datasets are used for topology representation and upstream sensitivity only. This is not a physical Bayer_liquor foreground LCI and should not be interpreted as Luo 2025's Bayer-liquor-to-4N_Ga foreground boundary.",technosphere,AU,UN-OCEANIA,f9fbbddb-f103-4a4a-87b6-c2943783985e,"aluminium oxide production | aluminium oxide, metallurgical | UN-OCEANIA | kg | ecoinvent 3.8"
Bayer process / alumina refining,Bayer_liquor,[REDACTED — ecoinvent-licensed value; reproduce via UUID + selection],kg,FALSE,2025,"Topology output row for Bayer_liquor generation proxy. Proxy for Bayer_liquor generation using alumina/aluminium oxide production activity; not a physical 1 kg Bayer_liquor LCI; for topology representation only. TOPOLOGY_PROXY_NOT_PHYSICAL_MASS_EQUIVALENT. Upstream burden allocation to gallium/Bayer_liquor is methodological; Luo 2025 baseline excludes upstream alumina/aluminium burden. Use only in upstream sensitivity scenario, not no-burden baseline. No ecoinvent UUID assigned to the Bayer_liquor foreground output row; selected alumina proxy appears on companion technosphere row. Upstream Bayer-route proxy node. Ecoinvent 3.8 bauxite/alumina datasets are used for topology representation and upstream sensitivity only. This is not a physical Bayer_liquor foreground LCI and should not be interpreted as Luo 2025's Bayer-liquor-to-4N_Ga foreground boundary.",production,CA,CA,,FOREGROUND_TOPOLOGY_OUTPUT: Bayer_liquor; no ecoinvent 3.8 UUID assigned to output flow
Bayer process / alumina refining,aluminium oxide production,[REDACTED — ecoinvent-licensed value; reproduce via UUID + selection],kg,TRUE,2025,"Proxy for Bayer_liquor generation using alumina/aluminium oxide production activity; not a physical 1 kg Bayer_liquor LCI; for topology representation only. TOPOLOGY_PROXY_NOT_PHYSICAL_MASS_EQUIVALENT. Upstream burden allocation to gallium/Bayer_liquor is methodological; Luo 2025 baseline excludes upstream alumina/aluminium burden. Use only in upstream sensitivity scenario, not no-burden baseline. regional match: RNA; No exact CA alumina production dataset found in local ecoinvent 3.8 index; selected RNA regional production proxy. Upstream Bayer-route proxy node. Ecoinvent 3.8 bauxite/alumina datasets are used for topology representation and upstream sensitivity only. This is not a physical Bayer_liquor foreground LCI and should not be interpreted as Luo 2025's Bayer-liquor-to-4N_Ga foreground boundary.",technosphere,CA,RNA,c6dcb867-9546-443b-96c9-5a2713307ea7,"aluminium oxide production | aluminium oxide, metallurgical | RNA | kg | ecoinvent 3.8"
Bayer process / alumina refining,Bayer_liquor,[REDACTED — ecoinvent-licensed value; reproduce via UUID + selection],kg,FALSE,2025,"Topology output row for Bayer_liquor generation proxy. Proxy for Bayer_liquor generation using alumina/aluminium oxide production activity; not a physical 1 kg Bayer_liquor LCI; for topology representation only. TOPOLOGY_PROXY_NOT_PHYSICAL_MASS_EQUIVALENT. Upstream burden allocation to gallium/Bayer_liquor is methodological; Luo 2025 baseline excludes upstream alumina/aluminium burden. Use only in upstream sensitivity scenario, not no-burden baseline. No ecoinvent UUID assigned to the Bayer_liquor foreground output row; selected alumina proxy appears on companion technosphere row. Upstream Bayer-route proxy node. Ecoinvent 3.8 bauxite/alumina datasets are used for topology representation and upstream sensitivity only. This is not a physical Bayer_liquor foreground LCI and should not be interpreted as Luo 2025's Bayer-liquor-to-4N_Ga foreground boundary.",production,CN,CN,,FOREGROUND_TOPOLOGY_OUTPUT: Bayer_liquor; no ecoinvent 3.8 UUID assigned to output flow
Bayer process / alumina refining,aluminium oxide production,[REDACTED — ecoinvent-licensed value; reproduce via UUID + selection],kg,TRUE,2025,"Proxy for Bayer_liquor generation using alumina/aluminium oxide production activity; not a physical 1 kg Bayer_liquor LCI; for topology representation only. TOPOLOGY_PROXY_NOT_PHYSICAL_MASS_EQUIVALENT. Upstream burden allocation to gallium/Bayer_liquor is methodological; Luo 2025 baseline excludes upstream alumina/aluminium burden. Use only in upstream sensitivity scenario, not no-burden baseline. exact country match; Exact CN alumina production dataset selected from local ecoinvent 3.8 index. Upstream Bayer-route proxy node. Ecoinvent 3.8 bauxite/alumina datasets are used for topology representation and upstream sensitivity only. This is not a physical Bayer_liquor foreground LCI and should not be interpreted as Luo 2025's Bayer-liquor-to-4N_Ga foreground boundary.",technosphere,CN,CN,4cdca02c-5793-4627-a018-7f03bc9c04a7,"aluminium oxide production | aluminium oxide, metallurgical | CN | kg | ecoinvent 3.8"
Bayer process / alumina refining,Bayer_liquor,[REDACTED — ecoinvent-licensed value; reproduce via UUID + selection],kg,FALSE,2025,"Topology output row for Bayer_liquor generation proxy. Proxy for Bayer_liquor generation using alumina/aluminium oxide production activity; not a physical 1 kg Bayer_liquor LCI; for topology representation only. TOPOLOGY_PROXY_NOT_PHYSICAL_MASS_EQUIVALENT. Upstream burden allocation to gallium/Bayer_liquor is methodological; Luo 2025 baseline excludes upstream alumina/aluminium burden. Use only in upstream sensitivity scenario, not no-burden baseline. No ecoinvent UUID assigned to the Bayer_liquor foreground output row; selected alumina proxy appears on companion technosphere row. Upstream Bayer-route proxy node. Ecoinvent 3.8 bauxite/alumina datasets are used for topology representation and upstream sensitivity only. This is not a physical Bayer_liquor foreground LCI and should not be interpreted as Luo 2025's Bayer-liquor-to-4N_Ga foreground boundary.",production,GR,GR,,FOREGROUND_TOPOLOGY_OUTPUT: Bayer_liquor; no ecoinvent 3.8 UUID assigned to output flow
Bayer process / alumina refining,aluminium oxide production,[REDACTED — ecoinvent-licensed value; reproduce via UUID + selection],kg,TRUE,2025,"Proxy for Bayer_liquor generation using alumina/aluminium oxide production activity; not a physical 1 kg Bayer_liquor LCI; for topology representation only. TOPOLOGY_PROXY_NOT_PHYSICAL_MASS_EQUIVALENT. Upstream burden allocation to gallium/Bayer_liquor is methodological; Luo 2025 baseline excludes upstream alumina/aluminium burden. Use only in upstream sensitivity scenario, not no-burden baseline. regional match: IAI Area, EU27 & EFTA; No exact GR alumina production dataset found in local ecoinvent 3.8 index; selected EU27 & EFTA regional production proxy. Upstream Bayer-route proxy node. Ecoinvent 3.8 bauxite/alumina datasets are used for topology representation and upstream sensitivity only. This is not a physical Bayer_liquor foreground LCI and should not be interpreted as Luo 2025's Bayer-liquor-to-4N_Ga foreground boundary.",technosphere,GR,"IAI Area, EU27 & EFTA",57ddc4e6-a7aa-4beb-a5b0-6419eb79cd15,"aluminium oxide production | aluminium oxide, metallurgical | IAI Area, EU27 & EFTA | kg | ecoinvent 3.8"
Bayer process / alumina refining,Bayer_liquor,[REDACTED — ecoinvent-licensed value; reproduce via UUID + selection],kg,FALSE,2025,"Topology output row for Bayer_liquor generation proxy. Proxy for Bayer_liquor generation using alumina/aluminium oxide production activity; not a physical 1 kg Bayer_liquor LCI; for topology representation only. TOPOLOGY_PROXY_NOT_PHYSICAL_MASS_EQUIVALENT. Upstream burden allocation to gallium/Bayer_liquor is methodological; Luo 2025 baseline excludes upstream alumina/aluminium burden. Use only in upstream sensitivity scenario, not no-burden baseline. No ecoinvent UUID assigned to the Bayer_liquor foreground output row; selected alumina proxy appears on companion technosphere row. Upstream Bayer-route proxy node. Ecoinvent 3.8 bauxite/alumina datasets are used for topology representation and upstream sensitivity only. This is not a physical Bayer_liquor foreground LCI and should not be interpreted as Luo 2025's Bayer-liquor-to-4N_Ga foreground boundary.",production,KZ,KZ,,FOREGROUND_TOPOLOGY_OUTPUT: Bayer_liquor; no ecoinvent 3.8 UUID assigned to output flow
Bayer process / alumina refining,aluminium oxide production,[REDACTED — ecoinvent-licensed value; reproduce via UUID + selection],kg,TRUE,2025,"Proxy for Bayer_liquor generation using alumina/aluminium oxide production activity; not a physical 1 kg Bayer_liquor LCI; for topology representation only. TOPOLOGY_PROXY_NOT_PHYSICAL_MASS_EQUIVALENT. Upstream burden allocation to gallium/Bayer_liquor is methodological; Luo 2025 baseline excludes upstream alumina/aluminium burden. Use only in upstream sensitivity scenario, not no-burden baseline. regional match: IAI Area, Asia, without China and GCC; No exact KZ alumina production dataset found in local ecoinvent 3.8 index; selected Asia without China and GCC regional production proxy. Upstream Bayer-route proxy node. Ecoinvent 3.8 bauxite/alumina datasets are used for topology representation and upstream sensitivity only. This is not a physical Bayer_liquor foreground LCI and should not be interpreted as Luo 2025's Bayer-liquor-to-4N_Ga foreground boundary.",technosphere,KZ,"IAI Area, Asia, without China and GCC",2a3b54bb-9ef3-4c66-81ff-edf7a5bdd11a,"aluminium oxide production | aluminium oxide, metallurgical | IAI Area, Asia, without China and GCC | kg | ecoinvent 3.8"
Bayer process / alumina refining,Bayer_liquor,[REDACTED — ecoinvent-licensed value; reproduce via UUID + selection],kg,FALSE,2025,"Topology output row for Bayer_liquor generation proxy. Proxy for Bayer_liquor generation using alumina/aluminium oxide production activity; not a physical 1 kg Bayer_liquor LCI; for topology representation only. TOPOLOGY_PROXY_NOT_PHYSICAL_MASS_EQUIVALENT. Upstream burden allocation to gallium/Bayer_liquor is methodological; Luo 2025 baseline excludes upstream alumina/aluminium burden. Use only in upstream sensitivity scenario, not no-burden baseline. No ecoinvent UUID assigned to the Bayer_liquor foreground output row; selected alumina proxy appears on companion technosphere row. Upstream Bayer-route proxy node. Ecoinvent 3.8 bauxite/alumina datasets are used for topology representation and upstream sensitivity only. This is not a physical Bayer_liquor foreground LCI and should not be interpreted as Luo 2025's Bayer-liquor-to-4N_Ga foreground boundary.",production,US,US,,FOREGROUND_TOPOLOGY_OUTPUT: Bayer_liquor; no ecoinvent 3.8 UUID assigned to output flow
Bayer process / alumina refining,aluminium oxide production,[REDACTED — ecoinvent-licensed value; reproduce via UUID + selection],kg,TRUE,2025,"Proxy for Bayer_liquor generation using alumina/aluminium oxide production activity; not a physical 1 kg Bayer_liquor LCI; for topology representation only. TOPOLOGY_PROXY_NOT_PHYSICAL_MASS_EQUIVALENT. Upstream burden allocation to gallium/Bayer_liquor is methodological; Luo 2025 baseline excludes upstream alumina/aluminium burden. Use only in upstream sensitivity scenario, not no-burden baseline. regional match: RNA; No exact US alumina production dataset found in local ecoinvent 3.8 index; selected RNA regional production proxy. Upstream Bayer-route proxy node. Ecoinvent 3.8 bauxite/alumina datasets are used for topology representation and upstream sensitivity only. This is not a physical Bayer_liquor foreground LCI and should not be interpreted as Luo 2025's Bayer-liquor-to-4N_Ga foreground boundary.",technosphere,US,RNA,c6dcb867-9546-443b-96c9-5a2713307ea7,"aluminium oxide production | aluminium oxide, metallurgical | RNA | kg | ecoinvent 3.8"
High-purity gallium refining,6N_Ga,1,kg,FALSE,2026,ECOINVENT_3_11_DERIVED_INCREMENTAL_PLACEHOLDER_NOT_BASELINE; reference product gallium high-grade 99.9999-99.99999%; ecoinvent low-grade gallium burden excluded to avoid double counting. MASTER_BOUNDARY_NOTE: incremental 4N_Ga to 6N_Ga purification placeholder; ecoinvent 3.11/Pan 2018/Classen 2009 exchange quantities are mapped to existing ecoinvent 3.8 UUIDs; upstream 4N_Ga burden excluded. TECHNOLOGY_TRANSFER_VARIANT: foreground process quantities are transferred from the source inventory to BLEECAM topology location; background electricity/geography adjusted where available. SOURCE_PROCESS_LOCATION=CN.,production,CA,CA,,FOREGROUND_OUTPUT: 6N_Ga topology product; no ecoinvent UUID assigned
High-purity gallium refining,"market for chemical factory, organics",[REDACTED — ecoinvent-licensed value; reproduce via UUID + selection],unit,TRUE,2026,"ECOINVENT_3_11_DERIVED_INCREMENTAL_PLACEHOLDER_NOT_BASELINE; Retained incremental purification exchange from ecoinvent 3.11 EcoQuery. Source dataset: high-grade gallium production, from low-grade gallium; source database: ecoinvent 3.11. MASTER_BOUNDARY_NOTE: incremental 4N_Ga to 6N_Ga purification placeholder; ecoinvent 3.11/Pan 2018/Classen 2009 exchange quantities are mapped to existing ecoinvent 3.8 UUIDs; upstream 4N_Ga burden excluded. TECHNOLOGY_TRANSFER_VARIANT: foreground process quantities are transferred from the source inventory to BLEECAM topology location; background electricity/geography adjusted where available. SOURCE_PROCESS_LOCATION=CN.",technosphere,CA,GLO,3a53014a-606e-4af5-8a3b-a0665c16b831,"market for chemical factory, organics | chemical factory, organics | GLO | unit | ecoinvent 3.8"
High-purity gallium refining,"market group for electricity, medium voltage",[REDACTED — ecoinvent-licensed value; reproduce via UUID + selection],kWh,TRUE,2026,"ECOINVENT_3_11_DERIVED_INCREMENTAL_PLACEHOLDER_NOT_BASELINE; Retained incremental purification exchange; electricity follows ecoinvent source basis from Classen et al. 2009. Source dataset: high-grade gallium production, from low-grade gallium; source database: ecoinvent 3.11. MASTER_BOUNDARY_NOTE: incremental 4N_Ga to 6N_Ga purification placeholder; ecoinvent 3.11/Pan 2018/Classen 2009 exchange quantities are mapped to existing ecoinvent 3.8 UUIDs; upstream 4N_Ga burden excluded. TECHNOLOGY_TRANSFER_VARIANT: foreground process quantities are transferred from the source inventory to BLEECAM topology location; background electricity/geography adjusted where available. SOURCE_PROCESS_LOCATION=CN. ELECTRICITY_GEOGRAPHY_ADJUSTED_TO_CA: exact ecoinvent 3.8 electricity UUID used for topology process location.",technosphere,CA,CA,53983b90-cce9-47e8-9e4e-d01f66994e09,"market group for electricity, medium voltage | electricity, medium voltage | CA | kWh | ecoinvent 3.8"
High-purity gallium refining,"market for hydrochloric acid, without water, in 30% solution state",[REDACTED — ecoinvent-licensed value; reproduce via UUID + selection],kg,TRUE,2026,"ECOINVENT_3_11_DERIVED_INCREMENTAL_PLACEHOLDER_NOT_BASELINE; Retained incremental purification exchange from ecoinvent 3.11 EcoQuery. Source dataset: high-grade gallium production, from low-grade gallium; source database: ecoinvent 3.11. MASTER_BOUNDARY_NOTE: incremental 4N_Ga to 6N_Ga purification placeholder; ecoinvent 3.11/Pan 2018/Classen 2009 exchange quantities are mapped to existing ecoinvent 3.8 UUIDs; upstream 4N_Ga burden excluded. TECHNOLOGY_TRANSFER_VARIANT: foreground process quantities are transferred from the source inventory to BLEECAM topology location; background electricity/geography adjusted where available. SOURCE_PROCESS_LOCATION=CN.",technosphere,CA,RoW,e80fb7a7-7dac-4f03-a973-3dc4e59518f4,"market for hydrochloric acid, without water, in 30% solution state | hydrochloric acid, without water, in 30% solution state | RoW | kg | ecoinvent 3.8"
High-purity gallium refining,"market for nitric acid, without water, in 50% solution state",[REDACTED — ecoinvent-licensed value; reproduce via UUID + selection],kg,TRUE,2026,"ECOINVENT_3_11_DERIVED_INCREMENTAL_PLACEHOLDER_NOT_BASELINE; Retained incremental purification exchange from ecoinvent 3.11 EcoQuery. Source dataset: high-grade gallium production, from low-grade gallium; source database: ecoinvent 3.11. MASTER_BOUNDARY_NOTE: incremental 4N_Ga to 6N_Ga purification placeholder; ecoinvent 3.11/Pan 2018/Classen 2009 exchange quantities are mapped to existing ecoinvent 3.8 UUIDs; upstream 4N_Ga burden excluded. TECHNOLOGY_TRANSFER_VARIANT: foreground process quantities are transferred from the source inventory to BLEECAM topology location; background electricity/geography adjusted where available. SOURCE_PROCESS_LOCATION=CN.",technosphere,CA,CN,faed5a65-58ad-40dc-914a-cc110db6b769,"market for nitric acid, without water, in 50% solution state | nitric acid, without water, in 50% solution state | CN | kg | ecoinvent 3.8"
High-purity gallium refining,market for tap water,[REDACTED — ecoinvent-licensed value; reproduce via UUID + selection],kg,TRUE,2026,"ECOINVENT_3_11_DERIVED_INCREMENTAL_PLACEHOLDER_NOT_BASELINE; Retained incremental purification exchange from ecoinvent 3.11 EcoQuery. Source dataset: high-grade gallium production, from low-grade gallium; source database: ecoinvent 3.11. MASTER_BOUNDARY_NOTE: incremental 4N_Ga to 6N_Ga purification placeholder; ecoinvent 3.11/Pan 2018/Classen 2009 exchange quantities are mapped to existing ecoinvent 3.8 UUIDs; upstream 4N_Ga burden excluded. TECHNOLOGY_TRANSFER_VARIANT: foreground process quantities are transferred from the source inventory to BLEECAM topology location; background electricity/geography adjusted where available. SOURCE_PROCESS_LOCATION=CN.",technosphere,CA,RoW,ac596c5b-7779-4a51-9c5f-9ec2e0025d6d,market for tap water | tap water | RoW | kg | ecoinvent 3.8
High-purity gallium refining,"market for water, ultrapure",[REDACTED — ecoinvent-licensed value; reproduce via UUID + selection],kg,TRUE,2026,"ECOINVENT_3_11_DERIVED_INCREMENTAL_PLACEHOLDER_NOT_BASELINE; Retained incremental purification exchange from ecoinvent 3.11 EcoQuery. Source dataset: high-grade gallium production, from low-grade gallium; source database: ecoinvent 3.11. MASTER_BOUNDARY_NOTE: incremental 4N_Ga to 6N_Ga purification placeholder; ecoinvent 3.11/Pan 2018/Classen 2009 exchange quantities are mapped to existing ecoinvent 3.8 UUIDs; upstream 4N_Ga burden excluded. TECHNOLOGY_TRANSFER_VARIANT: foreground process quantities are transferred from the source inventory to BLEECAM topology location; background electricity/geography adjusted where available. SOURCE_PROCESS_LOCATION=CN.",technosphere,CA,RoW,7436ffb1-a278-458f-a166-54965d932c10,"market for water, ultrapure | water, ultrapure | RoW | kg | ecoinvent 3.8"
High-purity gallium refining,"market for wastewater, average",[REDACTED — ecoinvent-licensed value; reproduce via UUID + selection],m3,TRUE,2026,"ECOINVENT_3_11_DERIVED_INCREMENTAL_PLACEHOLDER_NOT_BASELINE; Sign converted from ecoinvent waste exchange (-0.103 m3) to positive LiAISON waste-treatment input. Source dataset: high-grade gallium production, from low-grade gallium; source database: ecoinvent 3.11. MASTER_BOUNDARY_NOTE: incremental 4N_Ga to 6N_Ga purification placeholder; ecoinvent 3.11/Pan 2018/Classen 2009 exchange quantities are mapped to existing ecoinvent 3.8 UUIDs; upstream 4N_Ga burden excluded. TECHNOLOGY_TRANSFER_VARIANT: foreground process quantities are transferred from the source inventory to BLEECAM topology location; background electricity/geography adjusted where available. SOURCE_PROCESS_LOCATION=CN.",technosphere,CA,RoW,6e5aa015-da83-46eb-b89b-f3ca4d9253bc,"market for wastewater, average | wastewater, average | RoW | m3 | ecoinvent 3.8"
High-purity gallium refining,Chromium III,[REDACTED — ecoinvent-licensed value; reproduce via UUID + selection],kg,FALSE,2026,"ECOINVENT_3_11_DERIVED_INCREMENTAL_PLACEHOLDER_NOT_BASELINE; retained elementary emission output to water, unspecified. Mapped to local Brightway biosphere3/ecoinvent 3.8 elementary exchange code; use smoke-test file if biosphere rows are excluded. MASTER_BOUNDARY_NOTE: incremental 4N_Ga to 6N_Ga purification placeholder; ecoinvent 3.11/Pan 2018/Classen 2009 exchange quantities are mapped to existing ecoinvent 3.8 UUIDs; upstream 4N_Ga burden excluded. TECHNOLOGY_TRANSFER_VARIANT: foreground process quantities are transferred from the source inventory to BLEECAM topology location; background electricity/geography adjusted where available. SOURCE_PROCESS_LOCATION=CN.",biosphere,CA,CN,30f484ee-dec4-47ae-8e92-d00d4b93fe05,biosphere3 | Chromium III | water | kg | ecoinvent 3.8 Brightway
High-purity gallium refining,Copper ion,[REDACTED — ecoinvent-licensed value; reproduce via UUID + selection],kg,FALSE,2026,"ECOINVENT_3_11_DERIVED_INCREMENTAL_PLACEHOLDER_NOT_BASELINE; retained elementary emission output to water, unspecified. Mapped to local Brightway biosphere3/ecoinvent 3.8 elementary exchange code; use smoke-test file if biosphere rows are excluded. MASTER_BOUNDARY_NOTE: incremental 4N_Ga to 6N_Ga purification placeholder; ecoinvent 3.11/Pan 2018/Classen 2009 exchange quantities are mapped to existing ecoinvent 3.8 UUIDs; upstream 4N_Ga burden excluded. TECHNOLOGY_TRANSFER_VARIANT: foreground process quantities are transferred from the source inventory to BLEECAM topology location; background electricity/geography adjusted where available. SOURCE_PROCESS_LOCATION=CN.",biosphere,CA,CN,615b1460-6860-4cf6-8678-ad92c03c5e8b,biosphere3 | Copper ion | water | kg | ecoinvent 3.8 Brightway
High-purity gallium refining,Iron ion,[REDACTED — ecoinvent-licensed value; reproduce via UUID + selection],kg,FALSE,2026,"ECOINVENT_3_11_DERIVED_INCREMENTAL_PLACEHOLDER_NOT_BASELINE; retained elementary emission output to water, unspecified. Mapped to local Brightway biosphere3/ecoinvent 3.8 elementary exchange code; use smoke-test file if biosphere rows are excluded. MASTER_BOUNDARY_NOTE: incremental 4N_Ga to 6N_Ga purification placeholder; ecoinvent 3.11/Pan 2018/Classen 2009 exchange quantities are mapped to existing ecoinvent 3.8 UUIDs; upstream 4N_Ga burden excluded. TECHNOLOGY_TRANSFER_VARIANT: foreground process quantities are transferred from the source inventory to BLEECAM topology location; background electricity/geography adjusted where available. SOURCE_PROCESS_LOCATION=CN.",biosphere,CA,CN,de444dc0-5964-4501-8367-50ba53bfc6b9,biosphere3 | Iron ion | water | kg | ecoinvent 3.8 Brightway
High-purity gallium refining,Lead II,[REDACTED — ecoinvent-licensed value; reproduce via UUID + selection],kg,FALSE,2026,"ECOINVENT_3_11_DERIVED_INCREMENTAL_PLACEHOLDER_NOT_BASELINE; retained elementary emission output to water, unspecified. Mapped to local Brightway biosphere3/ecoinvent 3.8 elementary exchange code; use smoke-test file if biosphere rows are excluded. MASTER_BOUNDARY_NOTE: incremental 4N_Ga to 6N_Ga purification placeholder; ecoinvent 3.11/Pan 2018/Classen 2009 exchange quantities are mapped to existing ecoinvent 3.8 UUIDs; upstream 4N_Ga burden excluded. TECHNOLOGY_TRANSFER_VARIANT: foreground process quantities are transferred from the source inventory to BLEECAM topology location; background electricity/geography adjusted where available. SOURCE_PROCESS_LOCATION=CN.",biosphere,CA,CN,31c4d160-b21e-41b3-b9c1-3d7a72377653,biosphere3 | Lead II | water | kg | ecoinvent 3.8 Brightway
High-purity gallium refining,Magnesium,[REDACTED — ecoinvent-licensed value; reproduce via UUID + selection],kg,FALSE,2026,"ECOINVENT_3_11_DERIVED_INCREMENTAL_PLACEHOLDER_NOT_BASELINE; retained elementary emission output to water, unspecified. Mapped to local Brightway biosphere3/ecoinvent 3.8 elementary exchange code; use smoke-test file if biosphere rows are excluded. MASTER_BOUNDARY_NOTE: incremental 4N_Ga to 6N_Ga purification placeholder; ecoinvent 3.11/Pan 2018/Classen 2009 exchange quantities are mapped to existing ecoinvent 3.8 UUIDs; upstream 4N_Ga burden excluded. TECHNOLOGY_TRANSFER_VARIANT: foreground process quantities are transferred from the source inventory to BLEECAM topology location; background electricity/geography adjusted where available. SOURCE_PROCESS_LOCATION=CN.",biosphere,CA,CN,9783014c-4ec6-4c9c-84d7-d34c8b390a0b,biosphere3 | Magnesium | water | kg | ecoinvent 3.8 Brightway
High-purity gallium refining,Zinc II,[REDACTED — ecoinvent-licensed value; reproduce via UUID + selection],kg,FALSE,2026,"ECOINVENT_3_11_DERIVED_INCREMENTAL_PLACEHOLDER_NOT_BASELINE; retained elementary emission output to water, unspecified. Mapped to local Brightway biosphere3/ecoinvent 3.8 elementary exchange code; use smoke-test file if biosphere rows are excluded. MASTER_BOUNDARY_NOTE: incremental 4N_Ga to 6N_Ga purification placeholder; ecoinvent 3.11/Pan 2018/Classen 2009 exchange quantities are mapped to existing ecoinvent 3.8 UUIDs; upstream 4N_Ga burden excluded. TECHNOLOGY_TRANSFER_VARIANT: foreground process quantities are transferred from the source inventory to BLEECAM topology location; background electricity/geography adjusted where available. SOURCE_PROCESS_LOCATION=CN.",biosphere,CA,CN,2c7be02c-791f-4fef-b231-b90321bbeb30,biosphere3 | Zinc II | water | kg | ecoinvent 3.8 Brightway
High-purity gallium refining,6N_Ga,1,kg,FALSE,2026,ECOINVENT_3_11_DERIVED_INCREMENTAL_PLACEHOLDER_NOT_BASELINE; reference product gallium high-grade 99.9999-99.99999%; ecoinvent low-grade gallium burden excluded to avoid double counting. MASTER_BOUNDARY_NOTE: incremental 4N_Ga to 6N_Ga purification placeholder; ecoinvent 3.11/Pan 2018/Classen 2009 exchange quantities are mapped to existing ecoinvent 3.8 UUIDs; upstream 4N_Ga burden excluded.,production,CN,CN,,FOREGROUND_OUTPUT: 6N_Ga topology product; no ecoinvent UUID assigned
High-purity gallium refining,"market for chemical factory, organics",[REDACTED — ecoinvent-licensed value; reproduce via UUID + selection],unit,TRUE,2026,"ECOINVENT_3_11_DERIVED_INCREMENTAL_PLACEHOLDER_NOT_BASELINE; Retained incremental purification exchange from ecoinvent 3.11 EcoQuery. Source dataset: high-grade gallium production, from low-grade gallium; source database: ecoinvent 3.11. MASTER_BOUNDARY_NOTE: incremental 4N_Ga to 6N_Ga purification placeholder; ecoinvent 3.11/Pan 2018/Classen 2009 exchange quantities are mapped to existing ecoinvent 3.8 UUIDs; upstream 4N_Ga burden excluded.",technosphere,CN,GLO,3a53014a-606e-4af5-8a3b-a0665c16b831,"market for chemical factory, organics | chemical factory, organics | GLO | unit | ecoinvent 3.8"
High-purity gallium refining,"market group for electricity, medium voltage",[REDACTED — ecoinvent-licensed value; reproduce via UUID + selection],kWh,TRUE,2026,"ECOINVENT_3_11_DERIVED_INCREMENTAL_PLACEHOLDER_NOT_BASELINE; Retained incremental purification exchange; electricity follows ecoinvent source basis from Classen et al. 2009. Source dataset: high-grade gallium production, from low-grade gallium; source database: ecoinvent 3.11. MASTER_BOUNDARY_NOTE: incremental 4N_Ga to 6N_Ga purification placeholder; ecoinvent 3.11/Pan 2018/Classen 2009 exchange quantities are mapped to existing ecoinvent 3.8 UUIDs; upstream 4N_Ga burden excluded. ELECTRICITY_GEOGRAPHY_ADJUSTED_TO_CN: exact ecoinvent 3.8 electricity UUID used for topology process location.",technosphere,CN,CN,510e2d83-c94b-4e60-af67-995ddd7905a3,"market group for electricity, medium voltage | electricity, medium voltage | CN | kWh | ecoinvent 3.8"
High-purity gallium refining,"market for hydrochloric acid, without water, in 30% solution state",[REDACTED — ecoinvent-licensed value; reproduce via UUID + selection],kg,TRUE,2026,"ECOINVENT_3_11_DERIVED_INCREMENTAL_PLACEHOLDER_NOT_BASELINE; Retained incremental purification exchange from ecoinvent 3.11 EcoQuery. Source dataset: high-grade gallium production, from low-grade gallium; source database: ecoinvent 3.11. MASTER_BOUNDARY_NOTE: incremental 4N_Ga to 6N_Ga purification placeholder; ecoinvent 3.11/Pan 2018/Classen 2009 exchange quantities are mapped to existing ecoinvent 3.8 UUIDs; upstream 4N_Ga burden excluded.",technosphere,CN,RoW,e80fb7a7-7dac-4f03-a973-3dc4e59518f4,"market for hydrochloric acid, without water, in 30% solution state | hydrochloric acid, without water, in 30% solution state | RoW | kg | ecoinvent 3.8"
High-purity gallium refining,"market for nitric acid, without water, in 50% solution state",[REDACTED — ecoinvent-licensed value; reproduce via UUID + selection],kg,TRUE,2026,"ECOINVENT_3_11_DERIVED_INCREMENTAL_PLACEHOLDER_NOT_BASELINE; Retained incremental purification exchange from ecoinvent 3.11 EcoQuery. Source dataset: high-grade gallium production, from low-grade gallium; source database: ecoinvent 3.11. MASTER_BOUNDARY_NOTE: incremental 4N_Ga to 6N_Ga purification placeholder; ecoinvent 3.11/Pan 2018/Classen 2009 exchange quantities are mapped to existing ecoinvent 3.8 UUIDs; upstream 4N_Ga burden excluded.",technosphere,CN,CN,faed5a65-58ad-40dc-914a-cc110db6b769,"market for nitric acid, without water, in 50% solution state | nitric acid, without water, in 50% solution state | CN | kg | ecoinvent 3.8"
High-purity gallium refining,market for tap water,[REDACTED — ecoinvent-licensed value; reproduce via UUID + selection],kg,TRUE,2026,"ECOINVENT_3_11_DERIVED_INCREMENTAL_PLACEHOLDER_NOT_BASELINE; Retained incremental purification exchange from ecoinvent 3.11 EcoQuery. Source dataset: high-grade gallium production, from low-grade gallium; source database: ecoinvent 3.11. MASTER_BOUNDARY_NOTE: incremental 4N_Ga to 6N_Ga purification placeholder; ecoinvent 3.11/Pan 2018/Classen 2009 exchange quantities are mapped to existing ecoinvent 3.8 UUIDs; upstream 4N_Ga burden excluded.",technosphere,CN,RoW,ac596c5b-7779-4a51-9c5f-9ec2e0025d6d,market for tap water | tap water | RoW | kg | ecoinvent 3.8
High-purity gallium refining,"market for water, ultrapure",[REDACTED — ecoinvent-licensed value; reproduce via UUID + selection],kg,TRUE,2026,"ECOINVENT_3_11_DERIVED_INCREMENTAL_PLACEHOLDER_NOT_BASELINE; Retained incremental purification exchange from ecoinvent 3.11 EcoQuery. Source dataset: high-grade gallium production, from low-grade gallium; source database: ecoinvent 3.11. MASTER_BOUNDARY_NOTE: incremental 4N_Ga to 6N_Ga purification placeholder; ecoinvent 3.11/Pan 2018/Classen 2009 exchange quantities are mapped to existing ecoinvent 3.8 UUIDs; upstream 4N_Ga burden excluded.",technosphere,CN,RoW,7436ffb1-a278-458f-a166-54965d932c10,"market for water, ultrapure | water, ultrapure | RoW | kg | ecoinvent 3.8"
High-purity gallium refining,"market for wastewater, average",[REDACTED — ecoinvent-licensed value; reproduce via UUID + selection],m3,TRUE,2026,"ECOINVENT_3_11_DERIVED_INCREMENTAL_PLACEHOLDER_NOT_BASELINE; Sign converted from ecoinvent waste exchange (-0.103 m3) to positive LiAISON waste-treatment input. Source dataset: high-grade gallium production, from low-grade gallium; source database: ecoinvent 3.11. MASTER_BOUNDARY_NOTE: incremental 4N_Ga to 6N_Ga purification placeholder; ecoinvent 3.11/Pan 2018/Classen 2009 exchange quantities are mapped to existing ecoinvent 3.8 UUIDs; upstream 4N_Ga burden excluded.",technosphere,CN,RoW,6e5aa015-da83-46eb-b89b-f3ca4d9253bc,"market for wastewater, average | wastewater, average | RoW | m3 | ecoinvent 3.8"
High-purity gallium refining,Chromium III,[REDACTED — ecoinvent-licensed value; reproduce via UUID + selection],kg,FALSE,2026,"ECOINVENT_3_11_DERIVED_INCREMENTAL_PLACEHOLDER_NOT_BASELINE; retained elementary emission output to water, unspecified. Mapped to local Brightway biosphere3/ecoinvent 3.8 elementary exchange code; use smoke-test file if biosphere rows are excluded. MASTER_BOUNDARY_NOTE: incremental 4N_Ga to 6N_Ga purification placeholder; ecoinvent 3.11/Pan 2018/Classen 2009 exchange quantities are mapped to existing ecoinvent 3.8 UUIDs; upstream 4N_Ga burden excluded.",biosphere,CN,CN,30f484ee-dec4-47ae-8e92-d00d4b93fe05,biosphere3 | Chromium III | water | kg | ecoinvent 3.8 Brightway
High-purity gallium refining,Copper ion,[REDACTED — ecoinvent-licensed value; reproduce via UUID + selection],kg,FALSE,2026,"ECOINVENT_3_11_DERIVED_INCREMENTAL_PLACEHOLDER_NOT_BASELINE; retained elementary emission output to water, unspecified. Mapped to local Brightway biosphere3/ecoinvent 3.8 elementary exchange code; use smoke-test file if biosphere rows are excluded. MASTER_BOUNDARY_NOTE: incremental 4N_Ga to 6N_Ga purification placeholder; ecoinvent 3.11/Pan 2018/Classen 2009 exchange quantities are mapped to existing ecoinvent 3.8 UUIDs; upstream 4N_Ga burden excluded.",biosphere,CN,CN,615b1460-6860-4cf6-8678-ad92c03c5e8b,biosphere3 | Copper ion | water | kg | ecoinvent 3.8 Brightway
High-purity gallium refining,Iron ion,[REDACTED — ecoinvent-licensed value; reproduce via UUID + selection],kg,FALSE,2026,"ECOINVENT_3_11_DERIVED_INCREMENTAL_PLACEHOLDER_NOT_BASELINE; retained elementary emission output to water, unspecified. Mapped to local Brightway biosphere3/ecoinvent 3.8 elementary exchange code; use smoke-test file if biosphere rows are excluded. MASTER_BOUNDARY_NOTE: incremental 4N_Ga to 6N_Ga purification placeholder; ecoinvent 3.11/Pan 2018/Classen 2009 exchange quantities are mapped to existing ecoinvent 3.8 UUIDs; upstream 4N_Ga burden excluded.",biosphere,CN,CN,de444dc0-5964-4501-8367-50ba53bfc6b9,biosphere3 | Iron ion | water | kg | ecoinvent 3.8 Brightway
High-purity gallium refining,Lead II,[REDACTED — ecoinvent-licensed value; reproduce via UUID + selection],kg,FALSE,2026,"ECOINVENT_3_11_DERIVED_INCREMENTAL_PLACEHOLDER_NOT_BASELINE; retained elementary emission output to water, unspecified. Mapped to local Brightway biosphere3/ecoinvent 3.8 elementary exchange code; use smoke-test file if biosphere rows are excluded. MASTER_BOUNDARY_NOTE: incremental 4N_Ga to 6N_Ga purification placeholder; ecoinvent 3.11/Pan 2018/Classen 2009 exchange quantities are mapped to existing ecoinvent 3.8 UUIDs; upstream 4N_Ga burden excluded.",biosphere,CN,CN,31c4d160-b21e-41b3-b9c1-3d7a72377653,biosphere3 | Lead II | water | kg | ecoinvent 3.8 Brightway
High-purity gallium refining,Magnesium,[REDACTED — ecoinvent-licensed value; reproduce via UUID + selection],kg,FALSE,2026,"ECOINVENT_3_11_DERIVED_INCREMENTAL_PLACEHOLDER_NOT_BASELINE; retained elementary emission output to water, unspecified. Mapped to local Brightway biosphere3/ecoinvent 3.8 elementary exchange code; use smoke-test file if biosphere rows are excluded. MASTER_BOUNDARY_NOTE: incremental 4N_Ga to 6N_Ga purification placeholder; ecoinvent 3.11/Pan 2018/Classen 2009 exchange quantities are mapped to existing ecoinvent 3.8 UUIDs; upstream 4N_Ga burden excluded.",biosphere,CN,CN,9783014c-4ec6-4c9c-84d7-d34c8b390a0b,biosphere3 | Magnesium | water | kg | ecoinvent 3.8 Brightway
High-purity gallium refining,Zinc II,[REDACTED — ecoinvent-licensed value; reproduce via UUID + selection],kg,FALSE,2026,"ECOINVENT_3_11_DERIVED_INCREMENTAL_PLACEHOLDER_NOT_BASELINE; retained elementary emission output to water, unspecified. Mapped to local Brightway biosphere3/ecoinvent 3.8 elementary exchange code; use smoke-test file if biosphere rows are excluded. MASTER_BOUNDARY_NOTE: incremental 4N_Ga to 6N_Ga purification placeholder; ecoinvent 3.11/Pan 2018/Classen 2009 exchange quantities are mapped to existing ecoinvent 3.8 UUIDs; upstream 4N_Ga burden excluded.",biosphere,CN,CN,2c7be02c-791f-4fef-b231-b90321bbeb30,biosphere3 | Zinc II | water | kg | ecoinvent 3.8 Brightway
High-purity gallium refining,6N_Ga,1,kg,FALSE,2026,ECOINVENT_3_11_DERIVED_INCREMENTAL_PLACEHOLDER_NOT_BASELINE; reference product gallium high-grade 99.9999-99.99999%; ecoinvent low-grade gallium burden excluded to avoid double counting. MASTER_BOUNDARY_NOTE: incremental 4N_Ga to 6N_Ga purification placeholder; ecoinvent 3.11/Pan 2018/Classen 2009 exchange quantities are mapped to existing ecoinvent 3.8 UUIDs; upstream 4N_Ga burden excluded. TECHNOLOGY_TRANSFER_VARIANT: foreground process quantities are transferred from the source inventory to BLEECAM topology location; background electricity/geography adjusted where available. SOURCE_PROCESS_LOCATION=CN.,production,JP,JP,,FOREGROUND_OUTPUT: 6N_Ga topology product; no ecoinvent UUID assigned
High-purity gallium refining,"market for chemical factory, organics",[REDACTED — ecoinvent-licensed value; reproduce via UUID + selection],unit,TRUE,2026,"ECOINVENT_3_11_DERIVED_INCREMENTAL_PLACEHOLDER_NOT_BASELINE; Retained incremental purification exchange from ecoinvent 3.11 EcoQuery. Source dataset: high-grade gallium production, from low-grade gallium; source database: ecoinvent 3.11. MASTER_BOUNDARY_NOTE: incremental 4N_Ga to 6N_Ga purification placeholder; ecoinvent 3.11/Pan 2018/Classen 2009 exchange quantities are mapped to existing ecoinvent 3.8 UUIDs; upstream 4N_Ga burden excluded. TECHNOLOGY_TRANSFER_VARIANT: foreground process quantities are transferred from the source inventory to BLEECAM topology location; background electricity/geography adjusted where available. SOURCE_PROCESS_LOCATION=CN.",technosphere,JP,GLO,3a53014a-606e-4af5-8a3b-a0665c16b831,"market for chemical factory, organics | chemical factory, organics | GLO | unit | ecoinvent 3.8"
High-purity gallium refining,"market group for electricity, medium voltage",[REDACTED — ecoinvent-licensed value; reproduce via UUID + selection],kWh,TRUE,2026,"ECOINVENT_3_11_DERIVED_INCREMENTAL_PLACEHOLDER_NOT_BASELINE; Retained incremental purification exchange; electricity follows ecoinvent source basis from Classen et al. 2009. Source dataset: high-grade gallium production, from low-grade gallium; source database: ecoinvent 3.11. MASTER_BOUNDARY_NOTE: incremental 4N_Ga to 6N_Ga purification placeholder; ecoinvent 3.11/Pan 2018/Classen 2009 exchange quantities are mapped to existing ecoinvent 3.8 UUIDs; upstream 4N_Ga burden excluded. TECHNOLOGY_TRANSFER_VARIANT: foreground process quantities are transferred from the source inventory to BLEECAM topology location; background electricity/geography adjusted where available. SOURCE_PROCESS_LOCATION=CN. ELECTRICITY_GEOGRAPHY_ADJUSTED_TO_JP: exact ecoinvent 3.8 electricity UUID used for topology process location.",technosphere,JP,JP,5089147e-2f5e-4927-8855-0130c95478b5,"market for electricity, medium voltage | electricity, medium voltage | JP | kWh | ecoinvent 3.8"
High-purity gallium refining,"market for hydrochloric acid, without water, in 30% solution state",[REDACTED — ecoinvent-licensed value; reproduce via UUID + selection],kg,TRUE,2026,"ECOINVENT_3_11_DERIVED_INCREMENTAL_PLACEHOLDER_NOT_BASELINE; Retained incremental purification exchange from ecoinvent 3.11 EcoQuery. Source dataset: high-grade gallium production, from low-grade gallium; source database: ecoinvent 3.11. MASTER_BOUNDARY_NOTE: incremental 4N_Ga to 6N_Ga purification placeholder; ecoinvent 3.11/Pan 2018/Classen 2009 exchange quantities are mapped to existing ecoinvent 3.8 UUIDs; upstream 4N_Ga burden excluded. TECHNOLOGY_TRANSFER_VARIANT: foreground process quantities are transferred from the source inventory to BLEECAM topology location; background electricity/geography adjusted where available. SOURCE_PROCESS_LOCATION=CN.",technosphere,JP,RoW,e80fb7a7-7dac-4f03-a973-3dc4e59518f4,"market for hydrochloric acid, without water, in 30% solution state | hydrochloric acid, without water, in 30% solution state | RoW | kg | ecoinvent 3.8"
High-purity gallium refining,"market for nitric acid, without water, in 50% solution state",[REDACTED — ecoinvent-licensed value; reproduce via UUID + selection],kg,TRUE,2026,"ECOINVENT_3_11_DERIVED_INCREMENTAL_PLACEHOLDER_NOT_BASELINE; Retained incremental purification exchange from ecoinvent 3.11 EcoQuery. Source dataset: high-grade gallium production, from low-grade gallium; source database: ecoinvent 3.11. MASTER_BOUNDARY_NOTE: incremental 4N_Ga to 6N_Ga purification placeholder; ecoinvent 3.11/Pan 2018/Classen 2009 exchange quantities are mapped to existing ecoinvent 3.8 UUIDs; upstream 4N_Ga burden excluded. TECHNOLOGY_TRANSFER_VARIANT: foreground process quantities are transferred from the source inventory to BLEECAM topology location; background electricity/geography adjusted where available. SOURCE_PROCESS_LOCATION=CN.",technosphere,JP,CN,faed5a65-58ad-40dc-914a-cc110db6b769,"market for nitric acid, without water, in 50% solution state | nitric acid, without water, in 50% solution state | CN | kg | ecoinvent 3.8"
High-purity gallium refining,market for tap water,[REDACTED — ecoinvent-licensed value; reproduce via UUID + selection],kg,TRUE,2026,"ECOINVENT_3_11_DERIVED_INCREMENTAL_PLACEHOLDER_NOT_BASELINE; Retained incremental purification exchange from ecoinvent 3.11 EcoQuery. Source dataset: high-grade gallium production, from low-grade gallium; source database: ecoinvent 3.11. MASTER_BOUNDARY_NOTE: incremental 4N_Ga to 6N_Ga purification placeholder; ecoinvent 3.11/Pan 2018/Classen 2009 exchange quantities are mapped to existing ecoinvent 3.8 UUIDs; upstream 4N_Ga burden excluded. TECHNOLOGY_TRANSFER_VARIANT: foreground process quantities are transferred from the source inventory to BLEECAM topology location; background electricity/geography adjusted where available. SOURCE_PROCESS_LOCATION=CN.",technosphere,JP,RoW,ac596c5b-7779-4a51-9c5f-9ec2e0025d6d,market for tap water | tap water | RoW | kg | ecoinvent 3.8
High-purity gallium refining,"market for water, ultrapure",[REDACTED — ecoinvent-licensed value; reproduce via UUID + selection],kg,TRUE,2026,"ECOINVENT_3_11_DERIVED_INCREMENTAL_PLACEHOLDER_NOT_BASELINE; Retained incremental purification exchange from ecoinvent 3.11 EcoQuery. Source dataset: high-grade gallium production, from low-grade gallium; source database: ecoinvent 3.11. MASTER_BOUNDARY_NOTE: incremental 4N_Ga to 6N_Ga purification placeholder; ecoinvent 3.11/Pan 2018/Classen 2009 exchange quantities are mapped to existing ecoinvent 3.8 UUIDs; upstream 4N_Ga burden excluded. TECHNOLOGY_TRANSFER_VARIANT: foreground process quantities are transferred from the source inventory to BLEECAM topology location; background electricity/geography adjusted where available. SOURCE_PROCESS_LOCATION=CN.",technosphere,JP,RoW,7436ffb1-a278-458f-a166-54965d932c10,"market for water, ultrapure | water, ultrapure | RoW | kg | ecoinvent 3.8"
High-purity gallium refining,"market for wastewater, average",[REDACTED — ecoinvent-licensed value; reproduce via UUID + selection],m3,TRUE,2026,"ECOINVENT_3_11_DERIVED_INCREMENTAL_PLACEHOLDER_NOT_BASELINE; Sign converted from ecoinvent waste exchange (-0.103 m3) to positive LiAISON waste-treatment input. Source dataset: high-grade gallium production, from low-grade gallium; source database: ecoinvent 3.11. MASTER_BOUNDARY_NOTE: incremental 4N_Ga to 6N_Ga purification placeholder; ecoinvent 3.11/Pan 2018/Classen 2009 exchange quantities are mapped to existing ecoinvent 3.8 UUIDs; upstream 4N_Ga burden excluded. TECHNOLOGY_TRANSFER_VARIANT: foreground process quantities are transferred from the source inventory to BLEECAM topology location; background electricity/geography adjusted where available. SOURCE_PROCESS_LOCATION=CN.",technosphere,JP,RoW,6e5aa015-da83-46eb-b89b-f3ca4d9253bc,"market for wastewater, average | wastewater, average | RoW | m3 | ecoinvent 3.8"
High-purity gallium refining,Chromium III,[REDACTED — ecoinvent-licensed value; reproduce via UUID + selection],kg,FALSE,2026,"ECOINVENT_3_11_DERIVED_INCREMENTAL_PLACEHOLDER_NOT_BASELINE; retained elementary emission output to water, unspecified. Mapped to local Brightway biosphere3/ecoinvent 3.8 elementary exchange code; use smoke-test file if biosphere rows are excluded. MASTER_BOUNDARY_NOTE: incremental 4N_Ga to 6N_Ga purification placeholder; ecoinvent 3.11/Pan 2018/Classen 2009 exchange quantities are mapped to existing ecoinvent 3.8 UUIDs; upstream 4N_Ga burden excluded. TECHNOLOGY_TRANSFER_VARIANT: foreground process quantities are transferred from the source inventory to BLEECAM topology location; background electricity/geography adjusted where available. SOURCE_PROCESS_LOCATION=CN.",biosphere,JP,CN,30f484ee-dec4-47ae-8e92-d00d4b93fe05,biosphere3 | Chromium III | water | kg | ecoinvent 3.8 Brightway
High-purity gallium refining,Copper ion,[REDACTED — ecoinvent-licensed value; reproduce via UUID + selection],kg,FALSE,2026,"ECOINVENT_3_11_DERIVED_INCREMENTAL_PLACEHOLDER_NOT_BASELINE; retained elementary emission output to water, unspecified. Mapped to local Brightway biosphere3/ecoinvent 3.8 elementary exchange code; use smoke-test file if biosphere rows are excluded. MASTER_BOUNDARY_NOTE: incremental 4N_Ga to 6N_Ga purification placeholder; ecoinvent 3.11/Pan 2018/Classen 2009 exchange quantities are mapped to existing ecoinvent 3.8 UUIDs; upstream 4N_Ga burden excluded. TECHNOLOGY_TRANSFER_VARIANT: foreground process quantities are transferred from the source inventory to BLEECAM topology location; background electricity/geography adjusted where available. SOURCE_PROCESS_LOCATION=CN.",biosphere,JP,CN,615b1460-6860-4cf6-8678-ad92c03c5e8b,biosphere3 | Copper ion | water | kg | ecoinvent 3.8 Brightway
High-purity gallium refining,Iron ion,[REDACTED — ecoinvent-licensed value; reproduce via UUID + selection],kg,FALSE,2026,"ECOINVENT_3_11_DERIVED_INCREMENTAL_PLACEHOLDER_NOT_BASELINE; retained elementary emission output to water, unspecified. Mapped to local Brightway biosphere3/ecoinvent 3.8 elementary exchange code; use smoke-test file if biosphere rows are excluded. MASTER_BOUNDARY_NOTE: incremental 4N_Ga to 6N_Ga purification placeholder; ecoinvent 3.11/Pan 2018/Classen 2009 exchange quantities are mapped to existing ecoinvent 3.8 UUIDs; upstream 4N_Ga burden excluded. TECHNOLOGY_TRANSFER_VARIANT: foreground process quantities are transferred from the source inventory to BLEECAM topology location; background electricity/geography adjusted where available. SOURCE_PROCESS_LOCATION=CN.",biosphere,JP,CN,de444dc0-5964-4501-8367-50ba53bfc6b9,biosphere3 | Iron ion | water | kg | ecoinvent 3.8 Brightway
High-purity gallium refining,Lead II,[REDACTED — ecoinvent-licensed value; reproduce via UUID + selection],kg,FALSE,2026,"ECOINVENT_3_11_DERIVED_INCREMENTAL_PLACEHOLDER_NOT_BASELINE; retained elementary emission output to water, unspecified. Mapped to local Brightway biosphere3/ecoinvent 3.8 elementary exchange code; use smoke-test file if biosphere rows are excluded. MASTER_BOUNDARY_NOTE: incremental 4N_Ga to 6N_Ga purification placeholder; ecoinvent 3.11/Pan 2018/Classen 2009 exchange quantities are mapped to existing ecoinvent 3.8 UUIDs; upstream 4N_Ga burden excluded. TECHNOLOGY_TRANSFER_VARIANT: foreground process quantities are transferred from the source inventory to BLEECAM topology location; background electricity/geography adjusted where available. SOURCE_PROCESS_LOCATION=CN.",biosphere,JP,CN,31c4d160-b21e-41b3-b9c1-3d7a72377653,biosphere3 | Lead II | water | kg | ecoinvent 3.8 Brightway
High-purity gallium refining,Magnesium,[REDACTED — ecoinvent-licensed value; reproduce via UUID + selection],kg,FALSE,2026,"ECOINVENT_3_11_DERIVED_INCREMENTAL_PLACEHOLDER_NOT_BASELINE; retained elementary emission output to water, unspecified. Mapped to local Brightway biosphere3/ecoinvent 3.8 elementary exchange code; use smoke-test file if biosphere rows are excluded. MASTER_BOUNDARY_NOTE: incremental 4N_Ga to 6N_Ga purification placeholder; ecoinvent 3.11/Pan 2018/Classen 2009 exchange quantities are mapped to existing ecoinvent 3.8 UUIDs; upstream 4N_Ga burden excluded. TECHNOLOGY_TRANSFER_VARIANT: foreground process quantities are transferred from the source inventory to BLEECAM topology location; background electricity/geography adjusted where available. SOURCE_PROCESS_LOCATION=CN.",biosphere,JP,CN,9783014c-4ec6-4c9c-84d7-d34c8b390a0b,biosphere3 | Magnesium | water | kg | ecoinvent 3.8 Brightway
High-purity gallium refining,Zinc II,[REDACTED — ecoinvent-licensed value; reproduce via UUID + selection],kg,FALSE,2026,"ECOINVENT_3_11_DERIVED_INCREMENTAL_PLACEHOLDER_NOT_BASELINE; retained elementary emission output to water, unspecified. Mapped to local Brightway biosphere3/ecoinvent 3.8 elementary exchange code; use smoke-test file if biosphere rows are excluded. MASTER_BOUNDARY_NOTE: incremental 4N_Ga to 6N_Ga purification placeholder; ecoinvent 3.11/Pan 2018/Classen 2009 exchange quantities are mapped to existing ecoinvent 3.8 UUIDs; upstream 4N_Ga burden excluded. TECHNOLOGY_TRANSFER_VARIANT: foreground process quantities are transferred from the source inventory to BLEECAM topology location; background electricity/geography adjusted where available. SOURCE_PROCESS_LOCATION=CN.",biosphere,JP,CN,2c7be02c-791f-4fef-b231-b90321bbeb30,biosphere3 | Zinc II | water | kg | ecoinvent 3.8 Brightway
High-purity gallium refining,6N_Ga,1,kg,FALSE,2026,ECOINVENT_3_11_DERIVED_INCREMENTAL_PLACEHOLDER_NOT_BASELINE; reference product gallium high-grade 99.9999-99.99999%; ecoinvent low-grade gallium burden excluded to avoid double counting. MASTER_BOUNDARY_NOTE: incremental 4N_Ga to 6N_Ga purification placeholder; ecoinvent 3.11/Pan 2018/Classen 2009 exchange quantities are mapped to existing ecoinvent 3.8 UUIDs; upstream 4N_Ga burden excluded. TECHNOLOGY_TRANSFER_VARIANT: foreground process quantities are transferred from the source inventory to BLEECAM topology location; background electricity/geography adjusted where available. SOURCE_PROCESS_LOCATION=CN.,production,US,US,,FOREGROUND_OUTPUT: 6N_Ga topology product; no ecoinvent UUID assigned
High-purity gallium refining,"market for chemical factory, organics",[REDACTED — ecoinvent-licensed value; reproduce via UUID + selection],unit,TRUE,2026,"ECOINVENT_3_11_DERIVED_INCREMENTAL_PLACEHOLDER_NOT_BASELINE; Retained incremental purification exchange from ecoinvent 3.11 EcoQuery. Source dataset: high-grade gallium production, from low-grade gallium; source database: ecoinvent 3.11. MASTER_BOUNDARY_NOTE: incremental 4N_Ga to 6N_Ga purification placeholder; ecoinvent 3.11/Pan 2018/Classen 2009 exchange quantities are mapped to existing ecoinvent 3.8 UUIDs; upstream 4N_Ga burden excluded. TECHNOLOGY_TRANSFER_VARIANT: foreground process quantities are transferred from the source inventory to BLEECAM topology location; background electricity/geography adjusted where available. SOURCE_PROCESS_LOCATION=CN.",technosphere,US,GLO,3a53014a-606e-4af5-8a3b-a0665c16b831,"market for chemical factory, organics | chemical factory, organics | GLO | unit | ecoinvent 3.8"
High-purity gallium refining,"market group for electricity, medium voltage",[REDACTED — ecoinvent-licensed value; reproduce via UUID + selection],kWh,TRUE,2026,"ECOINVENT_3_11_DERIVED_INCREMENTAL_PLACEHOLDER_NOT_BASELINE; Retained incremental purification exchange; electricity follows ecoinvent source basis from Classen et al. 2009. Source dataset: high-grade gallium production, from low-grade gallium; source database: ecoinvent 3.11. MASTER_BOUNDARY_NOTE: incremental 4N_Ga to 6N_Ga purification placeholder; ecoinvent 3.11/Pan 2018/Classen 2009 exchange quantities are mapped to existing ecoinvent 3.8 UUIDs; upstream 4N_Ga burden excluded. TECHNOLOGY_TRANSFER_VARIANT: foreground process quantities are transferred from the source inventory to BLEECAM topology location; background electricity/geography adjusted where available. SOURCE_PROCESS_LOCATION=CN. ELECTRICITY_GEOGRAPHY_ADJUSTED_TO_US: exact ecoinvent 3.8 electricity UUID used for topology process location.",technosphere,US,US,a956cf53-326c-4faa-b9bf-370f7310f23b,"market group for electricity, medium voltage | electricity, medium voltage | US | kWh | ecoinvent 3.8"
High-purity gallium refining,"market for hydrochloric acid, without water, in 30% solution state",[REDACTED — ecoinvent-licensed value; reproduce via UUID + selection],kg,TRUE,2026,"ECOINVENT_3_11_DERIVED_INCREMENTAL_PLACEHOLDER_NOT_BASELINE; Retained incremental purification exchange from ecoinvent 3.11 EcoQuery. Source dataset: high-grade gallium production, from low-grade gallium; source database: ecoinvent 3.11. MASTER_BOUNDARY_NOTE: incremental 4N_Ga to 6N_Ga purification placeholder; ecoinvent 3.11/Pan 2018/Classen 2009 exchange quantities are mapped to existing ecoinvent 3.8 UUIDs; upstream 4N_Ga burden excluded. TECHNOLOGY_TRANSFER_VARIANT: foreground process quantities are transferred from the source inventory to BLEECAM topology location; background electricity/geography adjusted where available. SOURCE_PROCESS_LOCATION=CN.",technosphere,US,RoW,e80fb7a7-7dac-4f03-a973-3dc4e59518f4,"market for hydrochloric acid, without water, in 30% solution state | hydrochloric acid, without water, in 30% solution state | RoW | kg | ecoinvent 3.8"
High-purity gallium refining,"market for nitric acid, without water, in 50% solution state",[REDACTED — ecoinvent-licensed value; reproduce via UUID + selection],kg,TRUE,2026,"ECOINVENT_3_11_DERIVED_INCREMENTAL_PLACEHOLDER_NOT_BASELINE; Retained incremental purification exchange from ecoinvent 3.11 EcoQuery. Source dataset: high-grade gallium production, from low-grade gallium; source database: ecoinvent 3.11. MASTER_BOUNDARY_NOTE: incremental 4N_Ga to 6N_Ga purification placeholder; ecoinvent 3.11/Pan 2018/Classen 2009 exchange quantities are mapped to existing ecoinvent 3.8 UUIDs; upstream 4N_Ga burden excluded. TECHNOLOGY_TRANSFER_VARIANT: foreground process quantities are transferred from the source inventory to BLEECAM topology location; background electricity/geography adjusted where available. SOURCE_PROCESS_LOCATION=CN.",technosphere,US,CN,faed5a65-58ad-40dc-914a-cc110db6b769,"market for nitric acid, without water, in 50% solution state | nitric acid, without water, in 50% solution state | CN | kg | ecoinvent 3.8"
High-purity gallium refining,market for tap water,[REDACTED — ecoinvent-licensed value; reproduce via UUID + selection],kg,TRUE,2026,"ECOINVENT_3_11_DERIVED_INCREMENTAL_PLACEHOLDER_NOT_BASELINE; Retained incremental purification exchange from ecoinvent 3.11 EcoQuery. Source dataset: high-grade gallium production, from low-grade gallium; source database: ecoinvent 3.11. MASTER_BOUNDARY_NOTE: incremental 4N_Ga to 6N_Ga purification placeholder; ecoinvent 3.11/Pan 2018/Classen 2009 exchange quantities are mapped to existing ecoinvent 3.8 UUIDs; upstream 4N_Ga burden excluded. TECHNOLOGY_TRANSFER_VARIANT: foreground process quantities are transferred from the source inventory to BLEECAM topology location; background electricity/geography adjusted where available. SOURCE_PROCESS_LOCATION=CN.",technosphere,US,RoW,ac596c5b-7779-4a51-9c5f-9ec2e0025d6d,market for tap water | tap water | RoW | kg | ecoinvent 3.8
High-purity gallium refining,"market for water, ultrapure",[REDACTED — ecoinvent-licensed value; reproduce via UUID + selection],kg,TRUE,2026,"ECOINVENT_3_11_DERIVED_INCREMENTAL_PLACEHOLDER_NOT_BASELINE; Retained incremental purification exchange from ecoinvent 3.11 EcoQuery. Source dataset: high-grade gallium production, from low-grade gallium; source database: ecoinvent 3.11. MASTER_BOUNDARY_NOTE: incremental 4N_Ga to 6N_Ga purification placeholder; ecoinvent 3.11/Pan 2018/Classen 2009 exchange quantities are mapped to existing ecoinvent 3.8 UUIDs; upstream 4N_Ga burden excluded. TECHNOLOGY_TRANSFER_VARIANT: foreground process quantities are transferred from the source inventory to BLEECAM topology location; background electricity/geography adjusted where available. SOURCE_PROCESS_LOCATION=CN.",technosphere,US,RoW,7436ffb1-a278-458f-a166-54965d932c10,"market for water, ultrapure | water, ultrapure | RoW | kg | ecoinvent 3.8"
High-purity gallium refining,"market for wastewater, average",[REDACTED — ecoinvent-licensed value; reproduce via UUID + selection],m3,TRUE,2026,"ECOINVENT_3_11_DERIVED_INCREMENTAL_PLACEHOLDER_NOT_BASELINE; Sign converted from ecoinvent waste exchange (-0.103 m3) to positive LiAISON waste-treatment input. Source dataset: high-grade gallium production, from low-grade gallium; source database: ecoinvent 3.11. MASTER_BOUNDARY_NOTE: incremental 4N_Ga to 6N_Ga purification placeholder; ecoinvent 3.11/Pan 2018/Classen 2009 exchange quantities are mapped to existing ecoinvent 3.8 UUIDs; upstream 4N_Ga burden excluded. TECHNOLOGY_TRANSFER_VARIANT: foreground process quantities are transferred from the source inventory to BLEECAM topology location; background electricity/geography adjusted where available. SOURCE_PROCESS_LOCATION=CN.",technosphere,US,RoW,6e5aa015-da83-46eb-b89b-f3ca4d9253bc,"market for wastewater, average | wastewater, average | RoW | m3 | ecoinvent 3.8"
High-purity gallium refining,Chromium III,[REDACTED — ecoinvent-licensed value; reproduce via UUID + selection],kg,FALSE,2026,"ECOINVENT_3_11_DERIVED_INCREMENTAL_PLACEHOLDER_NOT_BASELINE; retained elementary emission output to water, unspecified. Mapped to local Brightway biosphere3/ecoinvent 3.8 elementary exchange code; use smoke-test file if biosphere rows are excluded. MASTER_BOUNDARY_NOTE: incremental 4N_Ga to 6N_Ga purification placeholder; ecoinvent 3.11/Pan 2018/Classen 2009 exchange quantities are mapped to existing ecoinvent 3.8 UUIDs; upstream 4N_Ga burden excluded. TECHNOLOGY_TRANSFER_VARIANT: foreground process quantities are transferred from the source inventory to BLEECAM topology location; background electricity/geography adjusted where available. SOURCE_PROCESS_LOCATION=CN.",biosphere,US,CN,30f484ee-dec4-47ae-8e92-d00d4b93fe05,biosphere3 | Chromium III | water | kg | ecoinvent 3.8 Brightway
High-purity gallium refining,Copper ion,[REDACTED — ecoinvent-licensed value; reproduce via UUID + selection],kg,FALSE,2026,"ECOINVENT_3_11_DERIVED_INCREMENTAL_PLACEHOLDER_NOT_BASELINE; retained elementary emission output to water, unspecified. Mapped to local Brightway biosphere3/ecoinvent 3.8 elementary exchange code; use smoke-test file if biosphere rows are excluded. MASTER_BOUNDARY_NOTE: incremental 4N_Ga to 6N_Ga purification placeholder; ecoinvent 3.11/Pan 2018/Classen 2009 exchange quantities are mapped to existing ecoinvent 3.8 UUIDs; upstream 4N_Ga burden excluded. TECHNOLOGY_TRANSFER_VARIANT: foreground process quantities are transferred from the source inventory to BLEECAM topology location; background electricity/geography adjusted where available. SOURCE_PROCESS_LOCATION=CN.",biosphere,US,CN,615b1460-6860-4cf6-8678-ad92c03c5e8b,biosphere3 | Copper ion | water | kg | ecoinvent 3.8 Brightway
High-purity gallium refining,Iron ion,[REDACTED — ecoinvent-licensed value; reproduce via UUID + selection],kg,FALSE,2026,"ECOINVENT_3_11_DERIVED_INCREMENTAL_PLACEHOLDER_NOT_BASELINE; retained elementary emission output to water, unspecified. Mapped to local Brightway biosphere3/ecoinvent 3.8 elementary exchange code; use smoke-test file if biosphere rows are excluded. MASTER_BOUNDARY_NOTE: incremental 4N_Ga to 6N_Ga purification placeholder; ecoinvent 3.11/Pan 2018/Classen 2009 exchange quantities are mapped to existing ecoinvent 3.8 UUIDs; upstream 4N_Ga burden excluded. TECHNOLOGY_TRANSFER_VARIANT: foreground process quantities are transferred from the source inventory to BLEECAM topology location; background electricity/geography adjusted where available. SOURCE_PROCESS_LOCATION=CN.",biosphere,US,CN,de444dc0-5964-4501-8367-50ba53bfc6b9,biosphere3 | Iron ion | water | kg | ecoinvent 3.8 Brightway
High-purity gallium refining,Lead II,[REDACTED — ecoinvent-licensed value; reproduce via UUID + selection],kg,FALSE,2026,"ECOINVENT_3_11_DERIVED_INCREMENTAL_PLACEHOLDER_NOT_BASELINE; retained elementary emission output to water, unspecified. Mapped to local Brightway biosphere3/ecoinvent 3.8 elementary exchange code; use smoke-test file if biosphere rows are excluded. MASTER_BOUNDARY_NOTE: incremental 4N_Ga to 6N_Ga purification placeholder; ecoinvent 3.11/Pan 2018/Classen 2009 exchange quantities are mapped to existing ecoinvent 3.8 UUIDs; upstream 4N_Ga burden excluded. TECHNOLOGY_TRANSFER_VARIANT: foreground process quantities are transferred from the source inventory to BLEECAM topology location; background electricity/geography adjusted where available. SOURCE_PROCESS_LOCATION=CN.",biosphere,US,CN,31c4d160-b21e-41b3-b9c1-3d7a72377653,biosphere3 | Lead II | water | kg | ecoinvent 3.8 Brightway
High-purity gallium refining,Magnesium,[REDACTED — ecoinvent-licensed value; reproduce via UUID + selection],kg,FALSE,2026,"ECOINVENT_3_11_DERIVED_INCREMENTAL_PLACEHOLDER_NOT_BASELINE; retained elementary emission output to water, unspecified. Mapped to local Brightway biosphere3/ecoinvent 3.8 elementary exchange code; use smoke-test file if biosphere rows are excluded. MASTER_BOUNDARY_NOTE: incremental 4N_Ga to 6N_Ga purification placeholder; ecoinvent 3.11/Pan 2018/Classen 2009 exchange quantities are mapped to existing ecoinvent 3.8 UUIDs; upstream 4N_Ga burden excluded. TECHNOLOGY_TRANSFER_VARIANT: foreground process quantities are transferred from the source inventory to BLEECAM topology location; background electricity/geography adjusted where available. SOURCE_PROCESS_LOCATION=CN.",biosphere,US,CN,9783014c-4ec6-4c9c-84d7-d34c8b390a0b,biosphere3 | Magnesium | water | kg | ecoinvent 3.8 Brightway
High-purity gallium refining,Zinc II,[REDACTED — ecoinvent-licensed value; reproduce via UUID + selection],kg,FALSE,2026,"ECOINVENT_3_11_DERIVED_INCREMENTAL_PLACEHOLDER_NOT_BASELINE; retained elementary emission output to water, unspecified. Mapped to local Brightway biosphere3/ecoinvent 3.8 elementary exchange code; use smoke-test file if biosphere rows are excluded. MASTER_BOUNDARY_NOTE: incremental 4N_Ga to 6N_Ga purification placeholder; ecoinvent 3.11/Pan 2018/Classen 2009 exchange quantities are mapped to existing ecoinvent 3.8 UUIDs; upstream 4N_Ga burden excluded. TECHNOLOGY_TRANSFER_VARIANT: foreground process quantities are transferred from the source inventory to BLEECAM topology location; background electricity/geography adjusted where available. SOURCE_PROCESS_LOCATION=CN.",biosphere,US,CN,2c7be02c-791f-4fef-b231-b90321bbeb30,biosphere3 | Zinc II | water | kg | ecoinvent 3.8 Brightway
TMG synthesis,TMG,1,kg,FALSE,2026,"Smith-derived TMG synthesis output; topology product; no ecoinvent UUID assigned. MASTER_BOUNDARY_NOTE: Smith 2018-derived TMG synthesis with expanded TMAl; upstream 6N_Ga, 4N_Ga, and high-purity gallium production burdens excluded.",production,CN,CN,,FOREGROUND_OUTPUT: TMG topology product; no ecoinvent UUID assigned
TMG synthesis,"market for chlorine, gaseous",[REDACTED — ecoinvent-licensed value; reproduce via UUID + selection],kg,TRUE,2026,"SMITH_DERIVED_INCREMENTAL_TMG_PLACEHOLDER_NOT_BASELINE; Smith Table 49 GaCl3 sub-step expanded to chlorine only; gallium feed excluded as foreground mass balance to avoid high-purity Ga double counting. MASTER_BOUNDARY_NOTE: Smith 2018-derived TMG synthesis with expanded TMAl; upstream 6N_Ga, 4N_Ga, and high-purity gallium production burdens excluded.",technosphere,CN,RoW,299a7118-41b9-46f4-87fa-4ad3e68fd7cf,"market for chlorine, gaseous | chlorine, gaseous | RoW | kg | ecoinvent 3.8"
TMG synthesis,"market group for electricity, low voltage",[REDACTED — ecoinvent-licensed value; reproduce via UUID + selection],kWh,TRUE,2026,"SMITH_DERIVED_INCREMENTAL_TMG_PLACEHOLDER_NOT_BASELINE; Smith Table 49 GaCl3 synthesis electricity normalized by 1.576 kg GaCl3/kg TMG. Gallium feed burden excluded. MASTER_BOUNDARY_NOTE: Smith 2018-derived TMG synthesis with expanded TMAl; upstream 6N_Ga, 4N_Ga, and high-purity gallium production burdens excluded. ELECTRICITY_GEOGRAPHY_ADJUSTED_TO_CN: exact ecoinvent 3.8 electricity UUID used for topology process location.",technosphere,CN,CN,c7f9c799-4ec6-4b8c-8491-d75d10eaf764,"market group for electricity, low voltage | electricity, low voltage | CN | kWh | ecoinvent 3.8"
TMG synthesis,"market for chemical, organic",[REDACTED — ecoinvent-licensed value; reproduce via UUID + selection],kg,TRUE,2026,"SMITH_DERIVED_INCREMENTAL_TMG_PLACEHOLDER_NOT_BASELINE; EXPANDED_TMAL_CANDIDATE_NOT_SMOKETEST_PRIMARY; Smith Table 42 direct TMAl input expansion normalized to the 1.012 kg TMAl/kg TMG requirement. Methyl aluminum sesquichloride and solvent rows remain proxies needing review. Proxy for methyl aluminum sesquichloride. MASTER_BOUNDARY_NOTE: Smith 2018-derived TMG synthesis with expanded TMAl; upstream 6N_Ga, 4N_Ga, and high-purity gallium production burdens excluded. PROXY_NEEDS_REVIEW.",technosphere,CN,GLO,f1ee3e27-05d8-4160-ac9a-93c5cbea4409,"market for chemical, organic | chemical, organic | GLO | kg | ecoinvent 3.8"
TMG synthesis,market for sodium,[REDACTED — ecoinvent-licensed value; reproduce via UUID + selection],kg,TRUE,2026,"SMITH_DERIVED_INCREMENTAL_TMG_PLACEHOLDER_NOT_BASELINE; EXPANDED_TMAL_CANDIDATE_NOT_SMOKETEST_PRIMARY; Smith Table 42 direct TMAl input expansion normalized to the 1.012 kg TMAl/kg TMG requirement. Methyl aluminum sesquichloride and solvent rows remain proxies needing review. Source used sodium as proxy for sodium/potassium melt. MASTER_BOUNDARY_NOTE: Smith 2018-derived TMG synthesis with expanded TMAl; upstream 6N_Ga, 4N_Ga, and high-purity gallium production burdens excluded. PROXY_NEEDS_REVIEW.",technosphere,CN,GLO,e40dc553-ffac-44d3-ab18-a5036d834b0d,market for sodium | sodium | GLO | kg | ecoinvent 3.8
TMG synthesis,"market for nitrogen, liquid",[REDACTED — ecoinvent-licensed value; reproduce via UUID + selection],kg,TRUE,2026,"SMITH_DERIVED_INCREMENTAL_TMG_PLACEHOLDER_NOT_BASELINE; EXPANDED_TMAL_CANDIDATE_NOT_SMOKETEST_PRIMARY; Smith Table 42 direct TMAl input expansion normalized to the 1.012 kg TMAl/kg TMG requirement. Methyl aluminum sesquichloride and solvent rows remain proxies needing review. Liquid nitrogen input from Smith Table 42. MASTER_BOUNDARY_NOTE: Smith 2018-derived TMG synthesis with expanded TMAl; upstream 6N_Ga, 4N_Ga, and high-purity gallium production burdens excluded.",technosphere,CN,RoW,6fa5f2b9-92cd-4d02-b70e-fca3bac5c20e,"market for nitrogen, liquid | nitrogen, liquid | RoW | kg | ecoinvent 3.8"
TMG synthesis,"market for chemical, organic",[REDACTED — ecoinvent-licensed value; reproduce via UUID + selection],kg,TRUE,2026,"SMITH_DERIVED_INCREMENTAL_TMG_PLACEHOLDER_NOT_BASELINE; EXPANDED_TMAL_CANDIDATE_NOT_SMOKETEST_PRIMARY; Smith Table 42 direct TMAl input expansion normalized to the 1.012 kg TMAl/kg TMG requirement. Methyl aluminum sesquichloride and solvent rows remain proxies needing review. Proxy for n-decane/xylene/mineral-oil solvent; no exact white mineral oil match in local index. MASTER_BOUNDARY_NOTE: Smith 2018-derived TMG synthesis with expanded TMAl; upstream 6N_Ga, 4N_Ga, and high-purity gallium production burdens excluded. PROXY_NEEDS_REVIEW.",technosphere,CN,GLO,f1ee3e27-05d8-4160-ac9a-93c5cbea4409,"market for chemical, organic | chemical, organic | GLO | kg | ecoinvent 3.8"
TMG synthesis,"market group for electricity, low voltage",[REDACTED — ecoinvent-licensed value; reproduce via UUID + selection],kWh,TRUE,2026,"SMITH_DERIVED_INCREMENTAL_TMG_PLACEHOLDER_NOT_BASELINE; EXPANDED_TMAL_CANDIDATE_NOT_SMOKETEST_PRIMARY; Smith Table 42 direct TMAl input expansion normalized to the 1.012 kg TMAl/kg TMG requirement. Methyl aluminum sesquichloride and solvent rows remain proxies needing review. TMAl heating electricity from Smith Table 42. MASTER_BOUNDARY_NOTE: Smith 2018-derived TMG synthesis with expanded TMAl; upstream 6N_Ga, 4N_Ga, and high-purity gallium production burdens excluded. ELECTRICITY_GEOGRAPHY_ADJUSTED_TO_CN: exact ecoinvent 3.8 electricity UUID used for topology process location.",technosphere,CN,CN,c7f9c799-4ec6-4b8c-8491-d75d10eaf764,"market group for electricity, low voltage | electricity, low voltage | CN | kWh | ecoinvent 3.8"
TMG synthesis,"market group for electricity, low voltage",[REDACTED — ecoinvent-licensed value; reproduce via UUID + selection],kWh,TRUE,2026,"SMITH_DERIVED_INCREMENTAL_TMG_PLACEHOLDER_NOT_BASELINE; EXPANDED_TMAL_CANDIDATE_NOT_SMOKETEST_PRIMARY; Smith Table 42 direct TMAl input expansion normalized to the 1.012 kg TMAl/kg TMG requirement. Methyl aluminum sesquichloride and solvent rows remain proxies needing review. TMAl stirring electricity from Smith Table 42. MASTER_BOUNDARY_NOTE: Smith 2018-derived TMG synthesis with expanded TMAl; upstream 6N_Ga, 4N_Ga, and high-purity gallium production burdens excluded. ELECTRICITY_GEOGRAPHY_ADJUSTED_TO_CN: exact ecoinvent 3.8 electricity UUID used for topology process location.",technosphere,CN,CN,c7f9c799-4ec6-4b8c-8491-d75d10eaf764,"market group for electricity, low voltage | electricity, low voltage | CN | kWh | ecoinvent 3.8"
TMG synthesis,"market group for electricity, low voltage",[REDACTED — ecoinvent-licensed value; reproduce via UUID + selection],kWh,TRUE,2026,"SMITH_DERIVED_INCREMENTAL_TMG_PLACEHOLDER_NOT_BASELINE; EXPANDED_TMAL_CANDIDATE_NOT_SMOKETEST_PRIMARY; Smith Table 42 direct TMAl input expansion normalized to the 1.012 kg TMAl/kg TMG requirement. Methyl aluminum sesquichloride and solvent rows remain proxies needing review. TMAl vacuum distillation electricity from Smith Table 42. MASTER_BOUNDARY_NOTE: Smith 2018-derived TMG synthesis with expanded TMAl; upstream 6N_Ga, 4N_Ga, and high-purity gallium production burdens excluded. ELECTRICITY_GEOGRAPHY_ADJUSTED_TO_CN: exact ecoinvent 3.8 electricity UUID used for topology process location.",technosphere,CN,CN,c7f9c799-4ec6-4b8c-8491-d75d10eaf764,"market group for electricity, low voltage | electricity, low voltage | CN | kWh | ecoinvent 3.8"
TMG synthesis,"treatment of hazardous waste, hazardous waste incineration",[REDACTED — ecoinvent-licensed value; reproduce via UUID + selection],kg,TRUE,2026,"SMITH_DERIVED_INCREMENTAL_TMG_PLACEHOLDER_NOT_BASELINE; EXPANDED_TMAL_CANDIDATE_NOT_SMOKETEST_PRIMARY; Smith Table 42 direct TMAl input expansion normalized to the 1.012 kg TMAl/kg TMG requirement. Methyl aluminum sesquichloride and solvent rows remain proxies needing review. Aggregated Table 42 lost solvent, unreacted methyl aluminum sesquichloride, and sodium chloride wastes. MASTER_BOUNDARY_NOTE: Smith 2018-derived TMG synthesis with expanded TMAl; upstream 6N_Ga, 4N_Ga, and high-purity gallium production burdens excluded.",technosphere,CN,RoW,7328447d-bac2-4b49-8f0f-7063ea520a18,"treatment of hazardous waste, hazardous waste incineration | hazardous waste, for incineration | RoW | kg | ecoinvent 3.8"
TMG synthesis,"market for sodium chloride, powder",[REDACTED — ecoinvent-licensed value; reproduce via UUID + selection],kg,TRUE,2026,"SMITH_DERIVED_INCREMENTAL_TMG_PLACEHOLDER_NOT_BASELINE; Smith Table 48 sodium chloride input normalized to 1 kg TMG. MASTER_BOUNDARY_NOTE: Smith 2018-derived TMG synthesis with expanded TMAl; upstream 6N_Ga, 4N_Ga, and high-purity gallium production burdens excluded.",technosphere,CN,GLO,40223e49-e3a8-4da6-ac87-3b9068efb227,"market for sodium chloride, powder | sodium chloride, powder | GLO | kg | ecoinvent 3.8"
TMG synthesis,"market group for electricity, low voltage",[REDACTED — ecoinvent-licensed value; reproduce via UUID + selection],kWh,TRUE,2026,"SMITH_DERIVED_INCREMENTAL_TMG_PLACEHOLDER_NOT_BASELINE; Smith Table 48 heating electricity: 230 Wh to maintain 150 deg C for one hour, normalized to 1 kg TMG. MASTER_BOUNDARY_NOTE: Smith 2018-derived TMG synthesis with expanded TMAl; upstream 6N_Ga, 4N_Ga, and high-purity gallium production burdens excluded. ELECTRICITY_GEOGRAPHY_ADJUSTED_TO_CN: exact ecoinvent 3.8 electricity UUID used for topology process location.",technosphere,CN,CN,c7f9c799-4ec6-4b8c-8491-d75d10eaf764,"market group for electricity, low voltage | electricity, low voltage | CN | kWh | ecoinvent 3.8"
TMG synthesis,"market group for electricity, low voltage",[REDACTED — ecoinvent-licensed value; reproduce via UUID + selection],kWh,TRUE,2026,"SMITH_DERIVED_INCREMENTAL_TMG_PLACEHOLDER_NOT_BASELINE; Smith Table 48 vacuum electricity: 50 W for one hour, normalized to 1 kg TMG. MASTER_BOUNDARY_NOTE: Smith 2018-derived TMG synthesis with expanded TMAl; upstream 6N_Ga, 4N_Ga, and high-purity gallium production burdens excluded. ELECTRICITY_GEOGRAPHY_ADJUSTED_TO_CN: exact ecoinvent 3.8 electricity UUID used for topology process location.",technosphere,CN,CN,c7f9c799-4ec6-4b8c-8491-d75d10eaf764,"market group for electricity, low voltage | electricity, low voltage | CN | kWh | ecoinvent 3.8"
TMG synthesis,"treatment of inert waste, inert material landfill",[REDACTED — ecoinvent-licensed value; reproduce via UUID + selection],kg,TRUE,2026,"SMITH_DERIVED_INCREMENTAL_TMG_PLACEHOLDER_NOT_BASELINE; Smith Table 48 NaAl(CH3)Cl3 waste normalized to 1 kg TMG. Selected positive LiAISON waste-treatment input for inert final disposal. MASTER_BOUNDARY_NOTE: Smith 2018-derived TMG synthesis with expanded TMAl; upstream 6N_Ga, 4N_Ga, and high-purity gallium production burdens excluded.",technosphere,CN,RoW,561ca14c-12cb-4e61-91ae-1f53a250eaa8,"treatment of inert waste, inert material landfill | inert waste, for final disposal | RoW | kg | ecoinvent 3.8"
TMG synthesis,TMG,1,kg,FALSE,2026,"Smith-derived TMG synthesis output; topology product; no ecoinvent UUID assigned. MASTER_BOUNDARY_NOTE: Smith 2018-derived TMG synthesis with expanded TMAl; upstream 6N_Ga, 4N_Ga, and high-purity gallium production burdens excluded. TECHNOLOGY_TRANSFER_VARIANT: foreground process quantities are transferred from the source inventory to BLEECAM topology location; background electricity/geography adjusted where available. SOURCE_PROCESS_LOCATION=CN.",production,JP,JP,,FOREGROUND_OUTPUT: TMG topology product; no ecoinvent UUID assigned
TMG synthesis,"market for chlorine, gaseous",[REDACTED — ecoinvent-licensed value; reproduce via UUID + selection],kg,TRUE,2026,"SMITH_DERIVED_INCREMENTAL_TMG_PLACEHOLDER_NOT_BASELINE; Smith Table 49 GaCl3 sub-step expanded to chlorine only; gallium feed excluded as foreground mass balance to avoid high-purity Ga double counting. MASTER_BOUNDARY_NOTE: Smith 2018-derived TMG synthesis with expanded TMAl; upstream 6N_Ga, 4N_Ga, and high-purity gallium production burdens excluded. TECHNOLOGY_TRANSFER_VARIANT: foreground process quantities are transferred from the source inventory to BLEECAM topology location; background electricity/geography adjusted where available. SOURCE_PROCESS_LOCATION=CN.",technosphere,JP,RoW,299a7118-41b9-46f4-87fa-4ad3e68fd7cf,"market for chlorine, gaseous | chlorine, gaseous | RoW | kg | ecoinvent 3.8"
TMG synthesis,"market group for electricity, low voltage",[REDACTED — ecoinvent-licensed value; reproduce via UUID + selection],kWh,TRUE,2026,"SMITH_DERIVED_INCREMENTAL_TMG_PLACEHOLDER_NOT_BASELINE; Smith Table 49 GaCl3 synthesis electricity normalized by 1.576 kg GaCl3/kg TMG. Gallium feed burden excluded. MASTER_BOUNDARY_NOTE: Smith 2018-derived TMG synthesis with expanded TMAl; upstream 6N_Ga, 4N_Ga, and high-purity gallium production burdens excluded. TECHNOLOGY_TRANSFER_VARIANT: foreground process quantities are transferred from the source inventory to BLEECAM topology location; background electricity/geography adjusted where available. SOURCE_PROCESS_LOCATION=CN. ELECTRICITY_GEOGRAPHY_ADJUSTED_TO_JP: exact ecoinvent 3.8 electricity UUID used for topology process location.",technosphere,JP,JP,2057ef24-f4df-478c-b184-f842916c1862,"market for electricity, low voltage | electricity, low voltage | JP | kWh | ecoinvent 3.8"
TMG synthesis,"market for chemical, organic",[REDACTED — ecoinvent-licensed value; reproduce via UUID + selection],kg,TRUE,2026,"SMITH_DERIVED_INCREMENTAL_TMG_PLACEHOLDER_NOT_BASELINE; EXPANDED_TMAL_CANDIDATE_NOT_SMOKETEST_PRIMARY; Smith Table 42 direct TMAl input expansion normalized to the 1.012 kg TMAl/kg TMG requirement. Methyl aluminum sesquichloride and solvent rows remain proxies needing review. Proxy for methyl aluminum sesquichloride. MASTER_BOUNDARY_NOTE: Smith 2018-derived TMG synthesis with expanded TMAl; upstream 6N_Ga, 4N_Ga, and high-purity gallium production burdens excluded. PROXY_NEEDS_REVIEW. TECHNOLOGY_TRANSFER_VARIANT: foreground process quantities are transferred from the source inventory to BLEECAM topology location; background electricity/geography adjusted where available. SOURCE_PROCESS_LOCATION=CN.",technosphere,JP,GLO,f1ee3e27-05d8-4160-ac9a-93c5cbea4409,"market for chemical, organic | chemical, organic | GLO | kg | ecoinvent 3.8"
TMG synthesis,market for sodium,[REDACTED — ecoinvent-licensed value; reproduce via UUID + selection],kg,TRUE,2026,"SMITH_DERIVED_INCREMENTAL_TMG_PLACEHOLDER_NOT_BASELINE; EXPANDED_TMAL_CANDIDATE_NOT_SMOKETEST_PRIMARY; Smith Table 42 direct TMAl input expansion normalized to the 1.012 kg TMAl/kg TMG requirement. Methyl aluminum sesquichloride and solvent rows remain proxies needing review. Source used sodium as proxy for sodium/potassium melt. MASTER_BOUNDARY_NOTE: Smith 2018-derived TMG synthesis with expanded TMAl; upstream 6N_Ga, 4N_Ga, and high-purity gallium production burdens excluded. PROXY_NEEDS_REVIEW. TECHNOLOGY_TRANSFER_VARIANT: foreground process quantities are transferred from the source inventory to BLEECAM topology location; background electricity/geography adjusted where available. SOURCE_PROCESS_LOCATION=CN.",technosphere,JP,GLO,e40dc553-ffac-44d3-ab18-a5036d834b0d,market for sodium | sodium | GLO | kg | ecoinvent 3.8
TMG synthesis,"market for nitrogen, liquid",[REDACTED — ecoinvent-licensed value; reproduce via UUID + selection],kg,TRUE,2026,"SMITH_DERIVED_INCREMENTAL_TMG_PLACEHOLDER_NOT_BASELINE; EXPANDED_TMAL_CANDIDATE_NOT_SMOKETEST_PRIMARY; Smith Table 42 direct TMAl input expansion normalized to the 1.012 kg TMAl/kg TMG requirement. Methyl aluminum sesquichloride and solvent rows remain proxies needing review. Liquid nitrogen input from Smith Table 42. MASTER_BOUNDARY_NOTE: Smith 2018-derived TMG synthesis with expanded TMAl; upstream 6N_Ga, 4N_Ga, and high-purity gallium production burdens excluded. TECHNOLOGY_TRANSFER_VARIANT: foreground process quantities are transferred from the source inventory to BLEECAM topology location; background electricity/geography adjusted where available. SOURCE_PROCESS_LOCATION=CN.",technosphere,JP,RoW,6fa5f2b9-92cd-4d02-b70e-fca3bac5c20e,"market for nitrogen, liquid | nitrogen, liquid | RoW | kg | ecoinvent 3.8"
TMG synthesis,"market for chemical, organic",[REDACTED — ecoinvent-licensed value; reproduce via UUID + selection],kg,TRUE,2026,"SMITH_DERIVED_INCREMENTAL_TMG_PLACEHOLDER_NOT_BASELINE; EXPANDED_TMAL_CANDIDATE_NOT_SMOKETEST_PRIMARY; Smith Table 42 direct TMAl input expansion normalized to the 1.012 kg TMAl/kg TMG requirement. Methyl aluminum sesquichloride and solvent rows remain proxies needing review. Proxy for n-decane/xylene/mineral-oil solvent; no exact white mineral oil match in local index. MASTER_BOUNDARY_NOTE: Smith 2018-derived TMG synthesis with expanded TMAl; upstream 6N_Ga, 4N_Ga, and high-purity gallium production burdens excluded. PROXY_NEEDS_REVIEW. TECHNOLOGY_TRANSFER_VARIANT: foreground process quantities are transferred from the source inventory to BLEECAM topology location; background electricity/geography adjusted where available. SOURCE_PROCESS_LOCATION=CN.",technosphere,JP,GLO,f1ee3e27-05d8-4160-ac9a-93c5cbea4409,"market for chemical, organic | chemical, organic | GLO | kg | ecoinvent 3.8"
TMG synthesis,"market group for electricity, low voltage",[REDACTED — ecoinvent-licensed value; reproduce via UUID + selection],kWh,TRUE,2026,"SMITH_DERIVED_INCREMENTAL_TMG_PLACEHOLDER_NOT_BASELINE; EXPANDED_TMAL_CANDIDATE_NOT_SMOKETEST_PRIMARY; Smith Table 42 direct TMAl input expansion normalized to the 1.012 kg TMAl/kg TMG requirement. Methyl aluminum sesquichloride and solvent rows remain proxies needing review. TMAl heating electricity from Smith Table 42. MASTER_BOUNDARY_NOTE: Smith 2018-derived TMG synthesis with expanded TMAl; upstream 6N_Ga, 4N_Ga, and high-purity gallium production burdens excluded. TECHNOLOGY_TRANSFER_VARIANT: foreground process quantities are transferred from the source inventory to BLEECAM topology location; background electricity/geography adjusted where available. SOURCE_PROCESS_LOCATION=CN. ELECTRICITY_GEOGRAPHY_ADJUSTED_TO_JP: exact ecoinvent 3.8 electricity UUID used for topology process location.",technosphere,JP,JP,2057ef24-f4df-478c-b184-f842916c1862,"market for electricity, low voltage | electricity, low voltage | JP | kWh | ecoinvent 3.8"
TMG synthesis,"market group for electricity, low voltage",[REDACTED — ecoinvent-licensed value; reproduce via UUID + selection],kWh,TRUE,2026,"SMITH_DERIVED_INCREMENTAL_TMG_PLACEHOLDER_NOT_BASELINE; EXPANDED_TMAL_CANDIDATE_NOT_SMOKETEST_PRIMARY; Smith Table 42 direct TMAl input expansion normalized to the 1.012 kg TMAl/kg TMG requirement. Methyl aluminum sesquichloride and solvent rows remain proxies needing review. TMAl stirring electricity from Smith Table 42. MASTER_BOUNDARY_NOTE: Smith 2018-derived TMG synthesis with expanded TMAl; upstream 6N_Ga, 4N_Ga, and high-purity gallium production burdens excluded. TECHNOLOGY_TRANSFER_VARIANT: foreground process quantities are transferred from the source inventory to BLEECAM topology location; background electricity/geography adjusted where available. SOURCE_PROCESS_LOCATION=CN. ELECTRICITY_GEOGRAPHY_ADJUSTED_TO_JP: exact ecoinvent 3.8 electricity UUID used for topology process location.",technosphere,JP,JP,2057ef24-f4df-478c-b184-f842916c1862,"market for electricity, low voltage | electricity, low voltage | JP | kWh | ecoinvent 3.8"
TMG synthesis,"market group for electricity, low voltage",[REDACTED — ecoinvent-licensed value; reproduce via UUID + selection],kWh,TRUE,2026,"SMITH_DERIVED_INCREMENTAL_TMG_PLACEHOLDER_NOT_BASELINE; EXPANDED_TMAL_CANDIDATE_NOT_SMOKETEST_PRIMARY; Smith Table 42 direct TMAl input expansion normalized to the 1.012 kg TMAl/kg TMG requirement. Methyl aluminum sesquichloride and solvent rows remain proxies needing review. TMAl vacuum distillation electricity from Smith Table 42. MASTER_BOUNDARY_NOTE: Smith 2018-derived TMG synthesis with expanded TMAl; upstream 6N_Ga, 4N_Ga, and high-purity gallium production burdens excluded. TECHNOLOGY_TRANSFER_VARIANT: foreground process quantities are transferred from the source inventory to BLEECAM topology location; background electricity/geography adjusted where available. SOURCE_PROCESS_LOCATION=CN. ELECTRICITY_GEOGRAPHY_ADJUSTED_TO_JP: exact ecoinvent 3.8 electricity UUID used for topology process location.",technosphere,JP,JP,2057ef24-f4df-478c-b184-f842916c1862,"market for electricity, low voltage | electricity, low voltage | JP | kWh | ecoinvent 3.8"
TMG synthesis,"treatment of hazardous waste, hazardous waste incineration",[REDACTED — ecoinvent-licensed value; reproduce via UUID + selection],kg,TRUE,2026,"SMITH_DERIVED_INCREMENTAL_TMG_PLACEHOLDER_NOT_BASELINE; EXPANDED_TMAL_CANDIDATE_NOT_SMOKETEST_PRIMARY; Smith Table 42 direct TMAl input expansion normalized to the 1.012 kg TMAl/kg TMG requirement. Methyl aluminum sesquichloride and solvent rows remain proxies needing review. Aggregated Table 42 lost solvent, unreacted methyl aluminum sesquichloride, and sodium chloride wastes. MASTER_BOUNDARY_NOTE: Smith 2018-derived TMG synthesis with expanded TMAl; upstream 6N_Ga, 4N_Ga, and high-purity gallium production burdens excluded. TECHNOLOGY_TRANSFER_VARIANT: foreground process quantities are transferred from the source inventory to BLEECAM topology location; background electricity/geography adjusted where available. SOURCE_PROCESS_LOCATION=CN.",technosphere,JP,RoW,7328447d-bac2-4b49-8f0f-7063ea520a18,"treatment of hazardous waste, hazardous waste incineration | hazardous waste, for incineration | RoW | kg | ecoinvent 3.8"
TMG synthesis,"market for sodium chloride, powder",[REDACTED — ecoinvent-licensed value; reproduce via UUID + selection],kg,TRUE,2026,"SMITH_DERIVED_INCREMENTAL_TMG_PLACEHOLDER_NOT_BASELINE; Smith Table 48 sodium chloride input normalized to 1 kg TMG. MASTER_BOUNDARY_NOTE: Smith 2018-derived TMG synthesis with expanded TMAl; upstream 6N_Ga, 4N_Ga, and high-purity gallium production burdens excluded. TECHNOLOGY_TRANSFER_VARIANT: foreground process quantities are transferred from the source inventory to BLEECAM topology location; background electricity/geography adjusted where available. SOURCE_PROCESS_LOCATION=CN.",technosphere,JP,GLO,40223e49-e3a8-4da6-ac87-3b9068efb227,"market for sodium chloride, powder | sodium chloride, powder | GLO | kg | ecoinvent 3.8"
TMG synthesis,"market group for electricity, low voltage",[REDACTED — ecoinvent-licensed value; reproduce via UUID + selection],kWh,TRUE,2026,"SMITH_DERIVED_INCREMENTAL_TMG_PLACEHOLDER_NOT_BASELINE; Smith Table 48 heating electricity: 230 Wh to maintain 150 deg C for one hour, normalized to 1 kg TMG. MASTER_BOUNDARY_NOTE: Smith 2018-derived TMG synthesis with expanded TMAl; upstream 6N_Ga, 4N_Ga, and high-purity gallium production burdens excluded. TECHNOLOGY_TRANSFER_VARIANT: foreground process quantities are transferred from the source inventory to BLEECAM topology location; background electricity/geography adjusted where available. SOURCE_PROCESS_LOCATION=CN. ELECTRICITY_GEOGRAPHY_ADJUSTED_TO_JP: exact ecoinvent 3.8 electricity UUID used for topology process location.",technosphere,JP,JP,2057ef24-f4df-478c-b184-f842916c1862,"market for electricity, low voltage | electricity, low voltage | JP | kWh | ecoinvent 3.8"
TMG synthesis,"market group for electricity, low voltage",[REDACTED — ecoinvent-licensed value; reproduce via UUID + selection],kWh,TRUE,2026,"SMITH_DERIVED_INCREMENTAL_TMG_PLACEHOLDER_NOT_BASELINE; Smith Table 48 vacuum electricity: 50 W for one hour, normalized to 1 kg TMG. MASTER_BOUNDARY_NOTE: Smith 2018-derived TMG synthesis with expanded TMAl; upstream 6N_Ga, 4N_Ga, and high-purity gallium production burdens excluded. TECHNOLOGY_TRANSFER_VARIANT: foreground process quantities are transferred from the source inventory to BLEECAM topology location; background electricity/geography adjusted where available. SOURCE_PROCESS_LOCATION=CN. ELECTRICITY_GEOGRAPHY_ADJUSTED_TO_JP: exact ecoinvent 3.8 electricity UUID used for topology process location.",technosphere,JP,JP,2057ef24-f4df-478c-b184-f842916c1862,"market for electricity, low voltage | electricity, low voltage | JP | kWh | ecoinvent 3.8"
TMG synthesis,"treatment of inert waste, inert material landfill",[REDACTED — ecoinvent-licensed value; reproduce via UUID + selection],kg,TRUE,2026,"SMITH_DERIVED_INCREMENTAL_TMG_PLACEHOLDER_NOT_BASELINE; Smith Table 48 NaAl(CH3)Cl3 waste normalized to 1 kg TMG. Selected positive LiAISON waste-treatment input for inert final disposal. MASTER_BOUNDARY_NOTE: Smith 2018-derived TMG synthesis with expanded TMAl; upstream 6N_Ga, 4N_Ga, and high-purity gallium production burdens excluded. TECHNOLOGY_TRANSFER_VARIANT: foreground process quantities are transferred from the source inventory to BLEECAM topology location; background electricity/geography adjusted where available. SOURCE_PROCESS_LOCATION=CN.",technosphere,JP,RoW,561ca14c-12cb-4e61-91ae-1f53a250eaa8,"treatment of inert waste, inert material landfill | inert waste, for final disposal | RoW | kg | ecoinvent 3.8"
TMG synthesis,TMG,1,kg,FALSE,2026,"Smith-derived TMG synthesis output; topology product; no ecoinvent UUID assigned. MASTER_BOUNDARY_NOTE: Smith 2018-derived TMG synthesis with expanded TMAl; upstream 6N_Ga, 4N_Ga, and high-purity gallium production burdens excluded. TECHNOLOGY_TRANSFER_VARIANT: foreground process quantities are transferred from the source inventory to BLEECAM topology location; background electricity/geography adjusted where available. SOURCE_PROCESS_LOCATION=CN.",production,KR,KR,,FOREGROUND_OUTPUT: TMG topology product; no ecoinvent UUID assigned
TMG synthesis,"market for chlorine, gaseous",[REDACTED — ecoinvent-licensed value; reproduce via UUID + selection],kg,TRUE,2026,"SMITH_DERIVED_INCREMENTAL_TMG_PLACEHOLDER_NOT_BASELINE; Smith Table 49 GaCl3 sub-step expanded to chlorine only; gallium feed excluded as foreground mass balance to avoid high-purity Ga double counting. MASTER_BOUNDARY_NOTE: Smith 2018-derived TMG synthesis with expanded TMAl; upstream 6N_Ga, 4N_Ga, and high-purity gallium production burdens excluded. TECHNOLOGY_TRANSFER_VARIANT: foreground process quantities are transferred from the source inventory to BLEECAM topology location; background electricity/geography adjusted where available. SOURCE_PROCESS_LOCATION=CN.",technosphere,KR,RoW,299a7118-41b9-46f4-87fa-4ad3e68fd7cf,"market for chlorine, gaseous | chlorine, gaseous | RoW | kg | ecoinvent 3.8"
TMG synthesis,"market group for electricity, low voltage",[REDACTED — ecoinvent-licensed value; reproduce via UUID + selection],kWh,TRUE,2026,"SMITH_DERIVED_INCREMENTAL_TMG_PLACEHOLDER_NOT_BASELINE; Smith Table 49 GaCl3 synthesis electricity normalized by 1.576 kg GaCl3/kg TMG. Gallium feed burden excluded. MASTER_BOUNDARY_NOTE: Smith 2018-derived TMG synthesis with expanded TMAl; upstream 6N_Ga, 4N_Ga, and high-purity gallium production burdens excluded. TECHNOLOGY_TRANSFER_VARIANT: foreground process quantities are transferred from the source inventory to BLEECAM topology location; background electricity/geography adjusted where available. SOURCE_PROCESS_LOCATION=CN. ELECTRICITY_GEOGRAPHY_ADJUSTED_TO_KR: exact ecoinvent 3.8 electricity UUID used for topology process location.",technosphere,KR,KR,51f1ded1-57ab-4e3e-a39b-c331acf6a25e,"market for electricity, low voltage | electricity, low voltage | KR | kWh | ecoinvent 3.8"
TMG synthesis,"market for chemical, organic",[REDACTED — ecoinvent-licensed value; reproduce via UUID + selection],kg,TRUE,2026,"SMITH_DERIVED_INCREMENTAL_TMG_PLACEHOLDER_NOT_BASELINE; EXPANDED_TMAL_CANDIDATE_NOT_SMOKETEST_PRIMARY; Smith Table 42 direct TMAl input expansion normalized to the 1.012 kg TMAl/kg TMG requirement. Methyl aluminum sesquichloride and solvent rows remain proxies needing review. Proxy for methyl aluminum sesquichloride. MASTER_BOUNDARY_NOTE: Smith 2018-derived TMG synthesis with expanded TMAl; upstream 6N_Ga, 4N_Ga, and high-purity gallium production burdens excluded. PROXY_NEEDS_REVIEW. TECHNOLOGY_TRANSFER_VARIANT: foreground process quantities are transferred from the source inventory to BLEECAM topology location; background electricity/geography adjusted where available. SOURCE_PROCESS_LOCATION=CN.",technosphere,KR,GLO,f1ee3e27-05d8-4160-ac9a-93c5cbea4409,"market for chemical, organic | chemical, organic | GLO | kg | ecoinvent 3.8"
TMG synthesis,market for sodium,[REDACTED — ecoinvent-licensed value; reproduce via UUID + selection],kg,TRUE,2026,"SMITH_DERIVED_INCREMENTAL_TMG_PLACEHOLDER_NOT_BASELINE; EXPANDED_TMAL_CANDIDATE_NOT_SMOKETEST_PRIMARY; Smith Table 42 direct TMAl input expansion normalized to the 1.012 kg TMAl/kg TMG requirement. Methyl aluminum sesquichloride and solvent rows remain proxies needing review. Source used sodium as proxy for sodium/potassium melt. MASTER_BOUNDARY_NOTE: Smith 2018-derived TMG synthesis with expanded TMAl; upstream 6N_Ga, 4N_Ga, and high-purity gallium production burdens excluded. PROXY_NEEDS_REVIEW. TECHNOLOGY_TRANSFER_VARIANT: foreground process quantities are transferred from the source inventory to BLEECAM topology location; background electricity/geography adjusted where available. SOURCE_PROCESS_LOCATION=CN.",technosphere,KR,GLO,e40dc553-ffac-44d3-ab18-a5036d834b0d,market for sodium | sodium | GLO | kg | ecoinvent 3.8
TMG synthesis,"market for nitrogen, liquid",[REDACTED — ecoinvent-licensed value; reproduce via UUID + selection],kg,TRUE,2026,"SMITH_DERIVED_INCREMENTAL_TMG_PLACEHOLDER_NOT_BASELINE; EXPANDED_TMAL_CANDIDATE_NOT_SMOKETEST_PRIMARY; Smith Table 42 direct TMAl input expansion normalized to the 1.012 kg TMAl/kg TMG requirement. Methyl aluminum sesquichloride and solvent rows remain proxies needing review. Liquid nitrogen input from Smith Table 42. MASTER_BOUNDARY_NOTE: Smith 2018-derived TMG synthesis with expanded TMAl; upstream 6N_Ga, 4N_Ga, and high-purity gallium production burdens excluded. TECHNOLOGY_TRANSFER_VARIANT: foreground process quantities are transferred from the source inventory to BLEECAM topology location; background electricity/geography adjusted where available. SOURCE_PROCESS_LOCATION=CN.",technosphere,KR,RoW,6fa5f2b9-92cd-4d02-b70e-fca3bac5c20e,"market for nitrogen, liquid | nitrogen, liquid | RoW | kg | ecoinvent 3.8"
TMG synthesis,"market for chemical, organic",[REDACTED — ecoinvent-licensed value; reproduce via UUID + selection],kg,TRUE,2026,"SMITH_DERIVED_INCREMENTAL_TMG_PLACEHOLDER_NOT_BASELINE; EXPANDED_TMAL_CANDIDATE_NOT_SMOKETEST_PRIMARY; Smith Table 42 direct TMAl input expansion normalized to the 1.012 kg TMAl/kg TMG requirement. Methyl aluminum sesquichloride and solvent rows remain proxies needing review. Proxy for n-decane/xylene/mineral-oil solvent; no exact white mineral oil match in local index. MASTER_BOUNDARY_NOTE: Smith 2018-derived TMG synthesis with expanded TMAl; upstream 6N_Ga, 4N_Ga, and high-purity gallium production burdens excluded. PROXY_NEEDS_REVIEW. TECHNOLOGY_TRANSFER_VARIANT: foreground process quantities are transferred from the source inventory to BLEECAM topology location; background electricity/geography adjusted where available. SOURCE_PROCESS_LOCATION=CN.",technosphere,KR,GLO,f1ee3e27-05d8-4160-ac9a-93c5cbea4409,"market for chemical, organic | chemical, organic | GLO | kg | ecoinvent 3.8"
TMG synthesis,"market group for electricity, low voltage",[REDACTED — ecoinvent-licensed value; reproduce via UUID + selection],kWh,TRUE,2026,"SMITH_DERIVED_INCREMENTAL_TMG_PLACEHOLDER_NOT_BASELINE; EXPANDED_TMAL_CANDIDATE_NOT_SMOKETEST_PRIMARY; Smith Table 42 direct TMAl input expansion normalized to the 1.012 kg TMAl/kg TMG requirement. Methyl aluminum sesquichloride and solvent rows remain proxies needing review. TMAl heating electricity from Smith Table 42. MASTER_BOUNDARY_NOTE: Smith 2018-derived TMG synthesis with expanded TMAl; upstream 6N_Ga, 4N_Ga, and high-purity gallium production burdens excluded. TECHNOLOGY_TRANSFER_VARIANT: foreground process quantities are transferred from the source inventory to BLEECAM topology location; background electricity/geography adjusted where available. SOURCE_PROCESS_LOCATION=CN. ELECTRICITY_GEOGRAPHY_ADJUSTED_TO_KR: exact ecoinvent 3.8 electricity UUID used for topology process location.",technosphere,KR,KR,51f1ded1-57ab-4e3e-a39b-c331acf6a25e,"market for electricity, low voltage | electricity, low voltage | KR | kWh | ecoinvent 3.8"
TMG synthesis,"market group for electricity, low voltage",[REDACTED — ecoinvent-licensed value; reproduce via UUID + selection],kWh,TRUE,2026,"SMITH_DERIVED_INCREMENTAL_TMG_PLACEHOLDER_NOT_BASELINE; EXPANDED_TMAL_CANDIDATE_NOT_SMOKETEST_PRIMARY; Smith Table 42 direct TMAl input expansion normalized to the 1.012 kg TMAl/kg TMG requirement. Methyl aluminum sesquichloride and solvent rows remain proxies needing review. TMAl stirring electricity from Smith Table 42. MASTER_BOUNDARY_NOTE: Smith 2018-derived TMG synthesis with expanded TMAl; upstream 6N_Ga, 4N_Ga, and high-purity gallium production burdens excluded. TECHNOLOGY_TRANSFER_VARIANT: foreground process quantities are transferred from the source inventory to BLEECAM topology location; background electricity/geography adjusted where available. SOURCE_PROCESS_LOCATION=CN. ELECTRICITY_GEOGRAPHY_ADJUSTED_TO_KR: exact ecoinvent 3.8 electricity UUID used for topology process location.",technosphere,KR,KR,51f1ded1-57ab-4e3e-a39b-c331acf6a25e,"market for electricity, low voltage | electricity, low voltage | KR | kWh | ecoinvent 3.8"
TMG synthesis,"market group for electricity, low voltage",[REDACTED — ecoinvent-licensed value; reproduce via UUID + selection],kWh,TRUE,2026,"SMITH_DERIVED_INCREMENTAL_TMG_PLACEHOLDER_NOT_BASELINE; EXPANDED_TMAL_CANDIDATE_NOT_SMOKETEST_PRIMARY; Smith Table 42 direct TMAl input expansion normalized to the 1.012 kg TMAl/kg TMG requirement. Methyl aluminum sesquichloride and solvent rows remain proxies needing review. TMAl vacuum distillation electricity from Smith Table 42. MASTER_BOUNDARY_NOTE: Smith 2018-derived TMG synthesis with expanded TMAl; upstream 6N_Ga, 4N_Ga, and high-purity gallium production burdens excluded. TECHNOLOGY_TRANSFER_VARIANT: foreground process quantities are transferred from the source inventory to BLEECAM topology location; background electricity/geography adjusted where available. SOURCE_PROCESS_LOCATION=CN. ELECTRICITY_GEOGRAPHY_ADJUSTED_TO_KR: exact ecoinvent 3.8 electricity UUID used for topology process location.",technosphere,KR,KR,51f1ded1-57ab-4e3e-a39b-c331acf6a25e,"market for electricity, low voltage | electricity, low voltage | KR | kWh | ecoinvent 3.8"
TMG synthesis,"treatment of hazardous waste, hazardous waste incineration",[REDACTED — ecoinvent-licensed value; reproduce via UUID + selection],kg,TRUE,2026,"SMITH_DERIVED_INCREMENTAL_TMG_PLACEHOLDER_NOT_BASELINE; EXPANDED_TMAL_CANDIDATE_NOT_SMOKETEST_PRIMARY; Smith Table 42 direct TMAl input expansion normalized to the 1.012 kg TMAl/kg TMG requirement. Methyl aluminum sesquichloride and solvent rows remain proxies needing review. Aggregated Table 42 lost solvent, unreacted methyl aluminum sesquichloride, and sodium chloride wastes. MASTER_BOUNDARY_NOTE: Smith 2018-derived TMG synthesis with expanded TMAl; upstream 6N_Ga, 4N_Ga, and high-purity gallium production burdens excluded. TECHNOLOGY_TRANSFER_VARIANT: foreground process quantities are transferred from the source inventory to BLEECAM topology location; background electricity/geography adjusted where available. SOURCE_PROCESS_LOCATION=CN.",technosphere,KR,RoW,7328447d-bac2-4b49-8f0f-7063ea520a18,"treatment of hazardous waste, hazardous waste incineration | hazardous waste, for incineration | RoW | kg | ecoinvent 3.8"
TMG synthesis,"market for sodium chloride, powder",[REDACTED — ecoinvent-licensed value; reproduce via UUID + selection],kg,TRUE,2026,"SMITH_DERIVED_INCREMENTAL_TMG_PLACEHOLDER_NOT_BASELINE; Smith Table 48 sodium chloride input normalized to 1 kg TMG. MASTER_BOUNDARY_NOTE: Smith 2018-derived TMG synthesis with expanded TMAl; upstream 6N_Ga, 4N_Ga, and high-purity gallium production burdens excluded. TECHNOLOGY_TRANSFER_VARIANT: foreground process quantities are transferred from the source inventory to BLEECAM topology location; background electricity/geography adjusted where available. SOURCE_PROCESS_LOCATION=CN.",technosphere,KR,GLO,40223e49-e3a8-4da6-ac87-3b9068efb227,"market for sodium chloride, powder | sodium chloride, powder | GLO | kg | ecoinvent 3.8"
TMG synthesis,"market group for electricity, low voltage",[REDACTED — ecoinvent-licensed value; reproduce via UUID + selection],kWh,TRUE,2026,"SMITH_DERIVED_INCREMENTAL_TMG_PLACEHOLDER_NOT_BASELINE; Smith Table 48 heating electricity: 230 Wh to maintain 150 deg C for one hour, normalized to 1 kg TMG. MASTER_BOUNDARY_NOTE: Smith 2018-derived TMG synthesis with expanded TMAl; upstream 6N_Ga, 4N_Ga, and high-purity gallium production burdens excluded. TECHNOLOGY_TRANSFER_VARIANT: foreground process quantities are transferred from the source inventory to BLEECAM topology location; background electricity/geography adjusted where available. SOURCE_PROCESS_LOCATION=CN. ELECTRICITY_GEOGRAPHY_ADJUSTED_TO_KR: exact ecoinvent 3.8 electricity UUID used for topology process location.",technosphere,KR,KR,51f1ded1-57ab-4e3e-a39b-c331acf6a25e,"market for electricity, low voltage | electricity, low voltage | KR | kWh | ecoinvent 3.8"
TMG synthesis,"market group for electricity, low voltage",[REDACTED — ecoinvent-licensed value; reproduce via UUID + selection],kWh,TRUE,2026,"SMITH_DERIVED_INCREMENTAL_TMG_PLACEHOLDER_NOT_BASELINE; Smith Table 48 vacuum electricity: 50 W for one hour, normalized to 1 kg TMG. MASTER_BOUNDARY_NOTE: Smith 2018-derived TMG synthesis with expanded TMAl; upstream 6N_Ga, 4N_Ga, and high-purity gallium production burdens excluded. TECHNOLOGY_TRANSFER_VARIANT: foreground process quantities are transferred from the source inventory to BLEECAM topology location; background electricity/geography adjusted where available. SOURCE_PROCESS_LOCATION=CN. ELECTRICITY_GEOGRAPHY_ADJUSTED_TO_KR: exact ecoinvent 3.8 electricity UUID used for topology process location.",technosphere,KR,KR,51f1ded1-57ab-4e3e-a39b-c331acf6a25e,"market for electricity, low voltage | electricity, low voltage | KR | kWh | ecoinvent 3.8"
TMG synthesis,"treatment of inert waste, inert material landfill",[REDACTED — ecoinvent-licensed value; reproduce via UUID + selection],kg,TRUE,2026,"SMITH_DERIVED_INCREMENTAL_TMG_PLACEHOLDER_NOT_BASELINE; Smith Table 48 NaAl(CH3)Cl3 waste normalized to 1 kg TMG. Selected positive LiAISON waste-treatment input for inert final disposal. MASTER_BOUNDARY_NOTE: Smith 2018-derived TMG synthesis with expanded TMAl; upstream 6N_Ga, 4N_Ga, and high-purity gallium production burdens excluded. TECHNOLOGY_TRANSFER_VARIANT: foreground process quantities are transferred from the source inventory to BLEECAM topology location; background electricity/geography adjusted where available. SOURCE_PROCESS_LOCATION=CN.",technosphere,KR,RoW,561ca14c-12cb-4e61-91ae-1f53a250eaa8,"treatment of inert waste, inert material landfill | inert waste, for final disposal | RoW | kg | ecoinvent 3.8"
TMG synthesis,TMG,1,kg,FALSE,2026,"Smith-derived TMG synthesis output; topology product; no ecoinvent UUID assigned. MASTER_BOUNDARY_NOTE: Smith 2018-derived TMG synthesis with expanded TMAl; upstream 6N_Ga, 4N_Ga, and high-purity gallium production burdens excluded. TECHNOLOGY_TRANSFER_VARIANT: foreground process quantities are transferred from the source inventory to BLEECAM topology location; background electricity/geography adjusted where available. SOURCE_PROCESS_LOCATION=CN.",production,US,US,,FOREGROUND_OUTPUT: TMG topology product; no ecoinvent UUID assigned
TMG synthesis,"market for chlorine, gaseous",[REDACTED — ecoinvent-licensed value; reproduce via UUID + selection],kg,TRUE,2026,"SMITH_DERIVED_INCREMENTAL_TMG_PLACEHOLDER_NOT_BASELINE; Smith Table 49 GaCl3 sub-step expanded to chlorine only; gallium feed excluded as foreground mass balance to avoid high-purity Ga double counting. MASTER_BOUNDARY_NOTE: Smith 2018-derived TMG synthesis with expanded TMAl; upstream 6N_Ga, 4N_Ga, and high-purity gallium production burdens excluded. TECHNOLOGY_TRANSFER_VARIANT: foreground process quantities are transferred from the source inventory to BLEECAM topology location; background electricity/geography adjusted where available. SOURCE_PROCESS_LOCATION=CN.",technosphere,US,RoW,299a7118-41b9-46f4-87fa-4ad3e68fd7cf,"market for chlorine, gaseous | chlorine, gaseous | RoW | kg | ecoinvent 3.8"
TMG synthesis,"market group for electricity, low voltage",[REDACTED — ecoinvent-licensed value; reproduce via UUID + selection],kWh,TRUE,2026,"SMITH_DERIVED_INCREMENTAL_TMG_PLACEHOLDER_NOT_BASELINE; Smith Table 49 GaCl3 synthesis electricity normalized by 1.576 kg GaCl3/kg TMG. Gallium feed burden excluded. MASTER_BOUNDARY_NOTE: Smith 2018-derived TMG synthesis with expanded TMAl; upstream 6N_Ga, 4N_Ga, and high-purity gallium production burdens excluded. TECHNOLOGY_TRANSFER_VARIANT: foreground process quantities are transferred from the source inventory to BLEECAM topology location; background electricity/geography adjusted where available. SOURCE_PROCESS_LOCATION=CN. ELECTRICITY_GEOGRAPHY_ADJUSTED_TO_US: exact ecoinvent 3.8 electricity UUID used for topology process location.",technosphere,US,US,92929387-dbce-49f7-93ee-650997ff0d05,"market group for electricity, low voltage | electricity, low voltage | US | kWh | ecoinvent 3.8"
TMG synthesis,"market for chemical, organic",[REDACTED — ecoinvent-licensed value; reproduce via UUID + selection],kg,TRUE,2026,"SMITH_DERIVED_INCREMENTAL_TMG_PLACEHOLDER_NOT_BASELINE; EXPANDED_TMAL_CANDIDATE_NOT_SMOKETEST_PRIMARY; Smith Table 42 direct TMAl input expansion normalized to the 1.012 kg TMAl/kg TMG requirement. Methyl aluminum sesquichloride and solvent rows remain proxies needing review. Proxy for methyl aluminum sesquichloride. MASTER_BOUNDARY_NOTE: Smith 2018-derived TMG synthesis with expanded TMAl; upstream 6N_Ga, 4N_Ga, and high-purity gallium production burdens excluded. PROXY_NEEDS_REVIEW. TECHNOLOGY_TRANSFER_VARIANT: foreground process quantities are transferred from the source inventory to BLEECAM topology location; background electricity/geography adjusted where available. SOURCE_PROCESS_LOCATION=CN.",technosphere,US,GLO,f1ee3e27-05d8-4160-ac9a-93c5cbea4409,"market for chemical, organic | chemical, organic | GLO | kg | ecoinvent 3.8"
TMG synthesis,market for sodium,[REDACTED — ecoinvent-licensed value; reproduce via UUID + selection],kg,TRUE,2026,"SMITH_DERIVED_INCREMENTAL_TMG_PLACEHOLDER_NOT_BASELINE; EXPANDED_TMAL_CANDIDATE_NOT_SMOKETEST_PRIMARY; Smith Table 42 direct TMAl input expansion normalized to the 1.012 kg TMAl/kg TMG requirement. Methyl aluminum sesquichloride and solvent rows remain proxies needing review. Source used sodium as proxy for sodium/potassium melt. MASTER_BOUNDARY_NOTE: Smith 2018-derived TMG synthesis with expanded TMAl; upstream 6N_Ga, 4N_Ga, and high-purity gallium production burdens excluded. PROXY_NEEDS_REVIEW. TECHNOLOGY_TRANSFER_VARIANT: foreground process quantities are transferred from the source inventory to BLEECAM topology location; background electricity/geography adjusted where available. SOURCE_PROCESS_LOCATION=CN.",technosphere,US,GLO,e40dc553-ffac-44d3-ab18-a5036d834b0d,market for sodium | sodium | GLO | kg | ecoinvent 3.8
TMG synthesis,"market for nitrogen, liquid",[REDACTED — ecoinvent-licensed value; reproduce via UUID + selection],kg,TRUE,2026,"SMITH_DERIVED_INCREMENTAL_TMG_PLACEHOLDER_NOT_BASELINE; EXPANDED_TMAL_CANDIDATE_NOT_SMOKETEST_PRIMARY; Smith Table 42 direct TMAl input expansion normalized to the 1.012 kg TMAl/kg TMG requirement. Methyl aluminum sesquichloride and solvent rows remain proxies needing review. Liquid nitrogen input from Smith Table 42. MASTER_BOUNDARY_NOTE: Smith 2018-derived TMG synthesis with expanded TMAl; upstream 6N_Ga, 4N_Ga, and high-purity gallium production burdens excluded. TECHNOLOGY_TRANSFER_VARIANT: foreground process quantities are transferred from the source inventory to BLEECAM topology location; background electricity/geography adjusted where available. SOURCE_PROCESS_LOCATION=CN.",technosphere,US,RoW,6fa5f2b9-92cd-4d02-b70e-fca3bac5c20e,"market for nitrogen, liquid | nitrogen, liquid | RoW | kg | ecoinvent 3.8"
TMG synthesis,"market for chemical, organic",[REDACTED — ecoinvent-licensed value; reproduce via UUID + selection],kg,TRUE,2026,"SMITH_DERIVED_INCREMENTAL_TMG_PLACEHOLDER_NOT_BASELINE; EXPANDED_TMAL_CANDIDATE_NOT_SMOKETEST_PRIMARY; Smith Table 42 direct TMAl input expansion normalized to the 1.012 kg TMAl/kg TMG requirement. Methyl aluminum sesquichloride and solvent rows remain proxies needing review. Proxy for n-decane/xylene/mineral-oil solvent; no exact white mineral oil match in local index. MASTER_BOUNDARY_NOTE: Smith 2018-derived TMG synthesis with expanded TMAl; upstream 6N_Ga, 4N_Ga, and high-purity gallium production burdens excluded. PROXY_NEEDS_REVIEW. TECHNOLOGY_TRANSFER_VARIANT: foreground process quantities are transferred from the source inventory to BLEECAM topology location; background electricity/geography adjusted where available. SOURCE_PROCESS_LOCATION=CN.",technosphere,US,GLO,f1ee3e27-05d8-4160-ac9a-93c5cbea4409,"market for chemical, organic | chemical, organic | GLO | kg | ecoinvent 3.8"
TMG synthesis,"market group for electricity, low voltage",[REDACTED — ecoinvent-licensed value; reproduce via UUID + selection],kWh,TRUE,2026,"SMITH_DERIVED_INCREMENTAL_TMG_PLACEHOLDER_NOT_BASELINE; EXPANDED_TMAL_CANDIDATE_NOT_SMOKETEST_PRIMARY; Smith Table 42 direct TMAl input expansion normalized to the 1.012 kg TMAl/kg TMG requirement. Methyl aluminum sesquichloride and solvent rows remain proxies needing review. TMAl heating electricity from Smith Table 42. MASTER_BOUNDARY_NOTE: Smith 2018-derived TMG synthesis with expanded TMAl; upstream 6N_Ga, 4N_Ga, and high-purity gallium production burdens excluded. TECHNOLOGY_TRANSFER_VARIANT: foreground process quantities are transferred from the source inventory to BLEECAM topology location; background electricity/geography adjusted where available. SOURCE_PROCESS_LOCATION=CN. ELECTRICITY_GEOGRAPHY_ADJUSTED_TO_US: exact ecoinvent 3.8 electricity UUID used for topology process location.",technosphere,US,US,92929387-dbce-49f7-93ee-650997ff0d05,"market group for electricity, low voltage | electricity, low voltage | US | kWh | ecoinvent 3.8"
TMG synthesis,"market group for electricity, low voltage",[REDACTED — ecoinvent-licensed value; reproduce via UUID + selection],kWh,TRUE,2026,"SMITH_DERIVED_INCREMENTAL_TMG_PLACEHOLDER_NOT_BASELINE; EXPANDED_TMAL_CANDIDATE_NOT_SMOKETEST_PRIMARY; Smith Table 42 direct TMAl input expansion normalized to the 1.012 kg TMAl/kg TMG requirement. Methyl aluminum sesquichloride and solvent rows remain proxies needing review. TMAl stirring electricity from Smith Table 42. MASTER_BOUNDARY_NOTE: Smith 2018-derived TMG synthesis with expanded TMAl; upstream 6N_Ga, 4N_Ga, and high-purity gallium production burdens excluded. TECHNOLOGY_TRANSFER_VARIANT: foreground process quantities are transferred from the source inventory to BLEECAM topology location; background electricity/geography adjusted where available. SOURCE_PROCESS_LOCATION=CN. ELECTRICITY_GEOGRAPHY_ADJUSTED_TO_US: exact ecoinvent 3.8 electricity UUID used for topology process location.",technosphere,US,US,92929387-dbce-49f7-93ee-650997ff0d05,"market group for electricity, low voltage | electricity, low voltage | US | kWh | ecoinvent 3.8"
TMG synthesis,"market group for electricity, low voltage",[REDACTED — ecoinvent-licensed value; reproduce via UUID + selection],kWh,TRUE,2026,"SMITH_DERIVED_INCREMENTAL_TMG_PLACEHOLDER_NOT_BASELINE; EXPANDED_TMAL_CANDIDATE_NOT_SMOKETEST_PRIMARY; Smith Table 42 direct TMAl input expansion normalized to the 1.012 kg TMAl/kg TMG requirement. Methyl aluminum sesquichloride and solvent rows remain proxies needing review. TMAl vacuum distillation electricity from Smith Table 42. MASTER_BOUNDARY_NOTE: Smith 2018-derived TMG synthesis with expanded TMAl; upstream 6N_Ga, 4N_Ga, and high-purity gallium production burdens excluded. TECHNOLOGY_TRANSFER_VARIANT: foreground process quantities are transferred from the source inventory to BLEECAM topology location; background electricity/geography adjusted where available. SOURCE_PROCESS_LOCATION=CN. ELECTRICITY_GEOGRAPHY_ADJUSTED_TO_US: exact ecoinvent 3.8 electricity UUID used for topology process location.",technosphere,US,US,92929387-dbce-49f7-93ee-650997ff0d05,"market group for electricity, low voltage | electricity, low voltage | US | kWh | ecoinvent 3.8"
TMG synthesis,"treatment of hazardous waste, hazardous waste incineration",[REDACTED — ecoinvent-licensed value; reproduce via UUID + selection],kg,TRUE,2026,"SMITH_DERIVED_INCREMENTAL_TMG_PLACEHOLDER_NOT_BASELINE; EXPANDED_TMAL_CANDIDATE_NOT_SMOKETEST_PRIMARY; Smith Table 42 direct TMAl input expansion normalized to the 1.012 kg TMAl/kg TMG requirement. Methyl aluminum sesquichloride and solvent rows remain proxies needing review. Aggregated Table 42 lost solvent, unreacted methyl aluminum sesquichloride, and sodium chloride wastes. MASTER_BOUNDARY_NOTE: Smith 2018-derived TMG synthesis with expanded TMAl; upstream 6N_Ga, 4N_Ga, and high-purity gallium production burdens excluded. TECHNOLOGY_TRANSFER_VARIANT: foreground process quantities are transferred from the source inventory to BLEECAM topology location; background electricity/geography adjusted where available. SOURCE_PROCESS_LOCATION=CN.",technosphere,US,RoW,7328447d-bac2-4b49-8f0f-7063ea520a18,"treatment of hazardous waste, hazardous waste incineration | hazardous waste, for incineration | RoW | kg | ecoinvent 3.8"
TMG synthesis,"market for sodium chloride, powder",[REDACTED — ecoinvent-licensed value; reproduce via UUID + selection],kg,TRUE,2026,"SMITH_DERIVED_INCREMENTAL_TMG_PLACEHOLDER_NOT_BASELINE; Smith Table 48 sodium chloride input normalized to 1 kg TMG. MASTER_BOUNDARY_NOTE: Smith 2018-derived TMG synthesis with expanded TMAl; upstream 6N_Ga, 4N_Ga, and high-purity gallium production burdens excluded. TECHNOLOGY_TRANSFER_VARIANT: foreground process quantities are transferred from the source inventory to BLEECAM topology location; background electricity/geography adjusted where available. SOURCE_PROCESS_LOCATION=CN.",technosphere,US,GLO,40223e49-e3a8-4da6-ac87-3b9068efb227,"market for sodium chloride, powder | sodium chloride, powder | GLO | kg | ecoinvent 3.8"
TMG synthesis,"market group for electricity, low voltage",[REDACTED — ecoinvent-licensed value; reproduce via UUID + selection],kWh,TRUE,2026,"SMITH_DERIVED_INCREMENTAL_TMG_PLACEHOLDER_NOT_BASELINE; Smith Table 48 heating electricity: 230 Wh to maintain 150 deg C for one hour, normalized to 1 kg TMG. MASTER_BOUNDARY_NOTE: Smith 2018-derived TMG synthesis with expanded TMAl; upstream 6N_Ga, 4N_Ga, and high-purity gallium production burdens excluded. TECHNOLOGY_TRANSFER_VARIANT: foreground process quantities are transferred from the source inventory to BLEECAM topology location; background electricity/geography adjusted where available. SOURCE_PROCESS_LOCATION=CN. ELECTRICITY_GEOGRAPHY_ADJUSTED_TO_US: exact ecoinvent 3.8 electricity UUID used for topology process location.",technosphere,US,US,92929387-dbce-49f7-93ee-650997ff0d05,"market group for electricity, low voltage | electricity, low voltage | US | kWh | ecoinvent 3.8"
TMG synthesis,"market group for electricity, low voltage",[REDACTED — ecoinvent-licensed value; reproduce via UUID + selection],kWh,TRUE,2026,"SMITH_DERIVED_INCREMENTAL_TMG_PLACEHOLDER_NOT_BASELINE; Smith Table 48 vacuum electricity: 50 W for one hour, normalized to 1 kg TMG. MASTER_BOUNDARY_NOTE: Smith 2018-derived TMG synthesis with expanded TMAl; upstream 6N_Ga, 4N_Ga, and high-purity gallium production burdens excluded. TECHNOLOGY_TRANSFER_VARIANT: foreground process quantities are transferred from the source inventory to BLEECAM topology location; background electricity/geography adjusted where available. SOURCE_PROCESS_LOCATION=CN. ELECTRICITY_GEOGRAPHY_ADJUSTED_TO_US: exact ecoinvent 3.8 electricity UUID used for topology process location.",technosphere,US,US,92929387-dbce-49f7-93ee-650997ff0d05,"market group for electricity, low voltage | electricity, low voltage | US | kWh | ecoinvent 3.8"
TMG synthesis,"treatment of inert waste, inert material landfill",[REDACTED — ecoinvent-licensed value; reproduce via UUID + selection],kg,TRUE,2026,"SMITH_DERIVED_INCREMENTAL_TMG_PLACEHOLDER_NOT_BASELINE; Smith Table 48 NaAl(CH3)Cl3 waste normalized to 1 kg TMG. Selected positive LiAISON waste-treatment input for inert final disposal. MASTER_BOUNDARY_NOTE: Smith 2018-derived TMG synthesis with expanded TMAl; upstream 6N_Ga, 4N_Ga, and high-purity gallium production burdens excluded. TECHNOLOGY_TRANSFER_VARIANT: foreground process quantities are transferred from the source inventory to BLEECAM topology location; background electricity/geography adjusted where available. SOURCE_PROCESS_LOCATION=CN.",technosphere,US,RoW,561ca14c-12cb-4e61-91ae-1f53a250eaa8,"treatment of inert waste, inert material landfill | inert waste, for final disposal | RoW | kg | ecoinvent 3.8"
Wafer manufacturing,GaAs_wafer,1,kg,FALSE,2026,"SMITH_2018_DERIVED_GAAS_WAFER_CANDIDATE_NOT_BASELINE; Smith-derived candidate GaAs wafer manufacturing output; topology product; functional unit is 1 kg GaAs_wafer. The U.S. import-weighted GaAs wafer technology mix is not publicly documented. Public trade data identify country of origin and quantity/value under HTS 3818.00.00.10, while public supplier data show that commercial GaAs wafers are produced mainly using VGF and LEC crystal-growth routes with varying diameter, thickness, conductivity type, dopant, and surface finish. Therefore, Smith 2018 is used as a representative process benchmark rather than an import-weighted technology-average LCI. MASTER_BOUNDARY_NOTE: Smith 2018 GaAs wafer benchmark; upstream 6N_Ga burden excluded; internal gallium reclaim retained; external GaAs scrap recovery not activated in baseline.",production,CN,CN,,FOREGROUND_OUTPUT: GaAs_wafer; no ecoinvent UUID assigned
Wafer manufacturing,market for boron carbide,[REDACTED — ecoinvent-licensed value; reproduce via UUID + selection],kg,TRUE,2026,SMITH_2018_DERIVED_GAAS_WAFER_CANDIDATE_NOT_BASELINE; Smith Table 58 pBN crucible; normalized via recursive wafer process model and converted to 1 kg GaAs_wafer. pBN crucible input for polycrystalline boule; Smith mapped pBN crucible to boron carbide. Smith maps pBN crucible to boron carbide; proxy retained. PROXY_NEEDS_REVIEW.,technosphere,CN,GLO,4821932f-324d-47a2-a205-54e43d563cc4,market for boron carbide | boron carbide | GLO | kg | ecoinvent 3.8
Wafer manufacturing,"market group for electricity, low voltage",[REDACTED — ecoinvent-licensed value; reproduce via UUID + selection],kWh,TRUE,2026,SMITH_2018_DERIVED_GAAS_WAFER_CANDIDATE_NOT_BASELINE; Smith Table 58 Electricity; normalized via recursive wafer process model and converted to 1 kg GaAs_wafer. Polycrystalline boule furnace electricity. Country-specific ecoinvent 3.8 low-voltage electricity for CN. ELECTRICITY_GEOGRAPHY_ADJUSTED_TO_CN: exact ecoinvent 3.8 electricity UUID used for topology process location.,technosphere,CN,CN,c7f9c799-4ec6-4b8c-8491-d75d10eaf764,"market group for electricity, low voltage | electricity, low voltage | CN | kWh | ecoinvent 3.8"
Wafer manufacturing,"treatment of hazardous waste, underground deposit",[REDACTED — ecoinvent-licensed value; reproduce via UUID + selection],kg,TRUE,2026,SMITH_2018_DERIVED_GAAS_WAFER_CANDIDATE_NOT_BASELINE; Smith Table 58 pBN crucible waste; normalized via recursive wafer process model and converted to 1 kg GaAs_wafer. Physical pBN crucible waste from polycrystalline boule is positive in source; LiAISON row is negative for treatment burden. Waste treatment row uses negative value in LiAISON because the ecoinvent waste-treatment reference product is negative.,technosphere,CN,RoW,6b792a3a-a425-4d15-9d3d-34f942131a26,"treatment of hazardous waste, underground deposit | hazardous waste, for underground deposit | RoW | kg | ecoinvent 3.8"
Wafer manufacturing,"market group for electricity, low voltage",[REDACTED — ecoinvent-licensed value; reproduce via UUID + selection],kWh,TRUE,2026,SMITH_2018_DERIVED_GAAS_WAFER_CANDIDATE_NOT_BASELINE; Smith Table 59 Electricity; normalized via recursive wafer process model and converted to 1 kg GaAs_wafer. 6N_Ga to 7N gallium purification electricity included as incremental wafer-manufacturing burden; 6N_Ga material burden excluded. Country-specific ecoinvent 3.8 low-voltage electricity for CN. ELECTRICITY_GEOGRAPHY_ADJUSTED_TO_CN: exact ecoinvent 3.8 electricity UUID used for topology process location.,technosphere,CN,CN,c7f9c799-4ec6-4b8c-8491-d75d10eaf764,"market group for electricity, low voltage | electricity, low voltage | CN | kWh | ecoinvent 3.8"
Wafer manufacturing,"market for hydrogen, liquid",[REDACTED — ecoinvent-licensed value; reproduce via UUID + selection],kg,TRUE,2026,SMITH_2018_DERIVED_GAAS_WAFER_CANDIDATE_NOT_BASELINE; Smith Table 60 Hydrogen; normalized via recursive wafer process model and converted to 1 kg GaAs_wafer. 7N arsenic preparation hydrogen input. Smith Table 60 and Table 64 hydrogen input.,technosphere,CN,RoW,e532b3ce-f9b0-4c78-9162-d1741538c4d8,"market for hydrogen, liquid | hydrogen, liquid | RoW | kg | ecoinvent 3.8"
Wafer manufacturing,"market for argon, liquid",[REDACTED — ecoinvent-licensed value; reproduce via UUID + selection],kg,TRUE,2026,SMITH_2018_DERIVED_GAAS_WAFER_CANDIDATE_NOT_BASELINE; Smith Table 60 Argon; normalized via recursive wafer process model and converted to 1 kg GaAs_wafer. 7N arsenic preparation argon input. Smith cites GLO argon; local ecoinvent 3.8 match uses RoW liquid argon.,technosphere,CN,RoW,3cecca5b-1111-40d1-8013-2b57d85bfaf8,"market for argon, liquid | argon, liquid | RoW | kg | ecoinvent 3.8"
Wafer manufacturing,"market group for electricity, low voltage",[REDACTED — ecoinvent-licensed value; reproduce via UUID + selection],kWh,TRUE,2026,SMITH_2018_DERIVED_GAAS_WAFER_CANDIDATE_NOT_BASELINE; Smith Table 60 Electricity; normalized via recursive wafer process model and converted to 1 kg GaAs_wafer. 7N arsenic preparation electricity. Country-specific ecoinvent 3.8 low-voltage electricity for CN. ELECTRICITY_GEOGRAPHY_ADJUSTED_TO_CN: exact ecoinvent 3.8 electricity UUID used for topology process location.,technosphere,CN,CN,c7f9c799-4ec6-4b8c-8491-d75d10eaf764,"market group for electricity, low voltage | electricity, low voltage | CN | kWh | ecoinvent 3.8"
Wafer manufacturing,market for boric oxide,[REDACTED — ecoinvent-licensed value; reproduce via UUID + selection],kg,TRUE,2026,SMITH_2018_DERIVED_GAAS_WAFER_CANDIDATE_NOT_BASELINE; Smith Table 61 Boron oxide; normalized via recursive wafer process model and converted to 1 kg GaAs_wafer. Single-crystal boule boron oxide input. Smith Table 61 boron oxide input mapped to ecoinvent boric oxide.,technosphere,CN,GLO,9ebf1145-cbfa-4b48-b1cb-0677582600dd,market for boric oxide | boric oxide | GLO | kg | ecoinvent 3.8
Wafer manufacturing,market for boron carbide,[REDACTED — ecoinvent-licensed value; reproduce via UUID + selection],kg,TRUE,2026,SMITH_2018_DERIVED_GAAS_WAFER_CANDIDATE_NOT_BASELINE; Smith Table 61 pBN crucible; normalized via recursive wafer process model and converted to 1 kg GaAs_wafer. Single-crystal boule pBN crucible input. Smith maps pBN crucible to boron carbide; proxy retained. PROXY_NEEDS_REVIEW.,technosphere,CN,GLO,4821932f-324d-47a2-a205-54e43d563cc4,market for boron carbide | boron carbide | GLO | kg | ecoinvent 3.8
Wafer manufacturing,"market group for electricity, low voltage",[REDACTED — ecoinvent-licensed value; reproduce via UUID + selection],kWh,TRUE,2026,SMITH_2018_DERIVED_GAAS_WAFER_CANDIDATE_NOT_BASELINE; Smith Table 61 Electricity; normalized via recursive wafer process model and converted to 1 kg GaAs_wafer. Single-crystal GaAs boule furnace electricity. Country-specific ecoinvent 3.8 low-voltage electricity for CN. ELECTRICITY_GEOGRAPHY_ADJUSTED_TO_CN: exact ecoinvent 3.8 electricity UUID used for topology process location.,technosphere,CN,CN,c7f9c799-4ec6-4b8c-8491-d75d10eaf764,"market group for electricity, low voltage | electricity, low voltage | CN | kWh | ecoinvent 3.8"
Wafer manufacturing,"treatment of hazardous waste, underground deposit",[REDACTED — ecoinvent-licensed value; reproduce via UUID + selection],kg,TRUE,2026,SMITH_2018_DERIVED_GAAS_WAFER_CANDIDATE_NOT_BASELINE; Smith Table 61 pBN crucible waste; normalized via recursive wafer process model and converted to 1 kg GaAs_wafer. Physical pBN crucible waste from single-crystal boule is positive in source; LiAISON row is negative for treatment burden. Waste treatment row uses negative value in LiAISON because the ecoinvent waste-treatment reference product is negative.,technosphere,CN,RoW,6b792a3a-a425-4d15-9d3d-34f942131a26,"treatment of hazardous waste, underground deposit | hazardous waste, for underground deposit | RoW | kg | ecoinvent 3.8"
Wafer manufacturing,"treatment of hazardous waste, underground deposit",[REDACTED — ecoinvent-licensed value; reproduce via UUID + selection],kg,TRUE,2026,SMITH_2018_DERIVED_GAAS_WAFER_CANDIDATE_NOT_BASELINE; Smith Table 61 Boron oxide waste; normalized via recursive wafer process model and converted to 1 kg GaAs_wafer. Physical Boron oxide waste from single-crystal boule is positive in source; LiAISON row is negative for treatment burden. Waste treatment row uses negative value in LiAISON because the ecoinvent waste-treatment reference product is negative.,technosphere,CN,RoW,6b792a3a-a425-4d15-9d3d-34f942131a26,"treatment of hazardous waste, underground deposit | hazardous waste, for underground deposit | RoW | kg | ecoinvent 3.8"
Wafer manufacturing,"treatment of hazardous waste, underground deposit",[REDACTED — ecoinvent-licensed value; reproduce via UUID + selection],kg,TRUE,2026,SMITH_2018_DERIVED_GAAS_WAFER_CANDIDATE_NOT_BASELINE; Smith Table 61 7N Arsenic waste; normalized via recursive wafer process model and converted to 1 kg GaAs_wafer. Physical 7N Arsenic waste from single-crystal boule is positive in source; LiAISON row is negative for treatment burden. Waste treatment row uses negative value in LiAISON because the ecoinvent waste-treatment reference product is negative.,technosphere,CN,RoW,6b792a3a-a425-4d15-9d3d-34f942131a26,"treatment of hazardous waste, underground deposit | hazardous waste, for underground deposit | RoW | kg | ecoinvent 3.8"
Wafer manufacturing,"market for steel, unalloyed",[REDACTED — ecoinvent-licensed value; reproduce via UUID + selection],kg,TRUE,2026,SMITH_2018_DERIVED_GAAS_WAFER_CANDIDATE_NOT_BASELINE; Smith Table 62 Steel wire (cropping); normalized via recursive wafer process model and converted to 1 kg GaAs_wafer. Cropping steel wire input. Proxy for Smith steel wire rod and diamond saw steel body. PROXY_NEEDS_REVIEW.,technosphere,CN,GLO,c72cb8cf-a36f-4bca-afde-aa76c12f0e18,"market for steel, unalloyed | steel, unalloyed | GLO | kg | ecoinvent 3.8"
Wafer manufacturing,"market group for electricity, low voltage",[REDACTED — ecoinvent-licensed value; reproduce via UUID + selection],kWh,TRUE,2026,SMITH_2018_DERIVED_GAAS_WAFER_CANDIDATE_NOT_BASELINE; Smith Table 62 Electricity; normalized via recursive wafer process model and converted to 1 kg GaAs_wafer. X-ray/cropping/grinding notch x-ray electricity. Country-specific ecoinvent 3.8 low-voltage electricity for CN. ELECTRICITY_GEOGRAPHY_ADJUSTED_TO_CN: exact ecoinvent 3.8 electricity UUID used for topology process location.,technosphere,CN,CN,c7f9c799-4ec6-4b8c-8491-d75d10eaf764,"market group for electricity, low voltage | electricity, low voltage | CN | kWh | ecoinvent 3.8"
Wafer manufacturing,"market group for electricity, low voltage",[REDACTED — ecoinvent-licensed value; reproduce via UUID + selection],kWh,TRUE,2026,SMITH_2018_DERIVED_GAAS_WAFER_CANDIDATE_NOT_BASELINE; Smith Table 62 Electricity; normalized via recursive wafer process model and converted to 1 kg GaAs_wafer. X-ray/cropping/grinding notch cropping electricity. Country-specific ecoinvent 3.8 low-voltage electricity for CN. ELECTRICITY_GEOGRAPHY_ADJUSTED_TO_CN: exact ecoinvent 3.8 electricity UUID used for topology process location.,technosphere,CN,CN,c7f9c799-4ec6-4b8c-8491-d75d10eaf764,"market group for electricity, low voltage | electricity, low voltage | CN | kWh | ecoinvent 3.8"
Wafer manufacturing,"market group for electricity, low voltage",[REDACTED — ecoinvent-licensed value; reproduce via UUID + selection],kWh,TRUE,2026,SMITH_2018_DERIVED_GAAS_WAFER_CANDIDATE_NOT_BASELINE; Smith Table 62 Electricity; normalized via recursive wafer process model and converted to 1 kg GaAs_wafer. X-ray/cropping/grinding notch notch electricity. Country-specific ecoinvent 3.8 low-voltage electricity for CN. ELECTRICITY_GEOGRAPHY_ADJUSTED_TO_CN: exact ecoinvent 3.8 electricity UUID used for topology process location.,technosphere,CN,CN,c7f9c799-4ec6-4b8c-8491-d75d10eaf764,"market group for electricity, low voltage | electricity, low voltage | CN | kWh | ecoinvent 3.8"
Wafer manufacturing,"treatment of hazardous waste, underground deposit",[REDACTED — ecoinvent-licensed value; reproduce via UUID + selection],kg,TRUE,2026,SMITH_2018_DERIVED_GAAS_WAFER_CANDIDATE_NOT_BASELINE; Smith Table 62 Arsenic waste; normalized via recursive wafer process model and converted to 1 kg GaAs_wafer. Physical arsenic cropping waste is positive in source; LiAISON row is negative for treatment burden. Waste treatment row uses negative value in LiAISON because the ecoinvent waste-treatment reference product is negative.,technosphere,CN,RoW,6b792a3a-a425-4d15-9d3d-34f942131a26,"treatment of hazardous waste, underground deposit | hazardous waste, for underground deposit | RoW | kg | ecoinvent 3.8"
Wafer manufacturing,"market for steel, unalloyed",[REDACTED — ecoinvent-licensed value; reproduce via UUID + selection],kg,TRUE,2026,SMITH_2018_DERIVED_GAAS_WAFER_CANDIDATE_NOT_BASELINE; Smith Table 63 via Table 62 notch saw Steel; normalized via recursive wafer process model and converted to 1 kg GaAs_wafer. Expanded diamond saw steel input for Table 62 notch saw. Proxy for Smith steel wire rod and diamond saw steel body. PROXY_NEEDS_REVIEW.,technosphere,CN,GLO,c72cb8cf-a36f-4bca-afde-aa76c12f0e18,"market for steel, unalloyed | steel, unalloyed | GLO | kg | ecoinvent 3.8"
Wafer manufacturing,"market group for electricity, low voltage",[REDACTED — ecoinvent-licensed value; reproduce via UUID + selection],kWh,TRUE,2026,SMITH_2018_DERIVED_GAAS_WAFER_CANDIDATE_NOT_BASELINE; Smith Table 63 via Table 62 notch saw Electricity; normalized via recursive wafer process model and converted to 1 kg GaAs_wafer. Expanded diamond saw manufacturing electricity for Table 62 notch saw. Country-specific ecoinvent 3.8 low-voltage electricity for CN. ELECTRICITY_GEOGRAPHY_ADJUSTED_TO_CN: exact ecoinvent 3.8 electricity UUID used for topology process location.,technosphere,CN,CN,c7f9c799-4ec6-4b8c-8491-d75d10eaf764,"market group for electricity, low voltage | electricity, low voltage | CN | kWh | ecoinvent 3.8"
Wafer manufacturing,"market group for natural gas, high pressure",[REDACTED — ecoinvent-licensed value; reproduce via UUID + selection],m3,TRUE,2026,SMITH_2018_DERIVED_GAAS_WAFER_CANDIDATE_NOT_BASELINE; Smith Table 64 via Table 62 notch saw Methane; normalized via recursive wafer process model and converted to 1 kg GaAs_wafer. Expanded synthetic diamond methane/natural gas input for Table 62 notch saw. Smith Table 64 methane input mapped to natural gas high pressure.,technosphere,CN,GLO,3d1de8e2-71d5-4759-9af8-c273736d2f67,"market group for natural gas, high pressure | natural gas, high pressure | GLO | m3 | ecoinvent 3.8"
Wafer manufacturing,"market for hydrogen, liquid",[REDACTED — ecoinvent-licensed value; reproduce via UUID + selection],kg,TRUE,2026,SMITH_2018_DERIVED_GAAS_WAFER_CANDIDATE_NOT_BASELINE; Smith Table 64 via Table 62 notch saw Hydrogen gas; normalized via recursive wafer process model and converted to 1 kg GaAs_wafer. Expanded synthetic diamond hydrogen input for Table 62 notch saw. Smith Table 60 and Table 64 hydrogen input.,technosphere,CN,RoW,e532b3ce-f9b0-4c78-9162-d1741538c4d8,"market for hydrogen, liquid | hydrogen, liquid | RoW | kg | ecoinvent 3.8"
Wafer manufacturing,"market group for electricity, low voltage",[REDACTED — ecoinvent-licensed value; reproduce via UUID + selection],kWh,TRUE,2026,SMITH_2018_DERIVED_GAAS_WAFER_CANDIDATE_NOT_BASELINE; Smith Table 64 via Table 62 notch saw Electricity; normalized via recursive wafer process model and converted to 1 kg GaAs_wafer. Expanded synthetic diamond electricity for Table 62 notch saw. Country-specific ecoinvent 3.8 low-voltage electricity for CN. ELECTRICITY_GEOGRAPHY_ADJUSTED_TO_CN: exact ecoinvent 3.8 electricity UUID used for topology process location.,technosphere,CN,CN,c7f9c799-4ec6-4b8c-8491-d75d10eaf764,"market group for electricity, low voltage | electricity, low voltage | CN | kWh | ecoinvent 3.8"
Wafer manufacturing,"market for steel, unalloyed",[REDACTED — ecoinvent-licensed value; reproduce via UUID + selection],kg,TRUE,2026,SMITH_2018_DERIVED_GAAS_WAFER_CANDIDATE_NOT_BASELINE; Smith Table 65 Steel wire (wafering); normalized via recursive wafer process model and converted to 1 kg GaAs_wafer. Wafering steel wire input. Proxy for Smith steel wire rod and diamond saw steel body. PROXY_NEEDS_REVIEW.,technosphere,CN,GLO,c72cb8cf-a36f-4bca-afde-aa76c12f0e18,"market for steel, unalloyed | steel, unalloyed | GLO | kg | ecoinvent 3.8"
Wafer manufacturing,market for silica sand,[REDACTED — ecoinvent-licensed value; reproduce via UUID + selection],kg,TRUE,2026,SMITH_2018_DERIVED_GAAS_WAFER_CANDIDATE_NOT_BASELINE; Smith Table 66 via Table 65 wafering Silica particles; normalized via recursive wafer process model and converted to 1 kg GaAs_wafer. Expanded sawing slurry silica particles for Table 65 wafering. Proxy for very fine milled silica particles in Smith Tables 66 and 70. PROXY_NEEDS_REVIEW.,technosphere,CN,GLO,8ab9b882-6ec9-4bc8-8286-e82519322068,market for silica sand | silica sand | GLO | kg | ecoinvent 3.8
Wafer manufacturing,market for triethylene glycol,[REDACTED — ecoinvent-licensed value; reproduce via UUID + selection],kg,TRUE,2026,SMITH_2018_DERIVED_GAAS_WAFER_CANDIDATE_NOT_BASELINE; Smith Table 66 via Table 65 wafering Polyethylene glycol; normalized via recursive wafer process model and converted to 1 kg GaAs_wafer. Expanded sawing slurry glycol input for Table 65 wafering. Smith Table 66 polyethylene glycol mapped to triethylene glycol.,technosphere,CN,RoW,5d41f09e-ced8-45b1-b003-e7701ff0892d,market for triethylene glycol | triethylene glycol | RoW | kg | ecoinvent 3.8
Wafer manufacturing,"market for steel, unalloyed",[REDACTED — ecoinvent-licensed value; reproduce via UUID + selection],kg,TRUE,2026,SMITH_2018_DERIVED_GAAS_WAFER_CANDIDATE_NOT_BASELINE; Smith Table 63 via Table 65 edge saw Steel; normalized via recursive wafer process model and converted to 1 kg GaAs_wafer. Expanded diamond saw steel input for Table 65 edge saw. Proxy for Smith steel wire rod and diamond saw steel body. PROXY_NEEDS_REVIEW.,technosphere,CN,GLO,c72cb8cf-a36f-4bca-afde-aa76c12f0e18,"market for steel, unalloyed | steel, unalloyed | GLO | kg | ecoinvent 3.8"
Wafer manufacturing,"market group for electricity, low voltage",[REDACTED — ecoinvent-licensed value; reproduce via UUID + selection],kWh,TRUE,2026,SMITH_2018_DERIVED_GAAS_WAFER_CANDIDATE_NOT_BASELINE; Smith Table 63 via Table 65 edge saw Electricity; normalized via recursive wafer process model and converted to 1 kg GaAs_wafer. Expanded diamond saw manufacturing electricity for Table 65 edge saw. Country-specific ecoinvent 3.8 low-voltage electricity for CN. ELECTRICITY_GEOGRAPHY_ADJUSTED_TO_CN: exact ecoinvent 3.8 electricity UUID used for topology process location.,technosphere,CN,CN,c7f9c799-4ec6-4b8c-8491-d75d10eaf764,"market group for electricity, low voltage | electricity, low voltage | CN | kWh | ecoinvent 3.8"
Wafer manufacturing,"market group for natural gas, high pressure",[REDACTED — ecoinvent-licensed value; reproduce via UUID + selection],m3,TRUE,2026,SMITH_2018_DERIVED_GAAS_WAFER_CANDIDATE_NOT_BASELINE; Smith Table 64 via Table 65 edge saw Methane; normalized via recursive wafer process model and converted to 1 kg GaAs_wafer. Expanded synthetic diamond methane/natural gas input for Table 65 edge saw. Smith Table 64 methane input mapped to natural gas high pressure.,technosphere,CN,GLO,3d1de8e2-71d5-4759-9af8-c273736d2f67,"market group for natural gas, high pressure | natural gas, high pressure | GLO | m3 | ecoinvent 3.8"
Wafer manufacturing,"market for hydrogen, liquid",[REDACTED — ecoinvent-licensed value; reproduce via UUID + selection],kg,TRUE,2026,SMITH_2018_DERIVED_GAAS_WAFER_CANDIDATE_NOT_BASELINE; Smith Table 64 via Table 65 edge saw Hydrogen gas; normalized via recursive wafer process model and converted to 1 kg GaAs_wafer. Expanded synthetic diamond hydrogen input for Table 65 edge saw. Smith Table 60 and Table 64 hydrogen input.,technosphere,CN,RoW,e532b3ce-f9b0-4c78-9162-d1741538c4d8,"market for hydrogen, liquid | hydrogen, liquid | RoW | kg | ecoinvent 3.8"
Wafer manufacturing,"market group for electricity, low voltage",[REDACTED — ecoinvent-licensed value; reproduce via UUID + selection],kWh,TRUE,2026,SMITH_2018_DERIVED_GAAS_WAFER_CANDIDATE_NOT_BASELINE; Smith Table 64 via Table 65 edge saw Electricity; normalized via recursive wafer process model and converted to 1 kg GaAs_wafer. Expanded synthetic diamond electricity for Table 65 edge saw. Country-specific ecoinvent 3.8 low-voltage electricity for CN. ELECTRICITY_GEOGRAPHY_ADJUSTED_TO_CN: exact ecoinvent 3.8 electricity UUID used for topology process location.,technosphere,CN,CN,c7f9c799-4ec6-4b8c-8491-d75d10eaf764,"market group for electricity, low voltage | electricity, low voltage | CN | kWh | ecoinvent 3.8"
Wafer manufacturing,"market group for electricity, low voltage",[REDACTED — ecoinvent-licensed value; reproduce via UUID + selection],kWh,TRUE,2026,SMITH_2018_DERIVED_GAAS_WAFER_CANDIDATE_NOT_BASELINE; Smith Table 65 Electricity; normalized via recursive wafer process model and converted to 1 kg GaAs_wafer. Wafering and edge-rounding wire saw electricity. Country-specific ecoinvent 3.8 low-voltage electricity for CN. ELECTRICITY_GEOGRAPHY_ADJUSTED_TO_CN: exact ecoinvent 3.8 electricity UUID used for topology process location.,technosphere,CN,CN,c7f9c799-4ec6-4b8c-8491-d75d10eaf764,"market group for electricity, low voltage | electricity, low voltage | CN | kWh | ecoinvent 3.8"
Wafer manufacturing,"market group for electricity, low voltage",[REDACTED — ecoinvent-licensed value; reproduce via UUID + selection],kWh,TRUE,2026,SMITH_2018_DERIVED_GAAS_WAFER_CANDIDATE_NOT_BASELINE; Smith Table 65 Electricity; normalized via recursive wafer process model and converted to 1 kg GaAs_wafer. Wafering and edge-rounding edge saw electricity. Country-specific ecoinvent 3.8 low-voltage electricity for CN. ELECTRICITY_GEOGRAPHY_ADJUSTED_TO_CN: exact ecoinvent 3.8 electricity UUID used for topology process location.,technosphere,CN,CN,c7f9c799-4ec6-4b8c-8491-d75d10eaf764,"market group for electricity, low voltage | electricity, low voltage | CN | kWh | ecoinvent 3.8"
Wafer manufacturing,"treatment of hazardous waste, underground deposit",[REDACTED — ecoinvent-licensed value; reproduce via UUID + selection],kg,TRUE,2026,SMITH_2018_DERIVED_GAAS_WAFER_CANDIDATE_NOT_BASELINE; Smith Table 65 Arsenic waste from sawing; normalized via recursive wafer process model and converted to 1 kg GaAs_wafer. Physical arsenic sawing waste is positive in source; LiAISON row is negative for treatment burden. Waste treatment row uses negative value in LiAISON because the ecoinvent waste-treatment reference product is negative.,technosphere,CN,RoW,6b792a3a-a425-4d15-9d3d-34f942131a26,"treatment of hazardous waste, underground deposit | hazardous waste, for underground deposit | RoW | kg | ecoinvent 3.8"
Wafer manufacturing,"market for water, ultrapure",[REDACTED — ecoinvent-licensed value; reproduce via UUID + selection],kg,TRUE,2026,"SMITH_2018_DERIVED_GAAS_WAFER_CANDIDATE_NOT_BASELINE; Smith Table 67 Ultrapure water; normalized via recursive wafer process model and converted to 1 kg GaAs_wafer. Cleaning and etching Ultrapure water input. Smith Tables 67, 70, and 71 ultrapure water.",technosphere,CN,RoW,7436ffb1-a278-458f-a166-54965d932c10,"market for water, ultrapure | water, ultrapure | RoW | kg | ecoinvent 3.8"
Wafer manufacturing,"market for hydrogen peroxide, without water, in 50% solution state",[REDACTED — ecoinvent-licensed value; reproduce via UUID + selection],kg,TRUE,2026,SMITH_2018_DERIVED_GAAS_WAFER_CANDIDATE_NOT_BASELINE; Smith Table 67 H2O2; normalized via recursive wafer process model and converted to 1 kg GaAs_wafer. Cleaning and etching H2O2 input. Local 3.8 match uses RoW rather than Smith's GLO market.,technosphere,CN,RoW,9ee99cdb-d0c5-4ded-90fe-36b1c29ebfda,"market for hydrogen peroxide, without water, in 50% solution state | hydrogen peroxide, without water, in 50% solution state | RoW | kg | ecoinvent 3.8"
Wafer manufacturing,market for hydrogen fluoride,[REDACTED — ecoinvent-licensed value; reproduce via UUID + selection],kg,TRUE,2026,SMITH_2018_DERIVED_GAAS_WAFER_CANDIDATE_NOT_BASELINE; Smith Table 67 HF; normalized via recursive wafer process model and converted to 1 kg GaAs_wafer. Cleaning and etching HF input. Local 3.8 match uses RoW rather than Smith's GLO market.,technosphere,CN,RoW,d7f30fd5-2617-4ca9-bd0e-a096003d4a02,market for hydrogen fluoride | hydrogen fluoride | RoW | kg | ecoinvent 3.8
Wafer manufacturing,"market group for electricity, low voltage",[REDACTED — ecoinvent-licensed value; reproduce via UUID + selection],kWh,TRUE,2026,SMITH_2018_DERIVED_GAAS_WAFER_CANDIDATE_NOT_BASELINE; Smith Table 67 Electricity; normalized via recursive wafer process model and converted to 1 kg GaAs_wafer. Cleaning and etching ultrasonic cleaning electricity. Country-specific ecoinvent 3.8 low-voltage electricity for CN. ELECTRICITY_GEOGRAPHY_ADJUSTED_TO_CN: exact ecoinvent 3.8 electricity UUID used for topology process location.,technosphere,CN,CN,c7f9c799-4ec6-4b8c-8491-d75d10eaf764,"market group for electricity, low voltage | electricity, low voltage | CN | kWh | ecoinvent 3.8"
Wafer manufacturing,"market group for electricity, low voltage",[REDACTED — ecoinvent-licensed value; reproduce via UUID + selection],kWh,TRUE,2026,SMITH_2018_DERIVED_GAAS_WAFER_CANDIDATE_NOT_BASELINE; Smith Table 67 Electricity; normalized via recursive wafer process model and converted to 1 kg GaAs_wafer. Cleaning and etching rinse tank electricity. Country-specific ecoinvent 3.8 low-voltage electricity for CN. ELECTRICITY_GEOGRAPHY_ADJUSTED_TO_CN: exact ecoinvent 3.8 electricity UUID used for topology process location.,technosphere,CN,CN,c7f9c799-4ec6-4b8c-8491-d75d10eaf764,"market group for electricity, low voltage | electricity, low voltage | CN | kWh | ecoinvent 3.8"
Wafer manufacturing,"treatment of hazardous waste, underground deposit",[REDACTED — ecoinvent-licensed value; reproduce via UUID + selection],kg,TRUE,2026,SMITH_2018_DERIVED_GAAS_WAFER_CANDIDATE_NOT_BASELINE; Smith Table 67 Arsenic/etchant waste; normalized via recursive wafer process model and converted to 1 kg GaAs_wafer. Physical arsenic/etchant waste is positive in source; LiAISON row is negative for treatment burden. Waste treatment row uses negative value in LiAISON because the ecoinvent waste-treatment reference product is negative.,technosphere,CN,RoW,6b792a3a-a425-4d15-9d3d-34f942131a26,"treatment of hazardous waste, underground deposit | hazardous waste, for underground deposit | RoW | kg | ecoinvent 3.8"
Wafer manufacturing,"market for polyurethane, rigid foam",[REDACTED — ecoinvent-licensed value; reproduce via UUID + selection],kg,TRUE,2026,SMITH_2018_DERIVED_GAAS_WAFER_CANDIDATE_NOT_BASELINE; Smith Table 68 Polishing pad; normalized via recursive wafer process model and converted to 1 kg GaAs_wafer. Pre-polishing pad input. Smith polishing pad mapped to polyurethane rigid foam; local match is RoW.,technosphere,CN,RoW,22d4653b-b768-4637-8831-e58024b32956,"market for polyurethane, rigid foam | polyurethane, rigid foam | RoW | kg | ecoinvent 3.8"
Wafer manufacturing,market for silica sand,[REDACTED — ecoinvent-licensed value; reproduce via UUID + selection],kg,TRUE,2026,SMITH_2018_DERIVED_GAAS_WAFER_CANDIDATE_NOT_BASELINE; Smith Table 66 via Table 68 pre-polishing Silica particles; normalized via recursive wafer process model and converted to 1 kg GaAs_wafer. Expanded sawing slurry silica particles for Table 68 pre-polishing. Proxy for very fine milled silica particles in Smith Tables 66 and 70. PROXY_NEEDS_REVIEW.,technosphere,CN,GLO,8ab9b882-6ec9-4bc8-8286-e82519322068,market for silica sand | silica sand | GLO | kg | ecoinvent 3.8
Wafer manufacturing,market for triethylene glycol,[REDACTED — ecoinvent-licensed value; reproduce via UUID + selection],kg,TRUE,2026,SMITH_2018_DERIVED_GAAS_WAFER_CANDIDATE_NOT_BASELINE; Smith Table 66 via Table 68 pre-polishing Polyethylene glycol; normalized via recursive wafer process model and converted to 1 kg GaAs_wafer. Expanded sawing slurry glycol input for Table 68 pre-polishing. Smith Table 66 polyethylene glycol mapped to triethylene glycol.,technosphere,CN,RoW,5d41f09e-ced8-45b1-b003-e7701ff0892d,market for triethylene glycol | triethylene glycol | RoW | kg | ecoinvent 3.8
Wafer manufacturing,"market group for electricity, low voltage",[REDACTED — ecoinvent-licensed value; reproduce via UUID + selection],kWh,TRUE,2026,SMITH_2018_DERIVED_GAAS_WAFER_CANDIDATE_NOT_BASELINE; Smith Table 68 Electricity; normalized via recursive wafer process model and converted to 1 kg GaAs_wafer. Pre-polishing electricity. Country-specific ecoinvent 3.8 low-voltage electricity for CN. ELECTRICITY_GEOGRAPHY_ADJUSTED_TO_CN: exact ecoinvent 3.8 electricity UUID used for topology process location.,technosphere,CN,CN,c7f9c799-4ec6-4b8c-8491-d75d10eaf764,"market group for electricity, low voltage | electricity, low voltage | CN | kWh | ecoinvent 3.8"
Wafer manufacturing,"treatment of hazardous waste, underground deposit",[REDACTED — ecoinvent-licensed value; reproduce via UUID + selection],kg,TRUE,2026,SMITH_2018_DERIVED_GAAS_WAFER_CANDIDATE_NOT_BASELINE; Smith Table 68 Arsenic waste from pre-polishing; normalized via recursive wafer process model and converted to 1 kg GaAs_wafer. Physical pre-polishing arsenic waste is positive in source; LiAISON row is negative for treatment burden. Waste treatment row uses negative value in LiAISON because the ecoinvent waste-treatment reference product is negative.,technosphere,CN,RoW,6b792a3a-a425-4d15-9d3d-34f942131a26,"treatment of hazardous waste, underground deposit | hazardous waste, for underground deposit | RoW | kg | ecoinvent 3.8"
Wafer manufacturing,"market for polyurethane, rigid foam",[REDACTED — ecoinvent-licensed value; reproduce via UUID + selection],kg,TRUE,2026,SMITH_2018_DERIVED_GAAS_WAFER_CANDIDATE_NOT_BASELINE; Smith Table 69 Polishing pad; normalized via recursive wafer process model and converted to 1 kg GaAs_wafer. CMP polishing pad input. Smith polishing pad mapped to polyurethane rigid foam; local match is RoW.,technosphere,CN,RoW,22d4653b-b768-4637-8831-e58024b32956,"market for polyurethane, rigid foam | polyurethane, rigid foam | RoW | kg | ecoinvent 3.8"
Wafer manufacturing,market for silica sand,[REDACTED — ecoinvent-licensed value; reproduce via UUID + selection],kg,TRUE,2026,SMITH_2018_DERIVED_GAAS_WAFER_CANDIDATE_NOT_BASELINE; Smith Table 70 via Table 69 CMP Silica particles; normalized via recursive wafer process model and converted to 1 kg GaAs_wafer. Expanded CMP slurry input. Proxy for very fine milled silica particles in Smith Tables 66 and 70. PROXY_NEEDS_REVIEW.,technosphere,CN,GLO,8ab9b882-6ec9-4bc8-8286-e82519322068,market for silica sand | silica sand | GLO | kg | ecoinvent 3.8
Wafer manufacturing,"market for water, ultrapure",[REDACTED — ecoinvent-licensed value; reproduce via UUID + selection],kg,TRUE,2026,"SMITH_2018_DERIVED_GAAS_WAFER_CANDIDATE_NOT_BASELINE; Smith Table 70 via Table 69 CMP Ultrapure water; normalized via recursive wafer process model and converted to 1 kg GaAs_wafer. Expanded CMP slurry input. Smith Tables 67, 70, and 71 ultrapure water.",technosphere,CN,RoW,7436ffb1-a278-458f-a166-54965d932c10,"market for water, ultrapure | water, ultrapure | RoW | kg | ecoinvent 3.8"
Wafer manufacturing,market for potassium hydroxide,[REDACTED — ecoinvent-licensed value; reproduce via UUID + selection],kg,TRUE,2026,SMITH_2018_DERIVED_GAAS_WAFER_CANDIDATE_NOT_BASELINE; Smith Table 70 via Table 69 CMP KOH; normalized via recursive wafer process model and converted to 1 kg GaAs_wafer. Expanded CMP slurry input. Smith Tables 70 and 71 KOH input.,technosphere,CN,GLO,369a39a2-f0b7-4045-9b47-d47fe1759e8e,market for potassium hydroxide | potassium hydroxide | GLO | kg | ecoinvent 3.8
Wafer manufacturing,"market group for electricity, low voltage",[REDACTED — ecoinvent-licensed value; reproduce via UUID + selection],kWh,TRUE,2026,SMITH_2018_DERIVED_GAAS_WAFER_CANDIDATE_NOT_BASELINE; Smith Table 69 Electricity; normalized via recursive wafer process model and converted to 1 kg GaAs_wafer. CMP electricity. Country-specific ecoinvent 3.8 low-voltage electricity for CN. ELECTRICITY_GEOGRAPHY_ADJUSTED_TO_CN: exact ecoinvent 3.8 electricity UUID used for topology process location.,technosphere,CN,CN,c7f9c799-4ec6-4b8c-8491-d75d10eaf764,"market group for electricity, low voltage | electricity, low voltage | CN | kWh | ecoinvent 3.8"
Wafer manufacturing,"treatment of hazardous waste, underground deposit",[REDACTED — ecoinvent-licensed value; reproduce via UUID + selection],kg,TRUE,2026,SMITH_2018_DERIVED_GAAS_WAFER_CANDIDATE_NOT_BASELINE; Smith Table 69 Arsenic waste from CMP; normalized via recursive wafer process model and converted to 1 kg GaAs_wafer. Physical CMP arsenic waste is positive in source; LiAISON row is negative for treatment burden. Waste treatment row uses negative value in LiAISON because the ecoinvent waste-treatment reference product is negative.,technosphere,CN,RoW,6b792a3a-a425-4d15-9d3d-34f942131a26,"treatment of hazardous waste, underground deposit | hazardous waste, for underground deposit | RoW | kg | ecoinvent 3.8"
Wafer manufacturing,"market for water, ultrapure",[REDACTED — ecoinvent-licensed value; reproduce via UUID + selection],kg,TRUE,2026,"SMITH_2018_DERIVED_GAAS_WAFER_CANDIDATE_NOT_BASELINE; Smith Table 71 Ultrapure water; normalized via recursive wafer process model and converted to 1 kg GaAs_wafer. Final cleaning/QC/packaging Ultrapure water input. Smith Tables 67, 70, and 71 ultrapure water.",technosphere,CN,RoW,7436ffb1-a278-458f-a166-54965d932c10,"market for water, ultrapure | water, ultrapure | RoW | kg | ecoinvent 3.8"
Wafer manufacturing,market for potassium hydroxide,[REDACTED — ecoinvent-licensed value; reproduce via UUID + selection],kg,TRUE,2026,SMITH_2018_DERIVED_GAAS_WAFER_CANDIDATE_NOT_BASELINE; Smith Table 71 KOH; normalized via recursive wafer process model and converted to 1 kg GaAs_wafer. Final cleaning/QC/packaging KOH input. Smith Tables 70 and 71 KOH input.,technosphere,CN,GLO,369a39a2-f0b7-4045-9b47-d47fe1759e8e,market for potassium hydroxide | potassium hydroxide | GLO | kg | ecoinvent 3.8
Wafer manufacturing,"market for polyethylene terephthalate, granulate, bottle grade",[REDACTED — ecoinvent-licensed value; reproduce via UUID + selection],kg,TRUE,2026,SMITH_2018_DERIVED_GAAS_WAFER_CANDIDATE_NOT_BASELINE; Smith Table 71 Plastic cassette; normalized via recursive wafer process model and converted to 1 kg GaAs_wafer. Final cleaning/QC/packaging Plastic cassette input. Smith plastic cassette PET input.,technosphere,CN,GLO,62fc7e9b-79f5-4e56-91e6-89f6bced8aaf,"market for polyethylene terephthalate, granulate, bottle grade | polyethylene terephthalate, granulate, bottle grade | GLO | kg | ecoinvent 3.8"
Wafer manufacturing,"market for aluminium, primary, ingot",[REDACTED — ecoinvent-licensed value; reproduce via UUID + selection],kg,TRUE,2026,SMITH_2018_DERIVED_GAAS_WAFER_CANDIDATE_NOT_BASELINE; Smith Table 71 Foil bag; normalized via recursive wafer process model and converted to 1 kg GaAs_wafer. Final cleaning/QC/packaging Foil bag input. Smith foil bag aluminum input.,technosphere,CN,RoW,3b615fcc-d7ab-4aba-bf70-3c19e89e933c,"market for aluminium, primary, ingot | aluminium, primary, ingot | RoW | kg | ecoinvent 3.8"
Wafer manufacturing,"market for packaging film, low density polyethylene",[REDACTED — ecoinvent-licensed value; reproduce via UUID + selection],kg,TRUE,2026,SMITH_2018_DERIVED_GAAS_WAFER_CANDIDATE_NOT_BASELINE; Smith Table 71 PET bag; normalized via recursive wafer process model and converted to 1 kg GaAs_wafer. Final cleaning/QC/packaging PET bag input. Smith PET bag row mapped to LDPE packaging film as cited in source table.,technosphere,CN,GLO,afd8e87f-23b0-4214-8696-74b8ecd52c3b,"market for packaging film, low density polyethylene | packaging film, low density polyethylene | GLO | kg | ecoinvent 3.8"
Wafer manufacturing,"market group for electricity, low voltage",[REDACTED — ecoinvent-licensed value; reproduce via UUID + selection],kWh,TRUE,2026,SMITH_2018_DERIVED_GAAS_WAFER_CANDIDATE_NOT_BASELINE; Smith Table 71 Electricity; normalized via recursive wafer process model and converted to 1 kg GaAs_wafer. Final cleaning/QC/packaging QC flatness electricity. Country-specific ecoinvent 3.8 low-voltage electricity for CN. ELECTRICITY_GEOGRAPHY_ADJUSTED_TO_CN: exact ecoinvent 3.8 electricity UUID used for topology process location.,technosphere,CN,CN,c7f9c799-4ec6-4b8c-8491-d75d10eaf764,"market group for electricity, low voltage | electricity, low voltage | CN | kWh | ecoinvent 3.8"
Wafer manufacturing,"market group for electricity, low voltage",[REDACTED — ecoinvent-licensed value; reproduce via UUID + selection],kWh,TRUE,2026,SMITH_2018_DERIVED_GAAS_WAFER_CANDIDATE_NOT_BASELINE; Smith Table 71 Electricity; normalized via recursive wafer process model and converted to 1 kg GaAs_wafer. Final cleaning/QC/packaging QC surface electricity. Country-specific ecoinvent 3.8 low-voltage electricity for CN. ELECTRICITY_GEOGRAPHY_ADJUSTED_TO_CN: exact ecoinvent 3.8 electricity UUID used for topology process location.,technosphere,CN,CN,c7f9c799-4ec6-4b8c-8491-d75d10eaf764,"market group for electricity, low voltage | electricity, low voltage | CN | kWh | ecoinvent 3.8"
Wafer manufacturing,GaAs_wafer,1,kg,FALSE,2026,"SMITH_2018_DERIVED_GAAS_WAFER_CANDIDATE_NOT_BASELINE; Smith-derived candidate GaAs wafer manufacturing output; topology product; functional unit is 1 kg GaAs_wafer. The U.S. import-weighted GaAs wafer technology mix is not publicly documented. Public trade data identify country of origin and quantity/value under HTS 3818.00.00.10, while public supplier data show that commercial GaAs wafers are produced mainly using VGF and LEC crystal-growth routes with varying diameter, thickness, conductivity type, dopant, and surface finish. Therefore, Smith 2018 is used as a representative process benchmark rather than an import-weighted technology-average LCI. MASTER_BOUNDARY_NOTE: Smith 2018 GaAs wafer benchmark; upstream 6N_Ga burden excluded; internal gallium reclaim retained; external GaAs scrap recovery not activated in baseline. TECHNOLOGY_TRANSFER_VARIANT: foreground process quantities are transferred from the source inventory to BLEECAM topology location; background electricity/geography adjusted where available. SOURCE_PROCESS_LOCATION=CN.",production,JP,JP,,FOREGROUND_OUTPUT: GaAs_wafer; no ecoinvent UUID assigned
Wafer manufacturing,market for boron carbide,[REDACTED — ecoinvent-licensed value; reproduce via UUID + selection],kg,TRUE,2026,SMITH_2018_DERIVED_GAAS_WAFER_CANDIDATE_NOT_BASELINE; Smith Table 58 pBN crucible; normalized via recursive wafer process model and converted to 1 kg GaAs_wafer. pBN crucible input for polycrystalline boule; Smith mapped pBN crucible to boron carbide. Smith maps pBN crucible to boron carbide; proxy retained. PROXY_NEEDS_REVIEW. TECHNOLOGY_TRANSFER_VARIANT: foreground process quantities are transferred from the source inventory to BLEECAM topology location; background electricity/geography adjusted where available. SOURCE_PROCESS_LOCATION=CN.,technosphere,JP,GLO,4821932f-324d-47a2-a205-54e43d563cc4,market for boron carbide | boron carbide | GLO | kg | ecoinvent 3.8
Wafer manufacturing,"market group for electricity, low voltage",[REDACTED — ecoinvent-licensed value; reproduce via UUID + selection],kWh,TRUE,2026,SMITH_2018_DERIVED_GAAS_WAFER_CANDIDATE_NOT_BASELINE; Smith Table 58 Electricity; normalized via recursive wafer process model and converted to 1 kg GaAs_wafer. Polycrystalline boule furnace electricity. Country-specific ecoinvent 3.8 low-voltage electricity for CN. TECHNOLOGY_TRANSFER_VARIANT: foreground process quantities are transferred from the source inventory to BLEECAM topology location; background electricity/geography adjusted where available. SOURCE_PROCESS_LOCATION=CN. ELECTRICITY_GEOGRAPHY_ADJUSTED_TO_JP: exact ecoinvent 3.8 electricity UUID used for topology process location.,technosphere,JP,JP,2057ef24-f4df-478c-b184-f842916c1862,"market for electricity, low voltage | electricity, low voltage | JP | kWh | ecoinvent 3.8"
Wafer manufacturing,"treatment of hazardous waste, underground deposit",[REDACTED — ecoinvent-licensed value; reproduce via UUID + selection],kg,TRUE,2026,SMITH_2018_DERIVED_GAAS_WAFER_CANDIDATE_NOT_BASELINE; Smith Table 58 pBN crucible waste; normalized via recursive wafer process model and converted to 1 kg GaAs_wafer. Physical pBN crucible waste from polycrystalline boule is positive in source; LiAISON row is negative for treatment burden. Waste treatment row uses negative value in LiAISON because the ecoinvent waste-treatment reference product is negative. TECHNOLOGY_TRANSFER_VARIANT: foreground process quantities are transferred from the source inventory to BLEECAM topology location; background electricity/geography adjusted where available. SOURCE_PROCESS_LOCATION=CN.,technosphere,JP,RoW,6b792a3a-a425-4d15-9d3d-34f942131a26,"treatment of hazardous waste, underground deposit | hazardous waste, for underground deposit | RoW | kg | ecoinvent 3.8"
Wafer manufacturing,"market group for electricity, low voltage",[REDACTED — ecoinvent-licensed value; reproduce via UUID + selection],kWh,TRUE,2026,SMITH_2018_DERIVED_GAAS_WAFER_CANDIDATE_NOT_BASELINE; Smith Table 59 Electricity; normalized via recursive wafer process model and converted to 1 kg GaAs_wafer. 6N_Ga to 7N gallium purification electricity included as incremental wafer-manufacturing burden; 6N_Ga material burden excluded. Country-specific ecoinvent 3.8 low-voltage electricity for CN. TECHNOLOGY_TRANSFER_VARIANT: foreground process quantities are transferred from the source inventory to BLEECAM topology location; background electricity/geography adjusted where available. SOURCE_PROCESS_LOCATION=CN. ELECTRICITY_GEOGRAPHY_ADJUSTED_TO_JP: exact ecoinvent 3.8 electricity UUID used for topology process location.,technosphere,JP,JP,2057ef24-f4df-478c-b184-f842916c1862,"market for electricity, low voltage | electricity, low voltage | JP | kWh | ecoinvent 3.8"
Wafer manufacturing,"market for hydrogen, liquid",[REDACTED — ecoinvent-licensed value; reproduce via UUID + selection],kg,TRUE,2026,SMITH_2018_DERIVED_GAAS_WAFER_CANDIDATE_NOT_BASELINE; Smith Table 60 Hydrogen; normalized via recursive wafer process model and converted to 1 kg GaAs_wafer. 7N arsenic preparation hydrogen input. Smith Table 60 and Table 64 hydrogen input. TECHNOLOGY_TRANSFER_VARIANT: foreground process quantities are transferred from the source inventory to BLEECAM topology location; background electricity/geography adjusted where available. SOURCE_PROCESS_LOCATION=CN.,technosphere,JP,RoW,e532b3ce-f9b0-4c78-9162-d1741538c4d8,"market for hydrogen, liquid | hydrogen, liquid | RoW | kg | ecoinvent 3.8"
Wafer manufacturing,"market for argon, liquid",[REDACTED — ecoinvent-licensed value; reproduce via UUID + selection],kg,TRUE,2026,SMITH_2018_DERIVED_GAAS_WAFER_CANDIDATE_NOT_BASELINE; Smith Table 60 Argon; normalized via recursive wafer process model and converted to 1 kg GaAs_wafer. 7N arsenic preparation argon input. Smith cites GLO argon; local ecoinvent 3.8 match uses RoW liquid argon. TECHNOLOGY_TRANSFER_VARIANT: foreground process quantities are transferred from the source inventory to BLEECAM topology location; background electricity/geography adjusted where available. SOURCE_PROCESS_LOCATION=CN.,technosphere,JP,RoW,3cecca5b-1111-40d1-8013-2b57d85bfaf8,"market for argon, liquid | argon, liquid | RoW | kg | ecoinvent 3.8"
Wafer manufacturing,"market group for electricity, low voltage",[REDACTED — ecoinvent-licensed value; reproduce via UUID + selection],kWh,TRUE,2026,SMITH_2018_DERIVED_GAAS_WAFER_CANDIDATE_NOT_BASELINE; Smith Table 60 Electricity; normalized via recursive wafer process model and converted to 1 kg GaAs_wafer. 7N arsenic preparation electricity. Country-specific ecoinvent 3.8 low-voltage electricity for CN. TECHNOLOGY_TRANSFER_VARIANT: foreground process quantities are transferred from the source inventory to BLEECAM topology location; background electricity/geography adjusted where available. SOURCE_PROCESS_LOCATION=CN. ELECTRICITY_GEOGRAPHY_ADJUSTED_TO_JP: exact ecoinvent 3.8 electricity UUID used for topology process location.,technosphere,JP,JP,2057ef24-f4df-478c-b184-f842916c1862,"market for electricity, low voltage | electricity, low voltage | JP | kWh | ecoinvent 3.8"
Wafer manufacturing,market for boric oxide,[REDACTED — ecoinvent-licensed value; reproduce via UUID + selection],kg,TRUE,2026,SMITH_2018_DERIVED_GAAS_WAFER_CANDIDATE_NOT_BASELINE; Smith Table 61 Boron oxide; normalized via recursive wafer process model and converted to 1 kg GaAs_wafer. Single-crystal boule boron oxide input. Smith Table 61 boron oxide input mapped to ecoinvent boric oxide. TECHNOLOGY_TRANSFER_VARIANT: foreground process quantities are transferred from the source inventory to BLEECAM topology location; background electricity/geography adjusted where available. SOURCE_PROCESS_LOCATION=CN.,technosphere,JP,GLO,9ebf1145-cbfa-4b48-b1cb-0677582600dd,market for boric oxide | boric oxide | GLO | kg | ecoinvent 3.8
Wafer manufacturing,market for boron carbide,[REDACTED — ecoinvent-licensed value; reproduce via UUID + selection],kg,TRUE,2026,SMITH_2018_DERIVED_GAAS_WAFER_CANDIDATE_NOT_BASELINE; Smith Table 61 pBN crucible; normalized via recursive wafer process model and converted to 1 kg GaAs_wafer. Single-crystal boule pBN crucible input. Smith maps pBN crucible to boron carbide; proxy retained. PROXY_NEEDS_REVIEW. TECHNOLOGY_TRANSFER_VARIANT: foreground process quantities are transferred from the source inventory to BLEECAM topology location; background electricity/geography adjusted where available. SOURCE_PROCESS_LOCATION=CN.,technosphere,JP,GLO,4821932f-324d-47a2-a205-54e43d563cc4,market for boron carbide | boron carbide | GLO | kg | ecoinvent 3.8
Wafer manufacturing,"market group for electricity, low voltage",[REDACTED — ecoinvent-licensed value; reproduce via UUID + selection],kWh,TRUE,2026,SMITH_2018_DERIVED_GAAS_WAFER_CANDIDATE_NOT_BASELINE; Smith Table 61 Electricity; normalized via recursive wafer process model and converted to 1 kg GaAs_wafer. Single-crystal GaAs boule furnace electricity. Country-specific ecoinvent 3.8 low-voltage electricity for CN. TECHNOLOGY_TRANSFER_VARIANT: foreground process quantities are transferred from the source inventory to BLEECAM topology location; background electricity/geography adjusted where available. SOURCE_PROCESS_LOCATION=CN. ELECTRICITY_GEOGRAPHY_ADJUSTED_TO_JP: exact ecoinvent 3.8 electricity UUID used for topology process location.,technosphere,JP,JP,2057ef24-f4df-478c-b184-f842916c1862,"market for electricity, low voltage | electricity, low voltage | JP | kWh | ecoinvent 3.8"
Wafer manufacturing,"treatment of hazardous waste, underground deposit",[REDACTED — ecoinvent-licensed value; reproduce via UUID + selection],kg,TRUE,2026,SMITH_2018_DERIVED_GAAS_WAFER_CANDIDATE_NOT_BASELINE; Smith Table 61 pBN crucible waste; normalized via recursive wafer process model and converted to 1 kg GaAs_wafer. Physical pBN crucible waste from single-crystal boule is positive in source; LiAISON row is negative for treatment burden. Waste treatment row uses negative value in LiAISON because the ecoinvent waste-treatment reference product is negative. TECHNOLOGY_TRANSFER_VARIANT: foreground process quantities are transferred from the source inventory to BLEECAM topology location; background electricity/geography adjusted where available. SOURCE_PROCESS_LOCATION=CN.,technosphere,JP,RoW,6b792a3a-a425-4d15-9d3d-34f942131a26,"treatment of hazardous waste, underground deposit | hazardous waste, for underground deposit | RoW | kg | ecoinvent 3.8"
Wafer manufacturing,"treatment of hazardous waste, underground deposit",[REDACTED — ecoinvent-licensed value; reproduce via UUID + selection],kg,TRUE,2026,SMITH_2018_DERIVED_GAAS_WAFER_CANDIDATE_NOT_BASELINE; Smith Table 61 Boron oxide waste; normalized via recursive wafer process model and converted to 1 kg GaAs_wafer. Physical Boron oxide waste from single-crystal boule is positive in source; LiAISON row is negative for treatment burden. Waste treatment row uses negative value in LiAISON because the ecoinvent waste-treatment reference product is negative. TECHNOLOGY_TRANSFER_VARIANT: foreground process quantities are transferred from the source inventory to BLEECAM topology location; background electricity/geography adjusted where available. SOURCE_PROCESS_LOCATION=CN.,technosphere,JP,RoW,6b792a3a-a425-4d15-9d3d-34f942131a26,"treatment of hazardous waste, underground deposit | hazardous waste, for underground deposit | RoW | kg | ecoinvent 3.8"
Wafer manufacturing,"treatment of hazardous waste, underground deposit",[REDACTED — ecoinvent-licensed value; reproduce via UUID + selection],kg,TRUE,2026,SMITH_2018_DERIVED_GAAS_WAFER_CANDIDATE_NOT_BASELINE; Smith Table 61 7N Arsenic waste; normalized via recursive wafer process model and converted to 1 kg GaAs_wafer. Physical 7N Arsenic waste from single-crystal boule is positive in source; LiAISON row is negative for treatment burden. Waste treatment row uses negative value in LiAISON because the ecoinvent waste-treatment reference product is negative. TECHNOLOGY_TRANSFER_VARIANT: foreground process quantities are transferred from the source inventory to BLEECAM topology location; background electricity/geography adjusted where available. SOURCE_PROCESS_LOCATION=CN.,technosphere,JP,RoW,6b792a3a-a425-4d15-9d3d-34f942131a26,"treatment of hazardous waste, underground deposit | hazardous waste, for underground deposit | RoW | kg | ecoinvent 3.8"
Wafer manufacturing,"market for steel, unalloyed",[REDACTED — ecoinvent-licensed value; reproduce via UUID + selection],kg,TRUE,2026,SMITH_2018_DERIVED_GAAS_WAFER_CANDIDATE_NOT_BASELINE; Smith Table 62 Steel wire (cropping); normalized via recursive wafer process model and converted to 1 kg GaAs_wafer. Cropping steel wire input. Proxy for Smith steel wire rod and diamond saw steel body. PROXY_NEEDS_REVIEW. TECHNOLOGY_TRANSFER_VARIANT: foreground process quantities are transferred from the source inventory to BLEECAM topology location; background electricity/geography adjusted where available. SOURCE_PROCESS_LOCATION=CN.,technosphere,JP,GLO,c72cb8cf-a36f-4bca-afde-aa76c12f0e18,"market for steel, unalloyed | steel, unalloyed | GLO | kg | ecoinvent 3.8"
Wafer manufacturing,"market group for electricity, low voltage",[REDACTED — ecoinvent-licensed value; reproduce via UUID + selection],kWh,TRUE,2026,SMITH_2018_DERIVED_GAAS_WAFER_CANDIDATE_NOT_BASELINE; Smith Table 62 Electricity; normalized via recursive wafer process model and converted to 1 kg GaAs_wafer. X-ray/cropping/grinding notch x-ray electricity. Country-specific ecoinvent 3.8 low-voltage electricity for CN. TECHNOLOGY_TRANSFER_VARIANT: foreground process quantities are transferred from the source inventory to BLEECAM topology location; background electricity/geography adjusted where available. SOURCE_PROCESS_LOCATION=CN. ELECTRICITY_GEOGRAPHY_ADJUSTED_TO_JP: exact ecoinvent 3.8 electricity UUID used for topology process location.,technosphere,JP,JP,2057ef24-f4df-478c-b184-f842916c1862,"market for electricity, low voltage | electricity, low voltage | JP | kWh | ecoinvent 3.8"
Wafer manufacturing,"market group for electricity, low voltage",[REDACTED — ecoinvent-licensed value; reproduce via UUID + selection],kWh,TRUE,2026,SMITH_2018_DERIVED_GAAS_WAFER_CANDIDATE_NOT_BASELINE; Smith Table 62 Electricity; normalized via recursive wafer process model and converted to 1 kg GaAs_wafer. X-ray/cropping/grinding notch cropping electricity. Country-specific ecoinvent 3.8 low-voltage electricity for CN. TECHNOLOGY_TRANSFER_VARIANT: foreground process quantities are transferred from the source inventory to BLEECAM topology location; background electricity/geography adjusted where available. SOURCE_PROCESS_LOCATION=CN. ELECTRICITY_GEOGRAPHY_ADJUSTED_TO_JP: exact ecoinvent 3.8 electricity UUID used for topology process location.,technosphere,JP,JP,2057ef24-f4df-478c-b184-f842916c1862,"market for electricity, low voltage | electricity, low voltage | JP | kWh | ecoinvent 3.8"
Wafer manufacturing,"market group for electricity, low voltage",[REDACTED — ecoinvent-licensed value; reproduce via UUID + selection],kWh,TRUE,2026,SMITH_2018_DERIVED_GAAS_WAFER_CANDIDATE_NOT_BASELINE; Smith Table 62 Electricity; normalized via recursive wafer process model and converted to 1 kg GaAs_wafer. X-ray/cropping/grinding notch notch electricity. Country-specific ecoinvent 3.8 low-voltage electricity for CN. TECHNOLOGY_TRANSFER_VARIANT: foreground process quantities are transferred from the source inventory to BLEECAM topology location; background electricity/geography adjusted where available. SOURCE_PROCESS_LOCATION=CN. ELECTRICITY_GEOGRAPHY_ADJUSTED_TO_JP: exact ecoinvent 3.8 electricity UUID used for topology process location.,technosphere,JP,JP,2057ef24-f4df-478c-b184-f842916c1862,"market for electricity, low voltage | electricity, low voltage | JP | kWh | ecoinvent 3.8"
Wafer manufacturing,"treatment of hazardous waste, underground deposit",[REDACTED — ecoinvent-licensed value; reproduce via UUID + selection],kg,TRUE,2026,SMITH_2018_DERIVED_GAAS_WAFER_CANDIDATE_NOT_BASELINE; Smith Table 62 Arsenic waste; normalized via recursive wafer process model and converted to 1 kg GaAs_wafer. Physical arsenic cropping waste is positive in source; LiAISON row is negative for treatment burden. Waste treatment row uses negative value in LiAISON because the ecoinvent waste-treatment reference product is negative. TECHNOLOGY_TRANSFER_VARIANT: foreground process quantities are transferred from the source inventory to BLEECAM topology location; background electricity/geography adjusted where available. SOURCE_PROCESS_LOCATION=CN.,technosphere,JP,RoW,6b792a3a-a425-4d15-9d3d-34f942131a26,"treatment of hazardous waste, underground deposit | hazardous waste, for underground deposit | RoW | kg | ecoinvent 3.8"
Wafer manufacturing,"market for steel, unalloyed",[REDACTED — ecoinvent-licensed value; reproduce via UUID + selection],kg,TRUE,2026,SMITH_2018_DERIVED_GAAS_WAFER_CANDIDATE_NOT_BASELINE; Smith Table 63 via Table 62 notch saw Steel; normalized via recursive wafer process model and converted to 1 kg GaAs_wafer. Expanded diamond saw steel input for Table 62 notch saw. Proxy for Smith steel wire rod and diamond saw steel body. PROXY_NEEDS_REVIEW. TECHNOLOGY_TRANSFER_VARIANT: foreground process quantities are transferred from the source inventory to BLEECAM topology location; background electricity/geography adjusted where available. SOURCE_PROCESS_LOCATION=CN.,technosphere,JP,GLO,c72cb8cf-a36f-4bca-afde-aa76c12f0e18,"market for steel, unalloyed | steel, unalloyed | GLO | kg | ecoinvent 3.8"
Wafer manufacturing,"market group for electricity, low voltage",[REDACTED — ecoinvent-licensed value; reproduce via UUID + selection],kWh,TRUE,2026,SMITH_2018_DERIVED_GAAS_WAFER_CANDIDATE_NOT_BASELINE; Smith Table 63 via Table 62 notch saw Electricity; normalized via recursive wafer process model and converted to 1 kg GaAs_wafer. Expanded diamond saw manufacturing electricity for Table 62 notch saw. Country-specific ecoinvent 3.8 low-voltage electricity for CN. TECHNOLOGY_TRANSFER_VARIANT: foreground process quantities are transferred from the source inventory to BLEECAM topology location; background electricity/geography adjusted where available. SOURCE_PROCESS_LOCATION=CN. ELECTRICITY_GEOGRAPHY_ADJUSTED_TO_JP: exact ecoinvent 3.8 electricity UUID used for topology process location.,technosphere,JP,JP,2057ef24-f4df-478c-b184-f842916c1862,"market for electricity, low voltage | electricity, low voltage | JP | kWh | ecoinvent 3.8"
Wafer manufacturing,"market group for natural gas, high pressure",[REDACTED — ecoinvent-licensed value; reproduce via UUID + selection],m3,TRUE,2026,SMITH_2018_DERIVED_GAAS_WAFER_CANDIDATE_NOT_BASELINE; Smith Table 64 via Table 62 notch saw Methane; normalized via recursive wafer process model and converted to 1 kg GaAs_wafer. Expanded synthetic diamond methane/natural gas input for Table 62 notch saw. Smith Table 64 methane input mapped to natural gas high pressure. TECHNOLOGY_TRANSFER_VARIANT: foreground process quantities are transferred from the source inventory to BLEECAM topology location; background electricity/geography adjusted where available. SOURCE_PROCESS_LOCATION=CN.,technosphere,JP,GLO,3d1de8e2-71d5-4759-9af8-c273736d2f67,"market group for natural gas, high pressure | natural gas, high pressure | GLO | m3 | ecoinvent 3.8"
Wafer manufacturing,"market for hydrogen, liquid",[REDACTED — ecoinvent-licensed value; reproduce via UUID + selection],kg,TRUE,2026,SMITH_2018_DERIVED_GAAS_WAFER_CANDIDATE_NOT_BASELINE; Smith Table 64 via Table 62 notch saw Hydrogen gas; normalized via recursive wafer process model and converted to 1 kg GaAs_wafer. Expanded synthetic diamond hydrogen input for Table 62 notch saw. Smith Table 60 and Table 64 hydrogen input. TECHNOLOGY_TRANSFER_VARIANT: foreground process quantities are transferred from the source inventory to BLEECAM topology location; background electricity/geography adjusted where available. SOURCE_PROCESS_LOCATION=CN.,technosphere,JP,RoW,e532b3ce-f9b0-4c78-9162-d1741538c4d8,"market for hydrogen, liquid | hydrogen, liquid | RoW | kg | ecoinvent 3.8"
Wafer manufacturing,"market group for electricity, low voltage",[REDACTED — ecoinvent-licensed value; reproduce via UUID + selection],kWh,TRUE,2026,SMITH_2018_DERIVED_GAAS_WAFER_CANDIDATE_NOT_BASELINE; Smith Table 64 via Table 62 notch saw Electricity; normalized via recursive wafer process model and converted to 1 kg GaAs_wafer. Expanded synthetic diamond electricity for Table 62 notch saw. Country-specific ecoinvent 3.8 low-voltage electricity for CN. TECHNOLOGY_TRANSFER_VARIANT: foreground process quantities are transferred from the source inventory to BLEECAM topology location; background electricity/geography adjusted where available. SOURCE_PROCESS_LOCATION=CN. ELECTRICITY_GEOGRAPHY_ADJUSTED_TO_JP: exact ecoinvent 3.8 electricity UUID used for topology process location.,technosphere,JP,JP,2057ef24-f4df-478c-b184-f842916c1862,"market for electricity, low voltage | electricity, low voltage | JP | kWh | ecoinvent 3.8"
Wafer manufacturing,"market for steel, unalloyed",[REDACTED — ecoinvent-licensed value; reproduce via UUID + selection],kg,TRUE,2026,SMITH_2018_DERIVED_GAAS_WAFER_CANDIDATE_NOT_BASELINE; Smith Table 65 Steel wire (wafering); normalized via recursive wafer process model and converted to 1 kg GaAs_wafer. Wafering steel wire input. Proxy for Smith steel wire rod and diamond saw steel body. PROXY_NEEDS_REVIEW. TECHNOLOGY_TRANSFER_VARIANT: foreground process quantities are transferred from the source inventory to BLEECAM topology location; background electricity/geography adjusted where available. SOURCE_PROCESS_LOCATION=CN.,technosphere,JP,GLO,c72cb8cf-a36f-4bca-afde-aa76c12f0e18,"market for steel, unalloyed | steel, unalloyed | GLO | kg | ecoinvent 3.8"
Wafer manufacturing,market for silica sand,[REDACTED — ecoinvent-licensed value; reproduce via UUID + selection],kg,TRUE,2026,SMITH_2018_DERIVED_GAAS_WAFER_CANDIDATE_NOT_BASELINE; Smith Table 66 via Table 65 wafering Silica particles; normalized via recursive wafer process model and converted to 1 kg GaAs_wafer. Expanded sawing slurry silica particles for Table 65 wafering. Proxy for very fine milled silica particles in Smith Tables 66 and 70. PROXY_NEEDS_REVIEW. TECHNOLOGY_TRANSFER_VARIANT: foreground process quantities are transferred from the source inventory to BLEECAM topology location; background electricity/geography adjusted where available. SOURCE_PROCESS_LOCATION=CN.,technosphere,JP,GLO,8ab9b882-6ec9-4bc8-8286-e82519322068,market for silica sand | silica sand | GLO | kg | ecoinvent 3.8
Wafer manufacturing,market for triethylene glycol,[REDACTED — ecoinvent-licensed value; reproduce via UUID + selection],kg,TRUE,2026,SMITH_2018_DERIVED_GAAS_WAFER_CANDIDATE_NOT_BASELINE; Smith Table 66 via Table 65 wafering Polyethylene glycol; normalized via recursive wafer process model and converted to 1 kg GaAs_wafer. Expanded sawing slurry glycol input for Table 65 wafering. Smith Table 66 polyethylene glycol mapped to triethylene glycol. TECHNOLOGY_TRANSFER_VARIANT: foreground process quantities are transferred from the source inventory to BLEECAM topology location; background electricity/geography adjusted where available. SOURCE_PROCESS_LOCATION=CN.,technosphere,JP,RoW,5d41f09e-ced8-45b1-b003-e7701ff0892d,market for triethylene glycol | triethylene glycol | RoW | kg | ecoinvent 3.8
Wafer manufacturing,"market for steel, unalloyed",[REDACTED — ecoinvent-licensed value; reproduce via UUID + selection],kg,TRUE,2026,SMITH_2018_DERIVED_GAAS_WAFER_CANDIDATE_NOT_BASELINE; Smith Table 63 via Table 65 edge saw Steel; normalized via recursive wafer process model and converted to 1 kg GaAs_wafer. Expanded diamond saw steel input for Table 65 edge saw. Proxy for Smith steel wire rod and diamond saw steel body. PROXY_NEEDS_REVIEW. TECHNOLOGY_TRANSFER_VARIANT: foreground process quantities are transferred from the source inventory to BLEECAM topology location; background electricity/geography adjusted where available. SOURCE_PROCESS_LOCATION=CN.,technosphere,JP,GLO,c72cb8cf-a36f-4bca-afde-aa76c12f0e18,"market for steel, unalloyed | steel, unalloyed | GLO | kg | ecoinvent 3.8"
Wafer manufacturing,"market group for electricity, low voltage",[REDACTED — ecoinvent-licensed value; reproduce via UUID + selection],kWh,TRUE,2026,SMITH_2018_DERIVED_GAAS_WAFER_CANDIDATE_NOT_BASELINE; Smith Table 63 via Table 65 edge saw Electricity; normalized via recursive wafer process model and converted to 1 kg GaAs_wafer. Expanded diamond saw manufacturing electricity for Table 65 edge saw. Country-specific ecoinvent 3.8 low-voltage electricity for CN. TECHNOLOGY_TRANSFER_VARIANT: foreground process quantities are transferred from the source inventory to BLEECAM topology location; background electricity/geography adjusted where available. SOURCE_PROCESS_LOCATION=CN. ELECTRICITY_GEOGRAPHY_ADJUSTED_TO_JP: exact ecoinvent 3.8 electricity UUID used for topology process location.,technosphere,JP,JP,2057ef24-f4df-478c-b184-f842916c1862,"market for electricity, low voltage | electricity, low voltage | JP | kWh | ecoinvent 3.8"
Wafer manufacturing,"market group for natural gas, high pressure",[REDACTED — ecoinvent-licensed value; reproduce via UUID + selection],m3,TRUE,2026,SMITH_2018_DERIVED_GAAS_WAFER_CANDIDATE_NOT_BASELINE; Smith Table 64 via Table 65 edge saw Methane; normalized via recursive wafer process model and converted to 1 kg GaAs_wafer. Expanded synthetic diamond methane/natural gas input for Table 65 edge saw. Smith Table 64 methane input mapped to natural gas high pressure. TECHNOLOGY_TRANSFER_VARIANT: foreground process quantities are transferred from the source inventory to BLEECAM topology location; background electricity/geography adjusted where available. SOURCE_PROCESS_LOCATION=CN.,technosphere,JP,GLO,3d1de8e2-71d5-4759-9af8-c273736d2f67,"market group for natural gas, high pressure | natural gas, high pressure | GLO | m3 | ecoinvent 3.8"
Wafer manufacturing,"market for hydrogen, liquid",[REDACTED — ecoinvent-licensed value; reproduce via UUID + selection],kg,TRUE,2026,SMITH_2018_DERIVED_GAAS_WAFER_CANDIDATE_NOT_BASELINE; Smith Table 64 via Table 65 edge saw Hydrogen gas; normalized via recursive wafer process model and converted to 1 kg GaAs_wafer. Expanded synthetic diamond hydrogen input for Table 65 edge saw. Smith Table 60 and Table 64 hydrogen input. TECHNOLOGY_TRANSFER_VARIANT: foreground process quantities are transferred from the source inventory to BLEECAM topology location; background electricity/geography adjusted where available. SOURCE_PROCESS_LOCATION=CN.,technosphere,JP,RoW,e532b3ce-f9b0-4c78-9162-d1741538c4d8,"market for hydrogen, liquid | hydrogen, liquid | RoW | kg | ecoinvent 3.8"
Wafer manufacturing,"market group for electricity, low voltage",[REDACTED — ecoinvent-licensed value; reproduce via UUID + selection],kWh,TRUE,2026,SMITH_2018_DERIVED_GAAS_WAFER_CANDIDATE_NOT_BASELINE; Smith Table 64 via Table 65 edge saw Electricity; normalized via recursive wafer process model and converted to 1 kg GaAs_wafer. Expanded synthetic diamond electricity for Table 65 edge saw. Country-specific ecoinvent 3.8 low-voltage electricity for CN. TECHNOLOGY_TRANSFER_VARIANT: foreground process quantities are transferred from the source inventory to BLEECAM topology location; background electricity/geography adjusted where available. SOURCE_PROCESS_LOCATION=CN. ELECTRICITY_GEOGRAPHY_ADJUSTED_TO_JP: exact ecoinvent 3.8 electricity UUID used for topology process location.,technosphere,JP,JP,2057ef24-f4df-478c-b184-f842916c1862,"market for electricity, low voltage | electricity, low voltage | JP | kWh | ecoinvent 3.8"
Wafer manufacturing,"market group for electricity, low voltage",[REDACTED — ecoinvent-licensed value; reproduce via UUID + selection],kWh,TRUE,2026,SMITH_2018_DERIVED_GAAS_WAFER_CANDIDATE_NOT_BASELINE; Smith Table 65 Electricity; normalized via recursive wafer process model and converted to 1 kg GaAs_wafer. Wafering and edge-rounding wire saw electricity. Country-specific ecoinvent 3.8 low-voltage electricity for CN. TECHNOLOGY_TRANSFER_VARIANT: foreground process quantities are transferred from the source inventory to BLEECAM topology location; background electricity/geography adjusted where available. SOURCE_PROCESS_LOCATION=CN. ELECTRICITY_GEOGRAPHY_ADJUSTED_TO_JP: exact ecoinvent 3.8 electricity UUID used for topology process location.,technosphere,JP,JP,2057ef24-f4df-478c-b184-f842916c1862,"market for electricity, low voltage | electricity, low voltage | JP | kWh | ecoinvent 3.8"
Wafer manufacturing,"market group for electricity, low voltage",[REDACTED — ecoinvent-licensed value; reproduce via UUID + selection],kWh,TRUE,2026,SMITH_2018_DERIVED_GAAS_WAFER_CANDIDATE_NOT_BASELINE; Smith Table 65 Electricity; normalized via recursive wafer process model and converted to 1 kg GaAs_wafer. Wafering and edge-rounding edge saw electricity. Country-specific ecoinvent 3.8 low-voltage electricity for CN. TECHNOLOGY_TRANSFER_VARIANT: foreground process quantities are transferred from the source inventory to BLEECAM topology location; background electricity/geography adjusted where available. SOURCE_PROCESS_LOCATION=CN. ELECTRICITY_GEOGRAPHY_ADJUSTED_TO_JP: exact ecoinvent 3.8 electricity UUID used for topology process location.,technosphere,JP,JP,2057ef24-f4df-478c-b184-f842916c1862,"market for electricity, low voltage | electricity, low voltage | JP | kWh | ecoinvent 3.8"
Wafer manufacturing,"treatment of hazardous waste, underground deposit",[REDACTED — ecoinvent-licensed value; reproduce via UUID + selection],kg,TRUE,2026,SMITH_2018_DERIVED_GAAS_WAFER_CANDIDATE_NOT_BASELINE; Smith Table 65 Arsenic waste from sawing; normalized via recursive wafer process model and converted to 1 kg GaAs_wafer. Physical arsenic sawing waste is positive in source; LiAISON row is negative for treatment burden. Waste treatment row uses negative value in LiAISON because the ecoinvent waste-treatment reference product is negative. TECHNOLOGY_TRANSFER_VARIANT: foreground process quantities are transferred from the source inventory to BLEECAM topology location; background electricity/geography adjusted where available. SOURCE_PROCESS_LOCATION=CN.,technosphere,JP,RoW,6b792a3a-a425-4d15-9d3d-34f942131a26,"treatment of hazardous waste, underground deposit | hazardous waste, for underground deposit | RoW | kg | ecoinvent 3.8"
Wafer manufacturing,"market for water, ultrapure",[REDACTED — ecoinvent-licensed value; reproduce via UUID + selection],kg,TRUE,2026,"SMITH_2018_DERIVED_GAAS_WAFER_CANDIDATE_NOT_BASELINE; Smith Table 67 Ultrapure water; normalized via recursive wafer process model and converted to 1 kg GaAs_wafer. Cleaning and etching Ultrapure water input. Smith Tables 67, 70, and 71 ultrapure water. TECHNOLOGY_TRANSFER_VARIANT: foreground process quantities are transferred from the source inventory to BLEECAM topology location; background electricity/geography adjusted where available. SOURCE_PROCESS_LOCATION=CN.",technosphere,JP,RoW,7436ffb1-a278-458f-a166-54965d932c10,"market for water, ultrapure | water, ultrapure | RoW | kg | ecoinvent 3.8"
Wafer manufacturing,"market for hydrogen peroxide, without water, in 50% solution state",[REDACTED — ecoinvent-licensed value; reproduce via UUID + selection],kg,TRUE,2026,SMITH_2018_DERIVED_GAAS_WAFER_CANDIDATE_NOT_BASELINE; Smith Table 67 H2O2; normalized via recursive wafer process model and converted to 1 kg GaAs_wafer. Cleaning and etching H2O2 input. Local 3.8 match uses RoW rather than Smith's GLO market. TECHNOLOGY_TRANSFER_VARIANT: foreground process quantities are transferred from the source inventory to BLEECAM topology location; background electricity/geography adjusted where available. SOURCE_PROCESS_LOCATION=CN.,technosphere,JP,RoW,9ee99cdb-d0c5-4ded-90fe-36b1c29ebfda,"market for hydrogen peroxide, without water, in 50% solution state | hydrogen peroxide, without water, in 50% solution state | RoW | kg | ecoinvent 3.8"
Wafer manufacturing,market for hydrogen fluoride,[REDACTED — ecoinvent-licensed value; reproduce via UUID + selection],kg,TRUE,2026,SMITH_2018_DERIVED_GAAS_WAFER_CANDIDATE_NOT_BASELINE; Smith Table 67 HF; normalized via recursive wafer process model and converted to 1 kg GaAs_wafer. Cleaning and etching HF input. Local 3.8 match uses RoW rather than Smith's GLO market. TECHNOLOGY_TRANSFER_VARIANT: foreground process quantities are transferred from the source inventory to BLEECAM topology location; background electricity/geography adjusted where available. SOURCE_PROCESS_LOCATION=CN.,technosphere,JP,RoW,d7f30fd5-2617-4ca9-bd0e-a096003d4a02,market for hydrogen fluoride | hydrogen fluoride | RoW | kg | ecoinvent 3.8
Wafer manufacturing,"market group for electricity, low voltage",[REDACTED — ecoinvent-licensed value; reproduce via UUID + selection],kWh,TRUE,2026,SMITH_2018_DERIVED_GAAS_WAFER_CANDIDATE_NOT_BASELINE; Smith Table 67 Electricity; normalized via recursive wafer process model and converted to 1 kg GaAs_wafer. Cleaning and etching ultrasonic cleaning electricity. Country-specific ecoinvent 3.8 low-voltage electricity for CN. TECHNOLOGY_TRANSFER_VARIANT: foreground process quantities are transferred from the source inventory to BLEECAM topology location; background electricity/geography adjusted where available. SOURCE_PROCESS_LOCATION=CN. ELECTRICITY_GEOGRAPHY_ADJUSTED_TO_JP: exact ecoinvent 3.8 electricity UUID used for topology process location.,technosphere,JP,JP,2057ef24-f4df-478c-b184-f842916c1862,"market for electricity, low voltage | electricity, low voltage | JP | kWh | ecoinvent 3.8"
Wafer manufacturing,"market group for electricity, low voltage",[REDACTED — ecoinvent-licensed value; reproduce via UUID + selection],kWh,TRUE,2026,SMITH_2018_DERIVED_GAAS_WAFER_CANDIDATE_NOT_BASELINE; Smith Table 67 Electricity; normalized via recursive wafer process model and converted to 1 kg GaAs_wafer. Cleaning and etching rinse tank electricity. Country-specific ecoinvent 3.8 low-voltage electricity for CN. TECHNOLOGY_TRANSFER_VARIANT: foreground process quantities are transferred from the source inventory to BLEECAM topology location; background electricity/geography adjusted where available. SOURCE_PROCESS_LOCATION=CN. ELECTRICITY_GEOGRAPHY_ADJUSTED_TO_JP: exact ecoinvent 3.8 electricity UUID used for topology process location.,technosphere,JP,JP,2057ef24-f4df-478c-b184-f842916c1862,"market for electricity, low voltage | electricity, low voltage | JP | kWh | ecoinvent 3.8"
Wafer manufacturing,"treatment of hazardous waste, underground deposit",[REDACTED — ecoinvent-licensed value; reproduce via UUID + selection],kg,TRUE,2026,SMITH_2018_DERIVED_GAAS_WAFER_CANDIDATE_NOT_BASELINE; Smith Table 67 Arsenic/etchant waste; normalized via recursive wafer process model and converted to 1 kg GaAs_wafer. Physical arsenic/etchant waste is positive in source; LiAISON row is negative for treatment burden. Waste treatment row uses negative value in LiAISON because the ecoinvent waste-treatment reference product is negative. TECHNOLOGY_TRANSFER_VARIANT: foreground process quantities are transferred from the source inventory to BLEECAM topology location; background electricity/geography adjusted where available. SOURCE_PROCESS_LOCATION=CN.,technosphere,JP,RoW,6b792a3a-a425-4d15-9d3d-34f942131a26,"treatment of hazardous waste, underground deposit | hazardous waste, for underground deposit | RoW | kg | ecoinvent 3.8"
Wafer manufacturing,"market for polyurethane, rigid foam",[REDACTED — ecoinvent-licensed value; reproduce via UUID + selection],kg,TRUE,2026,SMITH_2018_DERIVED_GAAS_WAFER_CANDIDATE_NOT_BASELINE; Smith Table 68 Polishing pad; normalized via recursive wafer process model and converted to 1 kg GaAs_wafer. Pre-polishing pad input. Smith polishing pad mapped to polyurethane rigid foam; local match is RoW. TECHNOLOGY_TRANSFER_VARIANT: foreground process quantities are transferred from the source inventory to BLEECAM topology location; background electricity/geography adjusted where available. SOURCE_PROCESS_LOCATION=CN.,technosphere,JP,RoW,22d4653b-b768-4637-8831-e58024b32956,"market for polyurethane, rigid foam | polyurethane, rigid foam | RoW | kg | ecoinvent 3.8"
Wafer manufacturing,market for silica sand,[REDACTED — ecoinvent-licensed value; reproduce via UUID + selection],kg,TRUE,2026,SMITH_2018_DERIVED_GAAS_WAFER_CANDIDATE_NOT_BASELINE; Smith Table 66 via Table 68 pre-polishing Silica particles; normalized via recursive wafer process model and converted to 1 kg GaAs_wafer. Expanded sawing slurry silica particles for Table 68 pre-polishing. Proxy for very fine milled silica particles in Smith Tables 66 and 70. PROXY_NEEDS_REVIEW. TECHNOLOGY_TRANSFER_VARIANT: foreground process quantities are transferred from the source inventory to BLEECAM topology location; background electricity/geography adjusted where available. SOURCE_PROCESS_LOCATION=CN.,technosphere,JP,GLO,8ab9b882-6ec9-4bc8-8286-e82519322068,market for silica sand | silica sand | GLO | kg | ecoinvent 3.8
Wafer manufacturing,market for triethylene glycol,[REDACTED — ecoinvent-licensed value; reproduce via UUID + selection],kg,TRUE,2026,SMITH_2018_DERIVED_GAAS_WAFER_CANDIDATE_NOT_BASELINE; Smith Table 66 via Table 68 pre-polishing Polyethylene glycol; normalized via recursive wafer process model and converted to 1 kg GaAs_wafer. Expanded sawing slurry glycol input for Table 68 pre-polishing. Smith Table 66 polyethylene glycol mapped to triethylene glycol. TECHNOLOGY_TRANSFER_VARIANT: foreground process quantities are transferred from the source inventory to BLEECAM topology location; background electricity/geography adjusted where available. SOURCE_PROCESS_LOCATION=CN.,technosphere,JP,RoW,5d41f09e-ced8-45b1-b003-e7701ff0892d,market for triethylene glycol | triethylene glycol | RoW | kg | ecoinvent 3.8
Wafer manufacturing,"market group for electricity, low voltage",[REDACTED — ecoinvent-licensed value; reproduce via UUID + selection],kWh,TRUE,2026,SMITH_2018_DERIVED_GAAS_WAFER_CANDIDATE_NOT_BASELINE; Smith Table 68 Electricity; normalized via recursive wafer process model and converted to 1 kg GaAs_wafer. Pre-polishing electricity. Country-specific ecoinvent 3.8 low-voltage electricity for CN. TECHNOLOGY_TRANSFER_VARIANT: foreground process quantities are transferred from the source inventory to BLEECAM topology location; background electricity/geography adjusted where available. SOURCE_PROCESS_LOCATION=CN. ELECTRICITY_GEOGRAPHY_ADJUSTED_TO_JP: exact ecoinvent 3.8 electricity UUID used for topology process location.,technosphere,JP,JP,2057ef24-f4df-478c-b184-f842916c1862,"market for electricity, low voltage | electricity, low voltage | JP | kWh | ecoinvent 3.8"
Wafer manufacturing,"treatment of hazardous waste, underground deposit",[REDACTED — ecoinvent-licensed value; reproduce via UUID + selection],kg,TRUE,2026,SMITH_2018_DERIVED_GAAS_WAFER_CANDIDATE_NOT_BASELINE; Smith Table 68 Arsenic waste from pre-polishing; normalized via recursive wafer process model and converted to 1 kg GaAs_wafer. Physical pre-polishing arsenic waste is positive in source; LiAISON row is negative for treatment burden. Waste treatment row uses negative value in LiAISON because the ecoinvent waste-treatment reference product is negative. TECHNOLOGY_TRANSFER_VARIANT: foreground process quantities are transferred from the source inventory to BLEECAM topology location; background electricity/geography adjusted where available. SOURCE_PROCESS_LOCATION=CN.,technosphere,JP,RoW,6b792a3a-a425-4d15-9d3d-34f942131a26,"treatment of hazardous waste, underground deposit | hazardous waste, for underground deposit | RoW | kg | ecoinvent 3.8"
Wafer manufacturing,"market for polyurethane, rigid foam",[REDACTED — ecoinvent-licensed value; reproduce via UUID + selection],kg,TRUE,2026,SMITH_2018_DERIVED_GAAS_WAFER_CANDIDATE_NOT_BASELINE; Smith Table 69 Polishing pad; normalized via recursive wafer process model and converted to 1 kg GaAs_wafer. CMP polishing pad input. Smith polishing pad mapped to polyurethane rigid foam; local match is RoW. TECHNOLOGY_TRANSFER_VARIANT: foreground process quantities are transferred from the source inventory to BLEECAM topology location; background electricity/geography adjusted where available. SOURCE_PROCESS_LOCATION=CN.,technosphere,JP,RoW,22d4653b-b768-4637-8831-e58024b32956,"market for polyurethane, rigid foam | polyurethane, rigid foam | RoW | kg | ecoinvent 3.8"
Wafer manufacturing,market for silica sand,[REDACTED — ecoinvent-licensed value; reproduce via UUID + selection],kg,TRUE,2026,SMITH_2018_DERIVED_GAAS_WAFER_CANDIDATE_NOT_BASELINE; Smith Table 70 via Table 69 CMP Silica particles; normalized via recursive wafer process model and converted to 1 kg GaAs_wafer. Expanded CMP slurry input. Proxy for very fine milled silica particles in Smith Tables 66 and 70. PROXY_NEEDS_REVIEW. TECHNOLOGY_TRANSFER_VARIANT: foreground process quantities are transferred from the source inventory to BLEECAM topology location; background electricity/geography adjusted where available. SOURCE_PROCESS_LOCATION=CN.,technosphere,JP,GLO,8ab9b882-6ec9-4bc8-8286-e82519322068,market for silica sand | silica sand | GLO | kg | ecoinvent 3.8
Wafer manufacturing,"market for water, ultrapure",[REDACTED — ecoinvent-licensed value; reproduce via UUID + selection],kg,TRUE,2026,"SMITH_2018_DERIVED_GAAS_WAFER_CANDIDATE_NOT_BASELINE; Smith Table 70 via Table 69 CMP Ultrapure water; normalized via recursive wafer process model and converted to 1 kg GaAs_wafer. Expanded CMP slurry input. Smith Tables 67, 70, and 71 ultrapure water. TECHNOLOGY_TRANSFER_VARIANT: foreground process quantities are transferred from the source inventory to BLEECAM topology location; background electricity/geography adjusted where available. SOURCE_PROCESS_LOCATION=CN.",technosphere,JP,RoW,7436ffb1-a278-458f-a166-54965d932c10,"market for water, ultrapure | water, ultrapure | RoW | kg | ecoinvent 3.8"
Wafer manufacturing,market for potassium hydroxide,[REDACTED — ecoinvent-licensed value; reproduce via UUID + selection],kg,TRUE,2026,SMITH_2018_DERIVED_GAAS_WAFER_CANDIDATE_NOT_BASELINE; Smith Table 70 via Table 69 CMP KOH; normalized via recursive wafer process model and converted to 1 kg GaAs_wafer. Expanded CMP slurry input. Smith Tables 70 and 71 KOH input. TECHNOLOGY_TRANSFER_VARIANT: foreground process quantities are transferred from the source inventory to BLEECAM topology location; background electricity/geography adjusted where available. SOURCE_PROCESS_LOCATION=CN.,technosphere,JP,GLO,369a39a2-f0b7-4045-9b47-d47fe1759e8e,market for potassium hydroxide | potassium hydroxide | GLO | kg | ecoinvent 3.8
Wafer manufacturing,"market group for electricity, low voltage",[REDACTED — ecoinvent-licensed value; reproduce via UUID + selection],kWh,TRUE,2026,SMITH_2018_DERIVED_GAAS_WAFER_CANDIDATE_NOT_BASELINE; Smith Table 69 Electricity; normalized via recursive wafer process model and converted to 1 kg GaAs_wafer. CMP electricity. Country-specific ecoinvent 3.8 low-voltage electricity for CN. TECHNOLOGY_TRANSFER_VARIANT: foreground process quantities are transferred from the source inventory to BLEECAM topology location; background electricity/geography adjusted where available. SOURCE_PROCESS_LOCATION=CN. ELECTRICITY_GEOGRAPHY_ADJUSTED_TO_JP: exact ecoinvent 3.8 electricity UUID used for topology process location.,technosphere,JP,JP,2057ef24-f4df-478c-b184-f842916c1862,"market for electricity, low voltage | electricity, low voltage | JP | kWh | ecoinvent 3.8"
Wafer manufacturing,"treatment of hazardous waste, underground deposit",[REDACTED — ecoinvent-licensed value; reproduce via UUID + selection],kg,TRUE,2026,SMITH_2018_DERIVED_GAAS_WAFER_CANDIDATE_NOT_BASELINE; Smith Table 69 Arsenic waste from CMP; normalized via recursive wafer process model and converted to 1 kg GaAs_wafer. Physical CMP arsenic waste is positive in source; LiAISON row is negative for treatment burden. Waste treatment row uses negative value in LiAISON because the ecoinvent waste-treatment reference product is negative. TECHNOLOGY_TRANSFER_VARIANT: foreground process quantities are transferred from the source inventory to BLEECAM topology location; background electricity/geography adjusted where available. SOURCE_PROCESS_LOCATION=CN.,technosphere,JP,RoW,6b792a3a-a425-4d15-9d3d-34f942131a26,"treatment of hazardous waste, underground deposit | hazardous waste, for underground deposit | RoW | kg | ecoinvent 3.8"
Wafer manufacturing,"market for water, ultrapure",[REDACTED — ecoinvent-licensed value; reproduce via UUID + selection],kg,TRUE,2026,"SMITH_2018_DERIVED_GAAS_WAFER_CANDIDATE_NOT_BASELINE; Smith Table 71 Ultrapure water; normalized via recursive wafer process model and converted to 1 kg GaAs_wafer. Final cleaning/QC/packaging Ultrapure water input. Smith Tables 67, 70, and 71 ultrapure water. TECHNOLOGY_TRANSFER_VARIANT: foreground process quantities are transferred from the source inventory to BLEECAM topology location; background electricity/geography adjusted where available. SOURCE_PROCESS_LOCATION=CN.",technosphere,JP,RoW,7436ffb1-a278-458f-a166-54965d932c10,"market for water, ultrapure | water, ultrapure | RoW | kg | ecoinvent 3.8"
Wafer manufacturing,market for potassium hydroxide,[REDACTED — ecoinvent-licensed value; reproduce via UUID + selection],kg,TRUE,2026,SMITH_2018_DERIVED_GAAS_WAFER_CANDIDATE_NOT_BASELINE; Smith Table 71 KOH; normalized via recursive wafer process model and converted to 1 kg GaAs_wafer. Final cleaning/QC/packaging KOH input. Smith Tables 70 and 71 KOH input. TECHNOLOGY_TRANSFER_VARIANT: foreground process quantities are transferred from the source inventory to BLEECAM topology location; background electricity/geography adjusted where available. SOURCE_PROCESS_LOCATION=CN.,technosphere,JP,GLO,369a39a2-f0b7-4045-9b47-d47fe1759e8e,market for potassium hydroxide | potassium hydroxide | GLO | kg | ecoinvent 3.8
Wafer manufacturing,"market for polyethylene terephthalate, granulate, bottle grade",[REDACTED — ecoinvent-licensed value; reproduce via UUID + selection],kg,TRUE,2026,SMITH_2018_DERIVED_GAAS_WAFER_CANDIDATE_NOT_BASELINE; Smith Table 71 Plastic cassette; normalized via recursive wafer process model and converted to 1 kg GaAs_wafer. Final cleaning/QC/packaging Plastic cassette input. Smith plastic cassette PET input. TECHNOLOGY_TRANSFER_VARIANT: foreground process quantities are transferred from the source inventory to BLEECAM topology location; background electricity/geography adjusted where available. SOURCE_PROCESS_LOCATION=CN.,technosphere,JP,GLO,62fc7e9b-79f5-4e56-91e6-89f6bced8aaf,"market for polyethylene terephthalate, granulate, bottle grade | polyethylene terephthalate, granulate, bottle grade | GLO | kg | ecoinvent 3.8"
Wafer manufacturing,"market for aluminium, primary, ingot",[REDACTED — ecoinvent-licensed value; reproduce via UUID + selection],kg,TRUE,2026,SMITH_2018_DERIVED_GAAS_WAFER_CANDIDATE_NOT_BASELINE; Smith Table 71 Foil bag; normalized via recursive wafer process model and converted to 1 kg GaAs_wafer. Final cleaning/QC/packaging Foil bag input. Smith foil bag aluminum input. TECHNOLOGY_TRANSFER_VARIANT: foreground process quantities are transferred from the source inventory to BLEECAM topology location; background electricity/geography adjusted where available. SOURCE_PROCESS_LOCATION=CN.,technosphere,JP,RoW,3b615fcc-d7ab-4aba-bf70-3c19e89e933c,"market for aluminium, primary, ingot | aluminium, primary, ingot | RoW | kg | ecoinvent 3.8"
Wafer manufacturing,"market for packaging film, low density polyethylene",[REDACTED — ecoinvent-licensed value; reproduce via UUID + selection],kg,TRUE,2026,SMITH_2018_DERIVED_GAAS_WAFER_CANDIDATE_NOT_BASELINE; Smith Table 71 PET bag; normalized via recursive wafer process model and converted to 1 kg GaAs_wafer. Final cleaning/QC/packaging PET bag input. Smith PET bag row mapped to LDPE packaging film as cited in source table. TECHNOLOGY_TRANSFER_VARIANT: foreground process quantities are transferred from the source inventory to BLEECAM topology location; background electricity/geography adjusted where available. SOURCE_PROCESS_LOCATION=CN.,technosphere,JP,GLO,afd8e87f-23b0-4214-8696-74b8ecd52c3b,"market for packaging film, low density polyethylene | packaging film, low density polyethylene | GLO | kg | ecoinvent 3.8"
Wafer manufacturing,"market group for electricity, low voltage",[REDACTED — ecoinvent-licensed value; reproduce via UUID + selection],kWh,TRUE,2026,SMITH_2018_DERIVED_GAAS_WAFER_CANDIDATE_NOT_BASELINE; Smith Table 71 Electricity; normalized via recursive wafer process model and converted to 1 kg GaAs_wafer. Final cleaning/QC/packaging QC flatness electricity. Country-specific ecoinvent 3.8 low-voltage electricity for CN. TECHNOLOGY_TRANSFER_VARIANT: foreground process quantities are transferred from the source inventory to BLEECAM topology location; background electricity/geography adjusted where available. SOURCE_PROCESS_LOCATION=CN. ELECTRICITY_GEOGRAPHY_ADJUSTED_TO_JP: exact ecoinvent 3.8 electricity UUID used for topology process location.,technosphere,JP,JP,2057ef24-f4df-478c-b184-f842916c1862,"market for electricity, low voltage | electricity, low voltage | JP | kWh | ecoinvent 3.8"
Wafer manufacturing,"market group for electricity, low voltage",[REDACTED — ecoinvent-licensed value; reproduce via UUID + selection],kWh,TRUE,2026,SMITH_2018_DERIVED_GAAS_WAFER_CANDIDATE_NOT_BASELINE; Smith Table 71 Electricity; normalized via recursive wafer process model and converted to 1 kg GaAs_wafer. Final cleaning/QC/packaging QC surface electricity. Country-specific ecoinvent 3.8 low-voltage electricity for CN. TECHNOLOGY_TRANSFER_VARIANT: foreground process quantities are transferred from the source inventory to BLEECAM topology location; background electricity/geography adjusted where available. SOURCE_PROCESS_LOCATION=CN. ELECTRICITY_GEOGRAPHY_ADJUSTED_TO_JP: exact ecoinvent 3.8 electricity UUID used for topology process location.,technosphere,JP,JP,2057ef24-f4df-478c-b184-f842916c1862,"market for electricity, low voltage | electricity, low voltage | JP | kWh | ecoinvent 3.8"
Wafer manufacturing,GaAs_wafer,1,kg,FALSE,2026,"SMITH_2018_DERIVED_GAAS_WAFER_CANDIDATE_NOT_BASELINE; Smith-derived candidate GaAs wafer manufacturing output; topology product; functional unit is 1 kg GaAs_wafer. The U.S. import-weighted GaAs wafer technology mix is not publicly documented. Public trade data identify country of origin and quantity/value under HTS 3818.00.00.10, while public supplier data show that commercial GaAs wafers are produced mainly using VGF and LEC crystal-growth routes with varying diameter, thickness, conductivity type, dopant, and surface finish. Therefore, Smith 2018 is used as a representative process benchmark rather than an import-weighted technology-average LCI. MASTER_BOUNDARY_NOTE: Smith 2018 GaAs wafer benchmark; upstream 6N_Ga burden excluded; internal gallium reclaim retained; external GaAs scrap recovery not activated in baseline. TECHNOLOGY_TRANSFER_VARIANT: foreground process quantities are transferred from the source inventory to BLEECAM topology location; background electricity/geography adjusted where available. SOURCE_PROCESS_LOCATION=CN.",production,KR,KR,,FOREGROUND_OUTPUT: GaAs_wafer; no ecoinvent UUID assigned
Wafer manufacturing,market for boron carbide,[REDACTED — ecoinvent-licensed value; reproduce via UUID + selection],kg,TRUE,2026,SMITH_2018_DERIVED_GAAS_WAFER_CANDIDATE_NOT_BASELINE; Smith Table 58 pBN crucible; normalized via recursive wafer process model and converted to 1 kg GaAs_wafer. pBN crucible input for polycrystalline boule; Smith mapped pBN crucible to boron carbide. Smith maps pBN crucible to boron carbide; proxy retained. PROXY_NEEDS_REVIEW. TECHNOLOGY_TRANSFER_VARIANT: foreground process quantities are transferred from the source inventory to BLEECAM topology location; background electricity/geography adjusted where available. SOURCE_PROCESS_LOCATION=CN.,technosphere,KR,GLO,4821932f-324d-47a2-a205-54e43d563cc4,market for boron carbide | boron carbide | GLO | kg | ecoinvent 3.8
Wafer manufacturing,"market group for electricity, low voltage",[REDACTED — ecoinvent-licensed value; reproduce via UUID + selection],kWh,TRUE,2026,SMITH_2018_DERIVED_GAAS_WAFER_CANDIDATE_NOT_BASELINE; Smith Table 58 Electricity; normalized via recursive wafer process model and converted to 1 kg GaAs_wafer. Polycrystalline boule furnace electricity. Country-specific ecoinvent 3.8 low-voltage electricity for CN. TECHNOLOGY_TRANSFER_VARIANT: foreground process quantities are transferred from the source inventory to BLEECAM topology location; background electricity/geography adjusted where available. SOURCE_PROCESS_LOCATION=CN. ELECTRICITY_GEOGRAPHY_ADJUSTED_TO_KR: exact ecoinvent 3.8 electricity UUID used for topology process location.,technosphere,KR,KR,51f1ded1-57ab-4e3e-a39b-c331acf6a25e,"market for electricity, low voltage | electricity, low voltage | KR | kWh | ecoinvent 3.8"
Wafer manufacturing,"treatment of hazardous waste, underground deposit",[REDACTED — ecoinvent-licensed value; reproduce via UUID + selection],kg,TRUE,2026,SMITH_2018_DERIVED_GAAS_WAFER_CANDIDATE_NOT_BASELINE; Smith Table 58 pBN crucible waste; normalized via recursive wafer process model and converted to 1 kg GaAs_wafer. Physical pBN crucible waste from polycrystalline boule is positive in source; LiAISON row is negative for treatment burden. Waste treatment row uses negative value in LiAISON because the ecoinvent waste-treatment reference product is negative. TECHNOLOGY_TRANSFER_VARIANT: foreground process quantities are transferred from the source inventory to BLEECAM topology location; background electricity/geography adjusted where available. SOURCE_PROCESS_LOCATION=CN.,technosphere,KR,RoW,6b792a3a-a425-4d15-9d3d-34f942131a26,"treatment of hazardous waste, underground deposit | hazardous waste, for underground deposit | RoW | kg | ecoinvent 3.8"
Wafer manufacturing,"market group for electricity, low voltage",[REDACTED — ecoinvent-licensed value; reproduce via UUID + selection],kWh,TRUE,2026,SMITH_2018_DERIVED_GAAS_WAFER_CANDIDATE_NOT_BASELINE; Smith Table 59 Electricity; normalized via recursive wafer process model and converted to 1 kg GaAs_wafer. 6N_Ga to 7N gallium purification electricity included as incremental wafer-manufacturing burden; 6N_Ga material burden excluded. Country-specific ecoinvent 3.8 low-voltage electricity for CN. TECHNOLOGY_TRANSFER_VARIANT: foreground process quantities are transferred from the source inventory to BLEECAM topology location; background electricity/geography adjusted where available. SOURCE_PROCESS_LOCATION=CN. ELECTRICITY_GEOGRAPHY_ADJUSTED_TO_KR: exact ecoinvent 3.8 electricity UUID used for topology process location.,technosphere,KR,KR,51f1ded1-57ab-4e3e-a39b-c331acf6a25e,"market for electricity, low voltage | electricity, low voltage | KR | kWh | ecoinvent 3.8"
Wafer manufacturing,"market for hydrogen, liquid",[REDACTED — ecoinvent-licensed value; reproduce via UUID + selection],kg,TRUE,2026,SMITH_2018_DERIVED_GAAS_WAFER_CANDIDATE_NOT_BASELINE; Smith Table 60 Hydrogen; normalized via recursive wafer process model and converted to 1 kg GaAs_wafer. 7N arsenic preparation hydrogen input. Smith Table 60 and Table 64 hydrogen input. TECHNOLOGY_TRANSFER_VARIANT: foreground process quantities are transferred from the source inventory to BLEECAM topology location; background electricity/geography adjusted where available. SOURCE_PROCESS_LOCATION=CN.,technosphere,KR,RoW,e532b3ce-f9b0-4c78-9162-d1741538c4d8,"market for hydrogen, liquid | hydrogen, liquid | RoW | kg | ecoinvent 3.8"
Wafer manufacturing,"market for argon, liquid",[REDACTED — ecoinvent-licensed value; reproduce via UUID + selection],kg,TRUE,2026,SMITH_2018_DERIVED_GAAS_WAFER_CANDIDATE_NOT_BASELINE; Smith Table 60 Argon; normalized via recursive wafer process model and converted to 1 kg GaAs_wafer. 7N arsenic preparation argon input. Smith cites GLO argon; local ecoinvent 3.8 match uses RoW liquid argon. TECHNOLOGY_TRANSFER_VARIANT: foreground process quantities are transferred from the source inventory to BLEECAM topology location; background electricity/geography adjusted where available. SOURCE_PROCESS_LOCATION=CN.,technosphere,KR,RoW,3cecca5b-1111-40d1-8013-2b57d85bfaf8,"market for argon, liquid | argon, liquid | RoW | kg | ecoinvent 3.8"
Wafer manufacturing,"market group for electricity, low voltage",[REDACTED — ecoinvent-licensed value; reproduce via UUID + selection],kWh,TRUE,2026,SMITH_2018_DERIVED_GAAS_WAFER_CANDIDATE_NOT_BASELINE; Smith Table 60 Electricity; normalized via recursive wafer process model and converted to 1 kg GaAs_wafer. 7N arsenic preparation electricity. Country-specific ecoinvent 3.8 low-voltage electricity for CN. TECHNOLOGY_TRANSFER_VARIANT: foreground process quantities are transferred from the source inventory to BLEECAM topology location; background electricity/geography adjusted where available. SOURCE_PROCESS_LOCATION=CN. ELECTRICITY_GEOGRAPHY_ADJUSTED_TO_KR: exact ecoinvent 3.8 electricity UUID used for topology process location.,technosphere,KR,KR,51f1ded1-57ab-4e3e-a39b-c331acf6a25e,"market for electricity, low voltage | electricity, low voltage | KR | kWh | ecoinvent 3.8"
Wafer manufacturing,market for boric oxide,[REDACTED — ecoinvent-licensed value; reproduce via UUID + selection],kg,TRUE,2026,SMITH_2018_DERIVED_GAAS_WAFER_CANDIDATE_NOT_BASELINE; Smith Table 61 Boron oxide; normalized via recursive wafer process model and converted to 1 kg GaAs_wafer. Single-crystal boule boron oxide input. Smith Table 61 boron oxide input mapped to ecoinvent boric oxide. TECHNOLOGY_TRANSFER_VARIANT: foreground process quantities are transferred from the source inventory to BLEECAM topology location; background electricity/geography adjusted where available. SOURCE_PROCESS_LOCATION=CN.,technosphere,KR,GLO,9ebf1145-cbfa-4b48-b1cb-0677582600dd,market for boric oxide | boric oxide | GLO | kg | ecoinvent 3.8
Wafer manufacturing,market for boron carbide,[REDACTED — ecoinvent-licensed value; reproduce via UUID + selection],kg,TRUE,2026,SMITH_2018_DERIVED_GAAS_WAFER_CANDIDATE_NOT_BASELINE; Smith Table 61 pBN crucible; normalized via recursive wafer process model and converted to 1 kg GaAs_wafer. Single-crystal boule pBN crucible input. Smith maps pBN crucible to boron carbide; proxy retained. PROXY_NEEDS_REVIEW. TECHNOLOGY_TRANSFER_VARIANT: foreground process quantities are transferred from the source inventory to BLEECAM topology location; background electricity/geography adjusted where available. SOURCE_PROCESS_LOCATION=CN.,technosphere,KR,GLO,4821932f-324d-47a2-a205-54e43d563cc4,market for boron carbide | boron carbide | GLO | kg | ecoinvent 3.8
Wafer manufacturing,"market group for electricity, low voltage",[REDACTED — ecoinvent-licensed value; reproduce via UUID + selection],kWh,TRUE,2026,SMITH_2018_DERIVED_GAAS_WAFER_CANDIDATE_NOT_BASELINE; Smith Table 61 Electricity; normalized via recursive wafer process model and converted to 1 kg GaAs_wafer. Single-crystal GaAs boule furnace electricity. Country-specific ecoinvent 3.8 low-voltage electricity for CN. TECHNOLOGY_TRANSFER_VARIANT: foreground process quantities are transferred from the source inventory to BLEECAM topology location; background electricity/geography adjusted where available. SOURCE_PROCESS_LOCATION=CN. ELECTRICITY_GEOGRAPHY_ADJUSTED_TO_KR: exact ecoinvent 3.8 electricity UUID used for topology process location.,technosphere,KR,KR,51f1ded1-57ab-4e3e-a39b-c331acf6a25e,"market for electricity, low voltage | electricity, low voltage | KR | kWh | ecoinvent 3.8"
Wafer manufacturing,"treatment of hazardous waste, underground deposit",[REDACTED — ecoinvent-licensed value; reproduce via UUID + selection],kg,TRUE,2026,SMITH_2018_DERIVED_GAAS_WAFER_CANDIDATE_NOT_BASELINE; Smith Table 61 pBN crucible waste; normalized via recursive wafer process model and converted to 1 kg GaAs_wafer. Physical pBN crucible waste from single-crystal boule is positive in source; LiAISON row is negative for treatment burden. Waste treatment row uses negative value in LiAISON because the ecoinvent waste-treatment reference product is negative. TECHNOLOGY_TRANSFER_VARIANT: foreground process quantities are transferred from the source inventory to BLEECAM topology location; background electricity/geography adjusted where available. SOURCE_PROCESS_LOCATION=CN.,technosphere,KR,RoW,6b792a3a-a425-4d15-9d3d-34f942131a26,"treatment of hazardous waste, underground deposit | hazardous waste, for underground deposit | RoW | kg | ecoinvent 3.8"
Wafer manufacturing,"treatment of hazardous waste, underground deposit",[REDACTED — ecoinvent-licensed value; reproduce via UUID + selection],kg,TRUE,2026,SMITH_2018_DERIVED_GAAS_WAFER_CANDIDATE_NOT_BASELINE; Smith Table 61 Boron oxide waste; normalized via recursive wafer process model and converted to 1 kg GaAs_wafer. Physical Boron oxide waste from single-crystal boule is positive in source; LiAISON row is negative for treatment burden. Waste treatment row uses negative value in LiAISON because the ecoinvent waste-treatment reference product is negative. TECHNOLOGY_TRANSFER_VARIANT: foreground process quantities are transferred from the source inventory to BLEECAM topology location; background electricity/geography adjusted where available. SOURCE_PROCESS_LOCATION=CN.,technosphere,KR,RoW,6b792a3a-a425-4d15-9d3d-34f942131a26,"treatment of hazardous waste, underground deposit | hazardous waste, for underground deposit | RoW | kg | ecoinvent 3.8"
Wafer manufacturing,"treatment of hazardous waste, underground deposit",[REDACTED — ecoinvent-licensed value; reproduce via UUID + selection],kg,TRUE,2026,SMITH_2018_DERIVED_GAAS_WAFER_CANDIDATE_NOT_BASELINE; Smith Table 61 7N Arsenic waste; normalized via recursive wafer process model and converted to 1 kg GaAs_wafer. Physical 7N Arsenic waste from single-crystal boule is positive in source; LiAISON row is negative for treatment burden. Waste treatment row uses negative value in LiAISON because the ecoinvent waste-treatment reference product is negative. TECHNOLOGY_TRANSFER_VARIANT: foreground process quantities are transferred from the source inventory to BLEECAM topology location; background electricity/geography adjusted where available. SOURCE_PROCESS_LOCATION=CN.,technosphere,KR,RoW,6b792a3a-a425-4d15-9d3d-34f942131a26,"treatment of hazardous waste, underground deposit | hazardous waste, for underground deposit | RoW | kg | ecoinvent 3.8"
Wafer manufacturing,"market for steel, unalloyed",[REDACTED — ecoinvent-licensed value; reproduce via UUID + selection],kg,TRUE,2026,SMITH_2018_DERIVED_GAAS_WAFER_CANDIDATE_NOT_BASELINE; Smith Table 62 Steel wire (cropping); normalized via recursive wafer process model and converted to 1 kg GaAs_wafer. Cropping steel wire input. Proxy for Smith steel wire rod and diamond saw steel body. PROXY_NEEDS_REVIEW. TECHNOLOGY_TRANSFER_VARIANT: foreground process quantities are transferred from the source inventory to BLEECAM topology location; background electricity/geography adjusted where available. SOURCE_PROCESS_LOCATION=CN.,technosphere,KR,GLO,c72cb8cf-a36f-4bca-afde-aa76c12f0e18,"market for steel, unalloyed | steel, unalloyed | GLO | kg | ecoinvent 3.8"
Wafer manufacturing,"market group for electricity, low voltage",[REDACTED — ecoinvent-licensed value; reproduce via UUID + selection],kWh,TRUE,2026,SMITH_2018_DERIVED_GAAS_WAFER_CANDIDATE_NOT_BASELINE; Smith Table 62 Electricity; normalized via recursive wafer process model and converted to 1 kg GaAs_wafer. X-ray/cropping/grinding notch x-ray electricity. Country-specific ecoinvent 3.8 low-voltage electricity for CN. TECHNOLOGY_TRANSFER_VARIANT: foreground process quantities are transferred from the source inventory to BLEECAM topology location; background electricity/geography adjusted where available. SOURCE_PROCESS_LOCATION=CN. ELECTRICITY_GEOGRAPHY_ADJUSTED_TO_KR: exact ecoinvent 3.8 electricity UUID used for topology process location.,technosphere,KR,KR,51f1ded1-57ab-4e3e-a39b-c331acf6a25e,"market for electricity, low voltage | electricity, low voltage | KR | kWh | ecoinvent 3.8"
Wafer manufacturing,"market group for electricity, low voltage",[REDACTED — ecoinvent-licensed value; reproduce via UUID + selection],kWh,TRUE,2026,SMITH_2018_DERIVED_GAAS_WAFER_CANDIDATE_NOT_BASELINE; Smith Table 62 Electricity; normalized via recursive wafer process model and converted to 1 kg GaAs_wafer. X-ray/cropping/grinding notch cropping electricity. Country-specific ecoinvent 3.8 low-voltage electricity for CN. TECHNOLOGY_TRANSFER_VARIANT: foreground process quantities are transferred from the source inventory to BLEECAM topology location; background electricity/geography adjusted where available. SOURCE_PROCESS_LOCATION=CN. ELECTRICITY_GEOGRAPHY_ADJUSTED_TO_KR: exact ecoinvent 3.8 electricity UUID used for topology process location.,technosphere,KR,KR,51f1ded1-57ab-4e3e-a39b-c331acf6a25e,"market for electricity, low voltage | electricity, low voltage | KR | kWh | ecoinvent 3.8"
Wafer manufacturing,"market group for electricity, low voltage",[REDACTED — ecoinvent-licensed value; reproduce via UUID + selection],kWh,TRUE,2026,SMITH_2018_DERIVED_GAAS_WAFER_CANDIDATE_NOT_BASELINE; Smith Table 62 Electricity; normalized via recursive wafer process model and converted to 1 kg GaAs_wafer. X-ray/cropping/grinding notch notch electricity. Country-specific ecoinvent 3.8 low-voltage electricity for CN. TECHNOLOGY_TRANSFER_VARIANT: foreground process quantities are transferred from the source inventory to BLEECAM topology location; background electricity/geography adjusted where available. SOURCE_PROCESS_LOCATION=CN. ELECTRICITY_GEOGRAPHY_ADJUSTED_TO_KR: exact ecoinvent 3.8 electricity UUID used for topology process location.,technosphere,KR,KR,51f1ded1-57ab-4e3e-a39b-c331acf6a25e,"market for electricity, low voltage | electricity, low voltage | KR | kWh | ecoinvent 3.8"
Wafer manufacturing,"treatment of hazardous waste, underground deposit",[REDACTED — ecoinvent-licensed value; reproduce via UUID + selection],kg,TRUE,2026,SMITH_2018_DERIVED_GAAS_WAFER_CANDIDATE_NOT_BASELINE; Smith Table 62 Arsenic waste; normalized via recursive wafer process model and converted to 1 kg GaAs_wafer. Physical arsenic cropping waste is positive in source; LiAISON row is negative for treatment burden. Waste treatment row uses negative value in LiAISON because the ecoinvent waste-treatment reference product is negative. TECHNOLOGY_TRANSFER_VARIANT: foreground process quantities are transferred from the source inventory to BLEECAM topology location; background electricity/geography adjusted where available. SOURCE_PROCESS_LOCATION=CN.,technosphere,KR,RoW,6b792a3a-a425-4d15-9d3d-34f942131a26,"treatment of hazardous waste, underground deposit | hazardous waste, for underground deposit | RoW | kg | ecoinvent 3.8"
Wafer manufacturing,"market for steel, unalloyed",[REDACTED — ecoinvent-licensed value; reproduce via UUID + selection],kg,TRUE,2026,SMITH_2018_DERIVED_GAAS_WAFER_CANDIDATE_NOT_BASELINE; Smith Table 63 via Table 62 notch saw Steel; normalized via recursive wafer process model and converted to 1 kg GaAs_wafer. Expanded diamond saw steel input for Table 62 notch saw. Proxy for Smith steel wire rod and diamond saw steel body. PROXY_NEEDS_REVIEW. TECHNOLOGY_TRANSFER_VARIANT: foreground process quantities are transferred from the source inventory to BLEECAM topology location; background electricity/geography adjusted where available. SOURCE_PROCESS_LOCATION=CN.,technosphere,KR,GLO,c72cb8cf-a36f-4bca-afde-aa76c12f0e18,"market for steel, unalloyed | steel, unalloyed | GLO | kg | ecoinvent 3.8"
Wafer manufacturing,"market group for electricity, low voltage",[REDACTED — ecoinvent-licensed value; reproduce via UUID + selection],kWh,TRUE,2026,SMITH_2018_DERIVED_GAAS_WAFER_CANDIDATE_NOT_BASELINE; Smith Table 63 via Table 62 notch saw Electricity; normalized via recursive wafer process model and converted to 1 kg GaAs_wafer. Expanded diamond saw manufacturing electricity for Table 62 notch saw. Country-specific ecoinvent 3.8 low-voltage electricity for CN. TECHNOLOGY_TRANSFER_VARIANT: foreground process quantities are transferred from the source inventory to BLEECAM topology location; background electricity/geography adjusted where available. SOURCE_PROCESS_LOCATION=CN. ELECTRICITY_GEOGRAPHY_ADJUSTED_TO_KR: exact ecoinvent 3.8 electricity UUID used for topology process location.,technosphere,KR,KR,51f1ded1-57ab-4e3e-a39b-c331acf6a25e,"market for electricity, low voltage | electricity, low voltage | KR | kWh | ecoinvent 3.8"
Wafer manufacturing,"market group for natural gas, high pressure",[REDACTED — ecoinvent-licensed value; reproduce via UUID + selection],m3,TRUE,2026,SMITH_2018_DERIVED_GAAS_WAFER_CANDIDATE_NOT_BASELINE; Smith Table 64 via Table 62 notch saw Methane; normalized via recursive wafer process model and converted to 1 kg GaAs_wafer. Expanded synthetic diamond methane/natural gas input for Table 62 notch saw. Smith Table 64 methane input mapped to natural gas high pressure. TECHNOLOGY_TRANSFER_VARIANT: foreground process quantities are transferred from the source inventory to BLEECAM topology location; background electricity/geography adjusted where available. SOURCE_PROCESS_LOCATION=CN.,technosphere,KR,GLO,3d1de8e2-71d5-4759-9af8-c273736d2f67,"market group for natural gas, high pressure | natural gas, high pressure | GLO | m3 | ecoinvent 3.8"
Wafer manufacturing,"market for hydrogen, liquid",[REDACTED — ecoinvent-licensed value; reproduce via UUID + selection],kg,TRUE,2026,SMITH_2018_DERIVED_GAAS_WAFER_CANDIDATE_NOT_BASELINE; Smith Table 64 via Table 62 notch saw Hydrogen gas; normalized via recursive wafer process model and converted to 1 kg GaAs_wafer. Expanded synthetic diamond hydrogen input for Table 62 notch saw. Smith Table 60 and Table 64 hydrogen input. TECHNOLOGY_TRANSFER_VARIANT: foreground process quantities are transferred from the source inventory to BLEECAM topology location; background electricity/geography adjusted where available. SOURCE_PROCESS_LOCATION=CN.,technosphere,KR,RoW,e532b3ce-f9b0-4c78-9162-d1741538c4d8,"market for hydrogen, liquid | hydrogen, liquid | RoW | kg | ecoinvent 3.8"
Wafer manufacturing,"market group for electricity, low voltage",[REDACTED — ecoinvent-licensed value; reproduce via UUID + selection],kWh,TRUE,2026,SMITH_2018_DERIVED_GAAS_WAFER_CANDIDATE_NOT_BASELINE; Smith Table 64 via Table 62 notch saw Electricity; normalized via recursive wafer process model and converted to 1 kg GaAs_wafer. Expanded synthetic diamond electricity for Table 62 notch saw. Country-specific ecoinvent 3.8 low-voltage electricity for CN. TECHNOLOGY_TRANSFER_VARIANT: foreground process quantities are transferred from the source inventory to BLEECAM topology location; background electricity/geography adjusted where available. SOURCE_PROCESS_LOCATION=CN. ELECTRICITY_GEOGRAPHY_ADJUSTED_TO_KR: exact ecoinvent 3.8 electricity UUID used for topology process location.,technosphere,KR,KR,51f1ded1-57ab-4e3e-a39b-c331acf6a25e,"market for electricity, low voltage | electricity, low voltage | KR | kWh | ecoinvent 3.8"
Wafer manufacturing,"market for steel, unalloyed",[REDACTED — ecoinvent-licensed value; reproduce via UUID + selection],kg,TRUE,2026,SMITH_2018_DERIVED_GAAS_WAFER_CANDIDATE_NOT_BASELINE; Smith Table 65 Steel wire (wafering); normalized via recursive wafer process model and converted to 1 kg GaAs_wafer. Wafering steel wire input. Proxy for Smith steel wire rod and diamond saw steel body. PROXY_NEEDS_REVIEW. TECHNOLOGY_TRANSFER_VARIANT: foreground process quantities are transferred from the source inventory to BLEECAM topology location; background electricity/geography adjusted where available. SOURCE_PROCESS_LOCATION=CN.,technosphere,KR,GLO,c72cb8cf-a36f-4bca-afde-aa76c12f0e18,"market for steel, unalloyed | steel, unalloyed | GLO | kg | ecoinvent 3.8"
Wafer manufacturing,market for silica sand,[REDACTED — ecoinvent-licensed value; reproduce via UUID + selection],kg,TRUE,2026,SMITH_2018_DERIVED_GAAS_WAFER_CANDIDATE_NOT_BASELINE; Smith Table 66 via Table 65 wafering Silica particles; normalized via recursive wafer process model and converted to 1 kg GaAs_wafer. Expanded sawing slurry silica particles for Table 65 wafering. Proxy for very fine milled silica particles in Smith Tables 66 and 70. PROXY_NEEDS_REVIEW. TECHNOLOGY_TRANSFER_VARIANT: foreground process quantities are transferred from the source inventory to BLEECAM topology location; background electricity/geography adjusted where available. SOURCE_PROCESS_LOCATION=CN.,technosphere,KR,GLO,8ab9b882-6ec9-4bc8-8286-e82519322068,market for silica sand | silica sand | GLO | kg | ecoinvent 3.8
Wafer manufacturing,market for triethylene glycol,[REDACTED — ecoinvent-licensed value; reproduce via UUID + selection],kg,TRUE,2026,SMITH_2018_DERIVED_GAAS_WAFER_CANDIDATE_NOT_BASELINE; Smith Table 66 via Table 65 wafering Polyethylene glycol; normalized via recursive wafer process model and converted to 1 kg GaAs_wafer. Expanded sawing slurry glycol input for Table 65 wafering. Smith Table 66 polyethylene glycol mapped to triethylene glycol. TECHNOLOGY_TRANSFER_VARIANT: foreground process quantities are transferred from the source inventory to BLEECAM topology location; background electricity/geography adjusted where available. SOURCE_PROCESS_LOCATION=CN.,technosphere,KR,RoW,5d41f09e-ced8-45b1-b003-e7701ff0892d,market for triethylene glycol | triethylene glycol | RoW | kg | ecoinvent 3.8
Wafer manufacturing,"market for steel, unalloyed",[REDACTED — ecoinvent-licensed value; reproduce via UUID + selection],kg,TRUE,2026,SMITH_2018_DERIVED_GAAS_WAFER_CANDIDATE_NOT_BASELINE; Smith Table 63 via Table 65 edge saw Steel; normalized via recursive wafer process model and converted to 1 kg GaAs_wafer. Expanded diamond saw steel input for Table 65 edge saw. Proxy for Smith steel wire rod and diamond saw steel body. PROXY_NEEDS_REVIEW. TECHNOLOGY_TRANSFER_VARIANT: foreground process quantities are transferred from the source inventory to BLEECAM topology location; background electricity/geography adjusted where available. SOURCE_PROCESS_LOCATION=CN.,technosphere,KR,GLO,c72cb8cf-a36f-4bca-afde-aa76c12f0e18,"market for steel, unalloyed | steel, unalloyed | GLO | kg | ecoinvent 3.8"
Wafer manufacturing,"market group for electricity, low voltage",[REDACTED — ecoinvent-licensed value; reproduce via UUID + selection],kWh,TRUE,2026,SMITH_2018_DERIVED_GAAS_WAFER_CANDIDATE_NOT_BASELINE; Smith Table 63 via Table 65 edge saw Electricity; normalized via recursive wafer process model and converted to 1 kg GaAs_wafer. Expanded diamond saw manufacturing electricity for Table 65 edge saw. Country-specific ecoinvent 3.8 low-voltage electricity for CN. TECHNOLOGY_TRANSFER_VARIANT: foreground process quantities are transferred from the source inventory to BLEECAM topology location; background electricity/geography adjusted where available. SOURCE_PROCESS_LOCATION=CN. ELECTRICITY_GEOGRAPHY_ADJUSTED_TO_KR: exact ecoinvent 3.8 electricity UUID used for topology process location.,technosphere,KR,KR,51f1ded1-57ab-4e3e-a39b-c331acf6a25e,"market for electricity, low voltage | electricity, low voltage | KR | kWh | ecoinvent 3.8"
Wafer manufacturing,"market group for natural gas, high pressure",[REDACTED — ecoinvent-licensed value; reproduce via UUID + selection],m3,TRUE,2026,SMITH_2018_DERIVED_GAAS_WAFER_CANDIDATE_NOT_BASELINE; Smith Table 64 via Table 65 edge saw Methane; normalized via recursive wafer process model and converted to 1 kg GaAs_wafer. Expanded synthetic diamond methane/natural gas input for Table 65 edge saw. Smith Table 64 methane input mapped to natural gas high pressure. TECHNOLOGY_TRANSFER_VARIANT: foreground process quantities are transferred from the source inventory to BLEECAM topology location; background electricity/geography adjusted where available. SOURCE_PROCESS_LOCATION=CN.,technosphere,KR,GLO,3d1de8e2-71d5-4759-9af8-c273736d2f67,"market group for natural gas, high pressure | natural gas, high pressure | GLO | m3 | ecoinvent 3.8"
Wafer manufacturing,"market for hydrogen, liquid",[REDACTED — ecoinvent-licensed value; reproduce via UUID + selection],kg,TRUE,2026,SMITH_2018_DERIVED_GAAS_WAFER_CANDIDATE_NOT_BASELINE; Smith Table 64 via Table 65 edge saw Hydrogen gas; normalized via recursive wafer process model and converted to 1 kg GaAs_wafer. Expanded synthetic diamond hydrogen input for Table 65 edge saw. Smith Table 60 and Table 64 hydrogen input. TECHNOLOGY_TRANSFER_VARIANT: foreground process quantities are transferred from the source inventory to BLEECAM topology location; background electricity/geography adjusted where available. SOURCE_PROCESS_LOCATION=CN.,technosphere,KR,RoW,e532b3ce-f9b0-4c78-9162-d1741538c4d8,"market for hydrogen, liquid | hydrogen, liquid | RoW | kg | ecoinvent 3.8"
Wafer manufacturing,"market group for electricity, low voltage",[REDACTED — ecoinvent-licensed value; reproduce via UUID + selection],kWh,TRUE,2026,SMITH_2018_DERIVED_GAAS_WAFER_CANDIDATE_NOT_BASELINE; Smith Table 64 via Table 65 edge saw Electricity; normalized via recursive wafer process model and converted to 1 kg GaAs_wafer. Expanded synthetic diamond electricity for Table 65 edge saw. Country-specific ecoinvent 3.8 low-voltage electricity for CN. TECHNOLOGY_TRANSFER_VARIANT: foreground process quantities are transferred from the source inventory to BLEECAM topology location; background electricity/geography adjusted where available. SOURCE_PROCESS_LOCATION=CN. ELECTRICITY_GEOGRAPHY_ADJUSTED_TO_KR: exact ecoinvent 3.8 electricity UUID used for topology process location.,technosphere,KR,KR,51f1ded1-57ab-4e3e-a39b-c331acf6a25e,"market for electricity, low voltage | electricity, low voltage | KR | kWh | ecoinvent 3.8"
Wafer manufacturing,"market group for electricity, low voltage",[REDACTED — ecoinvent-licensed value; reproduce via UUID + selection],kWh,TRUE,2026,SMITH_2018_DERIVED_GAAS_WAFER_CANDIDATE_NOT_BASELINE; Smith Table 65 Electricity; normalized via recursive wafer process model and converted to 1 kg GaAs_wafer. Wafering and edge-rounding wire saw electricity. Country-specific ecoinvent 3.8 low-voltage electricity for CN. TECHNOLOGY_TRANSFER_VARIANT: foreground process quantities are transferred from the source inventory to BLEECAM topology location; background electricity/geography adjusted where available. SOURCE_PROCESS_LOCATION=CN. ELECTRICITY_GEOGRAPHY_ADJUSTED_TO_KR: exact ecoinvent 3.8 electricity UUID used for topology process location.,technosphere,KR,KR,51f1ded1-57ab-4e3e-a39b-c331acf6a25e,"market for electricity, low voltage | electricity, low voltage | KR | kWh | ecoinvent 3.8"
Wafer manufacturing,"market group for electricity, low voltage",[REDACTED — ecoinvent-licensed value; reproduce via UUID + selection],kWh,TRUE,2026,SMITH_2018_DERIVED_GAAS_WAFER_CANDIDATE_NOT_BASELINE; Smith Table 65 Electricity; normalized via recursive wafer process model and converted to 1 kg GaAs_wafer. Wafering and edge-rounding edge saw electricity. Country-specific ecoinvent 3.8 low-voltage electricity for CN. TECHNOLOGY_TRANSFER_VARIANT: foreground process quantities are transferred from the source inventory to BLEECAM topology location; background electricity/geography adjusted where available. SOURCE_PROCESS_LOCATION=CN. ELECTRICITY_GEOGRAPHY_ADJUSTED_TO_KR: exact ecoinvent 3.8 electricity UUID used for topology process location.,technosphere,KR,KR,51f1ded1-57ab-4e3e-a39b-c331acf6a25e,"market for electricity, low voltage | electricity, low voltage | KR | kWh | ecoinvent 3.8"
Wafer manufacturing,"treatment of hazardous waste, underground deposit",[REDACTED — ecoinvent-licensed value; reproduce via UUID + selection],kg,TRUE,2026,SMITH_2018_DERIVED_GAAS_WAFER_CANDIDATE_NOT_BASELINE; Smith Table 65 Arsenic waste from sawing; normalized via recursive wafer process model and converted to 1 kg GaAs_wafer. Physical arsenic sawing waste is positive in source; LiAISON row is negative for treatment burden. Waste treatment row uses negative value in LiAISON because the ecoinvent waste-treatment reference product is negative. TECHNOLOGY_TRANSFER_VARIANT: foreground process quantities are transferred from the source inventory to BLEECAM topology location; background electricity/geography adjusted where available. SOURCE_PROCESS_LOCATION=CN.,technosphere,KR,RoW,6b792a3a-a425-4d15-9d3d-34f942131a26,"treatment of hazardous waste, underground deposit | hazardous waste, for underground deposit | RoW | kg | ecoinvent 3.8"
Wafer manufacturing,"market for water, ultrapure",[REDACTED — ecoinvent-licensed value; reproduce via UUID + selection],kg,TRUE,2026,"SMITH_2018_DERIVED_GAAS_WAFER_CANDIDATE_NOT_BASELINE; Smith Table 67 Ultrapure water; normalized via recursive wafer process model and converted to 1 kg GaAs_wafer. Cleaning and etching Ultrapure water input. Smith Tables 67, 70, and 71 ultrapure water. TECHNOLOGY_TRANSFER_VARIANT: foreground process quantities are transferred from the source inventory to BLEECAM topology location; background electricity/geography adjusted where available. SOURCE_PROCESS_LOCATION=CN.",technosphere,KR,RoW,7436ffb1-a278-458f-a166-54965d932c10,"market for water, ultrapure | water, ultrapure | RoW | kg | ecoinvent 3.8"
Wafer manufacturing,"market for hydrogen peroxide, without water, in 50% solution state",[REDACTED — ecoinvent-licensed value; reproduce via UUID + selection],kg,TRUE,2026,SMITH_2018_DERIVED_GAAS_WAFER_CANDIDATE_NOT_BASELINE; Smith Table 67 H2O2; normalized via recursive wafer process model and converted to 1 kg GaAs_wafer. Cleaning and etching H2O2 input. Local 3.8 match uses RoW rather than Smith's GLO market. TECHNOLOGY_TRANSFER_VARIANT: foreground process quantities are transferred from the source inventory to BLEECAM topology location; background electricity/geography adjusted where available. SOURCE_PROCESS_LOCATION=CN.,technosphere,KR,RoW,9ee99cdb-d0c5-4ded-90fe-36b1c29ebfda,"market for hydrogen peroxide, without water, in 50% solution state | hydrogen peroxide, without water, in 50% solution state | RoW | kg | ecoinvent 3.8"
Wafer manufacturing,market for hydrogen fluoride,[REDACTED — ecoinvent-licensed value; reproduce via UUID + selection],kg,TRUE,2026,SMITH_2018_DERIVED_GAAS_WAFER_CANDIDATE_NOT_BASELINE; Smith Table 67 HF; normalized via recursive wafer process model and converted to 1 kg GaAs_wafer. Cleaning and etching HF input. Local 3.8 match uses RoW rather than Smith's GLO market. TECHNOLOGY_TRANSFER_VARIANT: foreground process quantities are transferred from the source inventory to BLEECAM topology location; background electricity/geography adjusted where available. SOURCE_PROCESS_LOCATION=CN.,technosphere,KR,RoW,d7f30fd5-2617-4ca9-bd0e-a096003d4a02,market for hydrogen fluoride | hydrogen fluoride | RoW | kg | ecoinvent 3.8
Wafer manufacturing,"market group for electricity, low voltage",[REDACTED — ecoinvent-licensed value; reproduce via UUID + selection],kWh,TRUE,2026,SMITH_2018_DERIVED_GAAS_WAFER_CANDIDATE_NOT_BASELINE; Smith Table 67 Electricity; normalized via recursive wafer process model and converted to 1 kg GaAs_wafer. Cleaning and etching ultrasonic cleaning electricity. Country-specific ecoinvent 3.8 low-voltage electricity for CN. TECHNOLOGY_TRANSFER_VARIANT: foreground process quantities are transferred from the source inventory to BLEECAM topology location; background electricity/geography adjusted where available. SOURCE_PROCESS_LOCATION=CN. ELECTRICITY_GEOGRAPHY_ADJUSTED_TO_KR: exact ecoinvent 3.8 electricity UUID used for topology process location.,technosphere,KR,KR,51f1ded1-57ab-4e3e-a39b-c331acf6a25e,"market for electricity, low voltage | electricity, low voltage | KR | kWh | ecoinvent 3.8"
Wafer manufacturing,"market group for electricity, low voltage",[REDACTED — ecoinvent-licensed value; reproduce via UUID + selection],kWh,TRUE,2026,SMITH_2018_DERIVED_GAAS_WAFER_CANDIDATE_NOT_BASELINE; Smith Table 67 Electricity; normalized via recursive wafer process model and converted to 1 kg GaAs_wafer. Cleaning and etching rinse tank electricity. Country-specific ecoinvent 3.8 low-voltage electricity for CN. TECHNOLOGY_TRANSFER_VARIANT: foreground process quantities are transferred from the source inventory to BLEECAM topology location; background electricity/geography adjusted where available. SOURCE_PROCESS_LOCATION=CN. ELECTRICITY_GEOGRAPHY_ADJUSTED_TO_KR: exact ecoinvent 3.8 electricity UUID used for topology process location.,technosphere,KR,KR,51f1ded1-57ab-4e3e-a39b-c331acf6a25e,"market for electricity, low voltage | electricity, low voltage | KR | kWh | ecoinvent 3.8"
Wafer manufacturing,"treatment of hazardous waste, underground deposit",[REDACTED — ecoinvent-licensed value; reproduce via UUID + selection],kg,TRUE,2026,SMITH_2018_DERIVED_GAAS_WAFER_CANDIDATE_NOT_BASELINE; Smith Table 67 Arsenic/etchant waste; normalized via recursive wafer process model and converted to 1 kg GaAs_wafer. Physical arsenic/etchant waste is positive in source; LiAISON row is negative for treatment burden. Waste treatment row uses negative value in LiAISON because the ecoinvent waste-treatment reference product is negative. TECHNOLOGY_TRANSFER_VARIANT: foreground process quantities are transferred from the source inventory to BLEECAM topology location; background electricity/geography adjusted where available. SOURCE_PROCESS_LOCATION=CN.,technosphere,KR,RoW,6b792a3a-a425-4d15-9d3d-34f942131a26,"treatment of hazardous waste, underground deposit | hazardous waste, for underground deposit | RoW | kg | ecoinvent 3.8"
Wafer manufacturing,"market for polyurethane, rigid foam",[REDACTED — ecoinvent-licensed value; reproduce via UUID + selection],kg,TRUE,2026,SMITH_2018_DERIVED_GAAS_WAFER_CANDIDATE_NOT_BASELINE; Smith Table 68 Polishing pad; normalized via recursive wafer process model and converted to 1 kg GaAs_wafer. Pre-polishing pad input. Smith polishing pad mapped to polyurethane rigid foam; local match is RoW. TECHNOLOGY_TRANSFER_VARIANT: foreground process quantities are transferred from the source inventory to BLEECAM topology location; background electricity/geography adjusted where available. SOURCE_PROCESS_LOCATION=CN.,technosphere,KR,RoW,22d4653b-b768-4637-8831-e58024b32956,"market for polyurethane, rigid foam | polyurethane, rigid foam | RoW | kg | ecoinvent 3.8"
Wafer manufacturing,market for silica sand,[REDACTED — ecoinvent-licensed value; reproduce via UUID + selection],kg,TRUE,2026,SMITH_2018_DERIVED_GAAS_WAFER_CANDIDATE_NOT_BASELINE; Smith Table 66 via Table 68 pre-polishing Silica particles; normalized via recursive wafer process model and converted to 1 kg GaAs_wafer. Expanded sawing slurry silica particles for Table 68 pre-polishing. Proxy for very fine milled silica particles in Smith Tables 66 and 70. PROXY_NEEDS_REVIEW. TECHNOLOGY_TRANSFER_VARIANT: foreground process quantities are transferred from the source inventory to BLEECAM topology location; background electricity/geography adjusted where available. SOURCE_PROCESS_LOCATION=CN.,technosphere,KR,GLO,8ab9b882-6ec9-4bc8-8286-e82519322068,market for silica sand | silica sand | GLO | kg | ecoinvent 3.8
Wafer manufacturing,market for triethylene glycol,[REDACTED — ecoinvent-licensed value; reproduce via UUID + selection],kg,TRUE,2026,SMITH_2018_DERIVED_GAAS_WAFER_CANDIDATE_NOT_BASELINE; Smith Table 66 via Table 68 pre-polishing Polyethylene glycol; normalized via recursive wafer process model and converted to 1 kg GaAs_wafer. Expanded sawing slurry glycol input for Table 68 pre-polishing. Smith Table 66 polyethylene glycol mapped to triethylene glycol. TECHNOLOGY_TRANSFER_VARIANT: foreground process quantities are transferred from the source inventory to BLEECAM topology location; background electricity/geography adjusted where available. SOURCE_PROCESS_LOCATION=CN.,technosphere,KR,RoW,5d41f09e-ced8-45b1-b003-e7701ff0892d,market for triethylene glycol | triethylene glycol | RoW | kg | ecoinvent 3.8
Wafer manufacturing,"market group for electricity, low voltage",[REDACTED — ecoinvent-licensed value; reproduce via UUID + selection],kWh,TRUE,2026,SMITH_2018_DERIVED_GAAS_WAFER_CANDIDATE_NOT_BASELINE; Smith Table 68 Electricity; normalized via recursive wafer process model and converted to 1 kg GaAs_wafer. Pre-polishing electricity. Country-specific ecoinvent 3.8 low-voltage electricity for CN. TECHNOLOGY_TRANSFER_VARIANT: foreground process quantities are transferred from the source inventory to BLEECAM topology location; background electricity/geography adjusted where available. SOURCE_PROCESS_LOCATION=CN. ELECTRICITY_GEOGRAPHY_ADJUSTED_TO_KR: exact ecoinvent 3.8 electricity UUID used for topology process location.,technosphere,KR,KR,51f1ded1-57ab-4e3e-a39b-c331acf6a25e,"market for electricity, low voltage | electricity, low voltage | KR | kWh | ecoinvent 3.8"
Wafer manufacturing,"treatment of hazardous waste, underground deposit",[REDACTED — ecoinvent-licensed value; reproduce via UUID + selection],kg,TRUE,2026,SMITH_2018_DERIVED_GAAS_WAFER_CANDIDATE_NOT_BASELINE; Smith Table 68 Arsenic waste from pre-polishing; normalized via recursive wafer process model and converted to 1 kg GaAs_wafer. Physical pre-polishing arsenic waste is positive in source; LiAISON row is negative for treatment burden. Waste treatment row uses negative value in LiAISON because the ecoinvent waste-treatment reference product is negative. TECHNOLOGY_TRANSFER_VARIANT: foreground process quantities are transferred from the source inventory to BLEECAM topology location; background electricity/geography adjusted where available. SOURCE_PROCESS_LOCATION=CN.,technosphere,KR,RoW,6b792a3a-a425-4d15-9d3d-34f942131a26,"treatment of hazardous waste, underground deposit | hazardous waste, for underground deposit | RoW | kg | ecoinvent 3.8"
Wafer manufacturing,"market for polyurethane, rigid foam",[REDACTED — ecoinvent-licensed value; reproduce via UUID + selection],kg,TRUE,2026,SMITH_2018_DERIVED_GAAS_WAFER_CANDIDATE_NOT_BASELINE; Smith Table 69 Polishing pad; normalized via recursive wafer process model and converted to 1 kg GaAs_wafer. CMP polishing pad input. Smith polishing pad mapped to polyurethane rigid foam; local match is RoW. TECHNOLOGY_TRANSFER_VARIANT: foreground process quantities are transferred from the source inventory to BLEECAM topology location; background electricity/geography adjusted where available. SOURCE_PROCESS_LOCATION=CN.,technosphere,KR,RoW,22d4653b-b768-4637-8831-e58024b32956,"market for polyurethane, rigid foam | polyurethane, rigid foam | RoW | kg | ecoinvent 3.8"
Wafer manufacturing,market for silica sand,[REDACTED — ecoinvent-licensed value; reproduce via UUID + selection],kg,TRUE,2026,SMITH_2018_DERIVED_GAAS_WAFER_CANDIDATE_NOT_BASELINE; Smith Table 70 via Table 69 CMP Silica particles; normalized via recursive wafer process model and converted to 1 kg GaAs_wafer. Expanded CMP slurry input. Proxy for very fine milled silica particles in Smith Tables 66 and 70. PROXY_NEEDS_REVIEW. TECHNOLOGY_TRANSFER_VARIANT: foreground process quantities are transferred from the source inventory to BLEECAM topology location; background electricity/geography adjusted where available. SOURCE_PROCESS_LOCATION=CN.,technosphere,KR,GLO,8ab9b882-6ec9-4bc8-8286-e82519322068,market for silica sand | silica sand | GLO | kg | ecoinvent 3.8
Wafer manufacturing,"market for water, ultrapure",[REDACTED — ecoinvent-licensed value; reproduce via UUID + selection],kg,TRUE,2026,"SMITH_2018_DERIVED_GAAS_WAFER_CANDIDATE_NOT_BASELINE; Smith Table 70 via Table 69 CMP Ultrapure water; normalized via recursive wafer process model and converted to 1 kg GaAs_wafer. Expanded CMP slurry input. Smith Tables 67, 70, and 71 ultrapure water. TECHNOLOGY_TRANSFER_VARIANT: foreground process quantities are transferred from the source inventory to BLEECAM topology location; background electricity/geography adjusted where available. SOURCE_PROCESS_LOCATION=CN.",technosphere,KR,RoW,7436ffb1-a278-458f-a166-54965d932c10,"market for water, ultrapure | water, ultrapure | RoW | kg | ecoinvent 3.8"
Wafer manufacturing,market for potassium hydroxide,[REDACTED — ecoinvent-licensed value; reproduce via UUID + selection],kg,TRUE,2026,SMITH_2018_DERIVED_GAAS_WAFER_CANDIDATE_NOT_BASELINE; Smith Table 70 via Table 69 CMP KOH; normalized via recursive wafer process model and converted to 1 kg GaAs_wafer. Expanded CMP slurry input. Smith Tables 70 and 71 KOH input. TECHNOLOGY_TRANSFER_VARIANT: foreground process quantities are transferred from the source inventory to BLEECAM topology location; background electricity/geography adjusted where available. SOURCE_PROCESS_LOCATION=CN.,technosphere,KR,GLO,369a39a2-f0b7-4045-9b47-d47fe1759e8e,market for potassium hydroxide | potassium hydroxide | GLO | kg | ecoinvent 3.8
Wafer manufacturing,"market group for electricity, low voltage",[REDACTED — ecoinvent-licensed value; reproduce via UUID + selection],kWh,TRUE,2026,SMITH_2018_DERIVED_GAAS_WAFER_CANDIDATE_NOT_BASELINE; Smith Table 69 Electricity; normalized via recursive wafer process model and converted to 1 kg GaAs_wafer. CMP electricity. Country-specific ecoinvent 3.8 low-voltage electricity for CN. TECHNOLOGY_TRANSFER_VARIANT: foreground process quantities are transferred from the source inventory to BLEECAM topology location; background electricity/geography adjusted where available. SOURCE_PROCESS_LOCATION=CN. ELECTRICITY_GEOGRAPHY_ADJUSTED_TO_KR: exact ecoinvent 3.8 electricity UUID used for topology process location.,technosphere,KR,KR,51f1ded1-57ab-4e3e-a39b-c331acf6a25e,"market for electricity, low voltage | electricity, low voltage | KR | kWh | ecoinvent 3.8"
Wafer manufacturing,"treatment of hazardous waste, underground deposit",[REDACTED — ecoinvent-licensed value; reproduce via UUID + selection],kg,TRUE,2026,SMITH_2018_DERIVED_GAAS_WAFER_CANDIDATE_NOT_BASELINE; Smith Table 69 Arsenic waste from CMP; normalized via recursive wafer process model and converted to 1 kg GaAs_wafer. Physical CMP arsenic waste is positive in source; LiAISON row is negative for treatment burden. Waste treatment row uses negative value in LiAISON because the ecoinvent waste-treatment reference product is negative. TECHNOLOGY_TRANSFER_VARIANT: foreground process quantities are transferred from the source inventory to BLEECAM topology location; background electricity/geography adjusted where available. SOURCE_PROCESS_LOCATION=CN.,technosphere,KR,RoW,6b792a3a-a425-4d15-9d3d-34f942131a26,"treatment of hazardous waste, underground deposit | hazardous waste, for underground deposit | RoW | kg | ecoinvent 3.8"
Wafer manufacturing,"market for water, ultrapure",[REDACTED — ecoinvent-licensed value; reproduce via UUID + selection],kg,TRUE,2026,"SMITH_2018_DERIVED_GAAS_WAFER_CANDIDATE_NOT_BASELINE; Smith Table 71 Ultrapure water; normalized via recursive wafer process model and converted to 1 kg GaAs_wafer. Final cleaning/QC/packaging Ultrapure water input. Smith Tables 67, 70, and 71 ultrapure water. TECHNOLOGY_TRANSFER_VARIANT: foreground process quantities are transferred from the source inventory to BLEECAM topology location; background electricity/geography adjusted where available. SOURCE_PROCESS_LOCATION=CN.",technosphere,KR,RoW,7436ffb1-a278-458f-a166-54965d932c10,"market for water, ultrapure | water, ultrapure | RoW | kg | ecoinvent 3.8"
Wafer manufacturing,market for potassium hydroxide,[REDACTED — ecoinvent-licensed value; reproduce via UUID + selection],kg,TRUE,2026,SMITH_2018_DERIVED_GAAS_WAFER_CANDIDATE_NOT_BASELINE; Smith Table 71 KOH; normalized via recursive wafer process model and converted to 1 kg GaAs_wafer. Final cleaning/QC/packaging KOH input. Smith Tables 70 and 71 KOH input. TECHNOLOGY_TRANSFER_VARIANT: foreground process quantities are transferred from the source inventory to BLEECAM topology location; background electricity/geography adjusted where available. SOURCE_PROCESS_LOCATION=CN.,technosphere,KR,GLO,369a39a2-f0b7-4045-9b47-d47fe1759e8e,market for potassium hydroxide | potassium hydroxide | GLO | kg | ecoinvent 3.8
Wafer manufacturing,"market for polyethylene terephthalate, granulate, bottle grade",[REDACTED — ecoinvent-licensed value; reproduce via UUID + selection],kg,TRUE,2026,SMITH_2018_DERIVED_GAAS_WAFER_CANDIDATE_NOT_BASELINE; Smith Table 71 Plastic cassette; normalized via recursive wafer process model and converted to 1 kg GaAs_wafer. Final cleaning/QC/packaging Plastic cassette input. Smith plastic cassette PET input. TECHNOLOGY_TRANSFER_VARIANT: foreground process quantities are transferred from the source inventory to BLEECAM topology location; background electricity/geography adjusted where available. SOURCE_PROCESS_LOCATION=CN.,technosphere,KR,GLO,62fc7e9b-79f5-4e56-91e6-89f6bced8aaf,"market for polyethylene terephthalate, granulate, bottle grade | polyethylene terephthalate, granulate, bottle grade | GLO | kg | ecoinvent 3.8"
Wafer manufacturing,"market for aluminium, primary, ingot",[REDACTED — ecoinvent-licensed value; reproduce via UUID + selection],kg,TRUE,2026,SMITH_2018_DERIVED_GAAS_WAFER_CANDIDATE_NOT_BASELINE; Smith Table 71 Foil bag; normalized via recursive wafer process model and converted to 1 kg GaAs_wafer. Final cleaning/QC/packaging Foil bag input. Smith foil bag aluminum input. TECHNOLOGY_TRANSFER_VARIANT: foreground process quantities are transferred from the source inventory to BLEECAM topology location; background electricity/geography adjusted where available. SOURCE_PROCESS_LOCATION=CN.,technosphere,KR,RoW,3b615fcc-d7ab-4aba-bf70-3c19e89e933c,"market for aluminium, primary, ingot | aluminium, primary, ingot | RoW | kg | ecoinvent 3.8"
Wafer manufacturing,"market for packaging film, low density polyethylene",[REDACTED — ecoinvent-licensed value; reproduce via UUID + selection],kg,TRUE,2026,SMITH_2018_DERIVED_GAAS_WAFER_CANDIDATE_NOT_BASELINE; Smith Table 71 PET bag; normalized via recursive wafer process model and converted to 1 kg GaAs_wafer. Final cleaning/QC/packaging PET bag input. Smith PET bag row mapped to LDPE packaging film as cited in source table. TECHNOLOGY_TRANSFER_VARIANT: foreground process quantities are transferred from the source inventory to BLEECAM topology location; background electricity/geography adjusted where available. SOURCE_PROCESS_LOCATION=CN.,technosphere,KR,GLO,afd8e87f-23b0-4214-8696-74b8ecd52c3b,"market for packaging film, low density polyethylene | packaging film, low density polyethylene | GLO | kg | ecoinvent 3.8"
Wafer manufacturing,"market group for electricity, low voltage",[REDACTED — ecoinvent-licensed value; reproduce via UUID + selection],kWh,TRUE,2026,SMITH_2018_DERIVED_GAAS_WAFER_CANDIDATE_NOT_BASELINE; Smith Table 71 Electricity; normalized via recursive wafer process model and converted to 1 kg GaAs_wafer. Final cleaning/QC/packaging QC flatness electricity. Country-specific ecoinvent 3.8 low-voltage electricity for CN. TECHNOLOGY_TRANSFER_VARIANT: foreground process quantities are transferred from the source inventory to BLEECAM topology location; background electricity/geography adjusted where available. SOURCE_PROCESS_LOCATION=CN. ELECTRICITY_GEOGRAPHY_ADJUSTED_TO_KR: exact ecoinvent 3.8 electricity UUID used for topology process location.,technosphere,KR,KR,51f1ded1-57ab-4e3e-a39b-c331acf6a25e,"market for electricity, low voltage | electricity, low voltage | KR | kWh | ecoinvent 3.8"
Wafer manufacturing,"market group for electricity, low voltage",[REDACTED — ecoinvent-licensed value; reproduce via UUID + selection],kWh,TRUE,2026,SMITH_2018_DERIVED_GAAS_WAFER_CANDIDATE_NOT_BASELINE; Smith Table 71 Electricity; normalized via recursive wafer process model and converted to 1 kg GaAs_wafer. Final cleaning/QC/packaging QC surface electricity. Country-specific ecoinvent 3.8 low-voltage electricity for CN. TECHNOLOGY_TRANSFER_VARIANT: foreground process quantities are transferred from the source inventory to BLEECAM topology location; background electricity/geography adjusted where available. SOURCE_PROCESS_LOCATION=CN. ELECTRICITY_GEOGRAPHY_ADJUSTED_TO_KR: exact ecoinvent 3.8 electricity UUID used for topology process location.,technosphere,KR,KR,51f1ded1-57ab-4e3e-a39b-c331acf6a25e,"market for electricity, low voltage | electricity, low voltage | KR | kWh | ecoinvent 3.8"
Wafer manufacturing,GaAs_wafer,1,kg,FALSE,2026,"SMITH_2018_DERIVED_GAAS_WAFER_CANDIDATE_NOT_BASELINE; Smith-derived candidate GaAs wafer manufacturing output; topology product; functional unit is 1 kg GaAs_wafer. The U.S. import-weighted GaAs wafer technology mix is not publicly documented. Public trade data identify country of origin and quantity/value under HTS 3818.00.00.10, while public supplier data show that commercial GaAs wafers are produced mainly using VGF and LEC crystal-growth routes with varying diameter, thickness, conductivity type, dopant, and surface finish. Therefore, Smith 2018 is used as a representative process benchmark rather than an import-weighted technology-average LCI. MASTER_BOUNDARY_NOTE: Smith 2018 GaAs wafer benchmark; upstream 6N_Ga burden excluded; internal gallium reclaim retained; external GaAs scrap recovery not activated in baseline. TECHNOLOGY_TRANSFER_VARIANT: foreground process quantities are transferred from the source inventory to BLEECAM topology location; background electricity/geography adjusted where available. SOURCE_PROCESS_LOCATION=CN.",production,US,US,,FOREGROUND_OUTPUT: GaAs_wafer; no ecoinvent UUID assigned
Wafer manufacturing,market for boron carbide,[REDACTED — ecoinvent-licensed value; reproduce via UUID + selection],kg,TRUE,2026,SMITH_2018_DERIVED_GAAS_WAFER_CANDIDATE_NOT_BASELINE; Smith Table 58 pBN crucible; normalized via recursive wafer process model and converted to 1 kg GaAs_wafer. pBN crucible input for polycrystalline boule; Smith mapped pBN crucible to boron carbide. Smith maps pBN crucible to boron carbide; proxy retained. PROXY_NEEDS_REVIEW. TECHNOLOGY_TRANSFER_VARIANT: foreground process quantities are transferred from the source inventory to BLEECAM topology location; background electricity/geography adjusted where available. SOURCE_PROCESS_LOCATION=CN.,technosphere,US,GLO,4821932f-324d-47a2-a205-54e43d563cc4,market for boron carbide | boron carbide | GLO | kg | ecoinvent 3.8
Wafer manufacturing,"market group for electricity, low voltage",[REDACTED — ecoinvent-licensed value; reproduce via UUID + selection],kWh,TRUE,2026,SMITH_2018_DERIVED_GAAS_WAFER_CANDIDATE_NOT_BASELINE; Smith Table 58 Electricity; normalized via recursive wafer process model and converted to 1 kg GaAs_wafer. Polycrystalline boule furnace electricity. Country-specific ecoinvent 3.8 low-voltage electricity for CN. TECHNOLOGY_TRANSFER_VARIANT: foreground process quantities are transferred from the source inventory to BLEECAM topology location; background electricity/geography adjusted where available. SOURCE_PROCESS_LOCATION=CN. ELECTRICITY_GEOGRAPHY_ADJUSTED_TO_US: exact ecoinvent 3.8 electricity UUID used for topology process location.,technosphere,US,US,92929387-dbce-49f7-93ee-650997ff0d05,"market group for electricity, low voltage | electricity, low voltage | US | kWh | ecoinvent 3.8"
Wafer manufacturing,"treatment of hazardous waste, underground deposit",[REDACTED — ecoinvent-licensed value; reproduce via UUID + selection],kg,TRUE,2026,SMITH_2018_DERIVED_GAAS_WAFER_CANDIDATE_NOT_BASELINE; Smith Table 58 pBN crucible waste; normalized via recursive wafer process model and converted to 1 kg GaAs_wafer. Physical pBN crucible waste from polycrystalline boule is positive in source; LiAISON row is negative for treatment burden. Waste treatment row uses negative value in LiAISON because the ecoinvent waste-treatment reference product is negative. TECHNOLOGY_TRANSFER_VARIANT: foreground process quantities are transferred from the source inventory to BLEECAM topology location; background electricity/geography adjusted where available. SOURCE_PROCESS_LOCATION=CN.,technosphere,US,RoW,6b792a3a-a425-4d15-9d3d-34f942131a26,"treatment of hazardous waste, underground deposit | hazardous waste, for underground deposit | RoW | kg | ecoinvent 3.8"
Wafer manufacturing,"market group for electricity, low voltage",[REDACTED — ecoinvent-licensed value; reproduce via UUID + selection],kWh,TRUE,2026,SMITH_2018_DERIVED_GAAS_WAFER_CANDIDATE_NOT_BASELINE; Smith Table 59 Electricity; normalized via recursive wafer process model and converted to 1 kg GaAs_wafer. 6N_Ga to 7N gallium purification electricity included as incremental wafer-manufacturing burden; 6N_Ga material burden excluded. Country-specific ecoinvent 3.8 low-voltage electricity for CN. TECHNOLOGY_TRANSFER_VARIANT: foreground process quantities are transferred from the source inventory to BLEECAM topology location; background electricity/geography adjusted where available. SOURCE_PROCESS_LOCATION=CN. ELECTRICITY_GEOGRAPHY_ADJUSTED_TO_US: exact ecoinvent 3.8 electricity UUID used for topology process location.,technosphere,US,US,92929387-dbce-49f7-93ee-650997ff0d05,"market group for electricity, low voltage | electricity, low voltage | US | kWh | ecoinvent 3.8"
Wafer manufacturing,"market for hydrogen, liquid",[REDACTED — ecoinvent-licensed value; reproduce via UUID + selection],kg,TRUE,2026,SMITH_2018_DERIVED_GAAS_WAFER_CANDIDATE_NOT_BASELINE; Smith Table 60 Hydrogen; normalized via recursive wafer process model and converted to 1 kg GaAs_wafer. 7N arsenic preparation hydrogen input. Smith Table 60 and Table 64 hydrogen input. TECHNOLOGY_TRANSFER_VARIANT: foreground process quantities are transferred from the source inventory to BLEECAM topology location; background electricity/geography adjusted where available. SOURCE_PROCESS_LOCATION=CN.,technosphere,US,RoW,e532b3ce-f9b0-4c78-9162-d1741538c4d8,"market for hydrogen, liquid | hydrogen, liquid | RoW | kg | ecoinvent 3.8"
Wafer manufacturing,"market for argon, liquid",[REDACTED — ecoinvent-licensed value; reproduce via UUID + selection],kg,TRUE,2026,SMITH_2018_DERIVED_GAAS_WAFER_CANDIDATE_NOT_BASELINE; Smith Table 60 Argon; normalized via recursive wafer process model and converted to 1 kg GaAs_wafer. 7N arsenic preparation argon input. Smith cites GLO argon; local ecoinvent 3.8 match uses RoW liquid argon. TECHNOLOGY_TRANSFER_VARIANT: foreground process quantities are transferred from the source inventory to BLEECAM topology location; background electricity/geography adjusted where available. SOURCE_PROCESS_LOCATION=CN.,technosphere,US,RoW,3cecca5b-1111-40d1-8013-2b57d85bfaf8,"market for argon, liquid | argon, liquid | RoW | kg | ecoinvent 3.8"
Wafer manufacturing,"market group for electricity, low voltage",[REDACTED — ecoinvent-licensed value; reproduce via UUID + selection],kWh,TRUE,2026,SMITH_2018_DERIVED_GAAS_WAFER_CANDIDATE_NOT_BASELINE; Smith Table 60 Electricity; normalized via recursive wafer process model and converted to 1 kg GaAs_wafer. 7N arsenic preparation electricity. Country-specific ecoinvent 3.8 low-voltage electricity for CN. TECHNOLOGY_TRANSFER_VARIANT: foreground process quantities are transferred from the source inventory to BLEECAM topology location; background electricity/geography adjusted where available. SOURCE_PROCESS_LOCATION=CN. ELECTRICITY_GEOGRAPHY_ADJUSTED_TO_US: exact ecoinvent 3.8 electricity UUID used for topology process location.,technosphere,US,US,92929387-dbce-49f7-93ee-650997ff0d05,"market group for electricity, low voltage | electricity, low voltage | US | kWh | ecoinvent 3.8"
Wafer manufacturing,market for boric oxide,[REDACTED — ecoinvent-licensed value; reproduce via UUID + selection],kg,TRUE,2026,SMITH_2018_DERIVED_GAAS_WAFER_CANDIDATE_NOT_BASELINE; Smith Table 61 Boron oxide; normalized via recursive wafer process model and converted to 1 kg GaAs_wafer. Single-crystal boule boron oxide input. Smith Table 61 boron oxide input mapped to ecoinvent boric oxide. TECHNOLOGY_TRANSFER_VARIANT: foreground process quantities are transferred from the source inventory to BLEECAM topology location; background electricity/geography adjusted where available. SOURCE_PROCESS_LOCATION=CN.,technosphere,US,GLO,9ebf1145-cbfa-4b48-b1cb-0677582600dd,market for boric oxide | boric oxide | GLO | kg | ecoinvent 3.8
Wafer manufacturing,market for boron carbide,[REDACTED — ecoinvent-licensed value; reproduce via UUID + selection],kg,TRUE,2026,SMITH_2018_DERIVED_GAAS_WAFER_CANDIDATE_NOT_BASELINE; Smith Table 61 pBN crucible; normalized via recursive wafer process model and converted to 1 kg GaAs_wafer. Single-crystal boule pBN crucible input. Smith maps pBN crucible to boron carbide; proxy retained. PROXY_NEEDS_REVIEW. TECHNOLOGY_TRANSFER_VARIANT: foreground process quantities are transferred from the source inventory to BLEECAM topology location; background electricity/geography adjusted where available. SOURCE_PROCESS_LOCATION=CN.,technosphere,US,GLO,4821932f-324d-47a2-a205-54e43d563cc4,market for boron carbide | boron carbide | GLO | kg | ecoinvent 3.8
Wafer manufacturing,"market group for electricity, low voltage",[REDACTED — ecoinvent-licensed value; reproduce via UUID + selection],kWh,TRUE,2026,SMITH_2018_DERIVED_GAAS_WAFER_CANDIDATE_NOT_BASELINE; Smith Table 61 Electricity; normalized via recursive wafer process model and converted to 1 kg GaAs_wafer. Single-crystal GaAs boule furnace electricity. Country-specific ecoinvent 3.8 low-voltage electricity for CN. TECHNOLOGY_TRANSFER_VARIANT: foreground process quantities are transferred from the source inventory to BLEECAM topology location; background electricity/geography adjusted where available. SOURCE_PROCESS_LOCATION=CN. ELECTRICITY_GEOGRAPHY_ADJUSTED_TO_US: exact ecoinvent 3.8 electricity UUID used for topology process location.,technosphere,US,US,92929387-dbce-49f7-93ee-650997ff0d05,"market group for electricity, low voltage | electricity, low voltage | US | kWh | ecoinvent 3.8"
Wafer manufacturing,"treatment of hazardous waste, underground deposit",[REDACTED — ecoinvent-licensed value; reproduce via UUID + selection],kg,TRUE,2026,SMITH_2018_DERIVED_GAAS_WAFER_CANDIDATE_NOT_BASELINE; Smith Table 61 pBN crucible waste; normalized via recursive wafer process model and converted to 1 kg GaAs_wafer. Physical pBN crucible waste from single-crystal boule is positive in source; LiAISON row is negative for treatment burden. Waste treatment row uses negative value in LiAISON because the ecoinvent waste-treatment reference product is negative. TECHNOLOGY_TRANSFER_VARIANT: foreground process quantities are transferred from the source inventory to BLEECAM topology location; background electricity/geography adjusted where available. SOURCE_PROCESS_LOCATION=CN.,technosphere,US,RoW,6b792a3a-a425-4d15-9d3d-34f942131a26,"treatment of hazardous waste, underground deposit | hazardous waste, for underground deposit | RoW | kg | ecoinvent 3.8"
Wafer manufacturing,"treatment of hazardous waste, underground deposit",[REDACTED — ecoinvent-licensed value; reproduce via UUID + selection],kg,TRUE,2026,SMITH_2018_DERIVED_GAAS_WAFER_CANDIDATE_NOT_BASELINE; Smith Table 61 Boron oxide waste; normalized via recursive wafer process model and converted to 1 kg GaAs_wafer. Physical Boron oxide waste from single-crystal boule is positive in source; LiAISON row is negative for treatment burden. Waste treatment row uses negative value in LiAISON because the ecoinvent waste-treatment reference product is negative. TECHNOLOGY_TRANSFER_VARIANT: foreground process quantities are transferred from the source inventory to BLEECAM topology location; background electricity/geography adjusted where available. SOURCE_PROCESS_LOCATION=CN.,technosphere,US,RoW,6b792a3a-a425-4d15-9d3d-34f942131a26,"treatment of hazardous waste, underground deposit | hazardous waste, for underground deposit | RoW | kg | ecoinvent 3.8"
Wafer manufacturing,"treatment of hazardous waste, underground deposit",[REDACTED — ecoinvent-licensed value; reproduce via UUID + selection],kg,TRUE,2026,SMITH_2018_DERIVED_GAAS_WAFER_CANDIDATE_NOT_BASELINE; Smith Table 61 7N Arsenic waste; normalized via recursive wafer process model and converted to 1 kg GaAs_wafer. Physical 7N Arsenic waste from single-crystal boule is positive in source; LiAISON row is negative for treatment burden. Waste treatment row uses negative value in LiAISON because the ecoinvent waste-treatment reference product is negative. TECHNOLOGY_TRANSFER_VARIANT: foreground process quantities are transferred from the source inventory to BLEECAM topology location; background electricity/geography adjusted where available. SOURCE_PROCESS_LOCATION=CN.,technosphere,US,RoW,6b792a3a-a425-4d15-9d3d-34f942131a26,"treatment of hazardous waste, underground deposit | hazardous waste, for underground deposit | RoW | kg | ecoinvent 3.8"
Wafer manufacturing,"market for steel, unalloyed",[REDACTED — ecoinvent-licensed value; reproduce via UUID + selection],kg,TRUE,2026,SMITH_2018_DERIVED_GAAS_WAFER_CANDIDATE_NOT_BASELINE; Smith Table 62 Steel wire (cropping); normalized via recursive wafer process model and converted to 1 kg GaAs_wafer. Cropping steel wire input. Proxy for Smith steel wire rod and diamond saw steel body. PROXY_NEEDS_REVIEW. TECHNOLOGY_TRANSFER_VARIANT: foreground process quantities are transferred from the source inventory to BLEECAM topology location; background electricity/geography adjusted where available. SOURCE_PROCESS_LOCATION=CN.,technosphere,US,GLO,c72cb8cf-a36f-4bca-afde-aa76c12f0e18,"market for steel, unalloyed | steel, unalloyed | GLO | kg | ecoinvent 3.8"
Wafer manufacturing,"market group for electricity, low voltage",[REDACTED — ecoinvent-licensed value; reproduce via UUID + selection],kWh,TRUE,2026,SMITH_2018_DERIVED_GAAS_WAFER_CANDIDATE_NOT_BASELINE; Smith Table 62 Electricity; normalized via recursive wafer process model and converted to 1 kg GaAs_wafer. X-ray/cropping/grinding notch x-ray electricity. Country-specific ecoinvent 3.8 low-voltage electricity for CN. TECHNOLOGY_TRANSFER_VARIANT: foreground process quantities are transferred from the source inventory to BLEECAM topology location; background electricity/geography adjusted where available. SOURCE_PROCESS_LOCATION=CN. ELECTRICITY_GEOGRAPHY_ADJUSTED_TO_US: exact ecoinvent 3.8 electricity UUID used for topology process location.,technosphere,US,US,92929387-dbce-49f7-93ee-650997ff0d05,"market group for electricity, low voltage | electricity, low voltage | US | kWh | ecoinvent 3.8"
Wafer manufacturing,"market group for electricity, low voltage",[REDACTED — ecoinvent-licensed value; reproduce via UUID + selection],kWh,TRUE,2026,SMITH_2018_DERIVED_GAAS_WAFER_CANDIDATE_NOT_BASELINE; Smith Table 62 Electricity; normalized via recursive wafer process model and converted to 1 kg GaAs_wafer. X-ray/cropping/grinding notch cropping electricity. Country-specific ecoinvent 3.8 low-voltage electricity for CN. TECHNOLOGY_TRANSFER_VARIANT: foreground process quantities are transferred from the source inventory to BLEECAM topology location; background electricity/geography adjusted where available. SOURCE_PROCESS_LOCATION=CN. ELECTRICITY_GEOGRAPHY_ADJUSTED_TO_US: exact ecoinvent 3.8 electricity UUID used for topology process location.,technosphere,US,US,92929387-dbce-49f7-93ee-650997ff0d05,"market group for electricity, low voltage | electricity, low voltage | US | kWh | ecoinvent 3.8"
Wafer manufacturing,"market group for electricity, low voltage",[REDACTED — ecoinvent-licensed value; reproduce via UUID + selection],kWh,TRUE,2026,SMITH_2018_DERIVED_GAAS_WAFER_CANDIDATE_NOT_BASELINE; Smith Table 62 Electricity; normalized via recursive wafer process model and converted to 1 kg GaAs_wafer. X-ray/cropping/grinding notch notch electricity. Country-specific ecoinvent 3.8 low-voltage electricity for CN. TECHNOLOGY_TRANSFER_VARIANT: foreground process quantities are transferred from the source inventory to BLEECAM topology location; background electricity/geography adjusted where available. SOURCE_PROCESS_LOCATION=CN. ELECTRICITY_GEOGRAPHY_ADJUSTED_TO_US: exact ecoinvent 3.8 electricity UUID used for topology process location.,technosphere,US,US,92929387-dbce-49f7-93ee-650997ff0d05,"market group for electricity, low voltage | electricity, low voltage | US | kWh | ecoinvent 3.8"
Wafer manufacturing,"treatment of hazardous waste, underground deposit",[REDACTED — ecoinvent-licensed value; reproduce via UUID + selection],kg,TRUE,2026,SMITH_2018_DERIVED_GAAS_WAFER_CANDIDATE_NOT_BASELINE; Smith Table 62 Arsenic waste; normalized via recursive wafer process model and converted to 1 kg GaAs_wafer. Physical arsenic cropping waste is positive in source; LiAISON row is negative for treatment burden. Waste treatment row uses negative value in LiAISON because the ecoinvent waste-treatment reference product is negative. TECHNOLOGY_TRANSFER_VARIANT: foreground process quantities are transferred from the source inventory to BLEECAM topology location; background electricity/geography adjusted where available. SOURCE_PROCESS_LOCATION=CN.,technosphere,US,RoW,6b792a3a-a425-4d15-9d3d-34f942131a26,"treatment of hazardous waste, underground deposit | hazardous waste, for underground deposit | RoW | kg | ecoinvent 3.8"
Wafer manufacturing,"market for steel, unalloyed",[REDACTED — ecoinvent-licensed value; reproduce via UUID + selection],kg,TRUE,2026,SMITH_2018_DERIVED_GAAS_WAFER_CANDIDATE_NOT_BASELINE; Smith Table 63 via Table 62 notch saw Steel; normalized via recursive wafer process model and converted to 1 kg GaAs_wafer. Expanded diamond saw steel input for Table 62 notch saw. Proxy for Smith steel wire rod and diamond saw steel body. PROXY_NEEDS_REVIEW. TECHNOLOGY_TRANSFER_VARIANT: foreground process quantities are transferred from the source inventory to BLEECAM topology location; background electricity/geography adjusted where available. SOURCE_PROCESS_LOCATION=CN.,technosphere,US,GLO,c72cb8cf-a36f-4bca-afde-aa76c12f0e18,"market for steel, unalloyed | steel, unalloyed | GLO | kg | ecoinvent 3.8"
Wafer manufacturing,"market group for electricity, low voltage",[REDACTED — ecoinvent-licensed value; reproduce via UUID + selection],kWh,TRUE,2026,SMITH_2018_DERIVED_GAAS_WAFER_CANDIDATE_NOT_BASELINE; Smith Table 63 via Table 62 notch saw Electricity; normalized via recursive wafer process model and converted to 1 kg GaAs_wafer. Expanded diamond saw manufacturing electricity for Table 62 notch saw. Country-specific ecoinvent 3.8 low-voltage electricity for CN. TECHNOLOGY_TRANSFER_VARIANT: foreground process quantities are transferred from the source inventory to BLEECAM topology location; background electricity/geography adjusted where available. SOURCE_PROCESS_LOCATION=CN. ELECTRICITY_GEOGRAPHY_ADJUSTED_TO_US: exact ecoinvent 3.8 electricity UUID used for topology process location.,technosphere,US,US,92929387-dbce-49f7-93ee-650997ff0d05,"market group for electricity, low voltage | electricity, low voltage | US | kWh | ecoinvent 3.8"
Wafer manufacturing,"market group for natural gas, high pressure",[REDACTED — ecoinvent-licensed value; reproduce via UUID + selection],m3,TRUE,2026,SMITH_2018_DERIVED_GAAS_WAFER_CANDIDATE_NOT_BASELINE; Smith Table 64 via Table 62 notch saw Methane; normalized via recursive wafer process model and converted to 1 kg GaAs_wafer. Expanded synthetic diamond methane/natural gas input for Table 62 notch saw. Smith Table 64 methane input mapped to natural gas high pressure. TECHNOLOGY_TRANSFER_VARIANT: foreground process quantities are transferred from the source inventory to BLEECAM topology location; background electricity/geography adjusted where available. SOURCE_PROCESS_LOCATION=CN.,technosphere,US,GLO,3d1de8e2-71d5-4759-9af8-c273736d2f67,"market group for natural gas, high pressure | natural gas, high pressure | GLO | m3 | ecoinvent 3.8"
Wafer manufacturing,"market for hydrogen, liquid",[REDACTED — ecoinvent-licensed value; reproduce via UUID + selection],kg,TRUE,2026,SMITH_2018_DERIVED_GAAS_WAFER_CANDIDATE_NOT_BASELINE; Smith Table 64 via Table 62 notch saw Hydrogen gas; normalized via recursive wafer process model and converted to 1 kg GaAs_wafer. Expanded synthetic diamond hydrogen input for Table 62 notch saw. Smith Table 60 and Table 64 hydrogen input. TECHNOLOGY_TRANSFER_VARIANT: foreground process quantities are transferred from the source inventory to BLEECAM topology location; background electricity/geography adjusted where available. SOURCE_PROCESS_LOCATION=CN.,technosphere,US,RoW,e532b3ce-f9b0-4c78-9162-d1741538c4d8,"market for hydrogen, liquid | hydrogen, liquid | RoW | kg | ecoinvent 3.8"
Wafer manufacturing,"market group for electricity, low voltage",[REDACTED — ecoinvent-licensed value; reproduce via UUID + selection],kWh,TRUE,2026,SMITH_2018_DERIVED_GAAS_WAFER_CANDIDATE_NOT_BASELINE; Smith Table 64 via Table 62 notch saw Electricity; normalized via recursive wafer process model and converted to 1 kg GaAs_wafer. Expanded synthetic diamond electricity for Table 62 notch saw. Country-specific ecoinvent 3.8 low-voltage electricity for CN. TECHNOLOGY_TRANSFER_VARIANT: foreground process quantities are transferred from the source inventory to BLEECAM topology location; background electricity/geography adjusted where available. SOURCE_PROCESS_LOCATION=CN. ELECTRICITY_GEOGRAPHY_ADJUSTED_TO_US: exact ecoinvent 3.8 electricity UUID used for topology process location.,technosphere,US,US,92929387-dbce-49f7-93ee-650997ff0d05,"market group for electricity, low voltage | electricity, low voltage | US | kWh | ecoinvent 3.8"
Wafer manufacturing,"market for steel, unalloyed",[REDACTED — ecoinvent-licensed value; reproduce via UUID + selection],kg,TRUE,2026,SMITH_2018_DERIVED_GAAS_WAFER_CANDIDATE_NOT_BASELINE; Smith Table 65 Steel wire (wafering); normalized via recursive wafer process model and converted to 1 kg GaAs_wafer. Wafering steel wire input. Proxy for Smith steel wire rod and diamond saw steel body. PROXY_NEEDS_REVIEW. TECHNOLOGY_TRANSFER_VARIANT: foreground process quantities are transferred from the source inventory to BLEECAM topology location; background electricity/geography adjusted where available. SOURCE_PROCESS_LOCATION=CN.,technosphere,US,GLO,c72cb8cf-a36f-4bca-afde-aa76c12f0e18,"market for steel, unalloyed | steel, unalloyed | GLO | kg | ecoinvent 3.8"
Wafer manufacturing,market for silica sand,[REDACTED — ecoinvent-licensed value; reproduce via UUID + selection],kg,TRUE,2026,SMITH_2018_DERIVED_GAAS_WAFER_CANDIDATE_NOT_BASELINE; Smith Table 66 via Table 65 wafering Silica particles; normalized via recursive wafer process model and converted to 1 kg GaAs_wafer. Expanded sawing slurry silica particles for Table 65 wafering. Proxy for very fine milled silica particles in Smith Tables 66 and 70. PROXY_NEEDS_REVIEW. TECHNOLOGY_TRANSFER_VARIANT: foreground process quantities are transferred from the source inventory to BLEECAM topology location; background electricity/geography adjusted where available. SOURCE_PROCESS_LOCATION=CN.,technosphere,US,GLO,8ab9b882-6ec9-4bc8-8286-e82519322068,market for silica sand | silica sand | GLO | kg | ecoinvent 3.8
Wafer manufacturing,market for triethylene glycol,[REDACTED — ecoinvent-licensed value; reproduce via UUID + selection],kg,TRUE,2026,SMITH_2018_DERIVED_GAAS_WAFER_CANDIDATE_NOT_BASELINE; Smith Table 66 via Table 65 wafering Polyethylene glycol; normalized via recursive wafer process model and converted to 1 kg GaAs_wafer. Expanded sawing slurry glycol input for Table 65 wafering. Smith Table 66 polyethylene glycol mapped to triethylene glycol. TECHNOLOGY_TRANSFER_VARIANT: foreground process quantities are transferred from the source inventory to BLEECAM topology location; background electricity/geography adjusted where available. SOURCE_PROCESS_LOCATION=CN.,technosphere,US,RoW,5d41f09e-ced8-45b1-b003-e7701ff0892d,market for triethylene glycol | triethylene glycol | RoW | kg | ecoinvent 3.8
Wafer manufacturing,"market for steel, unalloyed",[REDACTED — ecoinvent-licensed value; reproduce via UUID + selection],kg,TRUE,2026,SMITH_2018_DERIVED_GAAS_WAFER_CANDIDATE_NOT_BASELINE; Smith Table 63 via Table 65 edge saw Steel; normalized via recursive wafer process model and converted to 1 kg GaAs_wafer. Expanded diamond saw steel input for Table 65 edge saw. Proxy for Smith steel wire rod and diamond saw steel body. PROXY_NEEDS_REVIEW. TECHNOLOGY_TRANSFER_VARIANT: foreground process quantities are transferred from the source inventory to BLEECAM topology location; background electricity/geography adjusted where available. SOURCE_PROCESS_LOCATION=CN.,technosphere,US,GLO,c72cb8cf-a36f-4bca-afde-aa76c12f0e18,"market for steel, unalloyed | steel, unalloyed | GLO | kg | ecoinvent 3.8"
Wafer manufacturing,"market group for electricity, low voltage",[REDACTED — ecoinvent-licensed value; reproduce via UUID + selection],kWh,TRUE,2026,SMITH_2018_DERIVED_GAAS_WAFER_CANDIDATE_NOT_BASELINE; Smith Table 63 via Table 65 edge saw Electricity; normalized via recursive wafer process model and converted to 1 kg GaAs_wafer. Expanded diamond saw manufacturing electricity for Table 65 edge saw. Country-specific ecoinvent 3.8 low-voltage electricity for CN. TECHNOLOGY_TRANSFER_VARIANT: foreground process quantities are transferred from the source inventory to BLEECAM topology location; background electricity/geography adjusted where available. SOURCE_PROCESS_LOCATION=CN. ELECTRICITY_GEOGRAPHY_ADJUSTED_TO_US: exact ecoinvent 3.8 electricity UUID used for topology process location.,technosphere,US,US,92929387-dbce-49f7-93ee-650997ff0d05,"market group for electricity, low voltage | electricity, low voltage | US | kWh | ecoinvent 3.8"
Wafer manufacturing,"market group for natural gas, high pressure",[REDACTED — ecoinvent-licensed value; reproduce via UUID + selection],m3,TRUE,2026,SMITH_2018_DERIVED_GAAS_WAFER_CANDIDATE_NOT_BASELINE; Smith Table 64 via Table 65 edge saw Methane; normalized via recursive wafer process model and converted to 1 kg GaAs_wafer. Expanded synthetic diamond methane/natural gas input for Table 65 edge saw. Smith Table 64 methane input mapped to natural gas high pressure. TECHNOLOGY_TRANSFER_VARIANT: foreground process quantities are transferred from the source inventory to BLEECAM topology location; background electricity/geography adjusted where available. SOURCE_PROCESS_LOCATION=CN.,technosphere,US,GLO,3d1de8e2-71d5-4759-9af8-c273736d2f67,"market group for natural gas, high pressure | natural gas, high pressure | GLO | m3 | ecoinvent 3.8"
Wafer manufacturing,"market for hydrogen, liquid",[REDACTED — ecoinvent-licensed value; reproduce via UUID + selection],kg,TRUE,2026,SMITH_2018_DERIVED_GAAS_WAFER_CANDIDATE_NOT_BASELINE; Smith Table 64 via Table 65 edge saw Hydrogen gas; normalized via recursive wafer process model and converted to 1 kg GaAs_wafer. Expanded synthetic diamond hydrogen input for Table 65 edge saw. Smith Table 60 and Table 64 hydrogen input. TECHNOLOGY_TRANSFER_VARIANT: foreground process quantities are transferred from the source inventory to BLEECAM topology location; background electricity/geography adjusted where available. SOURCE_PROCESS_LOCATION=CN.,technosphere,US,RoW,e532b3ce-f9b0-4c78-9162-d1741538c4d8,"market for hydrogen, liquid | hydrogen, liquid | RoW | kg | ecoinvent 3.8"
Wafer manufacturing,"market group for electricity, low voltage",[REDACTED — ecoinvent-licensed value; reproduce via UUID + selection],kWh,TRUE,2026,SMITH_2018_DERIVED_GAAS_WAFER_CANDIDATE_NOT_BASELINE; Smith Table 64 via Table 65 edge saw Electricity; normalized via recursive wafer process model and converted to 1 kg GaAs_wafer. Expanded synthetic diamond electricity for Table 65 edge saw. Country-specific ecoinvent 3.8 low-voltage electricity for CN. TECHNOLOGY_TRANSFER_VARIANT: foreground process quantities are transferred from the source inventory to BLEECAM topology location; background electricity/geography adjusted where available. SOURCE_PROCESS_LOCATION=CN. ELECTRICITY_GEOGRAPHY_ADJUSTED_TO_US: exact ecoinvent 3.8 electricity UUID used for topology process location.,technosphere,US,US,92929387-dbce-49f7-93ee-650997ff0d05,"market group for electricity, low voltage | electricity, low voltage | US | kWh | ecoinvent 3.8"
Wafer manufacturing,"market group for electricity, low voltage",[REDACTED — ecoinvent-licensed value; reproduce via UUID + selection],kWh,TRUE,2026,SMITH_2018_DERIVED_GAAS_WAFER_CANDIDATE_NOT_BASELINE; Smith Table 65 Electricity; normalized via recursive wafer process model and converted to 1 kg GaAs_wafer. Wafering and edge-rounding wire saw electricity. Country-specific ecoinvent 3.8 low-voltage electricity for CN. TECHNOLOGY_TRANSFER_VARIANT: foreground process quantities are transferred from the source inventory to BLEECAM topology location; background electricity/geography adjusted where available. SOURCE_PROCESS_LOCATION=CN. ELECTRICITY_GEOGRAPHY_ADJUSTED_TO_US: exact ecoinvent 3.8 electricity UUID used for topology process location.,technosphere,US,US,92929387-dbce-49f7-93ee-650997ff0d05,"market group for electricity, low voltage | electricity, low voltage | US | kWh | ecoinvent 3.8"
Wafer manufacturing,"market group for electricity, low voltage",[REDACTED — ecoinvent-licensed value; reproduce via UUID + selection],kWh,TRUE,2026,SMITH_2018_DERIVED_GAAS_WAFER_CANDIDATE_NOT_BASELINE; Smith Table 65 Electricity; normalized via recursive wafer process model and converted to 1 kg GaAs_wafer. Wafering and edge-rounding edge saw electricity. Country-specific ecoinvent 3.8 low-voltage electricity for CN. TECHNOLOGY_TRANSFER_VARIANT: foreground process quantities are transferred from the source inventory to BLEECAM topology location; background electricity/geography adjusted where available. SOURCE_PROCESS_LOCATION=CN. ELECTRICITY_GEOGRAPHY_ADJUSTED_TO_US: exact ecoinvent 3.8 electricity UUID used for topology process location.,technosphere,US,US,92929387-dbce-49f7-93ee-650997ff0d05,"market group for electricity, low voltage | electricity, low voltage | US | kWh | ecoinvent 3.8"
Wafer manufacturing,"treatment of hazardous waste, underground deposit",[REDACTED — ecoinvent-licensed value; reproduce via UUID + selection],kg,TRUE,2026,SMITH_2018_DERIVED_GAAS_WAFER_CANDIDATE_NOT_BASELINE; Smith Table 65 Arsenic waste from sawing; normalized via recursive wafer process model and converted to 1 kg GaAs_wafer. Physical arsenic sawing waste is positive in source; LiAISON row is negative for treatment burden. Waste treatment row uses negative value in LiAISON because the ecoinvent waste-treatment reference product is negative. TECHNOLOGY_TRANSFER_VARIANT: foreground process quantities are transferred from the source inventory to BLEECAM topology location; background electricity/geography adjusted where available. SOURCE_PROCESS_LOCATION=CN.,technosphere,US,RoW,6b792a3a-a425-4d15-9d3d-34f942131a26,"treatment of hazardous waste, underground deposit | hazardous waste, for underground deposit | RoW | kg | ecoinvent 3.8"
Wafer manufacturing,"market for water, ultrapure",[REDACTED — ecoinvent-licensed value; reproduce via UUID + selection],kg,TRUE,2026,"SMITH_2018_DERIVED_GAAS_WAFER_CANDIDATE_NOT_BASELINE; Smith Table 67 Ultrapure water; normalized via recursive wafer process model and converted to 1 kg GaAs_wafer. Cleaning and etching Ultrapure water input. Smith Tables 67, 70, and 71 ultrapure water. TECHNOLOGY_TRANSFER_VARIANT: foreground process quantities are transferred from the source inventory to BLEECAM topology location; background electricity/geography adjusted where available. SOURCE_PROCESS_LOCATION=CN.",technosphere,US,RoW,7436ffb1-a278-458f-a166-54965d932c10,"market for water, ultrapure | water, ultrapure | RoW | kg | ecoinvent 3.8"
Wafer manufacturing,"market for hydrogen peroxide, without water, in 50% solution state",[REDACTED — ecoinvent-licensed value; reproduce via UUID + selection],kg,TRUE,2026,SMITH_2018_DERIVED_GAAS_WAFER_CANDIDATE_NOT_BASELINE; Smith Table 67 H2O2; normalized via recursive wafer process model and converted to 1 kg GaAs_wafer. Cleaning and etching H2O2 input. Local 3.8 match uses RoW rather than Smith's GLO market. TECHNOLOGY_TRANSFER_VARIANT: foreground process quantities are transferred from the source inventory to BLEECAM topology location; background electricity/geography adjusted where available. SOURCE_PROCESS_LOCATION=CN.,technosphere,US,RoW,9ee99cdb-d0c5-4ded-90fe-36b1c29ebfda,"market for hydrogen peroxide, without water, in 50% solution state | hydrogen peroxide, without water, in 50% solution state | RoW | kg | ecoinvent 3.8"
Wafer manufacturing,market for hydrogen fluoride,[REDACTED — ecoinvent-licensed value; reproduce via UUID + selection],kg,TRUE,2026,SMITH_2018_DERIVED_GAAS_WAFER_CANDIDATE_NOT_BASELINE; Smith Table 67 HF; normalized via recursive wafer process model and converted to 1 kg GaAs_wafer. Cleaning and etching HF input. Local 3.8 match uses RoW rather than Smith's GLO market. TECHNOLOGY_TRANSFER_VARIANT: foreground process quantities are transferred from the source inventory to BLEECAM topology location; background electricity/geography adjusted where available. SOURCE_PROCESS_LOCATION=CN.,technosphere,US,RoW,d7f30fd5-2617-4ca9-bd0e-a096003d4a02,market for hydrogen fluoride | hydrogen fluoride | RoW | kg | ecoinvent 3.8
Wafer manufacturing,"market group for electricity, low voltage",[REDACTED — ecoinvent-licensed value; reproduce via UUID + selection],kWh,TRUE,2026,SMITH_2018_DERIVED_GAAS_WAFER_CANDIDATE_NOT_BASELINE; Smith Table 67 Electricity; normalized via recursive wafer process model and converted to 1 kg GaAs_wafer. Cleaning and etching ultrasonic cleaning electricity. Country-specific ecoinvent 3.8 low-voltage electricity for CN. TECHNOLOGY_TRANSFER_VARIANT: foreground process quantities are transferred from the source inventory to BLEECAM topology location; background electricity/geography adjusted where available. SOURCE_PROCESS_LOCATION=CN. ELECTRICITY_GEOGRAPHY_ADJUSTED_TO_US: exact ecoinvent 3.8 electricity UUID used for topology process location.,technosphere,US,US,92929387-dbce-49f7-93ee-650997ff0d05,"market group for electricity, low voltage | electricity, low voltage | US | kWh | ecoinvent 3.8"
Wafer manufacturing,"market group for electricity, low voltage",[REDACTED — ecoinvent-licensed value; reproduce via UUID + selection],kWh,TRUE,2026,SMITH_2018_DERIVED_GAAS_WAFER_CANDIDATE_NOT_BASELINE; Smith Table 67 Electricity; normalized via recursive wafer process model and converted to 1 kg GaAs_wafer. Cleaning and etching rinse tank electricity. Country-specific ecoinvent 3.8 low-voltage electricity for CN. TECHNOLOGY_TRANSFER_VARIANT: foreground process quantities are transferred from the source inventory to BLEECAM topology location; background electricity/geography adjusted where available. SOURCE_PROCESS_LOCATION=CN. ELECTRICITY_GEOGRAPHY_ADJUSTED_TO_US: exact ecoinvent 3.8 electricity UUID used for topology process location.,technosphere,US,US,92929387-dbce-49f7-93ee-650997ff0d05,"market group for electricity, low voltage | electricity, low voltage | US | kWh | ecoinvent 3.8"
Wafer manufacturing,"treatment of hazardous waste, underground deposit",[REDACTED — ecoinvent-licensed value; reproduce via UUID + selection],kg,TRUE,2026,SMITH_2018_DERIVED_GAAS_WAFER_CANDIDATE_NOT_BASELINE; Smith Table 67 Arsenic/etchant waste; normalized via recursive wafer process model and converted to 1 kg GaAs_wafer. Physical arsenic/etchant waste is positive in source; LiAISON row is negative for treatment burden. Waste treatment row uses negative value in LiAISON because the ecoinvent waste-treatment reference product is negative. TECHNOLOGY_TRANSFER_VARIANT: foreground process quantities are transferred from the source inventory to BLEECAM topology location; background electricity/geography adjusted where available. SOURCE_PROCESS_LOCATION=CN.,technosphere,US,RoW,6b792a3a-a425-4d15-9d3d-34f942131a26,"treatment of hazardous waste, underground deposit | hazardous waste, for underground deposit | RoW | kg | ecoinvent 3.8"
Wafer manufacturing,"market for polyurethane, rigid foam",[REDACTED — ecoinvent-licensed value; reproduce via UUID + selection],kg,TRUE,2026,SMITH_2018_DERIVED_GAAS_WAFER_CANDIDATE_NOT_BASELINE; Smith Table 68 Polishing pad; normalized via recursive wafer process model and converted to 1 kg GaAs_wafer. Pre-polishing pad input. Smith polishing pad mapped to polyurethane rigid foam; local match is RoW. TECHNOLOGY_TRANSFER_VARIANT: foreground process quantities are transferred from the source inventory to BLEECAM topology location; background electricity/geography adjusted where available. SOURCE_PROCESS_LOCATION=CN.,technosphere,US,RoW,22d4653b-b768-4637-8831-e58024b32956,"market for polyurethane, rigid foam | polyurethane, rigid foam | RoW | kg | ecoinvent 3.8"
Wafer manufacturing,market for silica sand,[REDACTED — ecoinvent-licensed value; reproduce via UUID + selection],kg,TRUE,2026,SMITH_2018_DERIVED_GAAS_WAFER_CANDIDATE_NOT_BASELINE; Smith Table 66 via Table 68 pre-polishing Silica particles; normalized via recursive wafer process model and converted to 1 kg GaAs_wafer. Expanded sawing slurry silica particles for Table 68 pre-polishing. Proxy for very fine milled silica particles in Smith Tables 66 and 70. PROXY_NEEDS_REVIEW. TECHNOLOGY_TRANSFER_VARIANT: foreground process quantities are transferred from the source inventory to BLEECAM topology location; background electricity/geography adjusted where available. SOURCE_PROCESS_LOCATION=CN.,technosphere,US,GLO,8ab9b882-6ec9-4bc8-8286-e82519322068,market for silica sand | silica sand | GLO | kg | ecoinvent 3.8
Wafer manufacturing,market for triethylene glycol,[REDACTED — ecoinvent-licensed value; reproduce via UUID + selection],kg,TRUE,2026,SMITH_2018_DERIVED_GAAS_WAFER_CANDIDATE_NOT_BASELINE; Smith Table 66 via Table 68 pre-polishing Polyethylene glycol; normalized via recursive wafer process model and converted to 1 kg GaAs_wafer. Expanded sawing slurry glycol input for Table 68 pre-polishing. Smith Table 66 polyethylene glycol mapped to triethylene glycol. TECHNOLOGY_TRANSFER_VARIANT: foreground process quantities are transferred from the source inventory to BLEECAM topology location; background electricity/geography adjusted where available. SOURCE_PROCESS_LOCATION=CN.,technosphere,US,RoW,5d41f09e-ced8-45b1-b003-e7701ff0892d,market for triethylene glycol | triethylene glycol | RoW | kg | ecoinvent 3.8
Wafer manufacturing,"market group for electricity, low voltage",[REDACTED — ecoinvent-licensed value; reproduce via UUID + selection],kWh,TRUE,2026,SMITH_2018_DERIVED_GAAS_WAFER_CANDIDATE_NOT_BASELINE; Smith Table 68 Electricity; normalized via recursive wafer process model and converted to 1 kg GaAs_wafer. Pre-polishing electricity. Country-specific ecoinvent 3.8 low-voltage electricity for CN. TECHNOLOGY_TRANSFER_VARIANT: foreground process quantities are transferred from the source inventory to BLEECAM topology location; background electricity/geography adjusted where available. SOURCE_PROCESS_LOCATION=CN. ELECTRICITY_GEOGRAPHY_ADJUSTED_TO_US: exact ecoinvent 3.8 electricity UUID used for topology process location.,technosphere,US,US,92929387-dbce-49f7-93ee-650997ff0d05,"market group for electricity, low voltage | electricity, low voltage | US | kWh | ecoinvent 3.8"
Wafer manufacturing,"treatment of hazardous waste, underground deposit",[REDACTED — ecoinvent-licensed value; reproduce via UUID + selection],kg,TRUE,2026,SMITH_2018_DERIVED_GAAS_WAFER_CANDIDATE_NOT_BASELINE; Smith Table 68 Arsenic waste from pre-polishing; normalized via recursive wafer process model and converted to 1 kg GaAs_wafer. Physical pre-polishing arsenic waste is positive in source; LiAISON row is negative for treatment burden. Waste treatment row uses negative value in LiAISON because the ecoinvent waste-treatment reference product is negative. TECHNOLOGY_TRANSFER_VARIANT: foreground process quantities are transferred from the source inventory to BLEECAM topology location; background electricity/geography adjusted where available. SOURCE_PROCESS_LOCATION=CN.,technosphere,US,RoW,6b792a3a-a425-4d15-9d3d-34f942131a26,"treatment of hazardous waste, underground deposit | hazardous waste, for underground deposit | RoW | kg | ecoinvent 3.8"
Wafer manufacturing,"market for polyurethane, rigid foam",[REDACTED — ecoinvent-licensed value; reproduce via UUID + selection],kg,TRUE,2026,SMITH_2018_DERIVED_GAAS_WAFER_CANDIDATE_NOT_BASELINE; Smith Table 69 Polishing pad; normalized via recursive wafer process model and converted to 1 kg GaAs_wafer. CMP polishing pad input. Smith polishing pad mapped to polyurethane rigid foam; local match is RoW. TECHNOLOGY_TRANSFER_VARIANT: foreground process quantities are transferred from the source inventory to BLEECAM topology location; background electricity/geography adjusted where available. SOURCE_PROCESS_LOCATION=CN.,technosphere,US,RoW,22d4653b-b768-4637-8831-e58024b32956,"market for polyurethane, rigid foam | polyurethane, rigid foam | RoW | kg | ecoinvent 3.8"
Wafer manufacturing,market for silica sand,[REDACTED — ecoinvent-licensed value; reproduce via UUID + selection],kg,TRUE,2026,SMITH_2018_DERIVED_GAAS_WAFER_CANDIDATE_NOT_BASELINE; Smith Table 70 via Table 69 CMP Silica particles; normalized via recursive wafer process model and converted to 1 kg GaAs_wafer. Expanded CMP slurry input. Proxy for very fine milled silica particles in Smith Tables 66 and 70. PROXY_NEEDS_REVIEW. TECHNOLOGY_TRANSFER_VARIANT: foreground process quantities are transferred from the source inventory to BLEECAM topology location; background electricity/geography adjusted where available. SOURCE_PROCESS_LOCATION=CN.,technosphere,US,GLO,8ab9b882-6ec9-4bc8-8286-e82519322068,market for silica sand | silica sand | GLO | kg | ecoinvent 3.8
Wafer manufacturing,"market for water, ultrapure",[REDACTED — ecoinvent-licensed value; reproduce via UUID + selection],kg,TRUE,2026,"SMITH_2018_DERIVED_GAAS_WAFER_CANDIDATE_NOT_BASELINE; Smith Table 70 via Table 69 CMP Ultrapure water; normalized via recursive wafer process model and converted to 1 kg GaAs_wafer. Expanded CMP slurry input. Smith Tables 67, 70, and 71 ultrapure water. TECHNOLOGY_TRANSFER_VARIANT: foreground process quantities are transferred from the source inventory to BLEECAM topology location; background electricity/geography adjusted where available. SOURCE_PROCESS_LOCATION=CN.",technosphere,US,RoW,7436ffb1-a278-458f-a166-54965d932c10,"market for water, ultrapure | water, ultrapure | RoW | kg | ecoinvent 3.8"
Wafer manufacturing,market for potassium hydroxide,[REDACTED — ecoinvent-licensed value; reproduce via UUID + selection],kg,TRUE,2026,SMITH_2018_DERIVED_GAAS_WAFER_CANDIDATE_NOT_BASELINE; Smith Table 70 via Table 69 CMP KOH; normalized via recursive wafer process model and converted to 1 kg GaAs_wafer. Expanded CMP slurry input. Smith Tables 70 and 71 KOH input. TECHNOLOGY_TRANSFER_VARIANT: foreground process quantities are transferred from the source inventory to BLEECAM topology location; background electricity/geography adjusted where available. SOURCE_PROCESS_LOCATION=CN.,technosphere,US,GLO,369a39a2-f0b7-4045-9b47-d47fe1759e8e,market for potassium hydroxide | potassium hydroxide | GLO | kg | ecoinvent 3.8
Wafer manufacturing,"market group for electricity, low voltage",[REDACTED — ecoinvent-licensed value; reproduce via UUID + selection],kWh,TRUE,2026,SMITH_2018_DERIVED_GAAS_WAFER_CANDIDATE_NOT_BASELINE; Smith Table 69 Electricity; normalized via recursive wafer process model and converted to 1 kg GaAs_wafer. CMP electricity. Country-specific ecoinvent 3.8 low-voltage electricity for CN. TECHNOLOGY_TRANSFER_VARIANT: foreground process quantities are transferred from the source inventory to BLEECAM topology location; background electricity/geography adjusted where available. SOURCE_PROCESS_LOCATION=CN. ELECTRICITY_GEOGRAPHY_ADJUSTED_TO_US: exact ecoinvent 3.8 electricity UUID used for topology process location.,technosphere,US,US,92929387-dbce-49f7-93ee-650997ff0d05,"market group for electricity, low voltage | electricity, low voltage | US | kWh | ecoinvent 3.8"
Wafer manufacturing,"treatment of hazardous waste, underground deposit",[REDACTED — ecoinvent-licensed value; reproduce via UUID + selection],kg,TRUE,2026,SMITH_2018_DERIVED_GAAS_WAFER_CANDIDATE_NOT_BASELINE; Smith Table 69 Arsenic waste from CMP; normalized via recursive wafer process model and converted to 1 kg GaAs_wafer. Physical CMP arsenic waste is positive in source; LiAISON row is negative for treatment burden. Waste treatment row uses negative value in LiAISON because the ecoinvent waste-treatment reference product is negative. TECHNOLOGY_TRANSFER_VARIANT: foreground process quantities are transferred from the source inventory to BLEECAM topology location; background electricity/geography adjusted where available. SOURCE_PROCESS_LOCATION=CN.,technosphere,US,RoW,6b792a3a-a425-4d15-9d3d-34f942131a26,"treatment of hazardous waste, underground deposit | hazardous waste, for underground deposit | RoW | kg | ecoinvent 3.8"
Wafer manufacturing,"market for water, ultrapure",[REDACTED — ecoinvent-licensed value; reproduce via UUID + selection],kg,TRUE,2026,"SMITH_2018_DERIVED_GAAS_WAFER_CANDIDATE_NOT_BASELINE; Smith Table 71 Ultrapure water; normalized via recursive wafer process model and converted to 1 kg GaAs_wafer. Final cleaning/QC/packaging Ultrapure water input. Smith Tables 67, 70, and 71 ultrapure water. TECHNOLOGY_TRANSFER_VARIANT: foreground process quantities are transferred from the source inventory to BLEECAM topology location; background electricity/geography adjusted where available. SOURCE_PROCESS_LOCATION=CN.",technosphere,US,RoW,7436ffb1-a278-458f-a166-54965d932c10,"market for water, ultrapure | water, ultrapure | RoW | kg | ecoinvent 3.8"
Wafer manufacturing,market for potassium hydroxide,[REDACTED — ecoinvent-licensed value; reproduce via UUID + selection],kg,TRUE,2026,SMITH_2018_DERIVED_GAAS_WAFER_CANDIDATE_NOT_BASELINE; Smith Table 71 KOH; normalized via recursive wafer process model and converted to 1 kg GaAs_wafer. Final cleaning/QC/packaging KOH input. Smith Tables 70 and 71 KOH input. TECHNOLOGY_TRANSFER_VARIANT: foreground process quantities are transferred from the source inventory to BLEECAM topology location; background electricity/geography adjusted where available. SOURCE_PROCESS_LOCATION=CN.,technosphere,US,GLO,369a39a2-f0b7-4045-9b47-d47fe1759e8e,market for potassium hydroxide | potassium hydroxide | GLO | kg | ecoinvent 3.8
Wafer manufacturing,"market for polyethylene terephthalate, granulate, bottle grade",[REDACTED — ecoinvent-licensed value; reproduce via UUID + selection],kg,TRUE,2026,SMITH_2018_DERIVED_GAAS_WAFER_CANDIDATE_NOT_BASELINE; Smith Table 71 Plastic cassette; normalized via recursive wafer process model and converted to 1 kg GaAs_wafer. Final cleaning/QC/packaging Plastic cassette input. Smith plastic cassette PET input. TECHNOLOGY_TRANSFER_VARIANT: foreground process quantities are transferred from the source inventory to BLEECAM topology location; background electricity/geography adjusted where available. SOURCE_PROCESS_LOCATION=CN.,technosphere,US,GLO,62fc7e9b-79f5-4e56-91e6-89f6bced8aaf,"market for polyethylene terephthalate, granulate, bottle grade | polyethylene terephthalate, granulate, bottle grade | GLO | kg | ecoinvent 3.8"
Wafer manufacturing,"market for aluminium, primary, ingot",[REDACTED — ecoinvent-licensed value; reproduce via UUID + selection],kg,TRUE,2026,SMITH_2018_DERIVED_GAAS_WAFER_CANDIDATE_NOT_BASELINE; Smith Table 71 Foil bag; normalized via recursive wafer process model and converted to 1 kg GaAs_wafer. Final cleaning/QC/packaging Foil bag input. Smith foil bag aluminum input. TECHNOLOGY_TRANSFER_VARIANT: foreground process quantities are transferred from the source inventory to BLEECAM topology location; background electricity/geography adjusted where available. SOURCE_PROCESS_LOCATION=CN.,technosphere,US,RoW,3b615fcc-d7ab-4aba-bf70-3c19e89e933c,"market for aluminium, primary, ingot | aluminium, primary, ingot | RoW | kg | ecoinvent 3.8"
Wafer manufacturing,"market for packaging film, low density polyethylene",[REDACTED — ecoinvent-licensed value; reproduce via UUID + selection],kg,TRUE,2026,SMITH_2018_DERIVED_GAAS_WAFER_CANDIDATE_NOT_BASELINE; Smith Table 71 PET bag; normalized via recursive wafer process model and converted to 1 kg GaAs_wafer. Final cleaning/QC/packaging PET bag input. Smith PET bag row mapped to LDPE packaging film as cited in source table. TECHNOLOGY_TRANSFER_VARIANT: foreground process quantities are transferred from the source inventory to BLEECAM topology location; background electricity/geography adjusted where available. SOURCE_PROCESS_LOCATION=CN.,technosphere,US,GLO,afd8e87f-23b0-4214-8696-74b8ecd52c3b,"market for packaging film, low density polyethylene | packaging film, low density polyethylene | GLO | kg | ecoinvent 3.8"
Wafer manufacturing,"market group for electricity, low voltage",[REDACTED — ecoinvent-licensed value; reproduce via UUID + selection],kWh,TRUE,2026,SMITH_2018_DERIVED_GAAS_WAFER_CANDIDATE_NOT_BASELINE; Smith Table 71 Electricity; normalized via recursive wafer process model and converted to 1 kg GaAs_wafer. Final cleaning/QC/packaging QC flatness electricity. Country-specific ecoinvent 3.8 low-voltage electricity for CN. TECHNOLOGY_TRANSFER_VARIANT: foreground process quantities are transferred from the source inventory to BLEECAM topology location; background electricity/geography adjusted where available. SOURCE_PROCESS_LOCATION=CN. ELECTRICITY_GEOGRAPHY_ADJUSTED_TO_US: exact ecoinvent 3.8 electricity UUID used for topology process location.,technosphere,US,US,92929387-dbce-49f7-93ee-650997ff0d05,"market group for electricity, low voltage | electricity, low voltage | US | kWh | ecoinvent 3.8"
Wafer manufacturing,"market group for electricity, low voltage",[REDACTED — ecoinvent-licensed value; reproduce via UUID + selection],kWh,TRUE,2026,SMITH_2018_DERIVED_GAAS_WAFER_CANDIDATE_NOT_BASELINE; Smith Table 71 Electricity; normalized via recursive wafer process model and converted to 1 kg GaAs_wafer. Final cleaning/QC/packaging QC surface electricity. Country-specific ecoinvent 3.8 low-voltage electricity for CN. TECHNOLOGY_TRANSFER_VARIANT: foreground process quantities are transferred from the source inventory to BLEECAM topology location; background electricity/geography adjusted where available. SOURCE_PROCESS_LOCATION=CN. ELECTRICITY_GEOGRAPHY_ADJUSTED_TO_US: exact ecoinvent 3.8 electricity UUID used for topology process location.,technosphere,US,US,92929387-dbce-49f7-93ee-650997ff0d05,"market group for electricity, low voltage | electricity, low voltage | US | kWh | ecoinvent 3.8"
Wafer manufacturing,GaN_wafer,1,kg,FALSE,2026,"VAUCHE_2024_DERIVED_GAN_ON_SI_WAFER_PROCESSING_CANDIDATE_NOT_BASELINE; processed 200 mm GaN-on-Si power-device wafer benchmark normalized to 1 kg GaN_wafer. Vauche 2024 is used as a representative public benchmark for GaN-on-Si 200 mm power-device wafer processing. It is not a generic bulk GaN substrate LCI, not an import-weighted GaN wafer technology-average LCI, and not a company-specific industrial production disclosure. Upstream TMG synthesis and high-purity gallium production are modeled separately in BLEECAM. MASTER_BOUNDARY_NOTE: Vauche 2024 representative benchmark for GaN-on-Si 200 mm power-device wafer processing; not a generic bulk GaN substrate LCI; upstream TMG and high-purity gallium production excluded. TECHNOLOGY_TRANSFER_VARIANT: foreground process quantities are transferred from the source inventory to BLEECAM topology location; background electricity/geography adjusted where available. SOURCE_PROCESS_LOCATION=FR.",production,CN,CN,,FOREGROUND_OUTPUT: GaN_wafer; no ecoinvent UUID assigned
Wafer manufacturing,"market for single-Si wafer, for electronics",[REDACTED — ecoinvent-licensed value; reproduce via UUID + selection],m2,TRUE,2026,VAUCHE_2024_DERIVED_GAN_ON_SI_WAFER_PROCESSING_CANDIDATE_NOT_BASELINE; Vauche 2024 text silicon substrate model; source value 1 wafer; source basis one 200 mm processed GaN-on-Si wafer; normalized by 72.5636746245 wafers/kg. Vauche explicitly includes 200 mm Czochralski Si substrate; ecoinvent 3.8 GLO electronics single-Si wafer market selected. Vauche explicitly includes a Czochralski 200 mm Si substrate model; local 3.8 match is a global electronics single-Si wafer market and not Vauche's 1 mm China-adapted model. TECHNOLOGY_TRANSFER_VARIANT: foreground process quantities are transferred from the source inventory to BLEECAM topology location; background electricity/geography adjusted where available. SOURCE_PROCESS_LOCATION=FR.,technosphere,CN,GLO,311c8cf5-90c2-45f6-9622-e73d1afcfd3d,"market for single-Si wafer, for electronics | single-Si wafer, for electronics | GLO | m2 | ecoinvent 3.8"
Wafer manufacturing,"market for electricity, low voltage",[REDACTED — ecoinvent-licensed value; reproduce via UUID + selection],kWh,TRUE,2026,VAUCHE_2024_DERIVED_GAN_ON_SI_WAFER_PROCESSING_CANDIDATE_NOT_BASELINE; Vauche 2024 text process electricity; source value 286 kWh; source basis one 200 mm processed GaN-on-Si wafer; normalized by 72.5636746245 wafers/kg. Total process electricity for one 200 mm wafer. French low-voltage electricity selected for Vauche CEA-LETI source benchmark. TECHNOLOGY_TRANSFER_VARIANT: foreground process quantities are transferred from the source inventory to BLEECAM topology location; background electricity/geography adjusted where available. SOURCE_PROCESS_LOCATION=FR. ELECTRICITY_GEOGRAPHY_ADJUSTED_TO_CN: exact ecoinvent 3.8 electricity UUID used for topology process location.,technosphere,CN,CN,c7f9c799-4ec6-4b8c-8491-d75d10eaf764,"market group for electricity, low voltage | electricity, low voltage | CN | kWh | ecoinvent 3.8"
Wafer manufacturing,"market for electricity, low voltage",[REDACTED — ecoinvent-licensed value; reproduce via UUID + selection],kWh,TRUE,2026,VAUCHE_2024_DERIVED_GAN_ON_SI_WAFER_PROCESSING_CANDIDATE_NOT_BASELINE; Vauche 2024 text facility electricity; source value 342 kWh; source basis one 200 mm processed GaN-on-Si wafer; normalized by 72.5636746245 wafers/kg. Facility electricity excluding process electricity for one 200 mm wafer. French low-voltage electricity selected for Vauche CEA-LETI source benchmark. TECHNOLOGY_TRANSFER_VARIANT: foreground process quantities are transferred from the source inventory to BLEECAM topology location; background electricity/geography adjusted where available. SOURCE_PROCESS_LOCATION=FR. ELECTRICITY_GEOGRAPHY_ADJUSTED_TO_CN: exact ecoinvent 3.8 electricity UUID used for topology process location.,technosphere,CN,CN,c7f9c799-4ec6-4b8c-8491-d75d10eaf764,"market group for electricity, low voltage | electricity, low voltage | CN | kWh | ecoinvent 3.8"
Wafer manufacturing,"market for water, ultrapure",[REDACTED — ecoinvent-licensed value; reproduce via UUID + selection],kg,TRUE,2026,VAUCHE_2024_DERIVED_GAN_ON_SI_WAFER_PROCESSING_CANDIDATE_NOT_BASELINE; Vauche 2024 text UPW/DI water; source value 655 L; source basis one 200 mm processed GaN-on-Si wafer; normalized by 72.5636746245 wafers/kg. Assumed 1 L UPW equals 1 kg for LiAISON mass unit. Vauche reports UPW/deionized water; local allowed-location match uses RoW ultrapure water. TECHNOLOGY_TRANSFER_VARIANT: foreground process quantities are transferred from the source inventory to BLEECAM topology location; background electricity/geography adjusted where available. SOURCE_PROCESS_LOCATION=FR.,technosphere,CN,RoW,7436ffb1-a278-458f-a166-54965d932c10,"market for water, ultrapure | water, ultrapure | RoW | kg | ecoinvent 3.8"
Wafer manufacturing,market for tap water,[REDACTED — ecoinvent-licensed value; reproduce via UUID + selection],kg,TRUE,2026,VAUCHE_2024_DERIVED_GAN_ON_SI_WAFER_PROCESSING_CANDIDATE_NOT_BASELINE; Vauche 2024 text facility water; source value 9.8 m3; source basis one 200 mm processed GaN-on-Si wafer; normalized by 72.5636746245 wafers/kg. PCW volume converted to kg at 1000 kg/m3 and mapped to tap water proxy. Proxy for process cooling water; Vauche reports PCW facility consumption without a dedicated ecoinvent process-cooling-water product. PROXY_NEEDS_REVIEW. TECHNOLOGY_TRANSFER_VARIANT: foreground process quantities are transferred from the source inventory to BLEECAM topology location; background electricity/geography adjusted where available. SOURCE_PROCESS_LOCATION=FR.,technosphere,CN,RoW,ac596c5b-7779-4a51-9c5f-9ec2e0025d6d,market for tap water | tap water | RoW | kg | ecoinvent 3.8
Wafer manufacturing,"market for natural gas, high pressure",[REDACTED — ecoinvent-licensed value; reproduce via UUID + selection],m3,TRUE,2026,VAUCHE_2024_DERIVED_GAN_ON_SI_WAFER_PROCESSING_CANDIDATE_NOT_BASELINE; Vauche 2024 text facility fuel; source value 2.8 kg; source basis one 200 mm processed GaN-on-Si wafer; normalized by 72.5636746245 wafers/kg. Natural gas kg converted to ecoinvent m3 using 0.717 kg/m3 density assumption. Vauche reports natural gas in kg; converted to m3 for ecoinvent using audited density assumption. TECHNOLOGY_TRANSFER_VARIANT: foreground process quantities are transferred from the source inventory to BLEECAM topology location; background electricity/geography adjusted where available. SOURCE_PROCESS_LOCATION=FR.,technosphere,CN,FR,9e1acabb-e55c-4fa9-bf11-4fac4c7e8f3a,"market for natural gas, high pressure | natural gas, high pressure | FR | m3 | ecoinvent 3.8"
Wafer manufacturing,"market for nitrogen, liquid",[REDACTED — ecoinvent-licensed value; reproduce via UUID + selection],kg,TRUE,2026,VAUCHE_2024_DERIVED_GAN_ON_SI_WAFER_PROCESSING_CANDIDATE_NOT_BASELINE; Vauche 2024 text process gas; source value 21.5 kg; source basis one 200 mm processed GaN-on-Si wafer; normalized by 72.5636746245 wafers/kg. Reported N2 process gas mapped to liquid nitrogen market. Proxy for reported N2 process gas; local reliable 3.8 match is liquid nitrogen. PROXY_NEEDS_REVIEW. TECHNOLOGY_TRANSFER_VARIANT: foreground process quantities are transferred from the source inventory to BLEECAM topology location; background electricity/geography adjusted where available. SOURCE_PROCESS_LOCATION=FR.,technosphere,CN,RoW,6fa5f2b9-92cd-4d02-b70e-fca3bac5c20e,"market for nitrogen, liquid | nitrogen, liquid | RoW | kg | ecoinvent 3.8"
Wafer manufacturing,"market for nitric acid, without water, in 50% solution state",[REDACTED — ecoinvent-licensed value; reproduce via UUID + selection],kg,TRUE,2026,VAUCHE_2024_DERIVED_GAN_ON_SI_WAFER_PROCESSING_CANDIDATE_NOT_BASELINE; Vauche 2024 text acid; source value 14.6 kg; source basis one 200 mm processed GaN-on-Si wafer; normalized by 72.5636746245 wafers/kg. Reported acid process input. Reported nitric acid process input. TECHNOLOGY_TRANSFER_VARIANT: foreground process quantities are transferred from the source inventory to BLEECAM topology location; background electricity/geography adjusted where available. SOURCE_PROCESS_LOCATION=FR.,technosphere,CN,RoW,3edc7c10-ef84-4f77-a574-9f4693000416,"market for nitric acid, without water, in 50% solution state | nitric acid, without water, in 50% solution state | RoW | kg | ecoinvent 3.8"
Wafer manufacturing,market for hydrogen fluoride,[REDACTED — ecoinvent-licensed value; reproduce via UUID + selection],kg,TRUE,2026,VAUCHE_2024_DERIVED_GAN_ON_SI_WAFER_PROCESSING_CANDIDATE_NOT_BASELINE; Vauche 2024 text acid; source value 0.1 kg; source basis one 200 mm processed GaN-on-Si wafer; normalized by 72.5636746245 wafers/kg. Reported hydrofluoric acid mapped to hydrogen fluoride. Reported hydrofluoric acid mapped to hydrogen fluoride market. TECHNOLOGY_TRANSFER_VARIANT: foreground process quantities are transferred from the source inventory to BLEECAM topology location; background electricity/geography adjusted where available. SOURCE_PROCESS_LOCATION=FR.,technosphere,CN,RoW,d7f30fd5-2617-4ca9-bd0e-a096003d4a02,market for hydrogen fluoride | hydrogen fluoride | RoW | kg | ecoinvent 3.8
Wafer manufacturing,"market for hydrochloric acid, without water, in 30% solution state",[REDACTED — ecoinvent-licensed value; reproduce via UUID + selection],kg,TRUE,2026,VAUCHE_2024_DERIVED_GAN_ON_SI_WAFER_PROCESSING_CANDIDATE_NOT_BASELINE; Vauche 2024 text acid; source value 2.6 kg; source basis one 200 mm processed GaN-on-Si wafer; normalized by 72.5636746245 wafers/kg. Reported acid process input. Reported hydrochloric acid input. TECHNOLOGY_TRANSFER_VARIANT: foreground process quantities are transferred from the source inventory to BLEECAM topology location; background electricity/geography adjusted where available. SOURCE_PROCESS_LOCATION=FR.,technosphere,CN,RoW,e80fb7a7-7dac-4f03-a973-3dc4e59518f4,"market for hydrochloric acid, without water, in 30% solution state | hydrochloric acid, without water, in 30% solution state | RoW | kg | ecoinvent 3.8"
Wafer manufacturing,market for sulfuric acid,[REDACTED — ecoinvent-licensed value; reproduce via UUID + selection],kg,TRUE,2026,VAUCHE_2024_DERIVED_GAN_ON_SI_WAFER_PROCESSING_CANDIDATE_NOT_BASELINE; Vauche 2024 text acid; source value 1.7 kg; source basis one 200 mm processed GaN-on-Si wafer; normalized by 72.5636746245 wafers/kg. Reported acid process input. Reported sulfuric acid input. TECHNOLOGY_TRANSFER_VARIANT: foreground process quantities are transferred from the source inventory to BLEECAM topology location; background electricity/geography adjusted where available. SOURCE_PROCESS_LOCATION=FR.,technosphere,CN,RoW,e1d3d70c-5b1f-4e18-b123-9d786773596c,market for sulfuric acid | sulfuric acid | RoW | kg | ecoinvent 3.8
Wafer manufacturing,"market for hydrogen peroxide, without water, in 50% solution state",[REDACTED — ecoinvent-licensed value; reproduce via UUID + selection],kg,TRUE,2026,VAUCHE_2024_DERIVED_GAN_ON_SI_WAFER_PROCESSING_CANDIDATE_NOT_BASELINE; Vauche 2024 text oxidizer; source value 4.7 kg; source basis one 200 mm processed GaN-on-Si wafer; normalized by 72.5636746245 wafers/kg. Reported oxidizer input. Reported peroxide input. TECHNOLOGY_TRANSFER_VARIANT: foreground process quantities are transferred from the source inventory to BLEECAM topology location; background electricity/geography adjusted where available. SOURCE_PROCESS_LOCATION=FR.,technosphere,CN,RoW,9ee99cdb-d0c5-4ded-90fe-36b1c29ebfda,"market for hydrogen peroxide, without water, in 50% solution state | hydrogen peroxide, without water, in 50% solution state | RoW | kg | ecoinvent 3.8"
Wafer manufacturing,market for silica sand,[REDACTED — ecoinvent-licensed value; reproduce via UUID + selection],kg,TRUE,2026,VAUCHE_2024_DERIVED_GAN_ON_SI_WAFER_PROCESSING_CANDIDATE_NOT_BASELINE; Vauche 2024 text CMP; source value 8.6 kg; source basis one 200 mm processed GaN-on-Si wafer; normalized by 72.5636746245 wafers/kg. Reported CMP slurries mapped to silica sand proxy because slurry composition is not disclosed. Proxy for CMP slurry/silica slurry; Vauche reports aggregate CMP slurries without recipe-level composition. PROXY_NEEDS_REVIEW. TECHNOLOGY_TRANSFER_VARIANT: foreground process quantities are transferred from the source inventory to BLEECAM topology location; background electricity/geography adjusted where available. SOURCE_PROCESS_LOCATION=FR.,technosphere,CN,GLO,8ab9b882-6ec9-4bc8-8286-e82519322068,market for silica sand | silica sand | GLO | kg | ecoinvent 3.8
Wafer manufacturing,market for isopropanol,[REDACTED — ecoinvent-licensed value; reproduce via UUID + selection],kg,TRUE,2026,VAUCHE_2024_DERIVED_GAN_ON_SI_WAFER_PROCESSING_CANDIDATE_NOT_BASELINE; Vauche 2024 text solvent; source value 2.0 kg; source basis one 200 mm processed GaN-on-Si wafer; normalized by 72.5636746245 wafers/kg. Reported solvent input. Reported isopropanol solvent input. TECHNOLOGY_TRANSFER_VARIANT: foreground process quantities are transferred from the source inventory to BLEECAM topology location; background electricity/geography adjusted where available. SOURCE_PROCESS_LOCATION=FR.,technosphere,CN,RoW,2975e285-054d-49a6-9c18-2294eade3dec,market for isopropanol | isopropanol | RoW | kg | ecoinvent 3.8
Wafer manufacturing,"market for aluminium, primary, ingot",[REDACTED — ecoinvent-licensed value; reproduce via UUID + selection],kg,TRUE,2026,VAUCHE_2024_DERIVED_GAN_ON_SI_WAFER_PROCESSING_CANDIDATE_NOT_BASELINE; Vauche 2024 Table 2 Al consumed; source value 4.057 g; source basis one 200 mm processed GaN-on-Si wafer; normalized by 72.5636746245 wafers/kg. Elemental amount calculated from gas or liquid precursor quantity. Elemental Al consumed during processing mapped to primary aluminium ingot. TECHNOLOGY_TRANSFER_VARIANT: foreground process quantities are transferred from the source inventory to BLEECAM topology location; background electricity/geography adjusted where available. SOURCE_PROCESS_LOCATION=FR.,technosphere,CN,RoW,3b615fcc-d7ab-4aba-bf70-3c19e89e933c,"market for aluminium, primary, ingot | aluminium, primary, ingot | RoW | kg | ecoinvent 3.8"
Wafer manufacturing,"market for nickel, class 1",[REDACTED — ecoinvent-licensed value; reproduce via UUID + selection],kg,TRUE,2026,VAUCHE_2024_DERIVED_GAN_ON_SI_WAFER_PROCESSING_CANDIDATE_NOT_BASELINE; Vauche 2024 Table 2 Ni consumed; source value 1.047 g; source basis one 200 mm processed GaN-on-Si wafer; normalized by 72.5636746245 wafers/kg. Elemental amount calculated from gas or liquid precursor quantity. Elemental Ni consumed during processing mapped to nickel class 1. TECHNOLOGY_TRANSFER_VARIANT: foreground process quantities are transferred from the source inventory to BLEECAM topology location; background electricity/geography adjusted where available. SOURCE_PROCESS_LOCATION=FR.,technosphere,CN,GLO,898aa4d5-58b6-44c4-b3d3-25a4a5b36f3b,"market for nickel, class 1 | nickel, class 1 | GLO | kg | ecoinvent 3.8"
Wafer manufacturing,market for gold,[REDACTED — ecoinvent-licensed value; reproduce via UUID + selection],kg,TRUE,2026,VAUCHE_2024_DERIVED_GAN_ON_SI_WAFER_PROCESSING_CANDIDATE_NOT_BASELINE; Vauche 2024 Table 2 Au consumed; source value 0.086 g; source basis one 200 mm processed GaN-on-Si wafer; normalized by 72.5636746245 wafers/kg. Baseline net gold consumption after source-stated recovery. Baseline gold consumption after source-stated recovery. TECHNOLOGY_TRANSFER_VARIANT: foreground process quantities are transferred from the source inventory to BLEECAM topology location; background electricity/geography adjusted where available. SOURCE_PROCESS_LOCATION=FR.,technosphere,CN,GLO,d139a46f-8504-4ca0-a9a7-5cf6a6281b88,market for gold | gold | GLO | kg | ecoinvent 3.8
Wafer manufacturing,market for titanium,[REDACTED — ecoinvent-licensed value; reproduce via UUID + selection],kg,TRUE,2026,VAUCHE_2024_DERIVED_GAN_ON_SI_WAFER_PROCESSING_CANDIDATE_NOT_BASELINE; Vauche 2024 Table 2 Ti consumed; source value 3.539 g; source basis one 200 mm processed GaN-on-Si wafer; normalized by 72.5636746245 wafers/kg. Elemental amount calculated from gas or liquid precursor quantity. Elemental Ti consumed during processing. TECHNOLOGY_TRANSFER_VARIANT: foreground process quantities are transferred from the source inventory to BLEECAM topology location; background electricity/geography adjusted where available. SOURCE_PROCESS_LOCATION=FR.,technosphere,CN,GLO,acee49d3-24f8-4088-b1a8-c3b3493ad88e,market for titanium | titanium | GLO | kg | ecoinvent 3.8
Wafer manufacturing,"market for copper, cathode",[REDACTED — ecoinvent-licensed value; reproduce via UUID + selection],kg,TRUE,2026,VAUCHE_2024_DERIVED_GAN_ON_SI_WAFER_PROCESSING_CANDIDATE_NOT_BASELINE; Vauche 2024 Table 2 Cu consumed; source value 17.760 g; source basis one 200 mm processed GaN-on-Si wafer; normalized by 72.5636746245 wafers/kg. Elemental amount calculated from gas or liquid precursor quantity. Elemental Cu consumed during processing mapped to copper cathode. TECHNOLOGY_TRANSFER_VARIANT: foreground process quantities are transferred from the source inventory to BLEECAM topology location; background electricity/geography adjusted where available. SOURCE_PROCESS_LOCATION=FR.,technosphere,CN,GLO,0f062820-5826-48ce-a0cf-01ee831af2f9,"market for copper, cathode | copper, cathode | GLO | kg | ecoinvent 3.8"
Wafer manufacturing,GaN_wafer,1,kg,FALSE,2026,"VAUCHE_2024_DERIVED_GAN_ON_SI_WAFER_PROCESSING_CANDIDATE_NOT_BASELINE; processed 200 mm GaN-on-Si power-device wafer benchmark normalized to 1 kg GaN_wafer. Vauche 2024 is used as a representative public benchmark for GaN-on-Si 200 mm power-device wafer processing. It is not a generic bulk GaN substrate LCI, not an import-weighted GaN wafer technology-average LCI, and not a company-specific industrial production disclosure. Upstream TMG synthesis and high-purity gallium production are modeled separately in BLEECAM. MASTER_BOUNDARY_NOTE: Vauche 2024 representative benchmark for GaN-on-Si 200 mm power-device wafer processing; not a generic bulk GaN substrate LCI; upstream TMG and high-purity gallium production excluded. TECHNOLOGY_TRANSFER_VARIANT: foreground process quantities are transferred from the source inventory to BLEECAM topology location; background electricity/geography adjusted where available. SOURCE_PROCESS_LOCATION=FR.",production,JP,JP,,FOREGROUND_OUTPUT: GaN_wafer; no ecoinvent UUID assigned
Wafer manufacturing,"market for single-Si wafer, for electronics",[REDACTED — ecoinvent-licensed value; reproduce via UUID + selection],m2,TRUE,2026,VAUCHE_2024_DERIVED_GAN_ON_SI_WAFER_PROCESSING_CANDIDATE_NOT_BASELINE; Vauche 2024 text silicon substrate model; source value 1 wafer; source basis one 200 mm processed GaN-on-Si wafer; normalized by 72.5636746245 wafers/kg. Vauche explicitly includes 200 mm Czochralski Si substrate; ecoinvent 3.8 GLO electronics single-Si wafer market selected. Vauche explicitly includes a Czochralski 200 mm Si substrate model; local 3.8 match is a global electronics single-Si wafer market and not Vauche's 1 mm China-adapted model. TECHNOLOGY_TRANSFER_VARIANT: foreground process quantities are transferred from the source inventory to BLEECAM topology location; background electricity/geography adjusted where available. SOURCE_PROCESS_LOCATION=FR.,technosphere,JP,GLO,311c8cf5-90c2-45f6-9622-e73d1afcfd3d,"market for single-Si wafer, for electronics | single-Si wafer, for electronics | GLO | m2 | ecoinvent 3.8"
Wafer manufacturing,"market for electricity, low voltage",[REDACTED — ecoinvent-licensed value; reproduce via UUID + selection],kWh,TRUE,2026,VAUCHE_2024_DERIVED_GAN_ON_SI_WAFER_PROCESSING_CANDIDATE_NOT_BASELINE; Vauche 2024 text process electricity; source value 286 kWh; source basis one 200 mm processed GaN-on-Si wafer; normalized by 72.5636746245 wafers/kg. Total process electricity for one 200 mm wafer. French low-voltage electricity selected for Vauche CEA-LETI source benchmark. TECHNOLOGY_TRANSFER_VARIANT: foreground process quantities are transferred from the source inventory to BLEECAM topology location; background electricity/geography adjusted where available. SOURCE_PROCESS_LOCATION=FR. ELECTRICITY_GEOGRAPHY_ADJUSTED_TO_JP: exact ecoinvent 3.8 electricity UUID used for topology process location.,technosphere,JP,JP,2057ef24-f4df-478c-b184-f842916c1862,"market for electricity, low voltage | electricity, low voltage | JP | kWh | ecoinvent 3.8"
Wafer manufacturing,"market for electricity, low voltage",[REDACTED — ecoinvent-licensed value; reproduce via UUID + selection],kWh,TRUE,2026,VAUCHE_2024_DERIVED_GAN_ON_SI_WAFER_PROCESSING_CANDIDATE_NOT_BASELINE; Vauche 2024 text facility electricity; source value 342 kWh; source basis one 200 mm processed GaN-on-Si wafer; normalized by 72.5636746245 wafers/kg. Facility electricity excluding process electricity for one 200 mm wafer. French low-voltage electricity selected for Vauche CEA-LETI source benchmark. TECHNOLOGY_TRANSFER_VARIANT: foreground process quantities are transferred from the source inventory to BLEECAM topology location; background electricity/geography adjusted where available. SOURCE_PROCESS_LOCATION=FR. ELECTRICITY_GEOGRAPHY_ADJUSTED_TO_JP: exact ecoinvent 3.8 electricity UUID used for topology process location.,technosphere,JP,JP,2057ef24-f4df-478c-b184-f842916c1862,"market for electricity, low voltage | electricity, low voltage | JP | kWh | ecoinvent 3.8"
Wafer manufacturing,"market for water, ultrapure",[REDACTED — ecoinvent-licensed value; reproduce via UUID + selection],kg,TRUE,2026,VAUCHE_2024_DERIVED_GAN_ON_SI_WAFER_PROCESSING_CANDIDATE_NOT_BASELINE; Vauche 2024 text UPW/DI water; source value 655 L; source basis one 200 mm processed GaN-on-Si wafer; normalized by 72.5636746245 wafers/kg. Assumed 1 L UPW equals 1 kg for LiAISON mass unit. Vauche reports UPW/deionized water; local allowed-location match uses RoW ultrapure water. TECHNOLOGY_TRANSFER_VARIANT: foreground process quantities are transferred from the source inventory to BLEECAM topology location; background electricity/geography adjusted where available. SOURCE_PROCESS_LOCATION=FR.,technosphere,JP,RoW,7436ffb1-a278-458f-a166-54965d932c10,"market for water, ultrapure | water, ultrapure | RoW | kg | ecoinvent 3.8"
Wafer manufacturing,market for tap water,[REDACTED — ecoinvent-licensed value; reproduce via UUID + selection],kg,TRUE,2026,VAUCHE_2024_DERIVED_GAN_ON_SI_WAFER_PROCESSING_CANDIDATE_NOT_BASELINE; Vauche 2024 text facility water; source value 9.8 m3; source basis one 200 mm processed GaN-on-Si wafer; normalized by 72.5636746245 wafers/kg. PCW volume converted to kg at 1000 kg/m3 and mapped to tap water proxy. Proxy for process cooling water; Vauche reports PCW facility consumption without a dedicated ecoinvent process-cooling-water product. PROXY_NEEDS_REVIEW. TECHNOLOGY_TRANSFER_VARIANT: foreground process quantities are transferred from the source inventory to BLEECAM topology location; background electricity/geography adjusted where available. SOURCE_PROCESS_LOCATION=FR.,technosphere,JP,RoW,ac596c5b-7779-4a51-9c5f-9ec2e0025d6d,market for tap water | tap water | RoW | kg | ecoinvent 3.8
Wafer manufacturing,"market for natural gas, high pressure",[REDACTED — ecoinvent-licensed value; reproduce via UUID + selection],m3,TRUE,2026,VAUCHE_2024_DERIVED_GAN_ON_SI_WAFER_PROCESSING_CANDIDATE_NOT_BASELINE; Vauche 2024 text facility fuel; source value 2.8 kg; source basis one 200 mm processed GaN-on-Si wafer; normalized by 72.5636746245 wafers/kg. Natural gas kg converted to ecoinvent m3 using 0.717 kg/m3 density assumption. Vauche reports natural gas in kg; converted to m3 for ecoinvent using audited density assumption. TECHNOLOGY_TRANSFER_VARIANT: foreground process quantities are transferred from the source inventory to BLEECAM topology location; background electricity/geography adjusted where available. SOURCE_PROCESS_LOCATION=FR.,technosphere,JP,FR,9e1acabb-e55c-4fa9-bf11-4fac4c7e8f3a,"market for natural gas, high pressure | natural gas, high pressure | FR | m3 | ecoinvent 3.8"
Wafer manufacturing,"market for nitrogen, liquid",[REDACTED — ecoinvent-licensed value; reproduce via UUID + selection],kg,TRUE,2026,VAUCHE_2024_DERIVED_GAN_ON_SI_WAFER_PROCESSING_CANDIDATE_NOT_BASELINE; Vauche 2024 text process gas; source value 21.5 kg; source basis one 200 mm processed GaN-on-Si wafer; normalized by 72.5636746245 wafers/kg. Reported N2 process gas mapped to liquid nitrogen market. Proxy for reported N2 process gas; local reliable 3.8 match is liquid nitrogen. PROXY_NEEDS_REVIEW. TECHNOLOGY_TRANSFER_VARIANT: foreground process quantities are transferred from the source inventory to BLEECAM topology location; background electricity/geography adjusted where available. SOURCE_PROCESS_LOCATION=FR.,technosphere,JP,RoW,6fa5f2b9-92cd-4d02-b70e-fca3bac5c20e,"market for nitrogen, liquid | nitrogen, liquid | RoW | kg | ecoinvent 3.8"
Wafer manufacturing,"market for nitric acid, without water, in 50% solution state",[REDACTED — ecoinvent-licensed value; reproduce via UUID + selection],kg,TRUE,2026,VAUCHE_2024_DERIVED_GAN_ON_SI_WAFER_PROCESSING_CANDIDATE_NOT_BASELINE; Vauche 2024 text acid; source value 14.6 kg; source basis one 200 mm processed GaN-on-Si wafer; normalized by 72.5636746245 wafers/kg. Reported acid process input. Reported nitric acid process input. TECHNOLOGY_TRANSFER_VARIANT: foreground process quantities are transferred from the source inventory to BLEECAM topology location; background electricity/geography adjusted where available. SOURCE_PROCESS_LOCATION=FR.,technosphere,JP,RoW,3edc7c10-ef84-4f77-a574-9f4693000416,"market for nitric acid, without water, in 50% solution state | nitric acid, without water, in 50% solution state | RoW | kg | ecoinvent 3.8"
Wafer manufacturing,market for hydrogen fluoride,[REDACTED — ecoinvent-licensed value; reproduce via UUID + selection],kg,TRUE,2026,VAUCHE_2024_DERIVED_GAN_ON_SI_WAFER_PROCESSING_CANDIDATE_NOT_BASELINE; Vauche 2024 text acid; source value 0.1 kg; source basis one 200 mm processed GaN-on-Si wafer; normalized by 72.5636746245 wafers/kg. Reported hydrofluoric acid mapped to hydrogen fluoride. Reported hydrofluoric acid mapped to hydrogen fluoride market. TECHNOLOGY_TRANSFER_VARIANT: foreground process quantities are transferred from the source inventory to BLEECAM topology location; background electricity/geography adjusted where available. SOURCE_PROCESS_LOCATION=FR.,technosphere,JP,RoW,d7f30fd5-2617-4ca9-bd0e-a096003d4a02,market for hydrogen fluoride | hydrogen fluoride | RoW | kg | ecoinvent 3.8
Wafer manufacturing,"market for hydrochloric acid, without water, in 30% solution state",[REDACTED — ecoinvent-licensed value; reproduce via UUID + selection],kg,TRUE,2026,VAUCHE_2024_DERIVED_GAN_ON_SI_WAFER_PROCESSING_CANDIDATE_NOT_BASELINE; Vauche 2024 text acid; source value 2.6 kg; source basis one 200 mm processed GaN-on-Si wafer; normalized by 72.5636746245 wafers/kg. Reported acid process input. Reported hydrochloric acid input. TECHNOLOGY_TRANSFER_VARIANT: foreground process quantities are transferred from the source inventory to BLEECAM topology location; background electricity/geography adjusted where available. SOURCE_PROCESS_LOCATION=FR.,technosphere,JP,RoW,e80fb7a7-7dac-4f03-a973-3dc4e59518f4,"market for hydrochloric acid, without water, in 30% solution state | hydrochloric acid, without water, in 30% solution state | RoW | kg | ecoinvent 3.8"
Wafer manufacturing,market for sulfuric acid,[REDACTED — ecoinvent-licensed value; reproduce via UUID + selection],kg,TRUE,2026,VAUCHE_2024_DERIVED_GAN_ON_SI_WAFER_PROCESSING_CANDIDATE_NOT_BASELINE; Vauche 2024 text acid; source value 1.7 kg; source basis one 200 mm processed GaN-on-Si wafer; normalized by 72.5636746245 wafers/kg. Reported acid process input. Reported sulfuric acid input. TECHNOLOGY_TRANSFER_VARIANT: foreground process quantities are transferred from the source inventory to BLEECAM topology location; background electricity/geography adjusted where available. SOURCE_PROCESS_LOCATION=FR.,technosphere,JP,RoW,e1d3d70c-5b1f-4e18-b123-9d786773596c,market for sulfuric acid | sulfuric acid | RoW | kg | ecoinvent 3.8
Wafer manufacturing,"market for hydrogen peroxide, without water, in 50% solution state",[REDACTED — ecoinvent-licensed value; reproduce via UUID + selection],kg,TRUE,2026,VAUCHE_2024_DERIVED_GAN_ON_SI_WAFER_PROCESSING_CANDIDATE_NOT_BASELINE; Vauche 2024 text oxidizer; source value 4.7 kg; source basis one 200 mm processed GaN-on-Si wafer; normalized by 72.5636746245 wafers/kg. Reported oxidizer input. Reported peroxide input. TECHNOLOGY_TRANSFER_VARIANT: foreground process quantities are transferred from the source inventory to BLEECAM topology location; background electricity/geography adjusted where available. SOURCE_PROCESS_LOCATION=FR.,technosphere,JP,RoW,9ee99cdb-d0c5-4ded-90fe-36b1c29ebfda,"market for hydrogen peroxide, without water, in 50% solution state | hydrogen peroxide, without water, in 50% solution state | RoW | kg | ecoinvent 3.8"
Wafer manufacturing,market for silica sand,[REDACTED — ecoinvent-licensed value; reproduce via UUID + selection],kg,TRUE,2026,VAUCHE_2024_DERIVED_GAN_ON_SI_WAFER_PROCESSING_CANDIDATE_NOT_BASELINE; Vauche 2024 text CMP; source value 8.6 kg; source basis one 200 mm processed GaN-on-Si wafer; normalized by 72.5636746245 wafers/kg. Reported CMP slurries mapped to silica sand proxy because slurry composition is not disclosed. Proxy for CMP slurry/silica slurry; Vauche reports aggregate CMP slurries without recipe-level composition. PROXY_NEEDS_REVIEW. TECHNOLOGY_TRANSFER_VARIANT: foreground process quantities are transferred from the source inventory to BLEECAM topology location; background electricity/geography adjusted where available. SOURCE_PROCESS_LOCATION=FR.,technosphere,JP,GLO,8ab9b882-6ec9-4bc8-8286-e82519322068,market for silica sand | silica sand | GLO | kg | ecoinvent 3.8
Wafer manufacturing,market for isopropanol,[REDACTED — ecoinvent-licensed value; reproduce via UUID + selection],kg,TRUE,2026,VAUCHE_2024_DERIVED_GAN_ON_SI_WAFER_PROCESSING_CANDIDATE_NOT_BASELINE; Vauche 2024 text solvent; source value 2.0 kg; source basis one 200 mm processed GaN-on-Si wafer; normalized by 72.5636746245 wafers/kg. Reported solvent input. Reported isopropanol solvent input. TECHNOLOGY_TRANSFER_VARIANT: foreground process quantities are transferred from the source inventory to BLEECAM topology location; background electricity/geography adjusted where available. SOURCE_PROCESS_LOCATION=FR.,technosphere,JP,RoW,2975e285-054d-49a6-9c18-2294eade3dec,market for isopropanol | isopropanol | RoW | kg | ecoinvent 3.8
Wafer manufacturing,"market for aluminium, primary, ingot",[REDACTED — ecoinvent-licensed value; reproduce via UUID + selection],kg,TRUE,2026,VAUCHE_2024_DERIVED_GAN_ON_SI_WAFER_PROCESSING_CANDIDATE_NOT_BASELINE; Vauche 2024 Table 2 Al consumed; source value 4.057 g; source basis one 200 mm processed GaN-on-Si wafer; normalized by 72.5636746245 wafers/kg. Elemental amount calculated from gas or liquid precursor quantity. Elemental Al consumed during processing mapped to primary aluminium ingot. TECHNOLOGY_TRANSFER_VARIANT: foreground process quantities are transferred from the source inventory to BLEECAM topology location; background electricity/geography adjusted where available. SOURCE_PROCESS_LOCATION=FR.,technosphere,JP,RoW,3b615fcc-d7ab-4aba-bf70-3c19e89e933c,"market for aluminium, primary, ingot | aluminium, primary, ingot | RoW | kg | ecoinvent 3.8"
Wafer manufacturing,"market for nickel, class 1",[REDACTED — ecoinvent-licensed value; reproduce via UUID + selection],kg,TRUE,2026,VAUCHE_2024_DERIVED_GAN_ON_SI_WAFER_PROCESSING_CANDIDATE_NOT_BASELINE; Vauche 2024 Table 2 Ni consumed; source value 1.047 g; source basis one 200 mm processed GaN-on-Si wafer; normalized by 72.5636746245 wafers/kg. Elemental amount calculated from gas or liquid precursor quantity. Elemental Ni consumed during processing mapped to nickel class 1. TECHNOLOGY_TRANSFER_VARIANT: foreground process quantities are transferred from the source inventory to BLEECAM topology location; background electricity/geography adjusted where available. SOURCE_PROCESS_LOCATION=FR.,technosphere,JP,GLO,898aa4d5-58b6-44c4-b3d3-25a4a5b36f3b,"market for nickel, class 1 | nickel, class 1 | GLO | kg | ecoinvent 3.8"
Wafer manufacturing,market for gold,[REDACTED — ecoinvent-licensed value; reproduce via UUID + selection],kg,TRUE,2026,VAUCHE_2024_DERIVED_GAN_ON_SI_WAFER_PROCESSING_CANDIDATE_NOT_BASELINE; Vauche 2024 Table 2 Au consumed; source value 0.086 g; source basis one 200 mm processed GaN-on-Si wafer; normalized by 72.5636746245 wafers/kg. Baseline net gold consumption after source-stated recovery. Baseline gold consumption after source-stated recovery. TECHNOLOGY_TRANSFER_VARIANT: foreground process quantities are transferred from the source inventory to BLEECAM topology location; background electricity/geography adjusted where available. SOURCE_PROCESS_LOCATION=FR.,technosphere,JP,GLO,d139a46f-8504-4ca0-a9a7-5cf6a6281b88,market for gold | gold | GLO | kg | ecoinvent 3.8
Wafer manufacturing,market for titanium,[REDACTED — ecoinvent-licensed value; reproduce via UUID + selection],kg,TRUE,2026,VAUCHE_2024_DERIVED_GAN_ON_SI_WAFER_PROCESSING_CANDIDATE_NOT_BASELINE; Vauche 2024 Table 2 Ti consumed; source value 3.539 g; source basis one 200 mm processed GaN-on-Si wafer; normalized by 72.5636746245 wafers/kg. Elemental amount calculated from gas or liquid precursor quantity. Elemental Ti consumed during processing. TECHNOLOGY_TRANSFER_VARIANT: foreground process quantities are transferred from the source inventory to BLEECAM topology location; background electricity/geography adjusted where available. SOURCE_PROCESS_LOCATION=FR.,technosphere,JP,GLO,acee49d3-24f8-4088-b1a8-c3b3493ad88e,market for titanium | titanium | GLO | kg | ecoinvent 3.8
Wafer manufacturing,"market for copper, cathode",[REDACTED — ecoinvent-licensed value; reproduce via UUID + selection],kg,TRUE,2026,VAUCHE_2024_DERIVED_GAN_ON_SI_WAFER_PROCESSING_CANDIDATE_NOT_BASELINE; Vauche 2024 Table 2 Cu consumed; source value 17.760 g; source basis one 200 mm processed GaN-on-Si wafer; normalized by 72.5636746245 wafers/kg. Elemental amount calculated from gas or liquid precursor quantity. Elemental Cu consumed during processing mapped to copper cathode. TECHNOLOGY_TRANSFER_VARIANT: foreground process quantities are transferred from the source inventory to BLEECAM topology location; background electricity/geography adjusted where available. SOURCE_PROCESS_LOCATION=FR.,technosphere,JP,GLO,0f062820-5826-48ce-a0cf-01ee831af2f9,"market for copper, cathode | copper, cathode | GLO | kg | ecoinvent 3.8"
Wafer manufacturing,GaN_wafer,1,kg,FALSE,2026,"VAUCHE_2024_DERIVED_GAN_ON_SI_WAFER_PROCESSING_CANDIDATE_NOT_BASELINE; processed 200 mm GaN-on-Si power-device wafer benchmark normalized to 1 kg GaN_wafer. Vauche 2024 is used as a representative public benchmark for GaN-on-Si 200 mm power-device wafer processing. It is not a generic bulk GaN substrate LCI, not an import-weighted GaN wafer technology-average LCI, and not a company-specific industrial production disclosure. Upstream TMG synthesis and high-purity gallium production are modeled separately in BLEECAM. MASTER_BOUNDARY_NOTE: Vauche 2024 representative benchmark for GaN-on-Si 200 mm power-device wafer processing; not a generic bulk GaN substrate LCI; upstream TMG and high-purity gallium production excluded. TECHNOLOGY_TRANSFER_VARIANT: foreground process quantities are transferred from the source inventory to BLEECAM topology location; background electricity/geography adjusted where available. SOURCE_PROCESS_LOCATION=FR.",production,KR,KR,,FOREGROUND_OUTPUT: GaN_wafer; no ecoinvent UUID assigned
Wafer manufacturing,"market for single-Si wafer, for electronics",[REDACTED — ecoinvent-licensed value; reproduce via UUID + selection],m2,TRUE,2026,VAUCHE_2024_DERIVED_GAN_ON_SI_WAFER_PROCESSING_CANDIDATE_NOT_BASELINE; Vauche 2024 text silicon substrate model; source value 1 wafer; source basis one 200 mm processed GaN-on-Si wafer; normalized by 72.5636746245 wafers/kg. Vauche explicitly includes 200 mm Czochralski Si substrate; ecoinvent 3.8 GLO electronics single-Si wafer market selected. Vauche explicitly includes a Czochralski 200 mm Si substrate model; local 3.8 match is a global electronics single-Si wafer market and not Vauche's 1 mm China-adapted model. TECHNOLOGY_TRANSFER_VARIANT: foreground process quantities are transferred from the source inventory to BLEECAM topology location; background electricity/geography adjusted where available. SOURCE_PROCESS_LOCATION=FR.,technosphere,KR,GLO,311c8cf5-90c2-45f6-9622-e73d1afcfd3d,"market for single-Si wafer, for electronics | single-Si wafer, for electronics | GLO | m2 | ecoinvent 3.8"
Wafer manufacturing,"market for electricity, low voltage",[REDACTED — ecoinvent-licensed value; reproduce via UUID + selection],kWh,TRUE,2026,VAUCHE_2024_DERIVED_GAN_ON_SI_WAFER_PROCESSING_CANDIDATE_NOT_BASELINE; Vauche 2024 text process electricity; source value 286 kWh; source basis one 200 mm processed GaN-on-Si wafer; normalized by 72.5636746245 wafers/kg. Total process electricity for one 200 mm wafer. French low-voltage electricity selected for Vauche CEA-LETI source benchmark. TECHNOLOGY_TRANSFER_VARIANT: foreground process quantities are transferred from the source inventory to BLEECAM topology location; background electricity/geography adjusted where available. SOURCE_PROCESS_LOCATION=FR. ELECTRICITY_GEOGRAPHY_ADJUSTED_TO_KR: exact ecoinvent 3.8 electricity UUID used for topology process location.,technosphere,KR,KR,51f1ded1-57ab-4e3e-a39b-c331acf6a25e,"market for electricity, low voltage | electricity, low voltage | KR | kWh | ecoinvent 3.8"
Wafer manufacturing,"market for electricity, low voltage",[REDACTED — ecoinvent-licensed value; reproduce via UUID + selection],kWh,TRUE,2026,VAUCHE_2024_DERIVED_GAN_ON_SI_WAFER_PROCESSING_CANDIDATE_NOT_BASELINE; Vauche 2024 text facility electricity; source value 342 kWh; source basis one 200 mm processed GaN-on-Si wafer; normalized by 72.5636746245 wafers/kg. Facility electricity excluding process electricity for one 200 mm wafer. French low-voltage electricity selected for Vauche CEA-LETI source benchmark. TECHNOLOGY_TRANSFER_VARIANT: foreground process quantities are transferred from the source inventory to BLEECAM topology location; background electricity/geography adjusted where available. SOURCE_PROCESS_LOCATION=FR. ELECTRICITY_GEOGRAPHY_ADJUSTED_TO_KR: exact ecoinvent 3.8 electricity UUID used for topology process location.,technosphere,KR,KR,51f1ded1-57ab-4e3e-a39b-c331acf6a25e,"market for electricity, low voltage | electricity, low voltage | KR | kWh | ecoinvent 3.8"
Wafer manufacturing,"market for water, ultrapure",[REDACTED — ecoinvent-licensed value; reproduce via UUID + selection],kg,TRUE,2026,VAUCHE_2024_DERIVED_GAN_ON_SI_WAFER_PROCESSING_CANDIDATE_NOT_BASELINE; Vauche 2024 text UPW/DI water; source value 655 L; source basis one 200 mm processed GaN-on-Si wafer; normalized by 72.5636746245 wafers/kg. Assumed 1 L UPW equals 1 kg for LiAISON mass unit. Vauche reports UPW/deionized water; local allowed-location match uses RoW ultrapure water. TECHNOLOGY_TRANSFER_VARIANT: foreground process quantities are transferred from the source inventory to BLEECAM topology location; background electricity/geography adjusted where available. SOURCE_PROCESS_LOCATION=FR.,technosphere,KR,RoW,7436ffb1-a278-458f-a166-54965d932c10,"market for water, ultrapure | water, ultrapure | RoW | kg | ecoinvent 3.8"
Wafer manufacturing,market for tap water,[REDACTED — ecoinvent-licensed value; reproduce via UUID + selection],kg,TRUE,2026,VAUCHE_2024_DERIVED_GAN_ON_SI_WAFER_PROCESSING_CANDIDATE_NOT_BASELINE; Vauche 2024 text facility water; source value 9.8 m3; source basis one 200 mm processed GaN-on-Si wafer; normalized by 72.5636746245 wafers/kg. PCW volume converted to kg at 1000 kg/m3 and mapped to tap water proxy. Proxy for process cooling water; Vauche reports PCW facility consumption without a dedicated ecoinvent process-cooling-water product. PROXY_NEEDS_REVIEW. TECHNOLOGY_TRANSFER_VARIANT: foreground process quantities are transferred from the source inventory to BLEECAM topology location; background electricity/geography adjusted where available. SOURCE_PROCESS_LOCATION=FR.,technosphere,KR,RoW,ac596c5b-7779-4a51-9c5f-9ec2e0025d6d,market for tap water | tap water | RoW | kg | ecoinvent 3.8
Wafer manufacturing,"market for natural gas, high pressure",[REDACTED — ecoinvent-licensed value; reproduce via UUID + selection],m3,TRUE,2026,VAUCHE_2024_DERIVED_GAN_ON_SI_WAFER_PROCESSING_CANDIDATE_NOT_BASELINE; Vauche 2024 text facility fuel; source value 2.8 kg; source basis one 200 mm processed GaN-on-Si wafer; normalized by 72.5636746245 wafers/kg. Natural gas kg converted to ecoinvent m3 using 0.717 kg/m3 density assumption. Vauche reports natural gas in kg; converted to m3 for ecoinvent using audited density assumption. TECHNOLOGY_TRANSFER_VARIANT: foreground process quantities are transferred from the source inventory to BLEECAM topology location; background electricity/geography adjusted where available. SOURCE_PROCESS_LOCATION=FR.,technosphere,KR,FR,9e1acabb-e55c-4fa9-bf11-4fac4c7e8f3a,"market for natural gas, high pressure | natural gas, high pressure | FR | m3 | ecoinvent 3.8"
Wafer manufacturing,"market for nitrogen, liquid",[REDACTED — ecoinvent-licensed value; reproduce via UUID + selection],kg,TRUE,2026,VAUCHE_2024_DERIVED_GAN_ON_SI_WAFER_PROCESSING_CANDIDATE_NOT_BASELINE; Vauche 2024 text process gas; source value 21.5 kg; source basis one 200 mm processed GaN-on-Si wafer; normalized by 72.5636746245 wafers/kg. Reported N2 process gas mapped to liquid nitrogen market. Proxy for reported N2 process gas; local reliable 3.8 match is liquid nitrogen. PROXY_NEEDS_REVIEW. TECHNOLOGY_TRANSFER_VARIANT: foreground process quantities are transferred from the source inventory to BLEECAM topology location; background electricity/geography adjusted where available. SOURCE_PROCESS_LOCATION=FR.,technosphere,KR,RoW,6fa5f2b9-92cd-4d02-b70e-fca3bac5c20e,"market for nitrogen, liquid | nitrogen, liquid | RoW | kg | ecoinvent 3.8"
Wafer manufacturing,"market for nitric acid, without water, in 50% solution state",[REDACTED — ecoinvent-licensed value; reproduce via UUID + selection],kg,TRUE,2026,VAUCHE_2024_DERIVED_GAN_ON_SI_WAFER_PROCESSING_CANDIDATE_NOT_BASELINE; Vauche 2024 text acid; source value 14.6 kg; source basis one 200 mm processed GaN-on-Si wafer; normalized by 72.5636746245 wafers/kg. Reported acid process input. Reported nitric acid process input. TECHNOLOGY_TRANSFER_VARIANT: foreground process quantities are transferred from the source inventory to BLEECAM topology location; background electricity/geography adjusted where available. SOURCE_PROCESS_LOCATION=FR.,technosphere,KR,RoW,3edc7c10-ef84-4f77-a574-9f4693000416,"market for nitric acid, without water, in 50% solution state | nitric acid, without water, in 50% solution state | RoW | kg | ecoinvent 3.8"
Wafer manufacturing,market for hydrogen fluoride,[REDACTED — ecoinvent-licensed value; reproduce via UUID + selection],kg,TRUE,2026,VAUCHE_2024_DERIVED_GAN_ON_SI_WAFER_PROCESSING_CANDIDATE_NOT_BASELINE; Vauche 2024 text acid; source value 0.1 kg; source basis one 200 mm processed GaN-on-Si wafer; normalized by 72.5636746245 wafers/kg. Reported hydrofluoric acid mapped to hydrogen fluoride. Reported hydrofluoric acid mapped to hydrogen fluoride market. TECHNOLOGY_TRANSFER_VARIANT: foreground process quantities are transferred from the source inventory to BLEECAM topology location; background electricity/geography adjusted where available. SOURCE_PROCESS_LOCATION=FR.,technosphere,KR,RoW,d7f30fd5-2617-4ca9-bd0e-a096003d4a02,market for hydrogen fluoride | hydrogen fluoride | RoW | kg | ecoinvent 3.8
Wafer manufacturing,"market for hydrochloric acid, without water, in 30% solution state",[REDACTED — ecoinvent-licensed value; reproduce via UUID + selection],kg,TRUE,2026,VAUCHE_2024_DERIVED_GAN_ON_SI_WAFER_PROCESSING_CANDIDATE_NOT_BASELINE; Vauche 2024 text acid; source value 2.6 kg; source basis one 200 mm processed GaN-on-Si wafer; normalized by 72.5636746245 wafers/kg. Reported acid process input. Reported hydrochloric acid input. TECHNOLOGY_TRANSFER_VARIANT: foreground process quantities are transferred from the source inventory to BLEECAM topology location; background electricity/geography adjusted where available. SOURCE_PROCESS_LOCATION=FR.,technosphere,KR,RoW,e80fb7a7-7dac-4f03-a973-3dc4e59518f4,"market for hydrochloric acid, without water, in 30% solution state | hydrochloric acid, without water, in 30% solution state | RoW | kg | ecoinvent 3.8"
Wafer manufacturing,market for sulfuric acid,[REDACTED — ecoinvent-licensed value; reproduce via UUID + selection],kg,TRUE,2026,VAUCHE_2024_DERIVED_GAN_ON_SI_WAFER_PROCESSING_CANDIDATE_NOT_BASELINE; Vauche 2024 text acid; source value 1.7 kg; source basis one 200 mm processed GaN-on-Si wafer; normalized by 72.5636746245 wafers/kg. Reported acid process input. Reported sulfuric acid input. TECHNOLOGY_TRANSFER_VARIANT: foreground process quantities are transferred from the source inventory to BLEECAM topology location; background electricity/geography adjusted where available. SOURCE_PROCESS_LOCATION=FR.,technosphere,KR,RoW,e1d3d70c-5b1f-4e18-b123-9d786773596c,market for sulfuric acid | sulfuric acid | RoW | kg | ecoinvent 3.8
Wafer manufacturing,"market for hydrogen peroxide, without water, in 50% solution state",[REDACTED — ecoinvent-licensed value; reproduce via UUID + selection],kg,TRUE,2026,VAUCHE_2024_DERIVED_GAN_ON_SI_WAFER_PROCESSING_CANDIDATE_NOT_BASELINE; Vauche 2024 text oxidizer; source value 4.7 kg; source basis one 200 mm processed GaN-on-Si wafer; normalized by 72.5636746245 wafers/kg. Reported oxidizer input. Reported peroxide input. TECHNOLOGY_TRANSFER_VARIANT: foreground process quantities are transferred from the source inventory to BLEECAM topology location; background electricity/geography adjusted where available. SOURCE_PROCESS_LOCATION=FR.,technosphere,KR,RoW,9ee99cdb-d0c5-4ded-90fe-36b1c29ebfda,"market for hydrogen peroxide, without water, in 50% solution state | hydrogen peroxide, without water, in 50% solution state | RoW | kg | ecoinvent 3.8"
Wafer manufacturing,market for silica sand,[REDACTED — ecoinvent-licensed value; reproduce via UUID + selection],kg,TRUE,2026,VAUCHE_2024_DERIVED_GAN_ON_SI_WAFER_PROCESSING_CANDIDATE_NOT_BASELINE; Vauche 2024 text CMP; source value 8.6 kg; source basis one 200 mm processed GaN-on-Si wafer; normalized by 72.5636746245 wafers/kg. Reported CMP slurries mapped to silica sand proxy because slurry composition is not disclosed. Proxy for CMP slurry/silica slurry; Vauche reports aggregate CMP slurries without recipe-level composition. PROXY_NEEDS_REVIEW. TECHNOLOGY_TRANSFER_VARIANT: foreground process quantities are transferred from the source inventory to BLEECAM topology location; background electricity/geography adjusted where available. SOURCE_PROCESS_LOCATION=FR.,technosphere,KR,GLO,8ab9b882-6ec9-4bc8-8286-e82519322068,market for silica sand | silica sand | GLO | kg | ecoinvent 3.8
Wafer manufacturing,market for isopropanol,[REDACTED — ecoinvent-licensed value; reproduce via UUID + selection],kg,TRUE,2026,VAUCHE_2024_DERIVED_GAN_ON_SI_WAFER_PROCESSING_CANDIDATE_NOT_BASELINE; Vauche 2024 text solvent; source value 2.0 kg; source basis one 200 mm processed GaN-on-Si wafer; normalized by 72.5636746245 wafers/kg. Reported solvent input. Reported isopropanol solvent input. TECHNOLOGY_TRANSFER_VARIANT: foreground process quantities are transferred from the source inventory to BLEECAM topology location; background electricity/geography adjusted where available. SOURCE_PROCESS_LOCATION=FR.,technosphere,KR,RoW,2975e285-054d-49a6-9c18-2294eade3dec,market for isopropanol | isopropanol | RoW | kg | ecoinvent 3.8
Wafer manufacturing,"market for aluminium, primary, ingot",[REDACTED — ecoinvent-licensed value; reproduce via UUID + selection],kg,TRUE,2026,VAUCHE_2024_DERIVED_GAN_ON_SI_WAFER_PROCESSING_CANDIDATE_NOT_BASELINE; Vauche 2024 Table 2 Al consumed; source value 4.057 g; source basis one 200 mm processed GaN-on-Si wafer; normalized by 72.5636746245 wafers/kg. Elemental amount calculated from gas or liquid precursor quantity. Elemental Al consumed during processing mapped to primary aluminium ingot. TECHNOLOGY_TRANSFER_VARIANT: foreground process quantities are transferred from the source inventory to BLEECAM topology location; background electricity/geography adjusted where available. SOURCE_PROCESS_LOCATION=FR.,technosphere,KR,RoW,3b615fcc-d7ab-4aba-bf70-3c19e89e933c,"market for aluminium, primary, ingot | aluminium, primary, ingot | RoW | kg | ecoinvent 3.8"
Wafer manufacturing,"market for nickel, class 1",[REDACTED — ecoinvent-licensed value; reproduce via UUID + selection],kg,TRUE,2026,VAUCHE_2024_DERIVED_GAN_ON_SI_WAFER_PROCESSING_CANDIDATE_NOT_BASELINE; Vauche 2024 Table 2 Ni consumed; source value 1.047 g; source basis one 200 mm processed GaN-on-Si wafer; normalized by 72.5636746245 wafers/kg. Elemental amount calculated from gas or liquid precursor quantity. Elemental Ni consumed during processing mapped to nickel class 1. TECHNOLOGY_TRANSFER_VARIANT: foreground process quantities are transferred from the source inventory to BLEECAM topology location; background electricity/geography adjusted where available. SOURCE_PROCESS_LOCATION=FR.,technosphere,KR,GLO,898aa4d5-58b6-44c4-b3d3-25a4a5b36f3b,"market for nickel, class 1 | nickel, class 1 | GLO | kg | ecoinvent 3.8"
Wafer manufacturing,market for gold,[REDACTED — ecoinvent-licensed value; reproduce via UUID + selection],kg,TRUE,2026,VAUCHE_2024_DERIVED_GAN_ON_SI_WAFER_PROCESSING_CANDIDATE_NOT_BASELINE; Vauche 2024 Table 2 Au consumed; source value 0.086 g; source basis one 200 mm processed GaN-on-Si wafer; normalized by 72.5636746245 wafers/kg. Baseline net gold consumption after source-stated recovery. Baseline gold consumption after source-stated recovery. TECHNOLOGY_TRANSFER_VARIANT: foreground process quantities are transferred from the source inventory to BLEECAM topology location; background electricity/geography adjusted where available. SOURCE_PROCESS_LOCATION=FR.,technosphere,KR,GLO,d139a46f-8504-4ca0-a9a7-5cf6a6281b88,market for gold | gold | GLO | kg | ecoinvent 3.8
Wafer manufacturing,market for titanium,[REDACTED — ecoinvent-licensed value; reproduce via UUID + selection],kg,TRUE,2026,VAUCHE_2024_DERIVED_GAN_ON_SI_WAFER_PROCESSING_CANDIDATE_NOT_BASELINE; Vauche 2024 Table 2 Ti consumed; source value 3.539 g; source basis one 200 mm processed GaN-on-Si wafer; normalized by 72.5636746245 wafers/kg. Elemental amount calculated from gas or liquid precursor quantity. Elemental Ti consumed during processing. TECHNOLOGY_TRANSFER_VARIANT: foreground process quantities are transferred from the source inventory to BLEECAM topology location; background electricity/geography adjusted where available. SOURCE_PROCESS_LOCATION=FR.,technosphere,KR,GLO,acee49d3-24f8-4088-b1a8-c3b3493ad88e,market for titanium | titanium | GLO | kg | ecoinvent 3.8
Wafer manufacturing,"market for copper, cathode",[REDACTED — ecoinvent-licensed value; reproduce via UUID + selection],kg,TRUE,2026,VAUCHE_2024_DERIVED_GAN_ON_SI_WAFER_PROCESSING_CANDIDATE_NOT_BASELINE; Vauche 2024 Table 2 Cu consumed; source value 17.760 g; source basis one 200 mm processed GaN-on-Si wafer; normalized by 72.5636746245 wafers/kg. Elemental amount calculated from gas or liquid precursor quantity. Elemental Cu consumed during processing mapped to copper cathode. TECHNOLOGY_TRANSFER_VARIANT: foreground process quantities are transferred from the source inventory to BLEECAM topology location; background electricity/geography adjusted where available. SOURCE_PROCESS_LOCATION=FR.,technosphere,KR,GLO,0f062820-5826-48ce-a0cf-01ee831af2f9,"market for copper, cathode | copper, cathode | GLO | kg | ecoinvent 3.8"
Wafer manufacturing,GaN_wafer,1,kg,FALSE,2026,"VAUCHE_2024_DERIVED_GAN_ON_SI_WAFER_PROCESSING_CANDIDATE_NOT_BASELINE; processed 200 mm GaN-on-Si power-device wafer benchmark normalized to 1 kg GaN_wafer. Vauche 2024 is used as a representative public benchmark for GaN-on-Si 200 mm power-device wafer processing. It is not a generic bulk GaN substrate LCI, not an import-weighted GaN wafer technology-average LCI, and not a company-specific industrial production disclosure. Upstream TMG synthesis and high-purity gallium production are modeled separately in BLEECAM. MASTER_BOUNDARY_NOTE: Vauche 2024 representative benchmark for GaN-on-Si 200 mm power-device wafer processing; not a generic bulk GaN substrate LCI; upstream TMG and high-purity gallium production excluded. TECHNOLOGY_TRANSFER_VARIANT: foreground process quantities are transferred from the source inventory to BLEECAM topology location; background electricity/geography adjusted where available. SOURCE_PROCESS_LOCATION=FR.",production,US,US,,FOREGROUND_OUTPUT: GaN_wafer; no ecoinvent UUID assigned
Wafer manufacturing,"market for single-Si wafer, for electronics",[REDACTED — ecoinvent-licensed value; reproduce via UUID + selection],m2,TRUE,2026,VAUCHE_2024_DERIVED_GAN_ON_SI_WAFER_PROCESSING_CANDIDATE_NOT_BASELINE; Vauche 2024 text silicon substrate model; source value 1 wafer; source basis one 200 mm processed GaN-on-Si wafer; normalized by 72.5636746245 wafers/kg. Vauche explicitly includes 200 mm Czochralski Si substrate; ecoinvent 3.8 GLO electronics single-Si wafer market selected. Vauche explicitly includes a Czochralski 200 mm Si substrate model; local 3.8 match is a global electronics single-Si wafer market and not Vauche's 1 mm China-adapted model. TECHNOLOGY_TRANSFER_VARIANT: foreground process quantities are transferred from the source inventory to BLEECAM topology location; background electricity/geography adjusted where available. SOURCE_PROCESS_LOCATION=FR.,technosphere,US,GLO,311c8cf5-90c2-45f6-9622-e73d1afcfd3d,"market for single-Si wafer, for electronics | single-Si wafer, for electronics | GLO | m2 | ecoinvent 3.8"
Wafer manufacturing,"market for electricity, low voltage",[REDACTED — ecoinvent-licensed value; reproduce via UUID + selection],kWh,TRUE,2026,VAUCHE_2024_DERIVED_GAN_ON_SI_WAFER_PROCESSING_CANDIDATE_NOT_BASELINE; Vauche 2024 text process electricity; source value 286 kWh; source basis one 200 mm processed GaN-on-Si wafer; normalized by 72.5636746245 wafers/kg. Total process electricity for one 200 mm wafer. French low-voltage electricity selected for Vauche CEA-LETI source benchmark. TECHNOLOGY_TRANSFER_VARIANT: foreground process quantities are transferred from the source inventory to BLEECAM topology location; background electricity/geography adjusted where available. SOURCE_PROCESS_LOCATION=FR. ELECTRICITY_GEOGRAPHY_ADJUSTED_TO_US: exact ecoinvent 3.8 electricity UUID used for topology process location.,technosphere,US,US,92929387-dbce-49f7-93ee-650997ff0d05,"market group for electricity, low voltage | electricity, low voltage | US | kWh | ecoinvent 3.8"
Wafer manufacturing,"market for electricity, low voltage",[REDACTED — ecoinvent-licensed value; reproduce via UUID + selection],kWh,TRUE,2026,VAUCHE_2024_DERIVED_GAN_ON_SI_WAFER_PROCESSING_CANDIDATE_NOT_BASELINE; Vauche 2024 text facility electricity; source value 342 kWh; source basis one 200 mm processed GaN-on-Si wafer; normalized by 72.5636746245 wafers/kg. Facility electricity excluding process electricity for one 200 mm wafer. French low-voltage electricity selected for Vauche CEA-LETI source benchmark. TECHNOLOGY_TRANSFER_VARIANT: foreground process quantities are transferred from the source inventory to BLEECAM topology location; background electricity/geography adjusted where available. SOURCE_PROCESS_LOCATION=FR. ELECTRICITY_GEOGRAPHY_ADJUSTED_TO_US: exact ecoinvent 3.8 electricity UUID used for topology process location.,technosphere,US,US,92929387-dbce-49f7-93ee-650997ff0d05,"market group for electricity, low voltage | electricity, low voltage | US | kWh | ecoinvent 3.8"
Wafer manufacturing,"market for water, ultrapure",[REDACTED — ecoinvent-licensed value; reproduce via UUID + selection],kg,TRUE,2026,VAUCHE_2024_DERIVED_GAN_ON_SI_WAFER_PROCESSING_CANDIDATE_NOT_BASELINE; Vauche 2024 text UPW/DI water; source value 655 L; source basis one 200 mm processed GaN-on-Si wafer; normalized by 72.5636746245 wafers/kg. Assumed 1 L UPW equals 1 kg for LiAISON mass unit. Vauche reports UPW/deionized water; local allowed-location match uses RoW ultrapure water. TECHNOLOGY_TRANSFER_VARIANT: foreground process quantities are transferred from the source inventory to BLEECAM topology location; background electricity/geography adjusted where available. SOURCE_PROCESS_LOCATION=FR.,technosphere,US,RoW,7436ffb1-a278-458f-a166-54965d932c10,"market for water, ultrapure | water, ultrapure | RoW | kg | ecoinvent 3.8"
Wafer manufacturing,market for tap water,[REDACTED — ecoinvent-licensed value; reproduce via UUID + selection],kg,TRUE,2026,VAUCHE_2024_DERIVED_GAN_ON_SI_WAFER_PROCESSING_CANDIDATE_NOT_BASELINE; Vauche 2024 text facility water; source value 9.8 m3; source basis one 200 mm processed GaN-on-Si wafer; normalized by 72.5636746245 wafers/kg. PCW volume converted to kg at 1000 kg/m3 and mapped to tap water proxy. Proxy for process cooling water; Vauche reports PCW facility consumption without a dedicated ecoinvent process-cooling-water product. PROXY_NEEDS_REVIEW. TECHNOLOGY_TRANSFER_VARIANT: foreground process quantities are transferred from the source inventory to BLEECAM topology location; background electricity/geography adjusted where available. SOURCE_PROCESS_LOCATION=FR.,technosphere,US,RoW,ac596c5b-7779-4a51-9c5f-9ec2e0025d6d,market for tap water | tap water | RoW | kg | ecoinvent 3.8
Wafer manufacturing,"market for natural gas, high pressure",[REDACTED — ecoinvent-licensed value; reproduce via UUID + selection],m3,TRUE,2026,VAUCHE_2024_DERIVED_GAN_ON_SI_WAFER_PROCESSING_CANDIDATE_NOT_BASELINE; Vauche 2024 text facility fuel; source value 2.8 kg; source basis one 200 mm processed GaN-on-Si wafer; normalized by 72.5636746245 wafers/kg. Natural gas kg converted to ecoinvent m3 using 0.717 kg/m3 density assumption. Vauche reports natural gas in kg; converted to m3 for ecoinvent using audited density assumption. TECHNOLOGY_TRANSFER_VARIANT: foreground process quantities are transferred from the source inventory to BLEECAM topology location; background electricity/geography adjusted where available. SOURCE_PROCESS_LOCATION=FR.,technosphere,US,FR,9e1acabb-e55c-4fa9-bf11-4fac4c7e8f3a,"market for natural gas, high pressure | natural gas, high pressure | FR | m3 | ecoinvent 3.8"
Wafer manufacturing,"market for nitrogen, liquid",[REDACTED — ecoinvent-licensed value; reproduce via UUID + selection],kg,TRUE,2026,VAUCHE_2024_DERIVED_GAN_ON_SI_WAFER_PROCESSING_CANDIDATE_NOT_BASELINE; Vauche 2024 text process gas; source value 21.5 kg; source basis one 200 mm processed GaN-on-Si wafer; normalized by 72.5636746245 wafers/kg. Reported N2 process gas mapped to liquid nitrogen market. Proxy for reported N2 process gas; local reliable 3.8 match is liquid nitrogen. PROXY_NEEDS_REVIEW. TECHNOLOGY_TRANSFER_VARIANT: foreground process quantities are transferred from the source inventory to BLEECAM topology location; background electricity/geography adjusted where available. SOURCE_PROCESS_LOCATION=FR.,technosphere,US,RoW,6fa5f2b9-92cd-4d02-b70e-fca3bac5c20e,"market for nitrogen, liquid | nitrogen, liquid | RoW | kg | ecoinvent 3.8"
Wafer manufacturing,"market for nitric acid, without water, in 50% solution state",[REDACTED — ecoinvent-licensed value; reproduce via UUID + selection],kg,TRUE,2026,VAUCHE_2024_DERIVED_GAN_ON_SI_WAFER_PROCESSING_CANDIDATE_NOT_BASELINE; Vauche 2024 text acid; source value 14.6 kg; source basis one 200 mm processed GaN-on-Si wafer; normalized by 72.5636746245 wafers/kg. Reported acid process input. Reported nitric acid process input. TECHNOLOGY_TRANSFER_VARIANT: foreground process quantities are transferred from the source inventory to BLEECAM topology location; background electricity/geography adjusted where available. SOURCE_PROCESS_LOCATION=FR.,technosphere,US,RoW,3edc7c10-ef84-4f77-a574-9f4693000416,"market for nitric acid, without water, in 50% solution state | nitric acid, without water, in 50% solution state | RoW | kg | ecoinvent 3.8"
Wafer manufacturing,market for hydrogen fluoride,[REDACTED — ecoinvent-licensed value; reproduce via UUID + selection],kg,TRUE,2026,VAUCHE_2024_DERIVED_GAN_ON_SI_WAFER_PROCESSING_CANDIDATE_NOT_BASELINE; Vauche 2024 text acid; source value 0.1 kg; source basis one 200 mm processed GaN-on-Si wafer; normalized by 72.5636746245 wafers/kg. Reported hydrofluoric acid mapped to hydrogen fluoride. Reported hydrofluoric acid mapped to hydrogen fluoride market. TECHNOLOGY_TRANSFER_VARIANT: foreground process quantities are transferred from the source inventory to BLEECAM topology location; background electricity/geography adjusted where available. SOURCE_PROCESS_LOCATION=FR.,technosphere,US,RoW,d7f30fd5-2617-4ca9-bd0e-a096003d4a02,market for hydrogen fluoride | hydrogen fluoride | RoW | kg | ecoinvent 3.8
Wafer manufacturing,"market for hydrochloric acid, without water, in 30% solution state",[REDACTED — ecoinvent-licensed value; reproduce via UUID + selection],kg,TRUE,2026,VAUCHE_2024_DERIVED_GAN_ON_SI_WAFER_PROCESSING_CANDIDATE_NOT_BASELINE; Vauche 2024 text acid; source value 2.6 kg; source basis one 200 mm processed GaN-on-Si wafer; normalized by 72.5636746245 wafers/kg. Reported acid process input. Reported hydrochloric acid input. TECHNOLOGY_TRANSFER_VARIANT: foreground process quantities are transferred from the source inventory to BLEECAM topology location; background electricity/geography adjusted where available. SOURCE_PROCESS_LOCATION=FR.,technosphere,US,RoW,e80fb7a7-7dac-4f03-a973-3dc4e59518f4,"market for hydrochloric acid, without water, in 30% solution state | hydrochloric acid, without water, in 30% solution state | RoW | kg | ecoinvent 3.8"
Wafer manufacturing,market for sulfuric acid,[REDACTED — ecoinvent-licensed value; reproduce via UUID + selection],kg,TRUE,2026,VAUCHE_2024_DERIVED_GAN_ON_SI_WAFER_PROCESSING_CANDIDATE_NOT_BASELINE; Vauche 2024 text acid; source value 1.7 kg; source basis one 200 mm processed GaN-on-Si wafer; normalized by 72.5636746245 wafers/kg. Reported acid process input. Reported sulfuric acid input. TECHNOLOGY_TRANSFER_VARIANT: foreground process quantities are transferred from the source inventory to BLEECAM topology location; background electricity/geography adjusted where available. SOURCE_PROCESS_LOCATION=FR.,technosphere,US,RoW,e1d3d70c-5b1f-4e18-b123-9d786773596c,market for sulfuric acid | sulfuric acid | RoW | kg | ecoinvent 3.8
Wafer manufacturing,"market for hydrogen peroxide, without water, in 50% solution state",[REDACTED — ecoinvent-licensed value; reproduce via UUID + selection],kg,TRUE,2026,VAUCHE_2024_DERIVED_GAN_ON_SI_WAFER_PROCESSING_CANDIDATE_NOT_BASELINE; Vauche 2024 text oxidizer; source value 4.7 kg; source basis one 200 mm processed GaN-on-Si wafer; normalized by 72.5636746245 wafers/kg. Reported oxidizer input. Reported peroxide input. TECHNOLOGY_TRANSFER_VARIANT: foreground process quantities are transferred from the source inventory to BLEECAM topology location; background electricity/geography adjusted where available. SOURCE_PROCESS_LOCATION=FR.,technosphere,US,RoW,9ee99cdb-d0c5-4ded-90fe-36b1c29ebfda,"market for hydrogen peroxide, without water, in 50% solution state | hydrogen peroxide, without water, in 50% solution state | RoW | kg | ecoinvent 3.8"
Wafer manufacturing,market for silica sand,[REDACTED — ecoinvent-licensed value; reproduce via UUID + selection],kg,TRUE,2026,VAUCHE_2024_DERIVED_GAN_ON_SI_WAFER_PROCESSING_CANDIDATE_NOT_BASELINE; Vauche 2024 text CMP; source value 8.6 kg; source basis one 200 mm processed GaN-on-Si wafer; normalized by 72.5636746245 wafers/kg. Reported CMP slurries mapped to silica sand proxy because slurry composition is not disclosed. Proxy for CMP slurry/silica slurry; Vauche reports aggregate CMP slurries without recipe-level composition. PROXY_NEEDS_REVIEW. TECHNOLOGY_TRANSFER_VARIANT: foreground process quantities are transferred from the source inventory to BLEECAM topology location; background electricity/geography adjusted where available. SOURCE_PROCESS_LOCATION=FR.,technosphere,US,GLO,8ab9b882-6ec9-4bc8-8286-e82519322068,market for silica sand | silica sand | GLO | kg | ecoinvent 3.8
Wafer manufacturing,market for isopropanol,[REDACTED — ecoinvent-licensed value; reproduce via UUID + selection],kg,TRUE,2026,VAUCHE_2024_DERIVED_GAN_ON_SI_WAFER_PROCESSING_CANDIDATE_NOT_BASELINE; Vauche 2024 text solvent; source value 2.0 kg; source basis one 200 mm processed GaN-on-Si wafer; normalized by 72.5636746245 wafers/kg. Reported solvent input. Reported isopropanol solvent input. TECHNOLOGY_TRANSFER_VARIANT: foreground process quantities are transferred from the source inventory to BLEECAM topology location; background electricity/geography adjusted where available. SOURCE_PROCESS_LOCATION=FR.,technosphere,US,RoW,2975e285-054d-49a6-9c18-2294eade3dec,market for isopropanol | isopropanol | RoW | kg | ecoinvent 3.8
Wafer manufacturing,"market for aluminium, primary, ingot",[REDACTED — ecoinvent-licensed value; reproduce via UUID + selection],kg,TRUE,2026,VAUCHE_2024_DERIVED_GAN_ON_SI_WAFER_PROCESSING_CANDIDATE_NOT_BASELINE; Vauche 2024 Table 2 Al consumed; source value 4.057 g; source basis one 200 mm processed GaN-on-Si wafer; normalized by 72.5636746245 wafers/kg. Elemental amount calculated from gas or liquid precursor quantity. Elemental Al consumed during processing mapped to primary aluminium ingot. TECHNOLOGY_TRANSFER_VARIANT: foreground process quantities are transferred from the source inventory to BLEECAM topology location; background electricity/geography adjusted where available. SOURCE_PROCESS_LOCATION=FR.,technosphere,US,RoW,3b615fcc-d7ab-4aba-bf70-3c19e89e933c,"market for aluminium, primary, ingot | aluminium, primary, ingot | RoW | kg | ecoinvent 3.8"
Wafer manufacturing,"market for nickel, class 1",[REDACTED — ecoinvent-licensed value; reproduce via UUID + selection],kg,TRUE,2026,VAUCHE_2024_DERIVED_GAN_ON_SI_WAFER_PROCESSING_CANDIDATE_NOT_BASELINE; Vauche 2024 Table 2 Ni consumed; source value 1.047 g; source basis one 200 mm processed GaN-on-Si wafer; normalized by 72.5636746245 wafers/kg. Elemental amount calculated from gas or liquid precursor quantity. Elemental Ni consumed during processing mapped to nickel class 1. TECHNOLOGY_TRANSFER_VARIANT: foreground process quantities are transferred from the source inventory to BLEECAM topology location; background electricity/geography adjusted where available. SOURCE_PROCESS_LOCATION=FR.,technosphere,US,GLO,898aa4d5-58b6-44c4-b3d3-25a4a5b36f3b,"market for nickel, class 1 | nickel, class 1 | GLO | kg | ecoinvent 3.8"
Wafer manufacturing,market for gold,[REDACTED — ecoinvent-licensed value; reproduce via UUID + selection],kg,TRUE,2026,VAUCHE_2024_DERIVED_GAN_ON_SI_WAFER_PROCESSING_CANDIDATE_NOT_BASELINE; Vauche 2024 Table 2 Au consumed; source value 0.086 g; source basis one 200 mm processed GaN-on-Si wafer; normalized by 72.5636746245 wafers/kg. Baseline net gold consumption after source-stated recovery. Baseline gold consumption after source-stated recovery. TECHNOLOGY_TRANSFER_VARIANT: foreground process quantities are transferred from the source inventory to BLEECAM topology location; background electricity/geography adjusted where available. SOURCE_PROCESS_LOCATION=FR.,technosphere,US,GLO,d139a46f-8504-4ca0-a9a7-5cf6a6281b88,market for gold | gold | GLO | kg | ecoinvent 3.8
Wafer manufacturing,market for titanium,[REDACTED — ecoinvent-licensed value; reproduce via UUID + selection],kg,TRUE,2026,VAUCHE_2024_DERIVED_GAN_ON_SI_WAFER_PROCESSING_CANDIDATE_NOT_BASELINE; Vauche 2024 Table 2 Ti consumed; source value 3.539 g; source basis one 200 mm processed GaN-on-Si wafer; normalized by 72.5636746245 wafers/kg. Elemental amount calculated from gas or liquid precursor quantity. Elemental Ti consumed during processing. TECHNOLOGY_TRANSFER_VARIANT: foreground process quantities are transferred from the source inventory to BLEECAM topology location; background electricity/geography adjusted where available. SOURCE_PROCESS_LOCATION=FR.,technosphere,US,GLO,acee49d3-24f8-4088-b1a8-c3b3493ad88e,market for titanium | titanium | GLO | kg | ecoinvent 3.8
Wafer manufacturing,"market for copper, cathode",[REDACTED — ecoinvent-licensed value; reproduce via UUID + selection],kg,TRUE,2026,VAUCHE_2024_DERIVED_GAN_ON_SI_WAFER_PROCESSING_CANDIDATE_NOT_BASELINE; Vauche 2024 Table 2 Cu consumed; source value 17.760 g; source basis one 200 mm processed GaN-on-Si wafer; normalized by 72.5636746245 wafers/kg. Elemental amount calculated from gas or liquid precursor quantity. Elemental Cu consumed during processing mapped to copper cathode. TECHNOLOGY_TRANSFER_VARIANT: foreground process quantities are transferred from the source inventory to BLEECAM topology location; background electricity/geography adjusted where available. SOURCE_PROCESS_LOCATION=FR.,technosphere,US,GLO,0f062820-5826-48ce-a0cf-01ee831af2f9,"market for copper, cathode | copper, cathode | GLO | kg | ecoinvent 3.8"
ZLR refining,4N_Ga,[REDACTED — ecoinvent-licensed value; reproduce via UUID + selection],kg,FALSE,2026,"SOURCE: Wesselkaemper et al. 2025 SI, Section 2.2 process model and topology mapping; SOURCE_VALUE: ZLR route modeled per kg gallium product; BLEECAM topology output is 4N_Ga; CONVERSION: functional unit set to 1 kg 4N_Ga output; STATUS: calculated topology output; NOTE: ZLR refining is modeled as the incremental recovery/refining burden from zinc leaching residue or zinc refinery residue to 4N_Ga. Upstream zinc mining, concentration, and smelting/refining burdens are excluded from this node to avoid double counting and are modeled separately in BLEECAM. This inventory is a process-derived candidate based on Wesselkaemper et al. 2025 SI and Liu et al. 2017 Part I/II, not a measured industrial foreground LCI. Default process-derived route uses Wesselkaemper et al. 2025 SI for ZLR process parameters and Liu et al. 2017 Part I/II for leaching/SX/stripping chemistry. MASTER_BOUNDARY_NOTE: process-derived candidate from Wesselkaemper et al. 2025 SI and Liu et al. 2017 Part I/II; upstream zinc mining, concentration, and smelting/refining burdens excluded. TECHNOLOGY_TRANSFER_VARIANT: foreground process quantities are transferred from the source inventory to BLEECAM topology location; background electricity/geography adjusted where available. SOURCE_PROCESS_LOCATION=US.",production,CN,CN,,FOREGROUND_TOPOLOGY_OUTPUT; no ecoinvent UUID assigned to output flow
ZLR refining,tannic acid,[REDACTED — ecoinvent-licensed value; reproduce via UUID + selection],kg,TRUE,2026,"SOURCE: Wesselkaemper et al. 2025 SI Table 2.5; Liu et al. 2017 Part I Section 3.2; SOURCE_VALUE: $37.80/kg Ga tannic acid cost and $2.80/kg unit cost; Liu reports 2 g/L tannic acid, L/S 10, 60 C, 2 h; CONVERSION: 37.80 / 2.80 = 13.50 kg tannic acid/kg 4N_Ga; STATUS: cost-derived physical quantity; proxy-mapped; NOTE: TANNIC_ACID_PROXY_NEEDS_REVIEW; exact tannic acid ecoinvent 3.8 flow unavailable, mapped to generic organic chemical. MASTER_BOUNDARY_NOTE: process-derived candidate from Wesselkaemper et al. 2025 SI and Liu et al. 2017 Part I/II; upstream zinc mining, concentration, and smelting/refining burdens excluded. COST_DERIVED_QUANTITY. TECHNOLOGY_TRANSFER_VARIANT: foreground process quantities are transferred from the source inventory to BLEECAM topology location; background electricity/geography adjusted where available. SOURCE_PROCESS_LOCATION=US.",technosphere,CN,GLO,f1ee3e27-05d8-4160-ac9a-93c5cbea4409,"market for chemical, organic | chemical, organic | GLO | kg | ecoinvent 3.8"
ZLR refining,oxalic acid,[REDACTED — ecoinvent-licensed value; reproduce via UUID + selection],kg,TRUE,2026,"SOURCE: Wesselkaemper et al. 2025 SI Table 2.5; Liu et al. 2017 Part I Abstract and Section 3.3.5; SOURCE_VALUE: oxalic acid cost $12.28/kg Ga, unit cost $1.35/kg, 25% recovery assumed; Liu reports 70 g/L H2C2O4, L/S 10, 90 C, 2 h; CONVERSION: 12.28 / 1.35 = 9.10 kg oxalic acid/kg 4N_Ga; STATUS: cost-derived physical quantity; NOTE: Supported by Liu process chemistry; oxalic acid recovery assumption from Wesselkaemper SI. MASTER_BOUNDARY_NOTE: process-derived candidate from Wesselkaemper et al. 2025 SI and Liu et al. 2017 Part I/II; upstream zinc mining, concentration, and smelting/refining burdens excluded. COST_DERIVED_QUANTITY. TECHNOLOGY_TRANSFER_VARIANT: foreground process quantities are transferred from the source inventory to BLEECAM topology location; background electricity/geography adjusted where available. SOURCE_PROCESS_LOCATION=US.",technosphere,CN,GLO,da19ddcd-984d-4351-b89a-1f818a26edc3,market for oxalic acid | oxalic acid | GLO | kg | ecoinvent 3.8
ZLR refining,"sulfuric acid, acid leaching",[REDACTED — ecoinvent-licensed value; reproduce via UUID + selection],kg,TRUE,2026,"SOURCE: Wesselkaemper et al. 2025 SI Table 2.5; Liu et al. 2017 Part I Section 3.2; SOURCE_VALUE: sulfuric acid cost $3.04/kg Ga and $0.13/kg unit cost; Liu reports 60 g/L H2SO4 low-acid leach; CONVERSION: 3.04 / 0.13 = 23.38 kg H2SO4/kg 4N_Ga; STATUS: cost-derived physical quantity; NOTE: Acid leaching stage; mapped to ecoinvent sulfuric acid market. MASTER_BOUNDARY_NOTE: process-derived candidate from Wesselkaemper et al. 2025 SI and Liu et al. 2017 Part I/II; upstream zinc mining, concentration, and smelting/refining burdens excluded. COST_DERIVED_QUANTITY. TECHNOLOGY_TRANSFER_VARIANT: foreground process quantities are transferred from the source inventory to BLEECAM topology location; background electricity/geography adjusted where available. SOURCE_PROCESS_LOCATION=US.",technosphere,CN,RoW,e1d3d70c-5b1f-4e18-b123-9d786773596c,market for sulfuric acid | sulfuric acid | RoW | kg | ecoinvent 3.8
ZLR refining,Fe powder,[REDACTED — ecoinvent-licensed value; reproduce via UUID + selection],kg,TRUE,2026,"SOURCE: Wesselkaemper et al. 2025 SI Table 2.5; Liu et al. 2017 Part I Section 3.4; SOURCE_VALUE: Fe powder cost $19.98/kg Ga and $0.67/kg unit cost; Liu reports Fe powder/Fe(III) molar ratio 5, 50 C, 1 h; CONVERSION: 19.98 / 0.67 = 29.82 kg Fe powder/kg 4N_Ga; STATUS: cost-derived physical quantity; proxy-mapped; NOTE: FE_POWDER_PROXY_NEEDS_REVIEW; exact reduced iron powder ecoinvent 3.8 flow unavailable, mapped to pig iron. MASTER_BOUNDARY_NOTE: process-derived candidate from Wesselkaemper et al. 2025 SI and Liu et al. 2017 Part I/II; upstream zinc mining, concentration, and smelting/refining burdens excluded. COST_DERIVED_QUANTITY. TECHNOLOGY_TRANSFER_VARIANT: foreground process quantities are transferred from the source inventory to BLEECAM topology location; background electricity/geography adjusted where available. SOURCE_PROCESS_LOCATION=US.",technosphere,CN,RoW,15dd9676-21fd-4c42-a4cc-e20c9f213b01,pig iron production | pig iron | RoW | kg | ecoinvent 3.8
ZLR refining,sulfonated kerosene,[REDACTED — ecoinvent-licensed value; reproduce via UUID + selection],kg,TRUE,2026,"SOURCE: Wesselkaemper et al. 2025 SI Table 2.6; Liu et al. 2017 Part II Abstract; SOURCE_VALUE: organic system 70% sulfonated kerosene; kerosene $1/kg, $0.57/L leaching solution; total extraction cost $79.68/kg Ga; total $5.10/L; loss 0.5% per batch; CONVERSION: (0.57 / 5.10 * 79.68) / 1.00 = 8.90 kg kerosene/kg 4N_Ga; STATUS: cost-derived physical quantity; proxy-mapped; NOTE: SULFONATED_KEROSENE_PROXY_NEEDS_REVIEW; mapped to kerosene market. MASTER_BOUNDARY_NOTE: process-derived candidate from Wesselkaemper et al. 2025 SI and Liu et al. 2017 Part I/II; upstream zinc mining, concentration, and smelting/refining burdens excluded. COST_DERIVED_QUANTITY. TECHNOLOGY_TRANSFER_VARIANT: foreground process quantities are transferred from the source inventory to BLEECAM topology location; background electricity/geography adjusted where available. SOURCE_PROCESS_LOCATION=US.",technosphere,CN,RoW,5237d5eb-b883-4879-a82b-f0d89e8e2c08,market for kerosene | kerosene | RoW | kg | ecoinvent 3.8
ZLR refining,N235 (tri(octyl-decyl) amine),[REDACTED — ecoinvent-licensed value; reproduce via UUID + selection],kg,TRUE,2026,"SOURCE: Wesselkaemper et al. 2025 SI Table 2.6; Liu et al. 2017 Part II Abstract and Section 3.2.5; SOURCE_VALUE: organic system 20% N235; N235 $6.50/kg, $0.56/L leaching solution; O/A ratio 2; total extraction cost $79.68/kg Ga; solution loss 0.5%/batch; CONVERSION: (0.56 / 5.10 * 79.68) / 6.50 = 1.35 kg N235/kg 4N_Ga; STATUS: cost-derived physical quantity; proxy-mapped; NOTE: N235_PROXY_NEEDS_REVIEW; exact N235 ecoinvent 3.8 flow unavailable, mapped to triethyl amine. MASTER_BOUNDARY_NOTE: process-derived candidate from Wesselkaemper et al. 2025 SI and Liu et al. 2017 Part I/II; upstream zinc mining, concentration, and smelting/refining burdens excluded. COST_DERIVED_QUANTITY. TECHNOLOGY_TRANSFER_VARIANT: foreground process quantities are transferred from the source inventory to BLEECAM topology location; background electricity/geography adjusted where available. SOURCE_PROCESS_LOCATION=US.",technosphere,CN,RoW,e70b9611-bba3-46f8-8c05-8ff0f54ee938,triethyl amine production | triethyl amine | RoW | kg | ecoinvent 3.8
ZLR refining,tributyl phosphate,[REDACTED — ecoinvent-licensed value; reproduce via UUID + selection],kg,TRUE,2026,"SOURCE: Wesselkaemper et al. 2025 SI Table 2.6; Liu et al. 2017 Part II Abstract and Section 3.2.5; SOURCE_VALUE: organic system 10% TBP; TBP $20/kg, $3.96/L leaching solution; total extraction cost $79.68/kg Ga; total $5.10/L; solution loss 0.5%/batch; CONVERSION: (3.96 / 5.10 * 79.68) / 20.00 = 3.09 kg TBP/kg 4N_Ga; STATUS: cost-derived physical quantity; proxy-mapped; NOTE: TBP_PROXY_NEEDS_REVIEW; exact tributyl phosphate ecoinvent 3.8 flow unavailable, mapped to triphenyl phosphate. MASTER_BOUNDARY_NOTE: process-derived candidate from Wesselkaemper et al. 2025 SI and Liu et al. 2017 Part I/II; upstream zinc mining, concentration, and smelting/refining burdens excluded. COST_DERIVED_QUANTITY. TECHNOLOGY_TRANSFER_VARIANT: foreground process quantities are transferred from the source inventory to BLEECAM topology location; background electricity/geography adjusted where available. SOURCE_PROCESS_LOCATION=US.",technosphere,CN,GLO,3834cabd-96dd-4099-bf04-54663f0e88a5,triphenyl phosphate production | triphenyl phosphate | GLO | kg | ecoinvent 3.8
ZLR refining,"sulfuric acid, Ga stripping",[REDACTED — ecoinvent-licensed value; reproduce via UUID + selection],kg,TRUE,2026,"SOURCE: Wesselkaemper et al. 2025 SI Table 2.7; Liu et al. 2017 Part II Abstract and Section 3.3.3; SOURCE_VALUE: H2SO4 total cost $17.48/kg Ga and unit cost $0.13/kg; Liu reports 2.5 mol/L H2SO4, three-stage Ga stripping, A/O 1:2, 30 C, 15 min, 3.80 g/L Ga strip liquor; CONVERSION: 17.48 / 0.13 = 134.46 kg H2SO4/kg 4N_Ga; STATUS: cost-derived physical quantity; NOTE: Magnitude should be reviewed before final public release; final Ga strip liquor to 4N metal finishing is not fully disclosed. MASTER_BOUNDARY_NOTE: process-derived candidate from Wesselkaemper et al. 2025 SI and Liu et al. 2017 Part I/II; upstream zinc mining, concentration, and smelting/refining burdens excluded. COST_DERIVED_QUANTITY. TECHNOLOGY_TRANSFER_VARIANT: foreground process quantities are transferred from the source inventory to BLEECAM topology location; background electricity/geography adjusted where available. SOURCE_PROCESS_LOCATION=US.",technosphere,CN,RoW,e1d3d70c-5b1f-4e18-b123-9d786773596c,market for sulfuric acid | sulfuric acid | RoW | kg | ecoinvent 3.8
ZLR refining,"sodium hydroxide, Ge stripping assigned to Ga",[REDACTED — ecoinvent-licensed value; reproduce via UUID + selection],kg,TRUE,2026,"SOURCE: Wesselkaemper et al. 2025 SI Table 2.7; Liu et al. 2017 Part II Abstract and Section 3.3.3; SOURCE_VALUE: NaOH total cost $35.81/kg Ge and unit cost $0.31/kg; Liu reports 4 mol/L NaOH, two-stage Ge stripping, A/O 1:3, 40 C, 15 min, 8.3 g/L Ge liquor; CONVERSION: 35.81 / 0.31 = 115.52 kg NaOH/kg product; assigned to 1 kg 4N_Ga under no-coproduct-credit conservative case; STATUS: cost-derived physical quantity; conservative allocation; NOTE: NO_COPRODUCT_CREDIT_PHASE1_CONSERVATIVE; NAOH_CONCENTRATION_BASIS_REVIEW because ecoinvent mapping is sodium hydroxide in 50% solution state; excluded from GA_ONLY_MINIMAL_CANDIDATE. MASTER_BOUNDARY_NOTE: process-derived candidate from Wesselkaemper et al. 2025 SI and Liu et al. 2017 Part I/II; upstream zinc mining, concentration, and smelting/refining burdens excluded. COST_DERIVED_QUANTITY. TECHNOLOGY_TRANSFER_VARIANT: foreground process quantities are transferred from the source inventory to BLEECAM topology location; background electricity/geography adjusted where available. SOURCE_PROCESS_LOCATION=US.",technosphere,CN,GLO,ad2f7e9a-4886-4d71-966d-d529bcc7587f,"market for sodium hydroxide, without water, in 50% solution state | sodium hydroxide, without water, in 50% solution state | GLO | kg | ecoinvent 3.8"
ZLR refining,electricity,[REDACTED — ecoinvent-licensed value; reproduce via UUID + selection],kWh,TRUE,2026,"SOURCE: Wesselkaemper et al. 2025 SI, ZLR utility costs paragraph; SOURCE_VALUE: 21.88 kWh/kg Ga; 1,527 annual 5.5-hour batches; 3.68 kW pumping system; 10.4 kWh process heating per relevant step; CONVERSION: used directly as 21.88 kWh per 1 kg 4N_Ga output; STATUS: reported process-model value; NOTE: Upstream zinc-system burdens excluded; country variants swap only electricity geography. MASTER_BOUNDARY_NOTE: process-derived candidate from Wesselkaemper et al. 2025 SI and Liu et al. 2017 Part I/II; upstream zinc mining, concentration, and smelting/refining burdens excluded. TECHNOLOGY_TRANSFER_VARIANT: foreground process quantities are transferred from the source inventory to BLEECAM topology location; background electricity/geography adjusted where available. SOURCE_PROCESS_LOCATION=US. ELECTRICITY_GEOGRAPHY_ADJUSTED_TO_CN: exact ecoinvent 3.8 electricity UUID used for topology process location.",technosphere,CN,CN,c7f9c799-4ec6-4b8c-8491-d75d10eaf764,"market group for electricity, low voltage | electricity, low voltage | CN | kWh | ecoinvent 3.8"
ZLR refining,4N_Ga,[REDACTED — ecoinvent-licensed value; reproduce via UUID + selection],kg,FALSE,2026,"SOURCE: Wesselkaemper et al. 2025 SI, Section 2.2 process model and topology mapping; SOURCE_VALUE: ZLR route modeled per kg gallium product; BLEECAM topology output is 4N_Ga; CONVERSION: functional unit set to 1 kg 4N_Ga output; STATUS: calculated topology output; NOTE: ZLR refining is modeled as the incremental recovery/refining burden from zinc leaching residue or zinc refinery residue to 4N_Ga. Upstream zinc mining, concentration, and smelting/refining burdens are excluded from this node to avoid double counting and are modeled separately in BLEECAM. This inventory is a process-derived candidate based on Wesselkaemper et al. 2025 SI and Liu et al. 2017 Part I/II, not a measured industrial foreground LCI. Default process-derived route uses Wesselkaemper et al. 2025 SI for ZLR process parameters and Liu et al. 2017 Part I/II for leaching/SX/stripping chemistry. MASTER_BOUNDARY_NOTE: process-derived candidate from Wesselkaemper et al. 2025 SI and Liu et al. 2017 Part I/II; upstream zinc mining, concentration, and smelting/refining burdens excluded. TECHNOLOGY_TRANSFER_VARIANT: foreground process quantities are transferred from the source inventory to BLEECAM topology location; background electricity/geography adjusted where available. SOURCE_PROCESS_LOCATION=US.",production,JP,JP,,FOREGROUND_TOPOLOGY_OUTPUT; no ecoinvent UUID assigned to output flow
ZLR refining,tannic acid,[REDACTED — ecoinvent-licensed value; reproduce via UUID + selection],kg,TRUE,2026,"SOURCE: Wesselkaemper et al. 2025 SI Table 2.5; Liu et al. 2017 Part I Section 3.2; SOURCE_VALUE: $37.80/kg Ga tannic acid cost and $2.80/kg unit cost; Liu reports 2 g/L tannic acid, L/S 10, 60 C, 2 h; CONVERSION: 37.80 / 2.80 = 13.50 kg tannic acid/kg 4N_Ga; STATUS: cost-derived physical quantity; proxy-mapped; NOTE: TANNIC_ACID_PROXY_NEEDS_REVIEW; exact tannic acid ecoinvent 3.8 flow unavailable, mapped to generic organic chemical. MASTER_BOUNDARY_NOTE: process-derived candidate from Wesselkaemper et al. 2025 SI and Liu et al. 2017 Part I/II; upstream zinc mining, concentration, and smelting/refining burdens excluded. COST_DERIVED_QUANTITY. TECHNOLOGY_TRANSFER_VARIANT: foreground process quantities are transferred from the source inventory to BLEECAM topology location; background electricity/geography adjusted where available. SOURCE_PROCESS_LOCATION=US.",technosphere,JP,GLO,f1ee3e27-05d8-4160-ac9a-93c5cbea4409,"market for chemical, organic | chemical, organic | GLO | kg | ecoinvent 3.8"
ZLR refining,oxalic acid,[REDACTED — ecoinvent-licensed value; reproduce via UUID + selection],kg,TRUE,2026,"SOURCE: Wesselkaemper et al. 2025 SI Table 2.5; Liu et al. 2017 Part I Abstract and Section 3.3.5; SOURCE_VALUE: oxalic acid cost $12.28/kg Ga, unit cost $1.35/kg, 25% recovery assumed; Liu reports 70 g/L H2C2O4, L/S 10, 90 C, 2 h; CONVERSION: 12.28 / 1.35 = 9.10 kg oxalic acid/kg 4N_Ga; STATUS: cost-derived physical quantity; NOTE: Supported by Liu process chemistry; oxalic acid recovery assumption from Wesselkaemper SI. MASTER_BOUNDARY_NOTE: process-derived candidate from Wesselkaemper et al. 2025 SI and Liu et al. 2017 Part I/II; upstream zinc mining, concentration, and smelting/refining burdens excluded. COST_DERIVED_QUANTITY. TECHNOLOGY_TRANSFER_VARIANT: foreground process quantities are transferred from the source inventory to BLEECAM topology location; background electricity/geography adjusted where available. SOURCE_PROCESS_LOCATION=US.",technosphere,JP,GLO,da19ddcd-984d-4351-b89a-1f818a26edc3,market for oxalic acid | oxalic acid | GLO | kg | ecoinvent 3.8
ZLR refining,"sulfuric acid, acid leaching",[REDACTED — ecoinvent-licensed value; reproduce via UUID + selection],kg,TRUE,2026,"SOURCE: Wesselkaemper et al. 2025 SI Table 2.5; Liu et al. 2017 Part I Section 3.2; SOURCE_VALUE: sulfuric acid cost $3.04/kg Ga and $0.13/kg unit cost; Liu reports 60 g/L H2SO4 low-acid leach; CONVERSION: 3.04 / 0.13 = 23.38 kg H2SO4/kg 4N_Ga; STATUS: cost-derived physical quantity; NOTE: Acid leaching stage; mapped to ecoinvent sulfuric acid market. MASTER_BOUNDARY_NOTE: process-derived candidate from Wesselkaemper et al. 2025 SI and Liu et al. 2017 Part I/II; upstream zinc mining, concentration, and smelting/refining burdens excluded. COST_DERIVED_QUANTITY. TECHNOLOGY_TRANSFER_VARIANT: foreground process quantities are transferred from the source inventory to BLEECAM topology location; background electricity/geography adjusted where available. SOURCE_PROCESS_LOCATION=US.",technosphere,JP,RoW,e1d3d70c-5b1f-4e18-b123-9d786773596c,market for sulfuric acid | sulfuric acid | RoW | kg | ecoinvent 3.8
ZLR refining,Fe powder,[REDACTED — ecoinvent-licensed value; reproduce via UUID + selection],kg,TRUE,2026,"SOURCE: Wesselkaemper et al. 2025 SI Table 2.5; Liu et al. 2017 Part I Section 3.4; SOURCE_VALUE: Fe powder cost $19.98/kg Ga and $0.67/kg unit cost; Liu reports Fe powder/Fe(III) molar ratio 5, 50 C, 1 h; CONVERSION: 19.98 / 0.67 = 29.82 kg Fe powder/kg 4N_Ga; STATUS: cost-derived physical quantity; proxy-mapped; NOTE: FE_POWDER_PROXY_NEEDS_REVIEW; exact reduced iron powder ecoinvent 3.8 flow unavailable, mapped to pig iron. MASTER_BOUNDARY_NOTE: process-derived candidate from Wesselkaemper et al. 2025 SI and Liu et al. 2017 Part I/II; upstream zinc mining, concentration, and smelting/refining burdens excluded. COST_DERIVED_QUANTITY. TECHNOLOGY_TRANSFER_VARIANT: foreground process quantities are transferred from the source inventory to BLEECAM topology location; background electricity/geography adjusted where available. SOURCE_PROCESS_LOCATION=US.",technosphere,JP,RoW,15dd9676-21fd-4c42-a4cc-e20c9f213b01,pig iron production | pig iron | RoW | kg | ecoinvent 3.8
ZLR refining,sulfonated kerosene,[REDACTED — ecoinvent-licensed value; reproduce via UUID + selection],kg,TRUE,2026,"SOURCE: Wesselkaemper et al. 2025 SI Table 2.6; Liu et al. 2017 Part II Abstract; SOURCE_VALUE: organic system 70% sulfonated kerosene; kerosene $1/kg, $0.57/L leaching solution; total extraction cost $79.68/kg Ga; total $5.10/L; loss 0.5% per batch; CONVERSION: (0.57 / 5.10 * 79.68) / 1.00 = 8.90 kg kerosene/kg 4N_Ga; STATUS: cost-derived physical quantity; proxy-mapped; NOTE: SULFONATED_KEROSENE_PROXY_NEEDS_REVIEW; mapped to kerosene market. MASTER_BOUNDARY_NOTE: process-derived candidate from Wesselkaemper et al. 2025 SI and Liu et al. 2017 Part I/II; upstream zinc mining, concentration, and smelting/refining burdens excluded. COST_DERIVED_QUANTITY. TECHNOLOGY_TRANSFER_VARIANT: foreground process quantities are transferred from the source inventory to BLEECAM topology location; background electricity/geography adjusted where available. SOURCE_PROCESS_LOCATION=US.",technosphere,JP,RoW,5237d5eb-b883-4879-a82b-f0d89e8e2c08,market for kerosene | kerosene | RoW | kg | ecoinvent 3.8
ZLR refining,N235 (tri(octyl-decyl) amine),[REDACTED — ecoinvent-licensed value; reproduce via UUID + selection],kg,TRUE,2026,"SOURCE: Wesselkaemper et al. 2025 SI Table 2.6; Liu et al. 2017 Part II Abstract and Section 3.2.5; SOURCE_VALUE: organic system 20% N235; N235 $6.50/kg, $0.56/L leaching solution; O/A ratio 2; total extraction cost $79.68/kg Ga; solution loss 0.5%/batch; CONVERSION: (0.56 / 5.10 * 79.68) / 6.50 = 1.35 kg N235/kg 4N_Ga; STATUS: cost-derived physical quantity; proxy-mapped; NOTE: N235_PROXY_NEEDS_REVIEW; exact N235 ecoinvent 3.8 flow unavailable, mapped to triethyl amine. MASTER_BOUNDARY_NOTE: process-derived candidate from Wesselkaemper et al. 2025 SI and Liu et al. 2017 Part I/II; upstream zinc mining, concentration, and smelting/refining burdens excluded. COST_DERIVED_QUANTITY. TECHNOLOGY_TRANSFER_VARIANT: foreground process quantities are transferred from the source inventory to BLEECAM topology location; background electricity/geography adjusted where available. SOURCE_PROCESS_LOCATION=US.",technosphere,JP,RoW,e70b9611-bba3-46f8-8c05-8ff0f54ee938,triethyl amine production | triethyl amine | RoW | kg | ecoinvent 3.8
ZLR refining,tributyl phosphate,[REDACTED — ecoinvent-licensed value; reproduce via UUID + selection],kg,TRUE,2026,"SOURCE: Wesselkaemper et al. 2025 SI Table 2.6; Liu et al. 2017 Part II Abstract and Section 3.2.5; SOURCE_VALUE: organic system 10% TBP; TBP $20/kg, $3.96/L leaching solution; total extraction cost $79.68/kg Ga; total $5.10/L; solution loss 0.5%/batch; CONVERSION: (3.96 / 5.10 * 79.68) / 20.00 = 3.09 kg TBP/kg 4N_Ga; STATUS: cost-derived physical quantity; proxy-mapped; NOTE: TBP_PROXY_NEEDS_REVIEW; exact tributyl phosphate ecoinvent 3.8 flow unavailable, mapped to triphenyl phosphate. MASTER_BOUNDARY_NOTE: process-derived candidate from Wesselkaemper et al. 2025 SI and Liu et al. 2017 Part I/II; upstream zinc mining, concentration, and smelting/refining burdens excluded. COST_DERIVED_QUANTITY. TECHNOLOGY_TRANSFER_VARIANT: foreground process quantities are transferred from the source inventory to BLEECAM topology location; background electricity/geography adjusted where available. SOURCE_PROCESS_LOCATION=US.",technosphere,JP,GLO,3834cabd-96dd-4099-bf04-54663f0e88a5,triphenyl phosphate production | triphenyl phosphate | GLO | kg | ecoinvent 3.8
ZLR refining,"sulfuric acid, Ga stripping",[REDACTED — ecoinvent-licensed value; reproduce via UUID + selection],kg,TRUE,2026,"SOURCE: Wesselkaemper et al. 2025 SI Table 2.7; Liu et al. 2017 Part II Abstract and Section 3.3.3; SOURCE_VALUE: H2SO4 total cost $17.48/kg Ga and unit cost $0.13/kg; Liu reports 2.5 mol/L H2SO4, three-stage Ga stripping, A/O 1:2, 30 C, 15 min, 3.80 g/L Ga strip liquor; CONVERSION: 17.48 / 0.13 = 134.46 kg H2SO4/kg 4N_Ga; STATUS: cost-derived physical quantity; NOTE: Magnitude should be reviewed before final public release; final Ga strip liquor to 4N metal finishing is not fully disclosed. MASTER_BOUNDARY_NOTE: process-derived candidate from Wesselkaemper et al. 2025 SI and Liu et al. 2017 Part I/II; upstream zinc mining, concentration, and smelting/refining burdens excluded. COST_DERIVED_QUANTITY. TECHNOLOGY_TRANSFER_VARIANT: foreground process quantities are transferred from the source inventory to BLEECAM topology location; background electricity/geography adjusted where available. SOURCE_PROCESS_LOCATION=US.",technosphere,JP,RoW,e1d3d70c-5b1f-4e18-b123-9d786773596c,market for sulfuric acid | sulfuric acid | RoW | kg | ecoinvent 3.8
ZLR refining,"sodium hydroxide, Ge stripping assigned to Ga",[REDACTED — ecoinvent-licensed value; reproduce via UUID + selection],kg,TRUE,2026,"SOURCE: Wesselkaemper et al. 2025 SI Table 2.7; Liu et al. 2017 Part II Abstract and Section 3.3.3; SOURCE_VALUE: NaOH total cost $35.81/kg Ge and unit cost $0.31/kg; Liu reports 4 mol/L NaOH, two-stage Ge stripping, A/O 1:3, 40 C, 15 min, 8.3 g/L Ge liquor; CONVERSION: 35.81 / 0.31 = 115.52 kg NaOH/kg product; assigned to 1 kg 4N_Ga under no-coproduct-credit conservative case; STATUS: cost-derived physical quantity; conservative allocation; NOTE: NO_COPRODUCT_CREDIT_PHASE1_CONSERVATIVE; NAOH_CONCENTRATION_BASIS_REVIEW because ecoinvent mapping is sodium hydroxide in 50% solution state; excluded from GA_ONLY_MINIMAL_CANDIDATE. MASTER_BOUNDARY_NOTE: process-derived candidate from Wesselkaemper et al. 2025 SI and Liu et al. 2017 Part I/II; upstream zinc mining, concentration, and smelting/refining burdens excluded. COST_DERIVED_QUANTITY. TECHNOLOGY_TRANSFER_VARIANT: foreground process quantities are transferred from the source inventory to BLEECAM topology location; background electricity/geography adjusted where available. SOURCE_PROCESS_LOCATION=US.",technosphere,JP,GLO,ad2f7e9a-4886-4d71-966d-d529bcc7587f,"market for sodium hydroxide, without water, in 50% solution state | sodium hydroxide, without water, in 50% solution state | GLO | kg | ecoinvent 3.8"
ZLR refining,electricity,[REDACTED — ecoinvent-licensed value; reproduce via UUID + selection],kWh,TRUE,2026,"SOURCE: Wesselkaemper et al. 2025 SI, ZLR utility costs paragraph; SOURCE_VALUE: 21.88 kWh/kg Ga; 1,527 annual 5.5-hour batches; 3.68 kW pumping system; 10.4 kWh process heating per relevant step; CONVERSION: used directly as 21.88 kWh per 1 kg 4N_Ga output; STATUS: reported process-model value; NOTE: Upstream zinc-system burdens excluded; country variants swap only electricity geography. MASTER_BOUNDARY_NOTE: process-derived candidate from Wesselkaemper et al. 2025 SI and Liu et al. 2017 Part I/II; upstream zinc mining, concentration, and smelting/refining burdens excluded. TECHNOLOGY_TRANSFER_VARIANT: foreground process quantities are transferred from the source inventory to BLEECAM topology location; background electricity/geography adjusted where available. SOURCE_PROCESS_LOCATION=US. ELECTRICITY_GEOGRAPHY_ADJUSTED_TO_JP: exact ecoinvent 3.8 electricity UUID used for topology process location.",technosphere,JP,JP,2057ef24-f4df-478c-b184-f842916c1862,"market for electricity, low voltage | electricity, low voltage | JP | kWh | ecoinvent 3.8"
ZLR refining,4N_Ga,[REDACTED — ecoinvent-licensed value; reproduce via UUID + selection],kg,FALSE,2026,"SOURCE: Wesselkaemper et al. 2025 SI, Section 2.2 process model and topology mapping; SOURCE_VALUE: ZLR route modeled per kg gallium product; BLEECAM topology output is 4N_Ga; CONVERSION: functional unit set to 1 kg 4N_Ga output; STATUS: calculated topology output; NOTE: ZLR refining is modeled as the incremental recovery/refining burden from zinc leaching residue or zinc refinery residue to 4N_Ga. Upstream zinc mining, concentration, and smelting/refining burdens are excluded from this node to avoid double counting and are modeled separately in BLEECAM. This inventory is a process-derived candidate based on Wesselkaemper et al. 2025 SI and Liu et al. 2017 Part I/II, not a measured industrial foreground LCI. Default process-derived route uses Wesselkaemper et al. 2025 SI for ZLR process parameters and Liu et al. 2017 Part I/II for leaching/SX/stripping chemistry. MASTER_BOUNDARY_NOTE: process-derived candidate from Wesselkaemper et al. 2025 SI and Liu et al. 2017 Part I/II; upstream zinc mining, concentration, and smelting/refining burdens excluded. TECHNOLOGY_TRANSFER_VARIANT: foreground process quantities are transferred from the source inventory to BLEECAM topology location; background electricity/geography adjusted where available. SOURCE_PROCESS_LOCATION=US.",production,KR,KR,,FOREGROUND_TOPOLOGY_OUTPUT; no ecoinvent UUID assigned to output flow
ZLR refining,tannic acid,[REDACTED — ecoinvent-licensed value; reproduce via UUID + selection],kg,TRUE,2026,"SOURCE: Wesselkaemper et al. 2025 SI Table 2.5; Liu et al. 2017 Part I Section 3.2; SOURCE_VALUE: $37.80/kg Ga tannic acid cost and $2.80/kg unit cost; Liu reports 2 g/L tannic acid, L/S 10, 60 C, 2 h; CONVERSION: 37.80 / 2.80 = 13.50 kg tannic acid/kg 4N_Ga; STATUS: cost-derived physical quantity; proxy-mapped; NOTE: TANNIC_ACID_PROXY_NEEDS_REVIEW; exact tannic acid ecoinvent 3.8 flow unavailable, mapped to generic organic chemical. MASTER_BOUNDARY_NOTE: process-derived candidate from Wesselkaemper et al. 2025 SI and Liu et al. 2017 Part I/II; upstream zinc mining, concentration, and smelting/refining burdens excluded. COST_DERIVED_QUANTITY. TECHNOLOGY_TRANSFER_VARIANT: foreground process quantities are transferred from the source inventory to BLEECAM topology location; background electricity/geography adjusted where available. SOURCE_PROCESS_LOCATION=US.",technosphere,KR,GLO,f1ee3e27-05d8-4160-ac9a-93c5cbea4409,"market for chemical, organic | chemical, organic | GLO | kg | ecoinvent 3.8"
ZLR refining,oxalic acid,[REDACTED — ecoinvent-licensed value; reproduce via UUID + selection],kg,TRUE,2026,"SOURCE: Wesselkaemper et al. 2025 SI Table 2.5; Liu et al. 2017 Part I Abstract and Section 3.3.5; SOURCE_VALUE: oxalic acid cost $12.28/kg Ga, unit cost $1.35/kg, 25% recovery assumed; Liu reports 70 g/L H2C2O4, L/S 10, 90 C, 2 h; CONVERSION: 12.28 / 1.35 = 9.10 kg oxalic acid/kg 4N_Ga; STATUS: cost-derived physical quantity; NOTE: Supported by Liu process chemistry; oxalic acid recovery assumption from Wesselkaemper SI. MASTER_BOUNDARY_NOTE: process-derived candidate from Wesselkaemper et al. 2025 SI and Liu et al. 2017 Part I/II; upstream zinc mining, concentration, and smelting/refining burdens excluded. COST_DERIVED_QUANTITY. TECHNOLOGY_TRANSFER_VARIANT: foreground process quantities are transferred from the source inventory to BLEECAM topology location; background electricity/geography adjusted where available. SOURCE_PROCESS_LOCATION=US.",technosphere,KR,GLO,da19ddcd-984d-4351-b89a-1f818a26edc3,market for oxalic acid | oxalic acid | GLO | kg | ecoinvent 3.8
ZLR refining,"sulfuric acid, acid leaching",[REDACTED — ecoinvent-licensed value; reproduce via UUID + selection],kg,TRUE,2026,"SOURCE: Wesselkaemper et al. 2025 SI Table 2.5; Liu et al. 2017 Part I Section 3.2; SOURCE_VALUE: sulfuric acid cost $3.04/kg Ga and $0.13/kg unit cost; Liu reports 60 g/L H2SO4 low-acid leach; CONVERSION: 3.04 / 0.13 = 23.38 kg H2SO4/kg 4N_Ga; STATUS: cost-derived physical quantity; NOTE: Acid leaching stage; mapped to ecoinvent sulfuric acid market. MASTER_BOUNDARY_NOTE: process-derived candidate from Wesselkaemper et al. 2025 SI and Liu et al. 2017 Part I/II; upstream zinc mining, concentration, and smelting/refining burdens excluded. COST_DERIVED_QUANTITY. TECHNOLOGY_TRANSFER_VARIANT: foreground process quantities are transferred from the source inventory to BLEECAM topology location; background electricity/geography adjusted where available. SOURCE_PROCESS_LOCATION=US.",technosphere,KR,RoW,e1d3d70c-5b1f-4e18-b123-9d786773596c,market for sulfuric acid | sulfuric acid | RoW | kg | ecoinvent 3.8
ZLR refining,Fe powder,[REDACTED — ecoinvent-licensed value; reproduce via UUID + selection],kg,TRUE,2026,"SOURCE: Wesselkaemper et al. 2025 SI Table 2.5; Liu et al. 2017 Part I Section 3.4; SOURCE_VALUE: Fe powder cost $19.98/kg Ga and $0.67/kg unit cost; Liu reports Fe powder/Fe(III) molar ratio 5, 50 C, 1 h; CONVERSION: 19.98 / 0.67 = 29.82 kg Fe powder/kg 4N_Ga; STATUS: cost-derived physical quantity; proxy-mapped; NOTE: FE_POWDER_PROXY_NEEDS_REVIEW; exact reduced iron powder ecoinvent 3.8 flow unavailable, mapped to pig iron. MASTER_BOUNDARY_NOTE: process-derived candidate from Wesselkaemper et al. 2025 SI and Liu et al. 2017 Part I/II; upstream zinc mining, concentration, and smelting/refining burdens excluded. COST_DERIVED_QUANTITY. TECHNOLOGY_TRANSFER_VARIANT: foreground process quantities are transferred from the source inventory to BLEECAM topology location; background electricity/geography adjusted where available. SOURCE_PROCESS_LOCATION=US.",technosphere,KR,RoW,15dd9676-21fd-4c42-a4cc-e20c9f213b01,pig iron production | pig iron | RoW | kg | ecoinvent 3.8
ZLR refining,sulfonated kerosene,[REDACTED — ecoinvent-licensed value; reproduce via UUID + selection],kg,TRUE,2026,"SOURCE: Wesselkaemper et al. 2025 SI Table 2.6; Liu et al. 2017 Part II Abstract; SOURCE_VALUE: organic system 70% sulfonated kerosene; kerosene $1/kg, $0.57/L leaching solution; total extraction cost $79.68/kg Ga; total $5.10/L; loss 0.5% per batch; CONVERSION: (0.57 / 5.10 * 79.68) / 1.00 = 8.90 kg kerosene/kg 4N_Ga; STATUS: cost-derived physical quantity; proxy-mapped; NOTE: SULFONATED_KEROSENE_PROXY_NEEDS_REVIEW; mapped to kerosene market. MASTER_BOUNDARY_NOTE: process-derived candidate from Wesselkaemper et al. 2025 SI and Liu et al. 2017 Part I/II; upstream zinc mining, concentration, and smelting/refining burdens excluded. COST_DERIVED_QUANTITY. TECHNOLOGY_TRANSFER_VARIANT: foreground process quantities are transferred from the source inventory to BLEECAM topology location; background electricity/geography adjusted where available. SOURCE_PROCESS_LOCATION=US.",technosphere,KR,RoW,5237d5eb-b883-4879-a82b-f0d89e8e2c08,market for kerosene | kerosene | RoW | kg | ecoinvent 3.8
ZLR refining,N235 (tri(octyl-decyl) amine),[REDACTED — ecoinvent-licensed value; reproduce via UUID + selection],kg,TRUE,2026,"SOURCE: Wesselkaemper et al. 2025 SI Table 2.6; Liu et al. 2017 Part II Abstract and Section 3.2.5; SOURCE_VALUE: organic system 20% N235; N235 $6.50/kg, $0.56/L leaching solution; O/A ratio 2; total extraction cost $79.68/kg Ga; solution loss 0.5%/batch; CONVERSION: (0.56 / 5.10 * 79.68) / 6.50 = 1.35 kg N235/kg 4N_Ga; STATUS: cost-derived physical quantity; proxy-mapped; NOTE: N235_PROXY_NEEDS_REVIEW; exact N235 ecoinvent 3.8 flow unavailable, mapped to triethyl amine. MASTER_BOUNDARY_NOTE: process-derived candidate from Wesselkaemper et al. 2025 SI and Liu et al. 2017 Part I/II; upstream zinc mining, concentration, and smelting/refining burdens excluded. COST_DERIVED_QUANTITY. TECHNOLOGY_TRANSFER_VARIANT: foreground process quantities are transferred from the source inventory to BLEECAM topology location; background electricity/geography adjusted where available. SOURCE_PROCESS_LOCATION=US.",technosphere,KR,RoW,e70b9611-bba3-46f8-8c05-8ff0f54ee938,triethyl amine production | triethyl amine | RoW | kg | ecoinvent 3.8
ZLR refining,tributyl phosphate,[REDACTED — ecoinvent-licensed value; reproduce via UUID + selection],kg,TRUE,2026,"SOURCE: Wesselkaemper et al. 2025 SI Table 2.6; Liu et al. 2017 Part II Abstract and Section 3.2.5; SOURCE_VALUE: organic system 10% TBP; TBP $20/kg, $3.96/L leaching solution; total extraction cost $79.68/kg Ga; total $5.10/L; solution loss 0.5%/batch; CONVERSION: (3.96 / 5.10 * 79.68) / 20.00 = 3.09 kg TBP/kg 4N_Ga; STATUS: cost-derived physical quantity; proxy-mapped; NOTE: TBP_PROXY_NEEDS_REVIEW; exact tributyl phosphate ecoinvent 3.8 flow unavailable, mapped to triphenyl phosphate. MASTER_BOUNDARY_NOTE: process-derived candidate from Wesselkaemper et al. 2025 SI and Liu et al. 2017 Part I/II; upstream zinc mining, concentration, and smelting/refining burdens excluded. COST_DERIVED_QUANTITY. TECHNOLOGY_TRANSFER_VARIANT: foreground process quantities are transferred from the source inventory to BLEECAM topology location; background electricity/geography adjusted where available. SOURCE_PROCESS_LOCATION=US.",technosphere,KR,GLO,3834cabd-96dd-4099-bf04-54663f0e88a5,triphenyl phosphate production | triphenyl phosphate | GLO | kg | ecoinvent 3.8
ZLR refining,"sulfuric acid, Ga stripping",[REDACTED — ecoinvent-licensed value; reproduce via UUID + selection],kg,TRUE,2026,"SOURCE: Wesselkaemper et al. 2025 SI Table 2.7; Liu et al. 2017 Part II Abstract and Section 3.3.3; SOURCE_VALUE: H2SO4 total cost $17.48/kg Ga and unit cost $0.13/kg; Liu reports 2.5 mol/L H2SO4, three-stage Ga stripping, A/O 1:2, 30 C, 15 min, 3.80 g/L Ga strip liquor; CONVERSION: 17.48 / 0.13 = 134.46 kg H2SO4/kg 4N_Ga; STATUS: cost-derived physical quantity; NOTE: Magnitude should be reviewed before final public release; final Ga strip liquor to 4N metal finishing is not fully disclosed. MASTER_BOUNDARY_NOTE: process-derived candidate from Wesselkaemper et al. 2025 SI and Liu et al. 2017 Part I/II; upstream zinc mining, concentration, and smelting/refining burdens excluded. COST_DERIVED_QUANTITY. TECHNOLOGY_TRANSFER_VARIANT: foreground process quantities are transferred from the source inventory to BLEECAM topology location; background electricity/geography adjusted where available. SOURCE_PROCESS_LOCATION=US.",technosphere,KR,RoW,e1d3d70c-5b1f-4e18-b123-9d786773596c,market for sulfuric acid | sulfuric acid | RoW | kg | ecoinvent 3.8
ZLR refining,"sodium hydroxide, Ge stripping assigned to Ga",[REDACTED — ecoinvent-licensed value; reproduce via UUID + selection],kg,TRUE,2026,"SOURCE: Wesselkaemper et al. 2025 SI Table 2.7; Liu et al. 2017 Part II Abstract and Section 3.3.3; SOURCE_VALUE: NaOH total cost $35.81/kg Ge and unit cost $0.31/kg; Liu reports 4 mol/L NaOH, two-stage Ge stripping, A/O 1:3, 40 C, 15 min, 8.3 g/L Ge liquor; CONVERSION: 35.81 / 0.31 = 115.52 kg NaOH/kg product; assigned to 1 kg 4N_Ga under no-coproduct-credit conservative case; STATUS: cost-derived physical quantity; conservative allocation; NOTE: NO_COPRODUCT_CREDIT_PHASE1_CONSERVATIVE; NAOH_CONCENTRATION_BASIS_REVIEW because ecoinvent mapping is sodium hydroxide in 50% solution state; excluded from GA_ONLY_MINIMAL_CANDIDATE. MASTER_BOUNDARY_NOTE: process-derived candidate from Wesselkaemper et al. 2025 SI and Liu et al. 2017 Part I/II; upstream zinc mining, concentration, and smelting/refining burdens excluded. COST_DERIVED_QUANTITY. TECHNOLOGY_TRANSFER_VARIANT: foreground process quantities are transferred from the source inventory to BLEECAM topology location; background electricity/geography adjusted where available. SOURCE_PROCESS_LOCATION=US.",technosphere,KR,GLO,ad2f7e9a-4886-4d71-966d-d529bcc7587f,"market for sodium hydroxide, without water, in 50% solution state | sodium hydroxide, without water, in 50% solution state | GLO | kg | ecoinvent 3.8"
ZLR refining,electricity,[REDACTED — ecoinvent-licensed value; reproduce via UUID + selection],kWh,TRUE,2026,"SOURCE: Wesselkaemper et al. 2025 SI, ZLR utility costs paragraph; SOURCE_VALUE: 21.88 kWh/kg Ga; 1,527 annual 5.5-hour batches; 3.68 kW pumping system; 10.4 kWh process heating per relevant step; CONVERSION: used directly as 21.88 kWh per 1 kg 4N_Ga output; STATUS: reported process-model value; NOTE: Upstream zinc-system burdens excluded; country variants swap only electricity geography. MASTER_BOUNDARY_NOTE: process-derived candidate from Wesselkaemper et al. 2025 SI and Liu et al. 2017 Part I/II; upstream zinc mining, concentration, and smelting/refining burdens excluded. TECHNOLOGY_TRANSFER_VARIANT: foreground process quantities are transferred from the source inventory to BLEECAM topology location; background electricity/geography adjusted where available. SOURCE_PROCESS_LOCATION=US. ELECTRICITY_GEOGRAPHY_ADJUSTED_TO_KR: exact ecoinvent 3.8 electricity UUID used for topology process location.",technosphere,KR,KR,51f1ded1-57ab-4e3e-a39b-c331acf6a25e,"market for electricity, low voltage | electricity, low voltage | KR | kWh | ecoinvent 3.8"
ZLR refining,4N_Ga,[REDACTED — ecoinvent-licensed value; reproduce via UUID + selection],kg,FALSE,2026,"SOURCE: Wesselkaemper et al. 2025 SI, Section 2.2 process model and topology mapping; SOURCE_VALUE: ZLR route modeled per kg gallium product; BLEECAM topology output is 4N_Ga; CONVERSION: functional unit set to 1 kg 4N_Ga output; STATUS: calculated topology output; NOTE: ZLR refining is modeled as the incremental recovery/refining burden from zinc leaching residue or zinc refinery residue to 4N_Ga. Upstream zinc mining, concentration, and smelting/refining burdens are excluded from this node to avoid double counting and are modeled separately in BLEECAM. This inventory is a process-derived candidate based on Wesselkaemper et al. 2025 SI and Liu et al. 2017 Part I/II, not a measured industrial foreground LCI. Default process-derived route uses Wesselkaemper et al. 2025 SI for ZLR process parameters and Liu et al. 2017 Part I/II for leaching/SX/stripping chemistry. MASTER_BOUNDARY_NOTE: process-derived candidate from Wesselkaemper et al. 2025 SI and Liu et al. 2017 Part I/II; upstream zinc mining, concentration, and smelting/refining burdens excluded.",production,US,US,,FOREGROUND_TOPOLOGY_OUTPUT; no ecoinvent UUID assigned to output flow
ZLR refining,tannic acid,[REDACTED — ecoinvent-licensed value; reproduce via UUID + selection],kg,TRUE,2026,"SOURCE: Wesselkaemper et al. 2025 SI Table 2.5; Liu et al. 2017 Part I Section 3.2; SOURCE_VALUE: $37.80/kg Ga tannic acid cost and $2.80/kg unit cost; Liu reports 2 g/L tannic acid, L/S 10, 60 C, 2 h; CONVERSION: 37.80 / 2.80 = 13.50 kg tannic acid/kg 4N_Ga; STATUS: cost-derived physical quantity; proxy-mapped; NOTE: TANNIC_ACID_PROXY_NEEDS_REVIEW; exact tannic acid ecoinvent 3.8 flow unavailable, mapped to generic organic chemical. MASTER_BOUNDARY_NOTE: process-derived candidate from Wesselkaemper et al. 2025 SI and Liu et al. 2017 Part I/II; upstream zinc mining, concentration, and smelting/refining burdens excluded. COST_DERIVED_QUANTITY.",technosphere,US,GLO,f1ee3e27-05d8-4160-ac9a-93c5cbea4409,"market for chemical, organic | chemical, organic | GLO | kg | ecoinvent 3.8"
ZLR refining,oxalic acid,[REDACTED — ecoinvent-licensed value; reproduce via UUID + selection],kg,TRUE,2026,"SOURCE: Wesselkaemper et al. 2025 SI Table 2.5; Liu et al. 2017 Part I Abstract and Section 3.3.5; SOURCE_VALUE: oxalic acid cost $12.28/kg Ga, unit cost $1.35/kg, 25% recovery assumed; Liu reports 70 g/L H2C2O4, L/S 10, 90 C, 2 h; CONVERSION: 12.28 / 1.35 = 9.10 kg oxalic acid/kg 4N_Ga; STATUS: cost-derived physical quantity; NOTE: Supported by Liu process chemistry; oxalic acid recovery assumption from Wesselkaemper SI. MASTER_BOUNDARY_NOTE: process-derived candidate from Wesselkaemper et al. 2025 SI and Liu et al. 2017 Part I/II; upstream zinc mining, concentration, and smelting/refining burdens excluded. COST_DERIVED_QUANTITY.",technosphere,US,GLO,da19ddcd-984d-4351-b89a-1f818a26edc3,market for oxalic acid | oxalic acid | GLO | kg | ecoinvent 3.8
ZLR refining,"sulfuric acid, acid leaching",[REDACTED — ecoinvent-licensed value; reproduce via UUID + selection],kg,TRUE,2026,"SOURCE: Wesselkaemper et al. 2025 SI Table 2.5; Liu et al. 2017 Part I Section 3.2; SOURCE_VALUE: sulfuric acid cost $3.04/kg Ga and $0.13/kg unit cost; Liu reports 60 g/L H2SO4 low-acid leach; CONVERSION: 3.04 / 0.13 = 23.38 kg H2SO4/kg 4N_Ga; STATUS: cost-derived physical quantity; NOTE: Acid leaching stage; mapped to ecoinvent sulfuric acid market. MASTER_BOUNDARY_NOTE: process-derived candidate from Wesselkaemper et al. 2025 SI and Liu et al. 2017 Part I/II; upstream zinc mining, concentration, and smelting/refining burdens excluded. COST_DERIVED_QUANTITY.",technosphere,US,RoW,e1d3d70c-5b1f-4e18-b123-9d786773596c,market for sulfuric acid | sulfuric acid | RoW | kg | ecoinvent 3.8
ZLR refining,Fe powder,[REDACTED — ecoinvent-licensed value; reproduce via UUID + selection],kg,TRUE,2026,"SOURCE: Wesselkaemper et al. 2025 SI Table 2.5; Liu et al. 2017 Part I Section 3.4; SOURCE_VALUE: Fe powder cost $19.98/kg Ga and $0.67/kg unit cost; Liu reports Fe powder/Fe(III) molar ratio 5, 50 C, 1 h; CONVERSION: 19.98 / 0.67 = 29.82 kg Fe powder/kg 4N_Ga; STATUS: cost-derived physical quantity; proxy-mapped; NOTE: FE_POWDER_PROXY_NEEDS_REVIEW; exact reduced iron powder ecoinvent 3.8 flow unavailable, mapped to pig iron. MASTER_BOUNDARY_NOTE: process-derived candidate from Wesselkaemper et al. 2025 SI and Liu et al. 2017 Part I/II; upstream zinc mining, concentration, and smelting/refining burdens excluded. COST_DERIVED_QUANTITY.",technosphere,US,RoW,15dd9676-21fd-4c42-a4cc-e20c9f213b01,pig iron production | pig iron | RoW | kg | ecoinvent 3.8
ZLR refining,sulfonated kerosene,[REDACTED — ecoinvent-licensed value; reproduce via UUID + selection],kg,TRUE,2026,"SOURCE: Wesselkaemper et al. 2025 SI Table 2.6; Liu et al. 2017 Part II Abstract; SOURCE_VALUE: organic system 70% sulfonated kerosene; kerosene $1/kg, $0.57/L leaching solution; total extraction cost $79.68/kg Ga; total $5.10/L; loss 0.5% per batch; CONVERSION: (0.57 / 5.10 * 79.68) / 1.00 = 8.90 kg kerosene/kg 4N_Ga; STATUS: cost-derived physical quantity; proxy-mapped; NOTE: SULFONATED_KEROSENE_PROXY_NEEDS_REVIEW; mapped to kerosene market. MASTER_BOUNDARY_NOTE: process-derived candidate from Wesselkaemper et al. 2025 SI and Liu et al. 2017 Part I/II; upstream zinc mining, concentration, and smelting/refining burdens excluded. COST_DERIVED_QUANTITY.",technosphere,US,RoW,5237d5eb-b883-4879-a82b-f0d89e8e2c08,market for kerosene | kerosene | RoW | kg | ecoinvent 3.8
ZLR refining,N235 (tri(octyl-decyl) amine),[REDACTED — ecoinvent-licensed value; reproduce via UUID + selection],kg,TRUE,2026,"SOURCE: Wesselkaemper et al. 2025 SI Table 2.6; Liu et al. 2017 Part II Abstract and Section 3.2.5; SOURCE_VALUE: organic system 20% N235; N235 $6.50/kg, $0.56/L leaching solution; O/A ratio 2; total extraction cost $79.68/kg Ga; solution loss 0.5%/batch; CONVERSION: (0.56 / 5.10 * 79.68) / 6.50 = 1.35 kg N235/kg 4N_Ga; STATUS: cost-derived physical quantity; proxy-mapped; NOTE: N235_PROXY_NEEDS_REVIEW; exact N235 ecoinvent 3.8 flow unavailable, mapped to triethyl amine. MASTER_BOUNDARY_NOTE: process-derived candidate from Wesselkaemper et al. 2025 SI and Liu et al. 2017 Part I/II; upstream zinc mining, concentration, and smelting/refining burdens excluded. COST_DERIVED_QUANTITY.",technosphere,US,RoW,e70b9611-bba3-46f8-8c05-8ff0f54ee938,triethyl amine production | triethyl amine | RoW | kg | ecoinvent 3.8
ZLR refining,tributyl phosphate,[REDACTED — ecoinvent-licensed value; reproduce via UUID + selection],kg,TRUE,2026,"SOURCE: Wesselkaemper et al. 2025 SI Table 2.6; Liu et al. 2017 Part II Abstract and Section 3.2.5; SOURCE_VALUE: organic system 10% TBP; TBP $20/kg, $3.96/L leaching solution; total extraction cost $79.68/kg Ga; total $5.10/L; solution loss 0.5%/batch; CONVERSION: (3.96 / 5.10 * 79.68) / 20.00 = 3.09 kg TBP/kg 4N_Ga; STATUS: cost-derived physical quantity; proxy-mapped; NOTE: TBP_PROXY_NEEDS_REVIEW; exact tributyl phosphate ecoinvent 3.8 flow unavailable, mapped to triphenyl phosphate. MASTER_BOUNDARY_NOTE: process-derived candidate from Wesselkaemper et al. 2025 SI and Liu et al. 2017 Part I/II; upstream zinc mining, concentration, and smelting/refining burdens excluded. COST_DERIVED_QUANTITY.",technosphere,US,GLO,3834cabd-96dd-4099-bf04-54663f0e88a5,triphenyl phosphate production | triphenyl phosphate | GLO | kg | ecoinvent 3.8
ZLR refining,"sulfuric acid, Ga stripping",[REDACTED — ecoinvent-licensed value; reproduce via UUID + selection],kg,TRUE,2026,"SOURCE: Wesselkaemper et al. 2025 SI Table 2.7; Liu et al. 2017 Part II Abstract and Section 3.3.3; SOURCE_VALUE: H2SO4 total cost $17.48/kg Ga and unit cost $0.13/kg; Liu reports 2.5 mol/L H2SO4, three-stage Ga stripping, A/O 1:2, 30 C, 15 min, 3.80 g/L Ga strip liquor; CONVERSION: 17.48 / 0.13 = 134.46 kg H2SO4/kg 4N_Ga; STATUS: cost-derived physical quantity; NOTE: Magnitude should be reviewed before final public release; final Ga strip liquor to 4N metal finishing is not fully disclosed. MASTER_BOUNDARY_NOTE: process-derived candidate from Wesselkaemper et al. 2025 SI and Liu et al. 2017 Part I/II; upstream zinc mining, concentration, and smelting/refining burdens excluded. COST_DERIVED_QUANTITY.",technosphere,US,RoW,e1d3d70c-5b1f-4e18-b123-9d786773596c,market for sulfuric acid | sulfuric acid | RoW | kg | ecoinvent 3.8
ZLR refining,"sodium hydroxide, Ge stripping assigned to Ga",[REDACTED — ecoinvent-licensed value; reproduce via UUID + selection],kg,TRUE,2026,"SOURCE: Wesselkaemper et al. 2025 SI Table 2.7; Liu et al. 2017 Part II Abstract and Section 3.3.3; SOURCE_VALUE: NaOH total cost $35.81/kg Ge and unit cost $0.31/kg; Liu reports 4 mol/L NaOH, two-stage Ge stripping, A/O 1:3, 40 C, 15 min, 8.3 g/L Ge liquor; CONVERSION: 35.81 / 0.31 = 115.52 kg NaOH/kg product; assigned to 1 kg 4N_Ga under no-coproduct-credit conservative case; STATUS: cost-derived physical quantity; conservative allocation; NOTE: NO_COPRODUCT_CREDIT_PHASE1_CONSERVATIVE; NAOH_CONCENTRATION_BASIS_REVIEW because ecoinvent mapping is sodium hydroxide in 50% solution state; excluded from GA_ONLY_MINIMAL_CANDIDATE. MASTER_BOUNDARY_NOTE: process-derived candidate from Wesselkaemper et al. 2025 SI and Liu et al. 2017 Part I/II; upstream zinc mining, concentration, and smelting/refining burdens excluded. COST_DERIVED_QUANTITY.",technosphere,US,GLO,ad2f7e9a-4886-4d71-966d-d529bcc7587f,"market for sodium hydroxide, without water, in 50% solution state | sodium hydroxide, without water, in 50% solution state | GLO | kg | ecoinvent 3.8"
ZLR refining,electricity,[REDACTED — ecoinvent-licensed value; reproduce via UUID + selection],kWh,TRUE,2026,"SOURCE: Wesselkaemper et al. 2025 SI, ZLR utility costs paragraph; SOURCE_VALUE: 21.88 kWh/kg Ga; 1,527 annual 5.5-hour batches; 3.68 kW pumping system; 10.4 kWh process heating per relevant step; CONVERSION: used directly as 21.88 kWh per 1 kg 4N_Ga output; STATUS: reported process-model value; NOTE: Upstream zinc-system burdens excluded; country variants swap only electricity geography. MASTER_BOUNDARY_NOTE: process-derived candidate from Wesselkaemper et al. 2025 SI and Liu et al. 2017 Part I/II; upstream zinc mining, concentration, and smelting/refining burdens excluded. ELECTRICITY_GEOGRAPHY_ADJUSTED_TO_US: exact ecoinvent 3.8 electricity UUID used for topology process location.",technosphere,US,US,92929387-dbce-49f7-93ee-650997ff0d05,"market group for electricity, low voltage | electricity, low voltage | US | kWh | ecoinvent 3.8"
ZS mining,Zn_sphalerite_concentrate,[REDACTED — ecoinvent-licensed value; reproduce via UUID + selection],kg,FALSE,2026,"Zinc-route upstream nodes are represented using ecoinvent 3.8 zinc mining/concentrate/smelting proxies for Phase 1. These proxies represent zinc production infrastructure, not gallium-specific burdens. Allocation of upstream zinc-system burdens to gallium-bearing ZLR remains a methodological uncertainty and should be handled as a sensitivity case. Selected proxy: zinc mine operation with zinc concentrate reference product. Boundary includes mining plus comminution/flotation, so Zinc concentration is a zero-burden placeholder to avoid double counting. MASTER_BOUNDARY_NOTE: ecoinvent 3.8 zinc mining/concentrate proxy; PROXY_NEEDS_REVIEW. TECHNOLOGY_TRANSFER_VARIANT: foreground process quantities are transferred from the source inventory to BLEECAM topology location; background electricity/geography adjusted where available. SOURCE_PROCESS_LOCATION=GLO.",production,AU,AU,,FOREGROUND_TOPOLOGY_OUTPUT; no ecoinvent UUID assigned to output flow
ZS mining,zinc concentrate,[REDACTED — ecoinvent-licensed value; reproduce via UUID + selection],kg,TRUE,2026,"Zinc-route upstream nodes are represented using ecoinvent 3.8 zinc mining/concentrate/smelting proxies for Phase 1. These proxies represent zinc production infrastructure, not gallium-specific burdens. Allocation of upstream zinc-system burdens to gallium-bearing ZLR remains a methodological uncertainty and should be handled as a sensitivity case. Selected proxy: zinc mine operation with zinc concentrate reference product. Boundary includes mining plus comminution/flotation, so Zinc concentration is a zero-burden placeholder to avoid double counting. MASTER_BOUNDARY_NOTE: ecoinvent 3.8 zinc mining/concentrate proxy; PROXY_NEEDS_REVIEW. TECHNOLOGY_TRANSFER_VARIANT: foreground process quantities are transferred from the source inventory to BLEECAM topology location; background electricity/geography adjusted where available. SOURCE_PROCESS_LOCATION=GLO.",technosphere,AU,GLO,3cf4f2a2-4534-4843-8fd0-f496400f2fe0,zinc mine operation | zinc concentrate | GLO | kg | ecoinvent 3.8
ZS mining,Zn_sphalerite_concentrate,[REDACTED — ecoinvent-licensed value; reproduce via UUID + selection],kg,FALSE,2026,"Zinc-route upstream nodes are represented using ecoinvent 3.8 zinc mining/concentrate/smelting proxies for Phase 1. These proxies represent zinc production infrastructure, not gallium-specific burdens. Allocation of upstream zinc-system burdens to gallium-bearing ZLR remains a methodological uncertainty and should be handled as a sensitivity case. Selected proxy: zinc mine operation with zinc concentrate reference product. Boundary includes mining plus comminution/flotation, so Zinc concentration is a zero-burden placeholder to avoid double counting. MASTER_BOUNDARY_NOTE: ecoinvent 3.8 zinc mining/concentrate proxy; PROXY_NEEDS_REVIEW. TECHNOLOGY_TRANSFER_VARIANT: foreground process quantities are transferred from the source inventory to BLEECAM topology location; background electricity/geography adjusted where available. SOURCE_PROCESS_LOCATION=GLO.",production,CA,CA,,FOREGROUND_TOPOLOGY_OUTPUT; no ecoinvent UUID assigned to output flow
ZS mining,zinc concentrate,[REDACTED — ecoinvent-licensed value; reproduce via UUID + selection],kg,TRUE,2026,"Zinc-route upstream nodes are represented using ecoinvent 3.8 zinc mining/concentrate/smelting proxies for Phase 1. These proxies represent zinc production infrastructure, not gallium-specific burdens. Allocation of upstream zinc-system burdens to gallium-bearing ZLR remains a methodological uncertainty and should be handled as a sensitivity case. Selected proxy: zinc mine operation with zinc concentrate reference product. Boundary includes mining plus comminution/flotation, so Zinc concentration is a zero-burden placeholder to avoid double counting. MASTER_BOUNDARY_NOTE: ecoinvent 3.8 zinc mining/concentrate proxy; PROXY_NEEDS_REVIEW. TECHNOLOGY_TRANSFER_VARIANT: foreground process quantities are transferred from the source inventory to BLEECAM topology location; background electricity/geography adjusted where available. SOURCE_PROCESS_LOCATION=GLO.",technosphere,CA,GLO,3cf4f2a2-4534-4843-8fd0-f496400f2fe0,zinc mine operation | zinc concentrate | GLO | kg | ecoinvent 3.8
ZS mining,Zn_sphalerite_concentrate,[REDACTED — ecoinvent-licensed value; reproduce via UUID + selection],kg,FALSE,2026,"Zinc-route upstream nodes are represented using ecoinvent 3.8 zinc mining/concentrate/smelting proxies for Phase 1. These proxies represent zinc production infrastructure, not gallium-specific burdens. Allocation of upstream zinc-system burdens to gallium-bearing ZLR remains a methodological uncertainty and should be handled as a sensitivity case. Selected proxy: zinc mine operation with zinc concentrate reference product. Boundary includes mining plus comminution/flotation, so Zinc concentration is a zero-burden placeholder to avoid double counting. MASTER_BOUNDARY_NOTE: ecoinvent 3.8 zinc mining/concentrate proxy; PROXY_NEEDS_REVIEW. TECHNOLOGY_TRANSFER_VARIANT: foreground process quantities are transferred from the source inventory to BLEECAM topology location; background electricity/geography adjusted where available. SOURCE_PROCESS_LOCATION=GLO.",production,CN,CN,,FOREGROUND_TOPOLOGY_OUTPUT; no ecoinvent UUID assigned to output flow
ZS mining,zinc concentrate,[REDACTED — ecoinvent-licensed value; reproduce via UUID + selection],kg,TRUE,2026,"Zinc-route upstream nodes are represented using ecoinvent 3.8 zinc mining/concentrate/smelting proxies for Phase 1. These proxies represent zinc production infrastructure, not gallium-specific burdens. Allocation of upstream zinc-system burdens to gallium-bearing ZLR remains a methodological uncertainty and should be handled as a sensitivity case. Selected proxy: zinc mine operation with zinc concentrate reference product. Boundary includes mining plus comminution/flotation, so Zinc concentration is a zero-burden placeholder to avoid double counting. MASTER_BOUNDARY_NOTE: ecoinvent 3.8 zinc mining/concentrate proxy; PROXY_NEEDS_REVIEW. TECHNOLOGY_TRANSFER_VARIANT: foreground process quantities are transferred from the source inventory to BLEECAM topology location; background electricity/geography adjusted where available. SOURCE_PROCESS_LOCATION=GLO.",technosphere,CN,GLO,3cf4f2a2-4534-4843-8fd0-f496400f2fe0,zinc mine operation | zinc concentrate | GLO | kg | ecoinvent 3.8
ZS mining,Zn_sphalerite_concentrate,[REDACTED — ecoinvent-licensed value; reproduce via UUID + selection],kg,FALSE,2026,"Zinc-route upstream nodes are represented using ecoinvent 3.8 zinc mining/concentrate/smelting proxies for Phase 1. These proxies represent zinc production infrastructure, not gallium-specific burdens. Allocation of upstream zinc-system burdens to gallium-bearing ZLR remains a methodological uncertainty and should be handled as a sensitivity case. Selected proxy: zinc mine operation with zinc concentrate reference product. Boundary includes mining plus comminution/flotation, so Zinc concentration is a zero-burden placeholder to avoid double counting. MASTER_BOUNDARY_NOTE: ecoinvent 3.8 zinc mining/concentrate proxy; PROXY_NEEDS_REVIEW. TECHNOLOGY_TRANSFER_VARIANT: foreground process quantities are transferred from the source inventory to BLEECAM topology location; background electricity/geography adjusted where available. SOURCE_PROCESS_LOCATION=GLO.",production,KZ,KZ,,FOREGROUND_TOPOLOGY_OUTPUT; no ecoinvent UUID assigned to output flow
ZS mining,zinc concentrate,[REDACTED — ecoinvent-licensed value; reproduce via UUID + selection],kg,TRUE,2026,"Zinc-route upstream nodes are represented using ecoinvent 3.8 zinc mining/concentrate/smelting proxies for Phase 1. These proxies represent zinc production infrastructure, not gallium-specific burdens. Allocation of upstream zinc-system burdens to gallium-bearing ZLR remains a methodological uncertainty and should be handled as a sensitivity case. Selected proxy: zinc mine operation with zinc concentrate reference product. Boundary includes mining plus comminution/flotation, so Zinc concentration is a zero-burden placeholder to avoid double counting. MASTER_BOUNDARY_NOTE: ecoinvent 3.8 zinc mining/concentrate proxy; PROXY_NEEDS_REVIEW. TECHNOLOGY_TRANSFER_VARIANT: foreground process quantities are transferred from the source inventory to BLEECAM topology location; background electricity/geography adjusted where available. SOURCE_PROCESS_LOCATION=GLO.",technosphere,KZ,GLO,3cf4f2a2-4534-4843-8fd0-f496400f2fe0,zinc mine operation | zinc concentrate | GLO | kg | ecoinvent 3.8
ZS mining,Zn_sphalerite_concentrate,[REDACTED — ecoinvent-licensed value; reproduce via UUID + selection],kg,FALSE,2026,"Zinc-route upstream nodes are represented using ecoinvent 3.8 zinc mining/concentrate/smelting proxies for Phase 1. These proxies represent zinc production infrastructure, not gallium-specific burdens. Allocation of upstream zinc-system burdens to gallium-bearing ZLR remains a methodological uncertainty and should be handled as a sensitivity case. Selected proxy: zinc mine operation with zinc concentrate reference product. Boundary includes mining plus comminution/flotation, so Zinc concentration is a zero-burden placeholder to avoid double counting. MASTER_BOUNDARY_NOTE: ecoinvent 3.8 zinc mining/concentrate proxy; PROXY_NEEDS_REVIEW. TECHNOLOGY_TRANSFER_VARIANT: foreground process quantities are transferred from the source inventory to BLEECAM topology location; background electricity/geography adjusted where available. SOURCE_PROCESS_LOCATION=GLO.",production,US,US,,FOREGROUND_TOPOLOGY_OUTPUT; no ecoinvent UUID assigned to output flow
ZS mining,zinc concentrate,[REDACTED — ecoinvent-licensed value; reproduce via UUID + selection],kg,TRUE,2026,"Zinc-route upstream nodes are represented using ecoinvent 3.8 zinc mining/concentrate/smelting proxies for Phase 1. These proxies represent zinc production infrastructure, not gallium-specific burdens. Allocation of upstream zinc-system burdens to gallium-bearing ZLR remains a methodological uncertainty and should be handled as a sensitivity case. Selected proxy: zinc mine operation with zinc concentrate reference product. Boundary includes mining plus comminution/flotation, so Zinc concentration is a zero-burden placeholder to avoid double counting. MASTER_BOUNDARY_NOTE: ecoinvent 3.8 zinc mining/concentrate proxy; PROXY_NEEDS_REVIEW. TECHNOLOGY_TRANSFER_VARIANT: foreground process quantities are transferred from the source inventory to BLEECAM topology location; background electricity/geography adjusted where available. SOURCE_PROCESS_LOCATION=GLO.",technosphere,US,GLO,3cf4f2a2-4534-4843-8fd0-f496400f2fe0,zinc mine operation | zinc concentrate | GLO | kg | ecoinvent 3.8
Zinc concentration,Zn_sphalerite_concentrate,[REDACTED — ecoinvent-licensed value; reproduce via UUID + selection],kg,FALSE,2026,"Zinc-route upstream nodes are represented using ecoinvent 3.8 zinc mining/concentrate/smelting proxies for Phase 1. These proxies represent zinc production infrastructure, not gallium-specific burdens. Allocation of upstream zinc-system burdens to gallium-bearing ZLR remains a methodological uncertainty and should be handled as a sensitivity case. ZERO_BURDEN_TOPOLOGY_PLACEHOLDER_TO_AVOID_DOUBLE_COUNTING. No separate ecoinvent 3.8 concentration-only activity was selected; the zinc mine operation proxy used for ZS mining already includes concentration/flotation. MASTER_BOUNDARY_NOTE: ZERO_BURDEN_PLACEHOLDER_TO_AVOID_DOUBLE_COUNTING because ZS mining proxy already includes concentration/flotation. PROXY_NEEDS_REVIEW. TECHNOLOGY_TRANSFER_VARIANT: foreground process quantities are transferred from the source inventory to BLEECAM topology location; background electricity/geography adjusted where available. SOURCE_PROCESS_LOCATION=GLO.",production,AU,AU,,FOREGROUND_TOPOLOGY_OUTPUT; no ecoinvent UUID assigned to output flow
Zinc concentration,Zn_sphalerite_concentrate,[REDACTED — ecoinvent-licensed value; reproduce via UUID + selection],kg,FALSE,2026,"Zinc-route upstream nodes are represented using ecoinvent 3.8 zinc mining/concentrate/smelting proxies for Phase 1. These proxies represent zinc production infrastructure, not gallium-specific burdens. Allocation of upstream zinc-system burdens to gallium-bearing ZLR remains a methodological uncertainty and should be handled as a sensitivity case. ZERO_BURDEN_TOPOLOGY_PLACEHOLDER_TO_AVOID_DOUBLE_COUNTING. No separate ecoinvent 3.8 concentration-only activity was selected; the zinc mine operation proxy used for ZS mining already includes concentration/flotation. MASTER_BOUNDARY_NOTE: ZERO_BURDEN_PLACEHOLDER_TO_AVOID_DOUBLE_COUNTING because ZS mining proxy already includes concentration/flotation. PROXY_NEEDS_REVIEW. TECHNOLOGY_TRANSFER_VARIANT: foreground process quantities are transferred from the source inventory to BLEECAM topology location; background electricity/geography adjusted where available. SOURCE_PROCESS_LOCATION=GLO.",production,CA,CA,,FOREGROUND_TOPOLOGY_OUTPUT; no ecoinvent UUID assigned to output flow
Zinc concentration,Zn_sphalerite_concentrate,[REDACTED — ecoinvent-licensed value; reproduce via UUID + selection],kg,FALSE,2026,"Zinc-route upstream nodes are represented using ecoinvent 3.8 zinc mining/concentrate/smelting proxies for Phase 1. These proxies represent zinc production infrastructure, not gallium-specific burdens. Allocation of upstream zinc-system burdens to gallium-bearing ZLR remains a methodological uncertainty and should be handled as a sensitivity case. ZERO_BURDEN_TOPOLOGY_PLACEHOLDER_TO_AVOID_DOUBLE_COUNTING. No separate ecoinvent 3.8 concentration-only activity was selected; the zinc mine operation proxy used for ZS mining already includes concentration/flotation. MASTER_BOUNDARY_NOTE: ZERO_BURDEN_PLACEHOLDER_TO_AVOID_DOUBLE_COUNTING because ZS mining proxy already includes concentration/flotation. PROXY_NEEDS_REVIEW. TECHNOLOGY_TRANSFER_VARIANT: foreground process quantities are transferred from the source inventory to BLEECAM topology location; background electricity/geography adjusted where available. SOURCE_PROCESS_LOCATION=GLO.",production,CN,CN,,FOREGROUND_TOPOLOGY_OUTPUT; no ecoinvent UUID assigned to output flow
Zinc concentration,Zn_sphalerite_concentrate,[REDACTED — ecoinvent-licensed value; reproduce via UUID + selection],kg,FALSE,2026,"Zinc-route upstream nodes are represented using ecoinvent 3.8 zinc mining/concentrate/smelting proxies for Phase 1. These proxies represent zinc production infrastructure, not gallium-specific burdens. Allocation of upstream zinc-system burdens to gallium-bearing ZLR remains a methodological uncertainty and should be handled as a sensitivity case. ZERO_BURDEN_TOPOLOGY_PLACEHOLDER_TO_AVOID_DOUBLE_COUNTING. No separate ecoinvent 3.8 concentration-only activity was selected; the zinc mine operation proxy used for ZS mining already includes concentration/flotation. MASTER_BOUNDARY_NOTE: ZERO_BURDEN_PLACEHOLDER_TO_AVOID_DOUBLE_COUNTING because ZS mining proxy already includes concentration/flotation. PROXY_NEEDS_REVIEW. TECHNOLOGY_TRANSFER_VARIANT: foreground process quantities are transferred from the source inventory to BLEECAM topology location; background electricity/geography adjusted where available. SOURCE_PROCESS_LOCATION=GLO.",production,JP,JP,,FOREGROUND_TOPOLOGY_OUTPUT; no ecoinvent UUID assigned to output flow
Zinc concentration,Zn_sphalerite_concentrate,[REDACTED — ecoinvent-licensed value; reproduce via UUID + selection],kg,FALSE,2026,"Zinc-route upstream nodes are represented using ecoinvent 3.8 zinc mining/concentrate/smelting proxies for Phase 1. These proxies represent zinc production infrastructure, not gallium-specific burdens. Allocation of upstream zinc-system burdens to gallium-bearing ZLR remains a methodological uncertainty and should be handled as a sensitivity case. ZERO_BURDEN_TOPOLOGY_PLACEHOLDER_TO_AVOID_DOUBLE_COUNTING. No separate ecoinvent 3.8 concentration-only activity was selected; the zinc mine operation proxy used for ZS mining already includes concentration/flotation. MASTER_BOUNDARY_NOTE: ZERO_BURDEN_PLACEHOLDER_TO_AVOID_DOUBLE_COUNTING because ZS mining proxy already includes concentration/flotation. PROXY_NEEDS_REVIEW. TECHNOLOGY_TRANSFER_VARIANT: foreground process quantities are transferred from the source inventory to BLEECAM topology location; background electricity/geography adjusted where available. SOURCE_PROCESS_LOCATION=GLO.",production,KR,KR,,FOREGROUND_TOPOLOGY_OUTPUT; no ecoinvent UUID assigned to output flow
Zinc concentration,Zn_sphalerite_concentrate,[REDACTED — ecoinvent-licensed value; reproduce via UUID + selection],kg,FALSE,2026,"Zinc-route upstream nodes are represented using ecoinvent 3.8 zinc mining/concentrate/smelting proxies for Phase 1. These proxies represent zinc production infrastructure, not gallium-specific burdens. Allocation of upstream zinc-system burdens to gallium-bearing ZLR remains a methodological uncertainty and should be handled as a sensitivity case. ZERO_BURDEN_TOPOLOGY_PLACEHOLDER_TO_AVOID_DOUBLE_COUNTING. No separate ecoinvent 3.8 concentration-only activity was selected; the zinc mine operation proxy used for ZS mining already includes concentration/flotation. MASTER_BOUNDARY_NOTE: ZERO_BURDEN_PLACEHOLDER_TO_AVOID_DOUBLE_COUNTING because ZS mining proxy already includes concentration/flotation. PROXY_NEEDS_REVIEW. TECHNOLOGY_TRANSFER_VARIANT: foreground process quantities are transferred from the source inventory to BLEECAM topology location; background electricity/geography adjusted where available. SOURCE_PROCESS_LOCATION=GLO.",production,KZ,KZ,,FOREGROUND_TOPOLOGY_OUTPUT; no ecoinvent UUID assigned to output flow
Zinc concentration,Zn_sphalerite_concentrate,[REDACTED — ecoinvent-licensed value; reproduce via UUID + selection],kg,FALSE,2026,"Zinc-route upstream nodes are represented using ecoinvent 3.8 zinc mining/concentrate/smelting proxies for Phase 1. These proxies represent zinc production infrastructure, not gallium-specific burdens. Allocation of upstream zinc-system burdens to gallium-bearing ZLR remains a methodological uncertainty and should be handled as a sensitivity case. ZERO_BURDEN_TOPOLOGY_PLACEHOLDER_TO_AVOID_DOUBLE_COUNTING. No separate ecoinvent 3.8 concentration-only activity was selected; the zinc mine operation proxy used for ZS mining already includes concentration/flotation. MASTER_BOUNDARY_NOTE: ZERO_BURDEN_PLACEHOLDER_TO_AVOID_DOUBLE_COUNTING because ZS mining proxy already includes concentration/flotation. PROXY_NEEDS_REVIEW. TECHNOLOGY_TRANSFER_VARIANT: foreground process quantities are transferred from the source inventory to BLEECAM topology location; background electricity/geography adjusted where available. SOURCE_PROCESS_LOCATION=GLO.",production,US,US,,FOREGROUND_TOPOLOGY_OUTPUT; no ecoinvent UUID assigned to output flow
Zinc smelting/refining,ZLR_Zn_residue,[REDACTED — ecoinvent-licensed value; reproduce via UUID + selection],kg,FALSE,2026,"Zinc-route upstream nodes are represented using ecoinvent 3.8 zinc mining/concentrate/smelting proxies for Phase 1. These proxies represent zinc production infrastructure, not gallium-specific burdens. Allocation of upstream zinc-system burdens to gallium-bearing ZLR remains a methodological uncertainty and should be handled as a sensitivity case. REFERENCE_PRODUCT_PROXY_ZLR_RESIDUE. Selected proxy uses ecoinvent's indium-rich leaching residue reference product from primary zinc production. It is not a gallium-specific ZLR residue inventory. If LiAISON traverses all background technosphere inputs, upstream concentrate burdens inside the ecoinvent activity may overlap with separately modeled mining/concentration proxies. MASTER_BOUNDARY_NOTE: ecoinvent 3.8 zinc smelting/refining residue proxy; REFERENCE_PRODUCT_MISMATCH_PROXY; PROXY_NEEDS_REVIEW. REFERENCE_PRODUCT_MISMATCH_PROXY. TECHNOLOGY_TRANSFER_VARIANT: foreground process quantities are transferred from the source inventory to BLEECAM topology location; background electricity/geography adjusted where available. SOURCE_PROCESS_LOCATION=RoW.",production,CN,CN,,FOREGROUND_TOPOLOGY_OUTPUT; no ecoinvent UUID assigned to output flow
Zinc smelting/refining,"indium rich leaching residues, from zinc production",[REDACTED — ecoinvent-licensed value; reproduce via UUID + selection],kg,TRUE,2026,"Zinc-route upstream nodes are represented using ecoinvent 3.8 zinc mining/concentrate/smelting proxies for Phase 1. These proxies represent zinc production infrastructure, not gallium-specific burdens. Allocation of upstream zinc-system burdens to gallium-bearing ZLR remains a methodological uncertainty and should be handled as a sensitivity case. REFERENCE_PRODUCT_PROXY_ZLR_RESIDUE. Selected proxy uses ecoinvent's indium-rich leaching residue reference product from primary zinc production. It is not a gallium-specific ZLR residue inventory. If LiAISON traverses all background technosphere inputs, upstream concentrate burdens inside the ecoinvent activity may overlap with separately modeled mining/concentration proxies. MASTER_BOUNDARY_NOTE: ecoinvent 3.8 zinc smelting/refining residue proxy; REFERENCE_PRODUCT_MISMATCH_PROXY; PROXY_NEEDS_REVIEW. REFERENCE_PRODUCT_MISMATCH_PROXY. TECHNOLOGY_TRANSFER_VARIANT: foreground process quantities are transferred from the source inventory to BLEECAM topology location; background electricity/geography adjusted where available. SOURCE_PROCESS_LOCATION=RoW.",technosphere,CN,RoW,4e1ea91a-df4a-4ce7-8782-a51c49af0220,"primary zinc production from concentrate | indium rich leaching residues, from zinc production | RoW | kg | ecoinvent 3.8"
Zinc smelting/refining,ZLR_Zn_residue,[REDACTED — ecoinvent-licensed value; reproduce via UUID + selection],kg,FALSE,2026,"Zinc-route upstream nodes are represented using ecoinvent 3.8 zinc mining/concentrate/smelting proxies for Phase 1. These proxies represent zinc production infrastructure, not gallium-specific burdens. Allocation of upstream zinc-system burdens to gallium-bearing ZLR remains a methodological uncertainty and should be handled as a sensitivity case. REFERENCE_PRODUCT_PROXY_ZLR_RESIDUE. Selected proxy uses ecoinvent's indium-rich leaching residue reference product from primary zinc production. It is not a gallium-specific ZLR residue inventory. If LiAISON traverses all background technosphere inputs, upstream concentrate burdens inside the ecoinvent activity may overlap with separately modeled mining/concentration proxies. MASTER_BOUNDARY_NOTE: ecoinvent 3.8 zinc smelting/refining residue proxy; REFERENCE_PRODUCT_MISMATCH_PROXY; PROXY_NEEDS_REVIEW. REFERENCE_PRODUCT_MISMATCH_PROXY. TECHNOLOGY_TRANSFER_VARIANT: foreground process quantities are transferred from the source inventory to BLEECAM topology location; background electricity/geography adjusted where available. SOURCE_PROCESS_LOCATION=RoW.",production,JP,JP,,FOREGROUND_TOPOLOGY_OUTPUT; no ecoinvent UUID assigned to output flow
Zinc smelting/refining,"indium rich leaching residues, from zinc production",[REDACTED — ecoinvent-licensed value; reproduce via UUID + selection],kg,TRUE,2026,"Zinc-route upstream nodes are represented using ecoinvent 3.8 zinc mining/concentrate/smelting proxies for Phase 1. These proxies represent zinc production infrastructure, not gallium-specific burdens. Allocation of upstream zinc-system burdens to gallium-bearing ZLR remains a methodological uncertainty and should be handled as a sensitivity case. REFERENCE_PRODUCT_PROXY_ZLR_RESIDUE. Selected proxy uses ecoinvent's indium-rich leaching residue reference product from primary zinc production. It is not a gallium-specific ZLR residue inventory. If LiAISON traverses all background technosphere inputs, upstream concentrate burdens inside the ecoinvent activity may overlap with separately modeled mining/concentration proxies. MASTER_BOUNDARY_NOTE: ecoinvent 3.8 zinc smelting/refining residue proxy; REFERENCE_PRODUCT_MISMATCH_PROXY; PROXY_NEEDS_REVIEW. REFERENCE_PRODUCT_MISMATCH_PROXY. TECHNOLOGY_TRANSFER_VARIANT: foreground process quantities are transferred from the source inventory to BLEECAM topology location; background electricity/geography adjusted where available. SOURCE_PROCESS_LOCATION=RoW.",technosphere,JP,RoW,4e1ea91a-df4a-4ce7-8782-a51c49af0220,"primary zinc production from concentrate | indium rich leaching residues, from zinc production | RoW | kg | ecoinvent 3.8"
Zinc smelting/refining,ZLR_Zn_residue,[REDACTED — ecoinvent-licensed value; reproduce via UUID + selection],kg,FALSE,2026,"Zinc-route upstream nodes are represented using ecoinvent 3.8 zinc mining/concentrate/smelting proxies for Phase 1. These proxies represent zinc production infrastructure, not gallium-specific burdens. Allocation of upstream zinc-system burdens to gallium-bearing ZLR remains a methodological uncertainty and should be handled as a sensitivity case. REFERENCE_PRODUCT_PROXY_ZLR_RESIDUE. Selected proxy uses ecoinvent's indium-rich leaching residue reference product from primary zinc production. It is not a gallium-specific ZLR residue inventory. If LiAISON traverses all background technosphere inputs, upstream concentrate burdens inside the ecoinvent activity may overlap with separately modeled mining/concentration proxies. MASTER_BOUNDARY_NOTE: ecoinvent 3.8 zinc smelting/refining residue proxy; REFERENCE_PRODUCT_MISMATCH_PROXY; PROXY_NEEDS_REVIEW. REFERENCE_PRODUCT_MISMATCH_PROXY. TECHNOLOGY_TRANSFER_VARIANT: foreground process quantities are transferred from the source inventory to BLEECAM topology location; background electricity/geography adjusted where available. SOURCE_PROCESS_LOCATION=RoW.",production,KR,KR,,FOREGROUND_TOPOLOGY_OUTPUT; no ecoinvent UUID assigned to output flow
Zinc smelting/refining,"indium rich leaching residues, from zinc production",[REDACTED — ecoinvent-licensed value; reproduce via UUID + selection],kg,TRUE,2026,"Zinc-route upstream nodes are represented using ecoinvent 3.8 zinc mining/concentrate/smelting proxies for Phase 1. These proxies represent zinc production infrastructure, not gallium-specific burdens. Allocation of upstream zinc-system burdens to gallium-bearing ZLR remains a methodological uncertainty and should be handled as a sensitivity case. REFERENCE_PRODUCT_PROXY_ZLR_RESIDUE. Selected proxy uses ecoinvent's indium-rich leaching residue reference product from primary zinc production. It is not a gallium-specific ZLR residue inventory. If LiAISON traverses all background technosphere inputs, upstream concentrate burdens inside the ecoinvent activity may overlap with separately modeled mining/concentration proxies. MASTER_BOUNDARY_NOTE: ecoinvent 3.8 zinc smelting/refining residue proxy; REFERENCE_PRODUCT_MISMATCH_PROXY; PROXY_NEEDS_REVIEW. REFERENCE_PRODUCT_MISMATCH_PROXY. TECHNOLOGY_TRANSFER_VARIANT: foreground process quantities are transferred from the source inventory to BLEECAM topology location; background electricity/geography adjusted where available. SOURCE_PROCESS_LOCATION=RoW.",technosphere,KR,RoW,4e1ea91a-df4a-4ce7-8782-a51c49af0220,"primary zinc production from concentrate | indium rich leaching residues, from zinc production | RoW | kg | ecoinvent 3.8"
Zinc smelting/refining,ZLR_Zn_residue,[REDACTED — ecoinvent-licensed value; reproduce via UUID + selection],kg,FALSE,2026,"Zinc-route upstream nodes are represented using ecoinvent 3.8 zinc mining/concentrate/smelting proxies for Phase 1. These proxies represent zinc production infrastructure, not gallium-specific burdens. Allocation of upstream zinc-system burdens to gallium-bearing ZLR remains a methodological uncertainty and should be handled as a sensitivity case. REFERENCE_PRODUCT_PROXY_ZLR_RESIDUE. Selected proxy uses ecoinvent's indium-rich leaching residue reference product from primary zinc production. It is not a gallium-specific ZLR residue inventory. If LiAISON traverses all background technosphere inputs, upstream concentrate burdens inside the ecoinvent activity may overlap with separately modeled mining/concentration proxies. MASTER_BOUNDARY_NOTE: ecoinvent 3.8 zinc smelting/refining residue proxy; REFERENCE_PRODUCT_MISMATCH_PROXY; PROXY_NEEDS_REVIEW. REFERENCE_PRODUCT_MISMATCH_PROXY. TECHNOLOGY_TRANSFER_VARIANT: foreground process quantities are transferred from the source inventory to BLEECAM topology location; background electricity/geography adjusted where available. SOURCE_PROCESS_LOCATION=RoW.",production,US,US,,FOREGROUND_TOPOLOGY_OUTPUT; no ecoinvent UUID assigned to output flow
Zinc smelting/refining,"indium rich leaching residues, from zinc production",[REDACTED — ecoinvent-licensed value; reproduce via UUID + selection],kg,TRUE,2026,"Zinc-route upstream nodes are represented using ecoinvent 3.8 zinc mining/concentrate/smelting proxies for Phase 1. These proxies represent zinc production infrastructure, not gallium-specific burdens. Allocation of upstream zinc-system burdens to gallium-bearing ZLR remains a methodological uncertainty and should be handled as a sensitivity case. REFERENCE_PRODUCT_PROXY_ZLR_RESIDUE. Selected proxy uses ecoinvent's indium-rich leaching residue reference product from primary zinc production. It is not a gallium-specific ZLR residue inventory. If LiAISON traverses all background technosphere inputs, upstream concentrate burdens inside the ecoinvent activity may overlap with separately modeled mining/concentration proxies. MASTER_BOUNDARY_NOTE: ecoinvent 3.8 zinc smelting/refining residue proxy; REFERENCE_PRODUCT_MISMATCH_PROXY; PROXY_NEEDS_REVIEW. REFERENCE_PRODUCT_MISMATCH_PROXY. TECHNOLOGY_TRANSFER_VARIANT: foreground process quantities are transferred from the source inventory to BLEECAM topology location; background electricity/geography adjusted where available. SOURCE_PROCESS_LOCATION=RoW.",technosphere,US,RoW,4e1ea91a-df4a-4ce7-8782-a51c49af0220,"primary zinc production from concentrate | indium rich leaching residues, from zinc production | RoW | kg | ecoinvent 3.8"
